ISO-10303-21;
HEADER;
/* Generated by software containing ST-Developer
 * from STEP Tools, Inc. (www.steptools.com) 
 */

FILE_DESCRIPTION(
/* description */ (''),
/* implementation_level */ '2;1');

FILE_NAME(
/* name */ 'full step file_.step',
/* time_stamp */ '2026-05-30T09:39:47+05:00',
/* author */ (''),
/* organization */ (''),
/* preprocessor_version */ 'ST-DEVELOPER v20.1',
/* originating_system */ 'Autodesk Translation Framework v15.8.0.0',
/* authorisation */ '');

FILE_SCHEMA (('AUTOMOTIVE_DESIGN { 1 0 10303 214 3 1 1 }'));
ENDSEC;

DATA;
#10=MECHANICAL_DESIGN_GEOMETRIC_PRESENTATION_REPRESENTATION('',(#105,#106,
#107,#108),#15663);
#11=CONTEXT_DEPENDENT_OVER_RIDING_STYLED_ITEM('',(#15694),#15674,#108,(#15));
#12=MAPPED_ITEM('',#13,#9442);
#13=REPRESENTATION_MAP(#9442,#15673);
#14=ITEM_DEFINED_TRANSFORMATION($,$,#8676,#9441);
#15=(
REPRESENTATION_RELATIONSHIP($,$,#15674,#15673)
REPRESENTATION_RELATIONSHIP_WITH_TRANSFORMATION(#14)
SHAPE_REPRESENTATION_RELATIONSHIP()
);
#16=CONTEXT_DEPENDENT_SHAPE_REPRESENTATION(#15,#15672);
#17=NEXT_ASSEMBLY_USAGE_OCCURRENCE('Flipper black ki cad_PCB:1',
'Flipper black ki cad_PCB:1','Flipper black ki cad_PCB:1',#15676,#15677,
'Flipper black ki cad_PCB:1');
#18=B_SPLINE_SURFACE_WITH_KNOTS('',3,1,((#12358,#12359),(#12360,#12361),
(#12362,#12363),(#12364,#12365),(#12366,#12367)),.UNSPECIFIED.,.F.,.F.,
 .F.,(4,1,4),(2,2),(0.,0.0315347787558164,0.0585224558842087),(0.,0.0499999999999998),
 .UNSPECIFIED.);
#19=B_SPLINE_SURFACE_WITH_KNOTS('',3,1,((#12384,#12385),(#12386,#12387),
(#12388,#12389),(#12390,#12391),(#12392,#12393)),.UNSPECIFIED.,.F.,.F.,
 .F.,(4,1,4),(2,2),(0.,0.0305262707222369,0.0635757797842715),(0.,0.0499999999999998),
 .UNSPECIFIED.);
#20=B_SPLINE_SURFACE_WITH_KNOTS('',3,1,((#12407,#12408),(#12409,#12410),
(#12411,#12412),(#12413,#12414),(#12415,#12416)),.UNSPECIFIED.,.F.,.F.,
 .F.,(4,1,4),(2,2),(0.,0.0562669237785026,0.0945145987114272),(0.,0.0499999999999998),
 .UNSPECIFIED.);
#21=B_SPLINE_SURFACE_WITH_KNOTS('',3,1,((#12430,#12431),(#12432,#12433),
(#12434,#12435),(#12436,#12437),(#12438,#12439)),.UNSPECIFIED.,.F.,.F.,
 .F.,(4,1,4),(2,2),(0.,0.0346328371534518,0.0813554800663157),(0.,0.0499999999999998),
 .UNSPECIFIED.);
#22=B_SPLINE_SURFACE_WITH_KNOTS('',3,1,((#12453,#12454),(#12455,#12456),
(#12457,#12458),(#12459,#12460),(#12461,#12462)),.UNSPECIFIED.,.F.,.F.,
 .F.,(4,1,4),(2,2),(0.,0.0380574454867725,0.0752988175236735),(0.,0.0499999999999998),
 .UNSPECIFIED.);
#23=B_SPLINE_SURFACE_WITH_KNOTS('',3,1,((#12476,#12477),(#12478,#12479),
(#12480,#12481),(#12482,#12483),(#12484,#12485)),.UNSPECIFIED.,.F.,.F.,
 .F.,(4,1,4),(2,2),(0.,0.016894903066033,0.0346650195333466),(0.,0.0499999999999998),
 .UNSPECIFIED.);
#24=B_SPLINE_SURFACE_WITH_KNOTS('',3,1,((#12499,#12500),(#12501,#12502),
(#12503,#12504),(#12505,#12506),(#12507,#12508)),.UNSPECIFIED.,.F.,.F.,
 .F.,(4,1,4),(2,2),(0.,0.0170418922286275,0.0337093587225062),(0.,0.0499999999999998),
 .UNSPECIFIED.);
#25=B_SPLINE_SURFACE_WITH_KNOTS('',3,1,((#12522,#12523),(#12524,#12525),
(#12526,#12527),(#12528,#12529),(#12530,#12531)),.UNSPECIFIED.,.F.,.F.,
 .F.,(4,1,4),(2,2),(0.,0.0168776877187213,0.0293999310165122),(0.,0.0499999999999998),
 .UNSPECIFIED.);
#26=B_SPLINE_SURFACE_WITH_KNOTS('',3,1,((#12551,#12552),(#12553,#12554),
(#12555,#12556),(#12557,#12558),(#12559,#12560)),.UNSPECIFIED.,.F.,.F.,
 .F.,(4,1,4),(2,2),(0.,0.0540510869563814,0.115236645201145),(0.,0.0499999999999998),
 .UNSPECIFIED.);
#27=B_SPLINE_SURFACE_WITH_KNOTS('',3,1,((#12574,#12575),(#12576,#12577),
(#12578,#12579),(#12580,#12581),(#12582,#12583)),.UNSPECIFIED.,.F.,.F.,
 .F.,(4,1,4),(2,2),(0.,0.0679275978681222,0.124142221086466),(0.,0.0499999999999998),
 .UNSPECIFIED.);
#28=B_SPLINE_SURFACE_WITH_KNOTS('',3,1,((#12597,#12598),(#12599,#12600),
(#12601,#12602),(#12603,#12604),(#12605,#12606)),.UNSPECIFIED.,.F.,.F.,
 .F.,(4,1,4),(2,2),(0.,0.075245568034916,0.161917584453426),(0.,0.0499999999999998),
 .UNSPECIFIED.);
#29=B_SPLINE_SURFACE_WITH_KNOTS('',3,1,((#12620,#12621),(#12622,#12623),
(#12624,#12625),(#12626,#12627),(#12628,#12629)),.UNSPECIFIED.,.F.,.F.,
 .F.,(4,1,4),(2,2),(0.,0.0887512537141489,0.164686770292292),(0.,0.0499999999999998),
 .UNSPECIFIED.);
#30=B_SPLINE_SURFACE_WITH_KNOTS('',3,1,((#12643,#12644),(#12645,#12646),
(#12647,#12648),(#12649,#12650),(#12651,#12652)),.UNSPECIFIED.,.F.,.F.,
 .F.,(4,1,4),(2,2),(0.,0.0588716714995747,0.127046195118195),(0.,0.0499999999999998),
 .UNSPECIFIED.);
#31=B_SPLINE_SURFACE_WITH_KNOTS('',3,1,((#12666,#12667),(#12668,#12669),
(#12670,#12671),(#12672,#12673),(#12674,#12675)),.UNSPECIFIED.,.F.,.F.,
 .F.,(4,1,4),(2,2),(0.,0.0465417453876411,0.098705428476462),(0.,0.0499999999999998),
 .UNSPECIFIED.);
#32=B_SPLINE_SURFACE_WITH_KNOTS('',3,1,((#12689,#12690),(#12691,#12692),
(#12693,#12694),(#12695,#12696),(#12697,#12698)),.UNSPECIFIED.,.F.,.F.,
 .F.,(4,1,4),(2,2),(0.,0.0594319748582732,0.108826542232879),(0.,0.0499999999999998),
 .UNSPECIFIED.);
#33=B_SPLINE_SURFACE_WITH_KNOTS('',3,1,((#12712,#12713),(#12714,#12715),
(#12716,#12717),(#12718,#12719),(#12720,#12721)),.UNSPECIFIED.,.F.,.F.,
 .F.,(4,1,4),(2,2),(0.,0.0412143837725802,0.0903793006904259),(0.,0.0499999999999998),
 .UNSPECIFIED.);
#34=B_SPLINE_SURFACE_WITH_KNOTS('',3,1,((#12735,#12736),(#12737,#12738),
(#12739,#12740),(#12741,#12742),(#12743,#12744)),.UNSPECIFIED.,.F.,.F.,
 .F.,(4,1,4),(2,2),(0.,0.0375518457277904,0.074887468719564),(0.,0.0499999999999998),
 .UNSPECIFIED.);
#35=B_SPLINE_SURFACE_WITH_KNOTS('',3,1,((#12758,#12759),(#12760,#12761),
(#12762,#12763),(#12764,#12765),(#12766,#12767)),.UNSPECIFIED.,.F.,.F.,
 .F.,(4,1,4),(2,2),(0.,0.0441122724479937,0.0839927354163123),(0.,0.0499999999999998),
 .UNSPECIFIED.);
#36=B_SPLINE_SURFACE_WITH_KNOTS('',3,1,((#12787,#12788),(#12789,#12790),
(#12791,#12792),(#12793,#12794),(#12795,#12796)),.UNSPECIFIED.,.F.,.F.,
 .F.,(4,1,4),(2,2),(0.,0.0290072067897178,0.0640949720959205),(0.,0.0499999999999998),
 .UNSPECIFIED.);
#37=B_SPLINE_SURFACE_WITH_KNOTS('',3,1,((#12869,#12870),(#12871,#12872),
(#12873,#12874),(#12875,#12876),(#12877,#12878)),.UNSPECIFIED.,.F.,.F.,
 .F.,(4,1,4),(2,2),(-0.155250846785981,-0.0821067730060716,0.),(0.,0.0499999999999998),
 .UNSPECIFIED.);
#38=B_SPLINE_SURFACE_WITH_KNOTS('',3,1,((#12895,#12896),(#12897,#12898),
(#12899,#12900),(#12901,#12902),(#12903,#12904)),.UNSPECIFIED.,.F.,.F.,
 .F.,(4,1,4),(2,2),(-0.12262741511645,-0.0597826340877343,0.),(0.,0.0499999999999998),
 .UNSPECIFIED.);
#39=B_SPLINE_SURFACE_WITH_KNOTS('',3,1,((#12918,#12919),(#12920,#12921),
(#12922,#12923),(#12924,#12925),(#12926,#12927)),.UNSPECIFIED.,.F.,.F.,
 .F.,(4,1,4),(2,2),(-0.266341171988681,-0.12750437112596,0.),(0.,0.0499999999999998),
 .UNSPECIFIED.);
#40=B_SPLINE_SURFACE_WITH_KNOTS('',3,1,((#12947,#12948),(#12949,#12950),
(#12951,#12952),(#12953,#12954),(#12955,#12956)),.UNSPECIFIED.,.F.,.F.,
 .F.,(4,1,4),(2,2),(-0.15512307252802,-0.0844715744499938,0.),(0.,0.0499999999999998),
 .UNSPECIFIED.);
#41=B_SPLINE_SURFACE_WITH_KNOTS('',3,1,((#12970,#12971),(#12972,#12973),
(#12974,#12975),(#12976,#12977),(#12978,#12979)),.UNSPECIFIED.,.F.,.F.,
 .F.,(4,1,4),(2,2),(-0.12954653379757,-0.0642175658934736,0.),(0.,0.0499999999999998),
 .UNSPECIFIED.);
#42=B_SPLINE_SURFACE_WITH_KNOTS('',3,1,((#12993,#12994),(#12995,#12996),
(#12997,#12998),(#12999,#13000),(#13001,#13002)),.UNSPECIFIED.,.F.,.F.,
 .F.,(4,1,4),(2,2),(-0.13366827545444,-0.0675607411322051,0.),(0.,0.0499999999999998),
 .UNSPECIFIED.);
#43=B_SPLINE_SURFACE_WITH_KNOTS('',3,1,((#13016,#13017),(#13018,#13019),
(#13020,#13021),(#13022,#13023),(#13024,#13025)),.UNSPECIFIED.,.F.,.F.,
 .F.,(4,1,4),(2,2),(-0.149751331548535,-0.0701766272523163,0.),(0.,0.0499999999999998),
 .UNSPECIFIED.);
#44=B_SPLINE_SURFACE_WITH_KNOTS('',3,1,((#13052,#13053),(#13054,#13055),
(#13056,#13057),(#13058,#13059),(#13060,#13061)),.UNSPECIFIED.,.F.,.F.,
 .F.,(4,1,4),(2,2),(0.,0.019302939847775,0.047865567239601),(0.,0.0499999999999998),
 .UNSPECIFIED.);
#45=B_SPLINE_SURFACE_WITH_KNOTS('',3,1,((#13075,#13076),(#13077,#13078),
(#13079,#13080),(#13081,#13082),(#13083,#13084)),.UNSPECIFIED.,.F.,.F.,
 .F.,(4,1,4),(2,2),(0.,0.0173943126414189,0.0330164583499616),(0.,0.0499999999999998),
 .UNSPECIFIED.);
#46=B_SPLINE_SURFACE_WITH_KNOTS('',3,1,((#13098,#13099),(#13100,#13101),
(#13102,#13103),(#13104,#13105),(#13106,#13107)),.UNSPECIFIED.,.F.,.F.,
 .F.,(4,1,4),(2,2),(0.,0.0123145458522852,0.0248131698737774),(0.,0.0499999999999998),
 .UNSPECIFIED.);
#47=B_SPLINE_SURFACE_WITH_KNOTS('',3,1,((#13121,#13122),(#13123,#13124),
(#13125,#13126),(#13127,#13128),(#13129,#13130)),.UNSPECIFIED.,.F.,.F.,
 .F.,(4,1,4),(2,2),(0.,0.0119767645819134,0.0240698705512883),(0.,0.0499999999999998),
 .UNSPECIFIED.);
#48=B_SPLINE_SURFACE_WITH_KNOTS('',3,1,((#13144,#13145),(#13146,#13147),
(#13148,#13149),(#13150,#13151),(#13152,#13153)),.UNSPECIFIED.,.F.,.F.,
 .F.,(4,1,4),(2,2),(0.,0.012489425506108,0.0332249297794676),(0.,0.0499999999999998),
 .UNSPECIFIED.);
#49=B_SPLINE_SURFACE_WITH_KNOTS('',3,1,((#13191,#13192),(#13193,#13194),
(#13195,#13196),(#13197,#13198),(#13199,#13200)),.UNSPECIFIED.,.F.,.F.,
 .F.,(4,1,4),(2,2),(0.,0.0158636705302593,0.0320604099632014),(0.,0.0499999999999998),
 .UNSPECIFIED.);
#50=B_SPLINE_SURFACE_WITH_KNOTS('',3,1,((#13214,#13215),(#13216,#13217),
(#13218,#13219),(#13220,#13221),(#13222,#13223)),.UNSPECIFIED.,.F.,.F.,
 .F.,(4,1,4),(2,2),(0.,0.0228941553804692,0.0382898524226715),(0.,0.0499999999999998),
 .UNSPECIFIED.);
#51=B_SPLINE_SURFACE_WITH_KNOTS('',3,1,((#13255,#13256),(#13257,#13258),
(#13259,#13260),(#13261,#13262),(#13263,#13264)),.UNSPECIFIED.,.F.,.F.,
 .F.,(4,1,4),(2,2),(0.,0.017898459092393,0.0303230822167472),(0.,0.0499999999999998),
 .UNSPECIFIED.);
#52=B_SPLINE_SURFACE_WITH_KNOTS('',3,1,((#13278,#13279),(#13280,#13281),
(#13282,#13283),(#13284,#13285),(#13286,#13287)),.UNSPECIFIED.,.F.,.F.,
 .F.,(4,1,4),(2,2),(0.,0.0113691557687828,0.0289085281156897),(0.,0.0499999999999998),
 .UNSPECIFIED.);
#53=B_SPLINE_SURFACE_WITH_KNOTS('',3,1,((#13301,#13302),(#13303,#13304),
(#13305,#13306),(#13307,#13308),(#13309,#13310)),.UNSPECIFIED.,.F.,.F.,
 .F.,(4,1,4),(2,2),(0.,0.0204607852405057,0.035483596260148),(0.,0.0499999999999998),
 .UNSPECIFIED.);
#54=B_SPLINE_SURFACE_WITH_KNOTS('',3,1,((#13324,#13325),(#13326,#13327),
(#13328,#13329),(#13330,#13331),(#13332,#13333)),.UNSPECIFIED.,.F.,.F.,
 .F.,(4,1,4),(2,2),(0.,0.0207005571882077,0.0463412895451923),(0.,0.0499999999999998),
 .UNSPECIFIED.);
#55=B_SPLINE_SURFACE_WITH_KNOTS('',3,1,((#13347,#13348),(#13349,#13350),
(#13351,#13352),(#13353,#13354),(#13355,#13356)),.UNSPECIFIED.,.F.,.F.,
 .F.,(4,1,4),(2,2),(0.,0.0276071942364838,0.0557319474934906),(0.,0.0499999999999998),
 .UNSPECIFIED.);
#56=B_SPLINE_SURFACE_WITH_KNOTS('',3,1,((#13370,#13371),(#13372,#13373),
(#13374,#13375),(#13376,#13377),(#13378,#13379)),.UNSPECIFIED.,.F.,.F.,
 .F.,(4,1,4),(2,2),(0.,0.0312051251457347,0.0597015778182703),(0.,0.0499999999999998),
 .UNSPECIFIED.);
#57=B_SPLINE_SURFACE_WITH_KNOTS('',3,1,((#13393,#13394),(#13395,#13396),
(#13397,#13398),(#13399,#13400),(#13401,#13402)),.UNSPECIFIED.,.F.,.F.,
 .F.,(4,1,4),(2,2),(0.,0.032619098785166,0.0682226749986543),(0.,0.0499999999999998),
 .UNSPECIFIED.);
#58=B_SPLINE_SURFACE_WITH_KNOTS('',3,1,((#13416,#13417),(#13418,#13419),
(#13420,#13421),(#13422,#13423),(#13424,#13425)),.UNSPECIFIED.,.F.,.F.,
 .F.,(4,1,4),(2,2),(0.,0.0307359981658423,0.0617813652558211),(0.,0.0499999999999998),
 .UNSPECIFIED.);
#59=B_SPLINE_SURFACE_WITH_KNOTS('',3,1,((#13439,#13440),(#13441,#13442),
(#13443,#13444),(#13445,#13446),(#13447,#13448)),.UNSPECIFIED.,.F.,.F.,
 .F.,(4,1,4),(2,2),(0.,0.0506053114103152,0.0883703358636961),(0.,0.0499999999999998),
 .UNSPECIFIED.);
#60=B_SPLINE_SURFACE_WITH_KNOTS('',3,1,((#13478,#13479),(#13480,#13481),
(#13482,#13483),(#13484,#13485),(#13486,#13487)),.UNSPECIFIED.,.F.,.F.,
 .F.,(4,1,4),(2,2),(-0.155250846785981,-0.0821067730060716,0.),(0.,0.0499999999999998),
 .UNSPECIFIED.);
#61=B_SPLINE_SURFACE_WITH_KNOTS('',3,1,((#13504,#13505),(#13506,#13507),
(#13508,#13509),(#13510,#13511),(#13512,#13513)),.UNSPECIFIED.,.F.,.F.,
 .F.,(4,1,4),(2,2),(-0.122627469734413,-0.0597827140662132,0.),(0.,0.0499999999999998),
 .UNSPECIFIED.);
#62=B_SPLINE_SURFACE_WITH_KNOTS('',3,1,((#13527,#13528),(#13529,#13530),
(#13531,#13532),(#13533,#13534),(#13535,#13536)),.UNSPECIFIED.,.F.,.F.,
 .F.,(4,1,4),(2,2),(-0.266341065428054,-0.127504431839769,0.),(0.,0.0499999999999998),
 .UNSPECIFIED.);
#63=B_SPLINE_SURFACE_WITH_KNOTS('',3,1,((#13556,#13557),(#13558,#13559),
(#13560,#13561),(#13562,#13563),(#13564,#13565)),.UNSPECIFIED.,.F.,.F.,
 .F.,(4,1,4),(2,2),(-0.155123001959162,-0.0844717016150781,0.),(0.,0.0499999999999998),
 .UNSPECIFIED.);
#64=B_SPLINE_SURFACE_WITH_KNOTS('',3,1,((#13579,#13580),(#13581,#13582),
(#13583,#13584),(#13585,#13586),(#13587,#13588)),.UNSPECIFIED.,.F.,.F.,
 .F.,(4,1,4),(2,2),(-0.12954653379757,-0.0642175658934736,0.),(0.,0.0499999999999998),
 .UNSPECIFIED.);
#65=B_SPLINE_SURFACE_WITH_KNOTS('',3,1,((#13602,#13603),(#13604,#13605),
(#13606,#13607),(#13608,#13609),(#13610,#13611)),.UNSPECIFIED.,.F.,.F.,
 .F.,(4,1,4),(2,2),(-0.13366827545444,-0.0675607411322051,0.),(0.,0.0499999999999998),
 .UNSPECIFIED.);
#66=B_SPLINE_SURFACE_WITH_KNOTS('',3,1,((#13625,#13626),(#13627,#13628),
(#13629,#13630),(#13631,#13632),(#13633,#13634)),.UNSPECIFIED.,.F.,.F.,
 .F.,(4,1,4),(2,2),(-0.149751170202966,-0.0701767277143294,0.),(0.,0.0499999999999998),
 .UNSPECIFIED.);
#67=B_SPLINE_SURFACE_WITH_KNOTS('',3,1,((#13652,#13653),(#13654,#13655),
(#13656,#13657),(#13658,#13659),(#13660,#13661)),.UNSPECIFIED.,.F.,.F.,
 .F.,(4,1,4),(2,2),(-0.155250846785981,-0.0821067730060716,0.),(0.,0.0499999999999998),
 .UNSPECIFIED.);
#68=B_SPLINE_SURFACE_WITH_KNOTS('',3,1,((#13678,#13679),(#13680,#13681),
(#13682,#13683),(#13684,#13685),(#13686,#13687)),.UNSPECIFIED.,.F.,.F.,
 .F.,(4,1,4),(2,2),(-0.12262741511645,-0.0597826340877343,0.),(0.,0.0499999999999998),
 .UNSPECIFIED.);
#69=B_SPLINE_SURFACE_WITH_KNOTS('',3,1,((#13701,#13702),(#13703,#13704),
(#13705,#13706),(#13707,#13708),(#13709,#13710)),.UNSPECIFIED.,.F.,.F.,
 .F.,(4,1,4),(2,2),(-0.266341171988681,-0.12750437112596,0.),(0.,0.0499999999999998),
 .UNSPECIFIED.);
#70=B_SPLINE_SURFACE_WITH_KNOTS('',3,1,((#13730,#13731),(#13732,#13733),
(#13734,#13735),(#13736,#13737),(#13738,#13739)),.UNSPECIFIED.,.F.,.F.,
 .F.,(4,1,4),(2,2),(-0.155122874794077,-0.0844715744499938,0.),(0.,0.0499999999999998),
 .UNSPECIFIED.);
#71=B_SPLINE_SURFACE_WITH_KNOTS('',3,1,((#13753,#13754),(#13755,#13756),
(#13757,#13758),(#13759,#13760),(#13761,#13762)),.UNSPECIFIED.,.F.,.F.,
 .F.,(4,1,4),(2,2),(-0.129546613993932,-0.0642176851734688,0.),(0.,0.0499999999999998),
 .UNSPECIFIED.);
#72=B_SPLINE_SURFACE_WITH_KNOTS('',3,1,((#13776,#13777),(#13778,#13779),
(#13780,#13781),(#13782,#13783),(#13784,#13785)),.UNSPECIFIED.,.F.,.F.,
 .F.,(4,1,4),(2,2),(-0.13366827545444,-0.0675607411322051,0.),(0.,0.0499999999999998),
 .UNSPECIFIED.);
#73=B_SPLINE_SURFACE_WITH_KNOTS('',3,1,((#13799,#13800),(#13801,#13802),
(#13803,#13804),(#13805,#13806),(#13807,#13808)),.UNSPECIFIED.,.F.,.F.,
 .F.,(4,1,4),(2,2),(-0.149751069740953,-0.0701766272523163,0.),(0.,0.0499999999999998),
 .UNSPECIFIED.);
#74=B_SPLINE_SURFACE_WITH_KNOTS('',3,1,((#14112,#14113),(#14114,#14115),
(#14116,#14117),(#14118,#14119),(#14120,#14121)),.UNSPECIFIED.,.F.,.F.,
 .F.,(4,1,4),(2,2),(0.,0.0869142638481504,0.149293070964183),(0.,0.0499999999999998),
 .UNSPECIFIED.);
#75=B_SPLINE_SURFACE_WITH_KNOTS('',3,1,((#14138,#14139),(#14140,#14141),
(#14142,#14143),(#14144,#14145),(#14146,#14147)),.UNSPECIFIED.,.F.,.F.,
 .F.,(4,1,4),(2,2),(0.,0.0449755008291896,0.0982786095239228),(0.,0.0499999999999998),
 .UNSPECIFIED.);
#76=B_SPLINE_SURFACE_WITH_KNOTS('',3,1,((#14161,#14162),(#14163,#14164),
(#14165,#14166),(#14167,#14168),(#14169,#14170)),.UNSPECIFIED.,.F.,.F.,
 .F.,(4,1,4),(2,2),(0.,0.0382854455417372,0.0780668033665549),(0.,0.0499999999999998),
 .UNSPECIFIED.);
#77=B_SPLINE_SURFACE_WITH_KNOTS('',3,1,((#14184,#14185),(#14186,#14187),
(#14188,#14189),(#14190,#14191),(#14192,#14193)),.UNSPECIFIED.,.F.,.F.,
 .F.,(4,1,4),(2,2),(0.,0.0373522134337858,0.0748855156071832),(0.,0.0499999999999998),
 .UNSPECIFIED.);
#78=B_SPLINE_SURFACE_WITH_KNOTS('',3,1,((#14207,#14208),(#14209,#14210),
(#14211,#14212),(#14213,#14214),(#14215,#14216)),.UNSPECIFIED.,.F.,.F.,
 .F.,(4,1,4),(2,2),(0.,0.0304844844860327,0.0619120813349542),(0.,0.0499999999999998),
 .UNSPECIFIED.);
#79=B_SPLINE_SURFACE_WITH_KNOTS('',3,1,((#14230,#14231),(#14232,#14233),
(#14234,#14235),(#14236,#14237),(#14238,#14239)),.UNSPECIFIED.,.F.,.F.,
 .F.,(4,1,4),(2,2),(0.,0.0363055277978818,0.0682643894219324),(0.,0.0499999999999998),
 .UNSPECIFIED.);
#80=B_SPLINE_SURFACE_WITH_KNOTS('',3,1,((#14253,#14254),(#14255,#14256),
(#14257,#14258),(#14259,#14260),(#14261,#14262)),.UNSPECIFIED.,.F.,.F.,
 .F.,(4,1,4),(2,2),(0.,0.071726917703471,0.121558039621026),(0.,0.0499999999999998),
 .UNSPECIFIED.);
#81=B_SPLINE_SURFACE_WITH_KNOTS('',3,1,((#14276,#14277),(#14278,#14279),
(#14280,#14281),(#14282,#14283),(#14284,#14285)),.UNSPECIFIED.,.F.,.F.,
 .F.,(4,1,4),(2,2),(0.,0.0165968640828348,0.0442613429829693),(0.,0.0499999999999998),
 .UNSPECIFIED.);
#82=B_SPLINE_SURFACE_WITH_KNOTS('',3,1,((#14299,#14300),(#14301,#14302),
(#14303,#14304),(#14305,#14306),(#14307,#14308)),.UNSPECIFIED.,.F.,.F.,
 .F.,(4,1,4),(2,2),(0.,0.00934739682240267,0.0199064988727371),(0.,0.0499999999999998),
 .UNSPECIFIED.);
#83=B_SPLINE_SURFACE_WITH_KNOTS('',3,1,((#14322,#14323),(#14324,#14325),
(#14326,#14327),(#14328,#14329),(#14330,#14331)),.UNSPECIFIED.,.F.,.F.,
 .F.,(4,1,4),(2,2),(0.,0.0130235699096715,0.0254349305782098),(0.,0.0499999999999998),
 .UNSPECIFIED.);
#84=B_SPLINE_SURFACE_WITH_KNOTS('',3,1,((#14345,#14346),(#14347,#14348),
(#14349,#14350),(#14351,#14352),(#14353,#14354)),.UNSPECIFIED.,.F.,.F.,
 .F.,(4,1,4),(2,2),(0.,0.019032633785055,0.0342399021658794),(0.,0.0499999999999998),
 .UNSPECIFIED.);
#85=B_SPLINE_SURFACE_WITH_KNOTS('',3,1,((#14368,#14369),(#14370,#14371),
(#14372,#14373),(#14374,#14375),(#14376,#14377)),.UNSPECIFIED.,.F.,.F.,
 .F.,(4,1,4),(2,2),(0.,0.0199532857762245,0.0435169572305468),(0.,0.0499999999999998),
 .UNSPECIFIED.);
#86=B_SPLINE_SURFACE_WITH_KNOTS('',3,1,((#14391,#14392),(#14393,#14394),
(#14395,#14396),(#14397,#14398),(#14399,#14400)),.UNSPECIFIED.,.F.,.F.,
 .F.,(4,1,4),(2,2),(0.,0.0244135415428797,0.0445722487758374),(0.,0.0499999999999998),
 .UNSPECIFIED.);
#87=B_SPLINE_SURFACE_WITH_KNOTS('',3,1,((#14420,#14421),(#14422,#14423),
(#14424,#14425),(#14426,#14427),(#14428,#14429)),.UNSPECIFIED.,.F.,.F.,
 .F.,(4,1,4),(2,2),(0.,0.0489325256124322,0.104988537783346),(0.,0.0499999999999998),
 .UNSPECIFIED.);
#88=B_SPLINE_SURFACE_WITH_KNOTS('',3,1,((#14443,#14444),(#14445,#14446),
(#14447,#14448),(#14449,#14450),(#14451,#14452)),.UNSPECIFIED.,.F.,.F.,
 .F.,(4,1,4),(2,2),(0.,0.0679397676157058,0.121725686022072),(0.,0.0499999999999998),
 .UNSPECIFIED.);
#89=B_SPLINE_SURFACE_WITH_KNOTS('',3,1,((#14466,#14467),(#14468,#14469),
(#14470,#14471),(#14472,#14473),(#14474,#14475)),.UNSPECIFIED.,.F.,.F.,
 .F.,(4,1,4),(2,2),(0.,0.0441283857608571,0.100098177065428),(0.,0.0499999999999998),
 .UNSPECIFIED.);
#90=B_SPLINE_SURFACE_WITH_KNOTS('',3,1,((#14489,#14490),(#14491,#14492),
(#14493,#14494),(#14495,#14496),(#14497,#14498)),.UNSPECIFIED.,.F.,.F.,
 .F.,(4,1,4),(2,2),(0.,0.0331703386287778,0.0696580461596382),(0.,0.0499999999999998),
 .UNSPECIFIED.);
#91=B_SPLINE_SURFACE_WITH_KNOTS('',3,1,((#14512,#14513),(#14514,#14515),
(#14516,#14517),(#14518,#14519),(#14520,#14521)),.UNSPECIFIED.,.F.,.F.,
 .F.,(4,1,4),(2,2),(0.,0.030310693111421,0.0616011310663146),(0.,0.0499999999999998),
 .UNSPECIFIED.);
#92=B_SPLINE_SURFACE_WITH_KNOTS('',3,1,((#14535,#14536),(#14537,#14538),
(#14539,#14540),(#14541,#14542),(#14543,#14544)),.UNSPECIFIED.,.F.,.F.,
 .F.,(4,1,4),(2,2),(0.,0.0432752247641135,0.0869267865451111),(0.,0.0499999999999998),
 .UNSPECIFIED.);
#93=B_SPLINE_SURFACE_WITH_KNOTS('',3,1,((#14558,#14559),(#14560,#14561),
(#14562,#14563),(#14564,#14565),(#14566,#14567)),.UNSPECIFIED.,.F.,.F.,
 .F.,(4,1,4),(2,2),(0.,0.0728245001622946,0.126580385571751),(0.,0.0499999999999998),
 .UNSPECIFIED.);
#94=B_SPLINE_SURFACE_WITH_KNOTS('',3,1,((#14581,#14582),(#14583,#14584),
(#14585,#14586),(#14587,#14588),(#14589,#14590)),.UNSPECIFIED.,.F.,.F.,
 .F.,(4,1,4),(2,2),(0.,0.025600175350034,0.0677842088050267),(0.,0.0499999999999998),
 .UNSPECIFIED.);
#95=B_SPLINE_SURFACE_WITH_KNOTS('',3,1,((#14604,#14605),(#14606,#14607),
(#14608,#14609),(#14610,#14611),(#14612,#14613)),.UNSPECIFIED.,.F.,.F.,
 .F.,(4,1,4),(2,2),(0.,0.0151236332896522,0.0317434540493732),(0.,0.0499999999999998),
 .UNSPECIFIED.);
#96=B_SPLINE_SURFACE_WITH_KNOTS('',3,1,((#14627,#14628),(#14629,#14630),
(#14631,#14632),(#14633,#14634),(#14635,#14636)),.UNSPECIFIED.,.F.,.F.,
 .F.,(4,1,4),(2,2),(0.,0.0171780250833083,0.0329714496389807),(0.,0.0499999999999998),
 .UNSPECIFIED.);
#97=B_SPLINE_SURFACE_WITH_KNOTS('',3,1,((#14650,#14651),(#14652,#14653),
(#14654,#14655),(#14656,#14657),(#14658,#14659)),.UNSPECIFIED.,.F.,.F.,
 .F.,(4,1,4),(2,2),(0.,0.0236357456637883,0.0433353340854472),(0.,0.0499999999999998),
 .UNSPECIFIED.);
#98=B_SPLINE_SURFACE_WITH_KNOTS('',3,1,((#14673,#14674),(#14675,#14676),
(#14677,#14678),(#14679,#14680),(#14681,#14682)),.UNSPECIFIED.,.F.,.F.,
 .F.,(4,1,4),(2,2),(0.,0.0294889108310484,0.0614486925358212),(0.,0.0499999999999998),
 .UNSPECIFIED.);
#99=B_SPLINE_SURFACE_WITH_KNOTS('',3,1,((#14696,#14697),(#14698,#14699),
(#14700,#14701),(#14702,#14703),(#14704,#14705)),.UNSPECIFIED.,.F.,.F.,
 .F.,(4,1,4),(2,2),(0.,0.0258961855933913,0.0467373100481418),(0.,0.0499999999999998),
 .UNSPECIFIED.);
#100=B_SPLINE_SURFACE_WITH_KNOTS('',3,1,((#14725,#14726),(#14727,#14728),
(#14729,#14730),(#14731,#14732),(#14733,#14734)),.UNSPECIFIED.,.F.,.F.,
 .F.,(4,1,4),(2,2),(0.,0.0541902505186085,0.111118421662227),(0.,0.0499999999999998),
 .UNSPECIFIED.);
#101=SHAPE_REPRESENTATION_RELATIONSHIP('SRR','None',#15674,#103);
#102=SHAPE_REPRESENTATION_RELATIONSHIP('SRR','None',#15673,#104);
#103=ADVANCED_BREP_SHAPE_REPRESENTATION('',(#109),#15662);
#104=ADVANCED_BREP_SHAPE_REPRESENTATION('',(#110,#111),#15661);
#105=STYLED_ITEM('',(#15687),#109);
#106=STYLED_ITEM('',(#15687),#110);
#107=STYLED_ITEM('',(#15687),#111);
#108=STYLED_ITEM('',(#15695),#12);
#109=MANIFOLD_SOLID_BREP('Body1',#8660);
#110=MANIFOLD_SOLID_BREP('Body1',#8661);
#111=MANIFOLD_SOLID_BREP('Body1',#8662);
#112=FACE_BOUND('',#1155,.T.);
#113=FACE_BOUND('',#1175,.T.);
#114=FACE_BOUND('',#1176,.T.);
#115=FACE_BOUND('',#1177,.T.);
#116=FACE_BOUND('',#1178,.T.);
#117=FACE_BOUND('',#1179,.T.);
#118=FACE_BOUND('',#1180,.T.);
#119=FACE_BOUND('',#1181,.T.);
#120=FACE_BOUND('',#1182,.T.);
#121=FACE_BOUND('',#1183,.T.);
#122=FACE_BOUND('',#1196,.T.);
#123=FACE_BOUND('',#1199,.T.);
#124=FACE_BOUND('',#1202,.T.);
#125=FACE_BOUND('',#1205,.T.);
#126=FACE_BOUND('',#1212,.T.);
#127=FACE_BOUND('',#1213,.T.);
#128=FACE_BOUND('',#1214,.T.);
#129=FACE_BOUND('',#1215,.T.);
#130=FACE_BOUND('',#1216,.T.);
#131=FACE_BOUND('',#1217,.T.);
#132=FACE_BOUND('',#1218,.T.);
#133=FACE_BOUND('',#1220,.T.);
#134=FACE_BOUND('',#1221,.T.);
#135=FACE_BOUND('',#1222,.T.);
#136=FACE_BOUND('',#1223,.T.);
#137=FACE_BOUND('',#1234,.T.);
#138=FACE_BOUND('',#1235,.T.);
#139=FACE_BOUND('',#1236,.T.);
#140=FACE_BOUND('',#1237,.T.);
#141=FACE_BOUND('',#1238,.T.);
#142=FACE_BOUND('',#1239,.T.);
#143=FACE_BOUND('',#1240,.T.);
#144=FACE_BOUND('',#1241,.T.);
#145=FACE_BOUND('',#1331,.T.);
#146=FACE_BOUND('',#1403,.T.);
#147=FACE_BOUND('',#1467,.T.);
#148=FACE_BOUND('',#1468,.T.);
#149=FACE_BOUND('',#1469,.T.);
#150=FACE_BOUND('',#1470,.T.);
#151=FACE_BOUND('',#1471,.T.);
#152=FACE_BOUND('',#1472,.T.);
#153=FACE_BOUND('',#1473,.T.);
#154=FACE_BOUND('',#1474,.T.);
#155=FACE_BOUND('',#1475,.T.);
#156=FACE_BOUND('',#1476,.T.);
#157=FACE_BOUND('',#1477,.T.);
#158=FACE_BOUND('',#1478,.T.);
#159=FACE_BOUND('',#1479,.T.);
#160=FACE_BOUND('',#1480,.T.);
#161=FACE_BOUND('',#1481,.T.);
#162=FACE_BOUND('',#1482,.T.);
#163=FACE_BOUND('',#1483,.T.);
#164=FACE_BOUND('',#1484,.T.);
#165=FACE_BOUND('',#1485,.T.);
#166=FACE_BOUND('',#1486,.T.);
#167=FACE_BOUND('',#1487,.T.);
#168=FACE_BOUND('',#1539,.T.);
#169=FACE_BOUND('',#1540,.T.);
#170=FACE_BOUND('',#1541,.T.);
#171=FACE_BOUND('',#1542,.T.);
#172=FACE_BOUND('',#1543,.T.);
#173=FACE_BOUND('',#1544,.T.);
#174=FACE_BOUND('',#1545,.T.);
#175=FACE_BOUND('',#1546,.T.);
#176=FACE_BOUND('',#1547,.T.);
#177=FACE_BOUND('',#1548,.T.);
#178=FACE_BOUND('',#1588,.T.);
#179=FACE_BOUND('',#1589,.T.);
#180=FACE_BOUND('',#1590,.T.);
#181=FACE_BOUND('',#1591,.T.);
#182=FACE_BOUND('',#1592,.T.);
#183=FACE_BOUND('',#1593,.T.);
#184=FACE_BOUND('',#1594,.T.);
#185=FACE_BOUND('',#1595,.T.);
#186=FACE_BOUND('',#1596,.T.);
#187=FACE_BOUND('',#1606,.T.);
#188=FACE_BOUND('',#1607,.T.);
#189=FACE_BOUND('',#1608,.T.);
#190=FACE_BOUND('',#1609,.T.);
#191=FACE_BOUND('',#1610,.T.);
#192=FACE_BOUND('',#1611,.T.);
#193=FACE_BOUND('',#1612,.T.);
#194=FACE_BOUND('',#1613,.T.);
#195=FACE_BOUND('',#1614,.T.);
#196=SPHERICAL_SURFACE('',#8807,1.);
#197=SPHERICAL_SURFACE('',#8809,1.);
#198=SPHERICAL_SURFACE('',#9381,1.);
#199=SPHERICAL_SURFACE('',#9384,1.);
#200=TOROIDAL_SURFACE('',#8721,2.,1.);
#201=TOROIDAL_SURFACE('',#8728,2.,1.);
#202=TOROIDAL_SURFACE('',#8734,2.,1.);
#203=TOROIDAL_SURFACE('',#8740,4.,1.);
#204=TOROIDAL_SURFACE('',#8746,2.,1.);
#205=TOROIDAL_SURFACE('',#8752,2.,1.);
#206=TOROIDAL_SURFACE('',#8758,4.,1.);
#207=TOROIDAL_SURFACE('',#8764,2.,1.);
#208=TOROIDAL_SURFACE('',#8770,4.,1.);
#209=TOROIDAL_SURFACE('',#8776,2.,1.);
#210=TOROIDAL_SURFACE('',#8782,2.,1.);
#211=TOROIDAL_SURFACE('',#8788,2.,1.);
#212=TOROIDAL_SURFACE('',#8792,2.00000000000001,1.);
#213=TOROIDAL_SURFACE('',#8799,4.,1.);
#214=TOROIDAL_SURFACE('',#9089,5.5,0.5);
#215=TOROIDAL_SURFACE('',#9096,5.5,0.5);
#216=TOROIDAL_SURFACE('',#9102,5.5,0.5);
#217=TOROIDAL_SURFACE('',#9108,5.5,0.5);
#218=TOROIDAL_SURFACE('',#9132,2.,1.);
#219=TOROIDAL_SURFACE('',#9138,2.,1.);
#220=TOROIDAL_SURFACE('',#9143,4.,1.);
#221=TOROIDAL_SURFACE('',#9148,2.,1.);
#222=TOROIDAL_SURFACE('',#9153,2.,1.);
#223=TOROIDAL_SURFACE('',#9158,4.,1.);
#224=TOROIDAL_SURFACE('',#9163,2.,1.);
#225=TOROIDAL_SURFACE('',#9168,4.,1.);
#226=TOROIDAL_SURFACE('',#9173,2.,1.);
#227=TOROIDAL_SURFACE('',#9178,2.,1.);
#228=TOROIDAL_SURFACE('',#9183,4.,1.);
#229=TOROIDAL_SURFACE('',#9186,2.,1.);
#230=TOROIDAL_SURFACE('',#9391,2.,1.);
#231=TOROIDAL_SURFACE('',#9395,4.,1.);
#232=TOROIDAL_SURFACE('',#9399,2.,1.);
#233=TOROIDAL_SURFACE('',#9403,2.,1.);
#234=TOROIDAL_SURFACE('',#9407,4.,1.);
#235=TOROIDAL_SURFACE('',#9411,2.,1.);
#236=TOROIDAL_SURFACE('',#9415,4.,1.);
#237=TOROIDAL_SURFACE('',#9419,2.,1.);
#238=TOROIDAL_SURFACE('',#9423,2.,1.);
#239=TOROIDAL_SURFACE('',#9427,2.,1.);
#240=TOROIDAL_SURFACE('',#9428,2.00000000000001,1.);
#241=TOROIDAL_SURFACE('',#9432,4.,1.);
#242=TOROIDAL_SURFACE('',#9436,2.,1.);
#243=TOROIDAL_SURFACE('',#9440,2.,1.);
#244=B_SPLINE_CURVE_WITH_KNOTS('',3,(#11798,#11799,#11800,#11801),
 .UNSPECIFIED.,.F.,.F.,(4,4),(0.377671334205401,0.396824836893378),
 .UNSPECIFIED.);
#245=B_SPLINE_CURVE_WITH_KNOTS('',3,(#11804,#11805,#11806,#11807),
 .UNSPECIFIED.,.F.,.F.,(4,4),(0.396824836893378,0.415978339581355),
 .UNSPECIFIED.);
#246=B_SPLINE_CURVE_WITH_KNOTS('',3,(#12370,#12371,#12372,#12373,#12374),
 .UNSPECIFIED.,.F.,.F.,(4,1,4),(0.,0.0315347787558164,0.0585224558842087),
 .UNSPECIFIED.);
#247=B_SPLINE_CURVE_WITH_KNOTS('',3,(#12378,#12379,#12380,#12381,#12382),
 .UNSPECIFIED.,.F.,.F.,(4,1,4),(0.,0.0315347787558164,0.0585224558842087),
 .UNSPECIFIED.);
#248=B_SPLINE_CURVE_WITH_KNOTS('',3,(#12395,#12396,#12397,#12398,#12399),
 .UNSPECIFIED.,.F.,.F.,(4,1,4),(0.,0.0305262707222369,0.0635757797842715),
 .UNSPECIFIED.);
#249=B_SPLINE_CURVE_WITH_KNOTS('',3,(#12402,#12403,#12404,#12405,#12406),
 .UNSPECIFIED.,.F.,.F.,(4,1,4),(0.,0.0305262707222369,0.0635757797842715),
 .UNSPECIFIED.);
#250=B_SPLINE_CURVE_WITH_KNOTS('',3,(#12418,#12419,#12420,#12421,#12422),
 .UNSPECIFIED.,.F.,.F.,(4,1,4),(0.,0.0562669237785026,0.0945145987114272),
 .UNSPECIFIED.);
#251=B_SPLINE_CURVE_WITH_KNOTS('',3,(#12425,#12426,#12427,#12428,#12429),
 .UNSPECIFIED.,.F.,.F.,(4,1,4),(0.,0.0562669237785026,0.0945145987114272),
 .UNSPECIFIED.);
#252=B_SPLINE_CURVE_WITH_KNOTS('',3,(#12441,#12442,#12443,#12444,#12445),
 .UNSPECIFIED.,.F.,.F.,(4,1,4),(0.,0.0346328371534518,0.0813554800663157),
 .UNSPECIFIED.);
#253=B_SPLINE_CURVE_WITH_KNOTS('',3,(#12448,#12449,#12450,#12451,#12452),
 .UNSPECIFIED.,.F.,.F.,(4,1,4),(0.,0.0346328371534518,0.0813554800663157),
 .UNSPECIFIED.);
#254=B_SPLINE_CURVE_WITH_KNOTS('',3,(#12464,#12465,#12466,#12467,#12468),
 .UNSPECIFIED.,.F.,.F.,(4,1,4),(0.,0.0380574454867725,0.0752988175236735),
 .UNSPECIFIED.);
#255=B_SPLINE_CURVE_WITH_KNOTS('',3,(#12471,#12472,#12473,#12474,#12475),
 .UNSPECIFIED.,.F.,.F.,(4,1,4),(0.,0.0380574454867725,0.0752988175236735),
 .UNSPECIFIED.);
#256=B_SPLINE_CURVE_WITH_KNOTS('',3,(#12487,#12488,#12489,#12490,#12491),
 .UNSPECIFIED.,.F.,.F.,(4,1,4),(0.,0.016894903066033,0.0346650195333466),
 .UNSPECIFIED.);
#257=B_SPLINE_CURVE_WITH_KNOTS('',3,(#12494,#12495,#12496,#12497,#12498),
 .UNSPECIFIED.,.F.,.F.,(4,1,4),(0.,0.016894903066033,0.0346650195333466),
 .UNSPECIFIED.);
#258=B_SPLINE_CURVE_WITH_KNOTS('',3,(#12510,#12511,#12512,#12513,#12514),
 .UNSPECIFIED.,.F.,.F.,(4,1,4),(0.,0.0170418922286275,0.0337093587225062),
 .UNSPECIFIED.);
#259=B_SPLINE_CURVE_WITH_KNOTS('',3,(#12517,#12518,#12519,#12520,#12521),
 .UNSPECIFIED.,.F.,.F.,(4,1,4),(0.,0.0170418922286275,0.0337093587225062),
 .UNSPECIFIED.);
#260=B_SPLINE_CURVE_WITH_KNOTS('',3,(#12533,#12534,#12535,#12536,#12537),
 .UNSPECIFIED.,.F.,.F.,(4,1,4),(0.,0.0168776877187213,0.0293999310165122),
 .UNSPECIFIED.);
#261=B_SPLINE_CURVE_WITH_KNOTS('',3,(#12540,#12541,#12542,#12543,#12544),
 .UNSPECIFIED.,.F.,.F.,(4,1,4),(0.,0.0168776877187213,0.0293999310165122),
 .UNSPECIFIED.);
#262=B_SPLINE_CURVE_WITH_KNOTS('',3,(#12562,#12563,#12564,#12565,#12566),
 .UNSPECIFIED.,.F.,.F.,(4,1,4),(0.,0.0540510869563814,0.115236645201145),
 .UNSPECIFIED.);
#263=B_SPLINE_CURVE_WITH_KNOTS('',3,(#12569,#12570,#12571,#12572,#12573),
 .UNSPECIFIED.,.F.,.F.,(4,1,4),(0.,0.0540510869563814,0.115236645201145),
 .UNSPECIFIED.);
#264=B_SPLINE_CURVE_WITH_KNOTS('',3,(#12585,#12586,#12587,#12588,#12589),
 .UNSPECIFIED.,.F.,.F.,(4,1,4),(0.,0.0679275978681222,0.124142221086466),
 .UNSPECIFIED.);
#265=B_SPLINE_CURVE_WITH_KNOTS('',3,(#12592,#12593,#12594,#12595,#12596),
 .UNSPECIFIED.,.F.,.F.,(4,1,4),(0.,0.0679275978681222,0.124142221086466),
 .UNSPECIFIED.);
#266=B_SPLINE_CURVE_WITH_KNOTS('',3,(#12608,#12609,#12610,#12611,#12612),
 .UNSPECIFIED.,.F.,.F.,(4,1,4),(0.,0.075245568034916,0.161917584453426),
 .UNSPECIFIED.);
#267=B_SPLINE_CURVE_WITH_KNOTS('',3,(#12615,#12616,#12617,#12618,#12619),
 .UNSPECIFIED.,.F.,.F.,(4,1,4),(0.,0.075245568034916,0.161917584453426),
 .UNSPECIFIED.);
#268=B_SPLINE_CURVE_WITH_KNOTS('',3,(#12631,#12632,#12633,#12634,#12635),
 .UNSPECIFIED.,.F.,.F.,(4,1,4),(0.,0.0887512537141489,0.164686770292292),
 .UNSPECIFIED.);
#269=B_SPLINE_CURVE_WITH_KNOTS('',3,(#12638,#12639,#12640,#12641,#12642),
 .UNSPECIFIED.,.F.,.F.,(4,1,4),(0.,0.0887512537141489,0.164686770292292),
 .UNSPECIFIED.);
#270=B_SPLINE_CURVE_WITH_KNOTS('',3,(#12654,#12655,#12656,#12657,#12658),
 .UNSPECIFIED.,.F.,.F.,(4,1,4),(0.,0.0588716714995747,0.127046195118195),
 .UNSPECIFIED.);
#271=B_SPLINE_CURVE_WITH_KNOTS('',3,(#12661,#12662,#12663,#12664,#12665),
 .UNSPECIFIED.,.F.,.F.,(4,1,4),(0.,0.0588716714995747,0.127046195118195),
 .UNSPECIFIED.);
#272=B_SPLINE_CURVE_WITH_KNOTS('',3,(#12677,#12678,#12679,#12680,#12681),
 .UNSPECIFIED.,.F.,.F.,(4,1,4),(0.,0.0465417453876411,0.098705428476462),
 .UNSPECIFIED.);
#273=B_SPLINE_CURVE_WITH_KNOTS('',3,(#12684,#12685,#12686,#12687,#12688),
 .UNSPECIFIED.,.F.,.F.,(4,1,4),(0.,0.0465417453876411,0.098705428476462),
 .UNSPECIFIED.);
#274=B_SPLINE_CURVE_WITH_KNOTS('',3,(#12700,#12701,#12702,#12703,#12704),
 .UNSPECIFIED.,.F.,.F.,(4,1,4),(0.,0.0594319748582732,0.108826542232879),
 .UNSPECIFIED.);
#275=B_SPLINE_CURVE_WITH_KNOTS('',3,(#12707,#12708,#12709,#12710,#12711),
 .UNSPECIFIED.,.F.,.F.,(4,1,4),(0.,0.0594319748582732,0.108826542232879),
 .UNSPECIFIED.);
#276=B_SPLINE_CURVE_WITH_KNOTS('',3,(#12723,#12724,#12725,#12726,#12727),
 .UNSPECIFIED.,.F.,.F.,(4,1,4),(0.,0.0412143837725802,0.0903793006904259),
 .UNSPECIFIED.);
#277=B_SPLINE_CURVE_WITH_KNOTS('',3,(#12730,#12731,#12732,#12733,#12734),
 .UNSPECIFIED.,.F.,.F.,(4,1,4),(0.,0.0412143837725802,0.0903793006904259),
 .UNSPECIFIED.);
#278=B_SPLINE_CURVE_WITH_KNOTS('',3,(#12746,#12747,#12748,#12749,#12750),
 .UNSPECIFIED.,.F.,.F.,(4,1,4),(0.,0.0375518457277904,0.074887468719564),
 .UNSPECIFIED.);
#279=B_SPLINE_CURVE_WITH_KNOTS('',3,(#12753,#12754,#12755,#12756,#12757),
 .UNSPECIFIED.,.F.,.F.,(4,1,4),(0.,0.0375518457277904,0.074887468719564),
 .UNSPECIFIED.);
#280=B_SPLINE_CURVE_WITH_KNOTS('',3,(#12769,#12770,#12771,#12772,#12773),
 .UNSPECIFIED.,.F.,.F.,(4,1,4),(0.,0.0441122724479937,0.0839927354163123),
 .UNSPECIFIED.);
#281=B_SPLINE_CURVE_WITH_KNOTS('',3,(#12776,#12777,#12778,#12779,#12780),
 .UNSPECIFIED.,.F.,.F.,(4,1,4),(0.,0.0441122724479937,0.0839927354163123),
 .UNSPECIFIED.);
#282=B_SPLINE_CURVE_WITH_KNOTS('',3,(#12797,#12798,#12799,#12800,#12801),
 .UNSPECIFIED.,.F.,.F.,(4,1,4),(0.,0.0290072067897178,0.0640949720959205),
 .UNSPECIFIED.);
#283=B_SPLINE_CURVE_WITH_KNOTS('',3,(#12802,#12803,#12804,#12805,#12806),
 .UNSPECIFIED.,.F.,.F.,(4,1,4),(0.,0.0290072067897178,0.0640949720959205),
 .UNSPECIFIED.);
#284=B_SPLINE_CURVE_WITH_KNOTS('',3,(#12881,#12882,#12883,#12884,#12885),
 .UNSPECIFIED.,.F.,.F.,(4,1,4),(-0.155250846785981,-0.0821067730060716,
0.),.UNSPECIFIED.);
#285=B_SPLINE_CURVE_WITH_KNOTS('',3,(#12889,#12890,#12891,#12892,#12893),
 .UNSPECIFIED.,.F.,.F.,(4,1,4),(-0.155250846785981,-0.0821067730060716,
0.),.UNSPECIFIED.);
#286=B_SPLINE_CURVE_WITH_KNOTS('',3,(#12906,#12907,#12908,#12909,#12910),
 .UNSPECIFIED.,.F.,.F.,(4,1,4),(-0.12262741511645,-0.0597826340877343,0.),
 .UNSPECIFIED.);
#287=B_SPLINE_CURVE_WITH_KNOTS('',3,(#12913,#12914,#12915,#12916,#12917),
 .UNSPECIFIED.,.F.,.F.,(4,1,4),(-0.12262741511645,-0.0597826340877343,0.),
 .UNSPECIFIED.);
#288=B_SPLINE_CURVE_WITH_KNOTS('',3,(#12929,#12930,#12931,#12932,#12933),
 .UNSPECIFIED.,.F.,.F.,(4,1,4),(-0.266341171988681,-0.12750437112596,0.),
 .UNSPECIFIED.);
#289=B_SPLINE_CURVE_WITH_KNOTS('',3,(#12936,#12937,#12938,#12939,#12940),
 .UNSPECIFIED.,.F.,.F.,(4,1,4),(-0.266341171988681,-0.12750437112596,0.),
 .UNSPECIFIED.);
#290=B_SPLINE_CURVE_WITH_KNOTS('',3,(#12958,#12959,#12960,#12961,#12962),
 .UNSPECIFIED.,.F.,.F.,(4,1,4),(-0.15512307252802,-0.0844715744499938,0.),
 .UNSPECIFIED.);
#291=B_SPLINE_CURVE_WITH_KNOTS('',3,(#12965,#12966,#12967,#12968,#12969),
 .UNSPECIFIED.,.F.,.F.,(4,1,4),(-0.15512307252802,-0.0844715744499938,0.),
 .UNSPECIFIED.);
#292=B_SPLINE_CURVE_WITH_KNOTS('',3,(#12981,#12982,#12983,#12984,#12985),
 .UNSPECIFIED.,.F.,.F.,(4,1,4),(-0.12954653379757,-0.0642175658934736,0.),
 .UNSPECIFIED.);
#293=B_SPLINE_CURVE_WITH_KNOTS('',3,(#12988,#12989,#12990,#12991,#12992),
 .UNSPECIFIED.,.F.,.F.,(4,1,4),(-0.12954653379757,-0.0642175658934736,0.),
 .UNSPECIFIED.);
#294=B_SPLINE_CURVE_WITH_KNOTS('',3,(#13004,#13005,#13006,#13007,#13008),
 .UNSPECIFIED.,.F.,.F.,(4,1,4),(-0.13366827545444,-0.0675607411322051,0.),
 .UNSPECIFIED.);
#295=B_SPLINE_CURVE_WITH_KNOTS('',3,(#13011,#13012,#13013,#13014,#13015),
 .UNSPECIFIED.,.F.,.F.,(4,1,4),(-0.13366827545444,-0.0675607411322051,0.),
 .UNSPECIFIED.);
#296=B_SPLINE_CURVE_WITH_KNOTS('',3,(#13027,#13028,#13029,#13030,#13031),
 .UNSPECIFIED.,.F.,.F.,(4,1,4),(-0.149751331548535,-0.0701766272523163,
0.),.UNSPECIFIED.);
#297=B_SPLINE_CURVE_WITH_KNOTS('',3,(#13034,#13035,#13036,#13037,#13038),
 .UNSPECIFIED.,.F.,.F.,(4,1,4),(-0.149751331548535,-0.0701766272523163,
0.),.UNSPECIFIED.);
#298=B_SPLINE_CURVE_WITH_KNOTS('',3,(#13063,#13064,#13065,#13066,#13067),
 .UNSPECIFIED.,.F.,.F.,(4,1,4),(0.,0.019302939847775,0.047865567239601),
 .UNSPECIFIED.);
#299=B_SPLINE_CURVE_WITH_KNOTS('',3,(#13070,#13071,#13072,#13073,#13074),
 .UNSPECIFIED.,.F.,.F.,(4,1,4),(0.,0.019302939847775,0.047865567239601),
 .UNSPECIFIED.);
#300=B_SPLINE_CURVE_WITH_KNOTS('',3,(#13086,#13087,#13088,#13089,#13090),
 .UNSPECIFIED.,.F.,.F.,(4,1,4),(0.,0.0173943126414189,0.0330164583499616),
 .UNSPECIFIED.);
#301=B_SPLINE_CURVE_WITH_KNOTS('',3,(#13093,#13094,#13095,#13096,#13097),
 .UNSPECIFIED.,.F.,.F.,(4,1,4),(0.,0.0173943126414189,0.0330164583499616),
 .UNSPECIFIED.);
#302=B_SPLINE_CURVE_WITH_KNOTS('',3,(#13109,#13110,#13111,#13112,#13113),
 .UNSPECIFIED.,.F.,.F.,(4,1,4),(0.,0.0123145458522852,0.0248131698737774),
 .UNSPECIFIED.);
#303=B_SPLINE_CURVE_WITH_KNOTS('',3,(#13116,#13117,#13118,#13119,#13120),
 .UNSPECIFIED.,.F.,.F.,(4,1,4),(0.,0.0123145458522852,0.0248131698737774),
 .UNSPECIFIED.);
#304=B_SPLINE_CURVE_WITH_KNOTS('',3,(#13132,#13133,#13134,#13135,#13136),
 .UNSPECIFIED.,.F.,.F.,(4,1,4),(0.,0.0119767645819134,0.0240698705512883),
 .UNSPECIFIED.);
#305=B_SPLINE_CURVE_WITH_KNOTS('',3,(#13139,#13140,#13141,#13142,#13143),
 .UNSPECIFIED.,.F.,.F.,(4,1,4),(0.,0.0119767645819134,0.0240698705512883),
 .UNSPECIFIED.);
#306=B_SPLINE_CURVE_WITH_KNOTS('',3,(#13155,#13156,#13157,#13158,#13159),
 .UNSPECIFIED.,.F.,.F.,(4,1,4),(0.,0.012489425506108,0.0332249297794676),
 .UNSPECIFIED.);
#307=B_SPLINE_CURVE_WITH_KNOTS('',3,(#13162,#13163,#13164,#13165,#13166),
 .UNSPECIFIED.,.F.,.F.,(4,1,4),(0.,0.012489425506108,0.0332249297794676),
 .UNSPECIFIED.);
#308=B_SPLINE_CURVE_WITH_KNOTS('',3,(#13202,#13203,#13204,#13205,#13206),
 .UNSPECIFIED.,.F.,.F.,(4,1,4),(0.,0.0158636705302593,0.0320604099632014),
 .UNSPECIFIED.);
#309=B_SPLINE_CURVE_WITH_KNOTS('',3,(#13209,#13210,#13211,#13212,#13213),
 .UNSPECIFIED.,.F.,.F.,(4,1,4),(0.,0.0158636705302593,0.0320604099632014),
 .UNSPECIFIED.);
#310=B_SPLINE_CURVE_WITH_KNOTS('',3,(#13225,#13226,#13227,#13228,#13229),
 .UNSPECIFIED.,.F.,.F.,(4,1,4),(0.,0.0228941553804692,0.0382898524226715),
 .UNSPECIFIED.);
#311=B_SPLINE_CURVE_WITH_KNOTS('',3,(#13232,#13233,#13234,#13235,#13236),
 .UNSPECIFIED.,.F.,.F.,(4,1,4),(0.,0.0228941553804692,0.0382898524226715),
 .UNSPECIFIED.);
#312=B_SPLINE_CURVE_WITH_KNOTS('',3,(#13266,#13267,#13268,#13269,#13270),
 .UNSPECIFIED.,.F.,.F.,(4,1,4),(0.,0.017898459092393,0.0303230822167472),
 .UNSPECIFIED.);
#313=B_SPLINE_CURVE_WITH_KNOTS('',3,(#13273,#13274,#13275,#13276,#13277),
 .UNSPECIFIED.,.F.,.F.,(4,1,4),(0.,0.017898459092393,0.0303230822167472),
 .UNSPECIFIED.);
#314=B_SPLINE_CURVE_WITH_KNOTS('',3,(#13289,#13290,#13291,#13292,#13293),
 .UNSPECIFIED.,.F.,.F.,(4,1,4),(0.,0.0113691557687828,0.0289085281156897),
 .UNSPECIFIED.);
#315=B_SPLINE_CURVE_WITH_KNOTS('',3,(#13296,#13297,#13298,#13299,#13300),
 .UNSPECIFIED.,.F.,.F.,(4,1,4),(0.,0.0113691557687828,0.0289085281156897),
 .UNSPECIFIED.);
#316=B_SPLINE_CURVE_WITH_KNOTS('',3,(#13312,#13313,#13314,#13315,#13316),
 .UNSPECIFIED.,.F.,.F.,(4,1,4),(0.,0.0204607852405057,0.035483596260148),
 .UNSPECIFIED.);
#317=B_SPLINE_CURVE_WITH_KNOTS('',3,(#13319,#13320,#13321,#13322,#13323),
 .UNSPECIFIED.,.F.,.F.,(4,1,4),(0.,0.0204607852405057,0.035483596260148),
 .UNSPECIFIED.);
#318=B_SPLINE_CURVE_WITH_KNOTS('',3,(#13335,#13336,#13337,#13338,#13339),
 .UNSPECIFIED.,.F.,.F.,(4,1,4),(0.,0.0207005571882077,0.0463412895451923),
 .UNSPECIFIED.);
#319=B_SPLINE_CURVE_WITH_KNOTS('',3,(#13342,#13343,#13344,#13345,#13346),
 .UNSPECIFIED.,.F.,.F.,(4,1,4),(0.,0.0207005571882077,0.0463412895451923),
 .UNSPECIFIED.);
#320=B_SPLINE_CURVE_WITH_KNOTS('',3,(#13358,#13359,#13360,#13361,#13362),
 .UNSPECIFIED.,.F.,.F.,(4,1,4),(0.,0.0276071942364838,0.0557319474934906),
 .UNSPECIFIED.);
#321=B_SPLINE_CURVE_WITH_KNOTS('',3,(#13365,#13366,#13367,#13368,#13369),
 .UNSPECIFIED.,.F.,.F.,(4,1,4),(0.,0.0276071942364838,0.0557319474934906),
 .UNSPECIFIED.);
#322=B_SPLINE_CURVE_WITH_KNOTS('',3,(#13381,#13382,#13383,#13384,#13385),
 .UNSPECIFIED.,.F.,.F.,(4,1,4),(0.,0.0312051251457347,0.0597015778182703),
 .UNSPECIFIED.);
#323=B_SPLINE_CURVE_WITH_KNOTS('',3,(#13388,#13389,#13390,#13391,#13392),
 .UNSPECIFIED.,.F.,.F.,(4,1,4),(0.,0.0312051251457347,0.0597015778182703),
 .UNSPECIFIED.);
#324=B_SPLINE_CURVE_WITH_KNOTS('',3,(#13404,#13405,#13406,#13407,#13408),
 .UNSPECIFIED.,.F.,.F.,(4,1,4),(0.,0.032619098785166,0.0682226749986543),
 .UNSPECIFIED.);
#325=B_SPLINE_CURVE_WITH_KNOTS('',3,(#13411,#13412,#13413,#13414,#13415),
 .UNSPECIFIED.,.F.,.F.,(4,1,4),(0.,0.032619098785166,0.0682226749986543),
 .UNSPECIFIED.);
#326=B_SPLINE_CURVE_WITH_KNOTS('',3,(#13427,#13428,#13429,#13430,#13431),
 .UNSPECIFIED.,.F.,.F.,(4,1,4),(0.,0.0307359981658423,0.0617813652558211),
 .UNSPECIFIED.);
#327=B_SPLINE_CURVE_WITH_KNOTS('',3,(#13434,#13435,#13436,#13437,#13438),
 .UNSPECIFIED.,.F.,.F.,(4,1,4),(0.,0.0307359981658423,0.0617813652558211),
 .UNSPECIFIED.);
#328=B_SPLINE_CURVE_WITH_KNOTS('',3,(#13450,#13451,#13452,#13453,#13454),
 .UNSPECIFIED.,.F.,.F.,(4,1,4),(0.,0.0506053114103152,0.0883703358636961),
 .UNSPECIFIED.);
#329=B_SPLINE_CURVE_WITH_KNOTS('',3,(#13457,#13458,#13459,#13460,#13461),
 .UNSPECIFIED.,.F.,.F.,(4,1,4),(0.,0.0506053114103152,0.0883703358636961),
 .UNSPECIFIED.);
#330=B_SPLINE_CURVE_WITH_KNOTS('',3,(#13490,#13491,#13492,#13493,#13494),
 .UNSPECIFIED.,.F.,.F.,(4,1,4),(-0.155250846785981,-0.0821067730060716,
0.),.UNSPECIFIED.);
#331=B_SPLINE_CURVE_WITH_KNOTS('',3,(#13498,#13499,#13500,#13501,#13502),
 .UNSPECIFIED.,.F.,.F.,(4,1,4),(-0.155250846785981,-0.0821067730060716,
0.),.UNSPECIFIED.);
#332=B_SPLINE_CURVE_WITH_KNOTS('',3,(#13515,#13516,#13517,#13518,#13519),
 .UNSPECIFIED.,.F.,.F.,(4,1,4),(-0.122627469734413,-0.0597827140662132,
0.),.UNSPECIFIED.);
#333=B_SPLINE_CURVE_WITH_KNOTS('',3,(#13522,#13523,#13524,#13525,#13526),
 .UNSPECIFIED.,.F.,.F.,(4,1,4),(-0.122627469734413,-0.0597827140662132,
0.),.UNSPECIFIED.);
#334=B_SPLINE_CURVE_WITH_KNOTS('',3,(#13538,#13539,#13540,#13541,#13542),
 .UNSPECIFIED.,.F.,.F.,(4,1,4),(-0.266341065428054,-0.127504431839769,0.),
 .UNSPECIFIED.);
#335=B_SPLINE_CURVE_WITH_KNOTS('',3,(#13545,#13546,#13547,#13548,#13549),
 .UNSPECIFIED.,.F.,.F.,(4,1,4),(-0.266341065428054,-0.127504431839769,0.),
 .UNSPECIFIED.);
#336=B_SPLINE_CURVE_WITH_KNOTS('',3,(#13567,#13568,#13569,#13570,#13571),
 .UNSPECIFIED.,.F.,.F.,(4,1,4),(-0.155123001959162,-0.0844717016150781,
0.),.UNSPECIFIED.);
#337=B_SPLINE_CURVE_WITH_KNOTS('',3,(#13574,#13575,#13576,#13577,#13578),
 .UNSPECIFIED.,.F.,.F.,(4,1,4),(-0.155123001959162,-0.0844717016150781,
0.),.UNSPECIFIED.);
#338=B_SPLINE_CURVE_WITH_KNOTS('',3,(#13590,#13591,#13592,#13593,#13594),
 .UNSPECIFIED.,.F.,.F.,(4,1,4),(-0.12954653379757,-0.0642175658934736,0.),
 .UNSPECIFIED.);
#339=B_SPLINE_CURVE_WITH_KNOTS('',3,(#13597,#13598,#13599,#13600,#13601),
 .UNSPECIFIED.,.F.,.F.,(4,1,4),(-0.12954653379757,-0.0642175658934736,0.),
 .UNSPECIFIED.);
#340=B_SPLINE_CURVE_WITH_KNOTS('',3,(#13613,#13614,#13615,#13616,#13617),
 .UNSPECIFIED.,.F.,.F.,(4,1,4),(-0.13366827545444,-0.0675607411322051,0.),
 .UNSPECIFIED.);
#341=B_SPLINE_CURVE_WITH_KNOTS('',3,(#13620,#13621,#13622,#13623,#13624),
 .UNSPECIFIED.,.F.,.F.,(4,1,4),(-0.13366827545444,-0.0675607411322051,0.),
 .UNSPECIFIED.);
#342=B_SPLINE_CURVE_WITH_KNOTS('',3,(#13636,#13637,#13638,#13639,#13640),
 .UNSPECIFIED.,.F.,.F.,(4,1,4),(-0.149751170202966,-0.0701767277143294,
0.),.UNSPECIFIED.);
#343=B_SPLINE_CURVE_WITH_KNOTS('',3,(#13643,#13644,#13645,#13646,#13647),
 .UNSPECIFIED.,.F.,.F.,(4,1,4),(-0.149751170202966,-0.0701767277143294,
0.),.UNSPECIFIED.);
#344=B_SPLINE_CURVE_WITH_KNOTS('',3,(#13664,#13665,#13666,#13667,#13668),
 .UNSPECIFIED.,.F.,.F.,(4,1,4),(-0.155250846785981,-0.0821067730060716,
0.),.UNSPECIFIED.);
#345=B_SPLINE_CURVE_WITH_KNOTS('',3,(#13672,#13673,#13674,#13675,#13676),
 .UNSPECIFIED.,.F.,.F.,(4,1,4),(-0.155250846785981,-0.0821067730060716,
0.),.UNSPECIFIED.);
#346=B_SPLINE_CURVE_WITH_KNOTS('',3,(#13689,#13690,#13691,#13692,#13693),
 .UNSPECIFIED.,.F.,.F.,(4,1,4),(-0.12262741511645,-0.0597826340877343,0.),
 .UNSPECIFIED.);
#347=B_SPLINE_CURVE_WITH_KNOTS('',3,(#13696,#13697,#13698,#13699,#13700),
 .UNSPECIFIED.,.F.,.F.,(4,1,4),(-0.12262741511645,-0.0597826340877343,0.),
 .UNSPECIFIED.);
#348=B_SPLINE_CURVE_WITH_KNOTS('',3,(#13712,#13713,#13714,#13715,#13716),
 .UNSPECIFIED.,.F.,.F.,(4,1,4),(-0.266341171988681,-0.12750437112596,0.),
 .UNSPECIFIED.);
#349=B_SPLINE_CURVE_WITH_KNOTS('',3,(#13719,#13720,#13721,#13722,#13723),
 .UNSPECIFIED.,.F.,.F.,(4,1,4),(-0.266341171988681,-0.12750437112596,0.),
 .UNSPECIFIED.);
#350=B_SPLINE_CURVE_WITH_KNOTS('',3,(#13741,#13742,#13743,#13744,#13745),
 .UNSPECIFIED.,.F.,.F.,(4,1,4),(-0.155122874794077,-0.0844715744499938,
0.),.UNSPECIFIED.);
#351=B_SPLINE_CURVE_WITH_KNOTS('',3,(#13748,#13749,#13750,#13751,#13752),
 .UNSPECIFIED.,.F.,.F.,(4,1,4),(-0.155122874794077,-0.0844715744499938,
0.),.UNSPECIFIED.);
#352=B_SPLINE_CURVE_WITH_KNOTS('',3,(#13764,#13765,#13766,#13767,#13768),
 .UNSPECIFIED.,.F.,.F.,(4,1,4),(-0.129546613993932,-0.0642176851734688,
0.),.UNSPECIFIED.);
#353=B_SPLINE_CURVE_WITH_KNOTS('',3,(#13771,#13772,#13773,#13774,#13775),
 .UNSPECIFIED.,.F.,.F.,(4,1,4),(-0.129546613993932,-0.0642176851734688,
0.),.UNSPECIFIED.);
#354=B_SPLINE_CURVE_WITH_KNOTS('',3,(#13787,#13788,#13789,#13790,#13791),
 .UNSPECIFIED.,.F.,.F.,(4,1,4),(-0.13366827545444,-0.0675607411322051,0.),
 .UNSPECIFIED.);
#355=B_SPLINE_CURVE_WITH_KNOTS('',3,(#13794,#13795,#13796,#13797,#13798),
 .UNSPECIFIED.,.F.,.F.,(4,1,4),(-0.13366827545444,-0.0675607411322051,0.),
 .UNSPECIFIED.);
#356=B_SPLINE_CURVE_WITH_KNOTS('',3,(#13810,#13811,#13812,#13813,#13814),
 .UNSPECIFIED.,.F.,.F.,(4,1,4),(-0.149751069740953,-0.0701766272523163,
0.),.UNSPECIFIED.);
#357=B_SPLINE_CURVE_WITH_KNOTS('',3,(#13817,#13818,#13819,#13820,#13821),
 .UNSPECIFIED.,.F.,.F.,(4,1,4),(-0.149751069740953,-0.0701766272523163,
0.),.UNSPECIFIED.);
#358=B_SPLINE_CURVE_WITH_KNOTS('',3,(#14124,#14125,#14126,#14127,#14128),
 .UNSPECIFIED.,.F.,.F.,(4,1,4),(0.,0.0869142638481504,0.149293070964183),
 .UNSPECIFIED.);
#359=B_SPLINE_CURVE_WITH_KNOTS('',3,(#14132,#14133,#14134,#14135,#14136),
 .UNSPECIFIED.,.F.,.F.,(4,1,4),(0.,0.0869142638481504,0.149293070964183),
 .UNSPECIFIED.);
#360=B_SPLINE_CURVE_WITH_KNOTS('',3,(#14149,#14150,#14151,#14152,#14153),
 .UNSPECIFIED.,.F.,.F.,(4,1,4),(0.,0.0449755008291896,0.0982786095239228),
 .UNSPECIFIED.);
#361=B_SPLINE_CURVE_WITH_KNOTS('',3,(#14156,#14157,#14158,#14159,#14160),
 .UNSPECIFIED.,.F.,.F.,(4,1,4),(0.,0.0449755008291896,0.0982786095239228),
 .UNSPECIFIED.);
#362=B_SPLINE_CURVE_WITH_KNOTS('',3,(#14172,#14173,#14174,#14175,#14176),
 .UNSPECIFIED.,.F.,.F.,(4,1,4),(0.,0.0382854455417372,0.0780668033665549),
 .UNSPECIFIED.);
#363=B_SPLINE_CURVE_WITH_KNOTS('',3,(#14179,#14180,#14181,#14182,#14183),
 .UNSPECIFIED.,.F.,.F.,(4,1,4),(0.,0.0382854455417372,0.0780668033665549),
 .UNSPECIFIED.);
#364=B_SPLINE_CURVE_WITH_KNOTS('',3,(#14195,#14196,#14197,#14198,#14199),
 .UNSPECIFIED.,.F.,.F.,(4,1,4),(0.,0.0373522134337858,0.0748855156071832),
 .UNSPECIFIED.);
#365=B_SPLINE_CURVE_WITH_KNOTS('',3,(#14202,#14203,#14204,#14205,#14206),
 .UNSPECIFIED.,.F.,.F.,(4,1,4),(0.,0.0373522134337858,0.0748855156071832),
 .UNSPECIFIED.);
#366=B_SPLINE_CURVE_WITH_KNOTS('',3,(#14218,#14219,#14220,#14221,#14222),
 .UNSPECIFIED.,.F.,.F.,(4,1,4),(0.,0.0304844844860327,0.0619120813349542),
 .UNSPECIFIED.);
#367=B_SPLINE_CURVE_WITH_KNOTS('',3,(#14225,#14226,#14227,#14228,#14229),
 .UNSPECIFIED.,.F.,.F.,(4,1,4),(0.,0.0304844844860327,0.0619120813349542),
 .UNSPECIFIED.);
#368=B_SPLINE_CURVE_WITH_KNOTS('',3,(#14241,#14242,#14243,#14244,#14245),
 .UNSPECIFIED.,.F.,.F.,(4,1,4),(0.,0.0363055277978818,0.0682643894219324),
 .UNSPECIFIED.);
#369=B_SPLINE_CURVE_WITH_KNOTS('',3,(#14248,#14249,#14250,#14251,#14252),
 .UNSPECIFIED.,.F.,.F.,(4,1,4),(0.,0.0363055277978818,0.0682643894219324),
 .UNSPECIFIED.);
#370=B_SPLINE_CURVE_WITH_KNOTS('',3,(#14264,#14265,#14266,#14267,#14268),
 .UNSPECIFIED.,.F.,.F.,(4,1,4),(0.,0.071726917703471,0.121558039621026),
 .UNSPECIFIED.);
#371=B_SPLINE_CURVE_WITH_KNOTS('',3,(#14271,#14272,#14273,#14274,#14275),
 .UNSPECIFIED.,.F.,.F.,(4,1,4),(0.,0.071726917703471,0.121558039621026),
 .UNSPECIFIED.);
#372=B_SPLINE_CURVE_WITH_KNOTS('',3,(#14287,#14288,#14289,#14290,#14291),
 .UNSPECIFIED.,.F.,.F.,(4,1,4),(0.,0.0165968640828348,0.0442613429829693),
 .UNSPECIFIED.);
#373=B_SPLINE_CURVE_WITH_KNOTS('',3,(#14294,#14295,#14296,#14297,#14298),
 .UNSPECIFIED.,.F.,.F.,(4,1,4),(0.,0.0165968640828348,0.0442613429829693),
 .UNSPECIFIED.);
#374=B_SPLINE_CURVE_WITH_KNOTS('',3,(#14310,#14311,#14312,#14313,#14314),
 .UNSPECIFIED.,.F.,.F.,(4,1,4),(0.,0.00934739682240267,0.0199064988727371),
 .UNSPECIFIED.);
#375=B_SPLINE_CURVE_WITH_KNOTS('',3,(#14317,#14318,#14319,#14320,#14321),
 .UNSPECIFIED.,.F.,.F.,(4,1,4),(0.,0.00934739682240267,0.0199064988727371),
 .UNSPECIFIED.);
#376=B_SPLINE_CURVE_WITH_KNOTS('',3,(#14333,#14334,#14335,#14336,#14337),
 .UNSPECIFIED.,.F.,.F.,(4,1,4),(0.,0.0130235699096715,0.0254349305782098),
 .UNSPECIFIED.);
#377=B_SPLINE_CURVE_WITH_KNOTS('',3,(#14340,#14341,#14342,#14343,#14344),
 .UNSPECIFIED.,.F.,.F.,(4,1,4),(0.,0.0130235699096715,0.0254349305782098),
 .UNSPECIFIED.);
#378=B_SPLINE_CURVE_WITH_KNOTS('',3,(#14356,#14357,#14358,#14359,#14360),
 .UNSPECIFIED.,.F.,.F.,(4,1,4),(0.,0.019032633785055,0.0342399021658794),
 .UNSPECIFIED.);
#379=B_SPLINE_CURVE_WITH_KNOTS('',3,(#14363,#14364,#14365,#14366,#14367),
 .UNSPECIFIED.,.F.,.F.,(4,1,4),(0.,0.019032633785055,0.0342399021658794),
 .UNSPECIFIED.);
#380=B_SPLINE_CURVE_WITH_KNOTS('',3,(#14379,#14380,#14381,#14382,#14383),
 .UNSPECIFIED.,.F.,.F.,(4,1,4),(0.,0.0199532857762245,0.0435169572305468),
 .UNSPECIFIED.);
#381=B_SPLINE_CURVE_WITH_KNOTS('',3,(#14386,#14387,#14388,#14389,#14390),
 .UNSPECIFIED.,.F.,.F.,(4,1,4),(0.,0.0199532857762245,0.0435169572305468),
 .UNSPECIFIED.);
#382=B_SPLINE_CURVE_WITH_KNOTS('',3,(#14402,#14403,#14404,#14405,#14406),
 .UNSPECIFIED.,.F.,.F.,(4,1,4),(0.,0.0244135415428797,0.0445722487758374),
 .UNSPECIFIED.);
#383=B_SPLINE_CURVE_WITH_KNOTS('',3,(#14409,#14410,#14411,#14412,#14413),
 .UNSPECIFIED.,.F.,.F.,(4,1,4),(0.,0.0244135415428797,0.0445722487758374),
 .UNSPECIFIED.);
#384=B_SPLINE_CURVE_WITH_KNOTS('',3,(#14431,#14432,#14433,#14434,#14435),
 .UNSPECIFIED.,.F.,.F.,(4,1,4),(0.,0.0489325256124322,0.104988537783346),
 .UNSPECIFIED.);
#385=B_SPLINE_CURVE_WITH_KNOTS('',3,(#14438,#14439,#14440,#14441,#14442),
 .UNSPECIFIED.,.F.,.F.,(4,1,4),(0.,0.0489325256124322,0.104988537783346),
 .UNSPECIFIED.);
#386=B_SPLINE_CURVE_WITH_KNOTS('',3,(#14454,#14455,#14456,#14457,#14458),
 .UNSPECIFIED.,.F.,.F.,(4,1,4),(0.,0.0679397676157058,0.121725686022072),
 .UNSPECIFIED.);
#387=B_SPLINE_CURVE_WITH_KNOTS('',3,(#14461,#14462,#14463,#14464,#14465),
 .UNSPECIFIED.,.F.,.F.,(4,1,4),(0.,0.0679397676157058,0.121725686022072),
 .UNSPECIFIED.);
#388=B_SPLINE_CURVE_WITH_KNOTS('',3,(#14477,#14478,#14479,#14480,#14481),
 .UNSPECIFIED.,.F.,.F.,(4,1,4),(0.,0.0441283857608571,0.100098177065428),
 .UNSPECIFIED.);
#389=B_SPLINE_CURVE_WITH_KNOTS('',3,(#14484,#14485,#14486,#14487,#14488),
 .UNSPECIFIED.,.F.,.F.,(4,1,4),(0.,0.0441283857608571,0.100098177065428),
 .UNSPECIFIED.);
#390=B_SPLINE_CURVE_WITH_KNOTS('',3,(#14500,#14501,#14502,#14503,#14504),
 .UNSPECIFIED.,.F.,.F.,(4,1,4),(0.,0.0331703386287778,0.0696580461596382),
 .UNSPECIFIED.);
#391=B_SPLINE_CURVE_WITH_KNOTS('',3,(#14507,#14508,#14509,#14510,#14511),
 .UNSPECIFIED.,.F.,.F.,(4,1,4),(0.,0.0331703386287778,0.0696580461596382),
 .UNSPECIFIED.);
#392=B_SPLINE_CURVE_WITH_KNOTS('',3,(#14523,#14524,#14525,#14526,#14527),
 .UNSPECIFIED.,.F.,.F.,(4,1,4),(0.,0.030310693111421,0.0616011310663146),
 .UNSPECIFIED.);
#393=B_SPLINE_CURVE_WITH_KNOTS('',3,(#14530,#14531,#14532,#14533,#14534),
 .UNSPECIFIED.,.F.,.F.,(4,1,4),(0.,0.030310693111421,0.0616011310663146),
 .UNSPECIFIED.);
#394=B_SPLINE_CURVE_WITH_KNOTS('',3,(#14546,#14547,#14548,#14549,#14550),
 .UNSPECIFIED.,.F.,.F.,(4,1,4),(0.,0.0432752247641135,0.0869267865451111),
 .UNSPECIFIED.);
#395=B_SPLINE_CURVE_WITH_KNOTS('',3,(#14553,#14554,#14555,#14556,#14557),
 .UNSPECIFIED.,.F.,.F.,(4,1,4),(0.,0.0432752247641135,0.0869267865451111),
 .UNSPECIFIED.);
#396=B_SPLINE_CURVE_WITH_KNOTS('',3,(#14569,#14570,#14571,#14572,#14573),
 .UNSPECIFIED.,.F.,.F.,(4,1,4),(0.,0.0728245001622946,0.126580385571751),
 .UNSPECIFIED.);
#397=B_SPLINE_CURVE_WITH_KNOTS('',3,(#14576,#14577,#14578,#14579,#14580),
 .UNSPECIFIED.,.F.,.F.,(4,1,4),(0.,0.0728245001622946,0.126580385571751),
 .UNSPECIFIED.);
#398=B_SPLINE_CURVE_WITH_KNOTS('',3,(#14592,#14593,#14594,#14595,#14596),
 .UNSPECIFIED.,.F.,.F.,(4,1,4),(0.,0.025600175350034,0.0677842088050267),
 .UNSPECIFIED.);
#399=B_SPLINE_CURVE_WITH_KNOTS('',3,(#14599,#14600,#14601,#14602,#14603),
 .UNSPECIFIED.,.F.,.F.,(4,1,4),(0.,0.025600175350034,0.0677842088050267),
 .UNSPECIFIED.);
#400=B_SPLINE_CURVE_WITH_KNOTS('',3,(#14615,#14616,#14617,#14618,#14619),
 .UNSPECIFIED.,.F.,.F.,(4,1,4),(0.,0.0151236332896522,0.0317434540493732),
 .UNSPECIFIED.);
#401=B_SPLINE_CURVE_WITH_KNOTS('',3,(#14622,#14623,#14624,#14625,#14626),
 .UNSPECIFIED.,.F.,.F.,(4,1,4),(0.,0.0151236332896522,0.0317434540493732),
 .UNSPECIFIED.);
#402=B_SPLINE_CURVE_WITH_KNOTS('',3,(#14638,#14639,#14640,#14641,#14642),
 .UNSPECIFIED.,.F.,.F.,(4,1,4),(0.,0.0171780250833083,0.0329714496389807),
 .UNSPECIFIED.);
#403=B_SPLINE_CURVE_WITH_KNOTS('',3,(#14645,#14646,#14647,#14648,#14649),
 .UNSPECIFIED.,.F.,.F.,(4,1,4),(0.,0.0171780250833083,0.0329714496389807),
 .UNSPECIFIED.);
#404=B_SPLINE_CURVE_WITH_KNOTS('',3,(#14661,#14662,#14663,#14664,#14665),
 .UNSPECIFIED.,.F.,.F.,(4,1,4),(0.,0.0236357456637883,0.0433353340854472),
 .UNSPECIFIED.);
#405=B_SPLINE_CURVE_WITH_KNOTS('',3,(#14668,#14669,#14670,#14671,#14672),
 .UNSPECIFIED.,.F.,.F.,(4,1,4),(0.,0.0236357456637883,0.0433353340854472),
 .UNSPECIFIED.);
#406=B_SPLINE_CURVE_WITH_KNOTS('',3,(#14684,#14685,#14686,#14687,#14688),
 .UNSPECIFIED.,.F.,.F.,(4,1,4),(0.,0.0294889108310484,0.0614486925358212),
 .UNSPECIFIED.);
#407=B_SPLINE_CURVE_WITH_KNOTS('',3,(#14691,#14692,#14693,#14694,#14695),
 .UNSPECIFIED.,.F.,.F.,(4,1,4),(0.,0.0294889108310484,0.0614486925358212),
 .UNSPECIFIED.);
#408=B_SPLINE_CURVE_WITH_KNOTS('',3,(#14707,#14708,#14709,#14710,#14711),
 .UNSPECIFIED.,.F.,.F.,(4,1,4),(0.,0.0258961855933913,0.0467373100481418),
 .UNSPECIFIED.);
#409=B_SPLINE_CURVE_WITH_KNOTS('',3,(#14714,#14715,#14716,#14717,#14718),
 .UNSPECIFIED.,.F.,.F.,(4,1,4),(0.,0.0258961855933913,0.0467373100481418),
 .UNSPECIFIED.);
#410=B_SPLINE_CURVE_WITH_KNOTS('',3,(#14735,#14736,#14737,#14738,#14739),
 .UNSPECIFIED.,.F.,.F.,(4,1,4),(0.,0.0541902505186085,0.111118421662227),
 .UNSPECIFIED.);
#411=B_SPLINE_CURVE_WITH_KNOTS('',3,(#14740,#14741,#14742,#14743,#14744),
 .UNSPECIFIED.,.F.,.F.,(4,1,4),(0.,0.0541902505186085,0.111118421662227),
 .UNSPECIFIED.);
#412=PLANE('',#8680);
#413=PLANE('',#8684);
#414=PLANE('',#8687);
#415=PLANE('',#8690);
#416=PLANE('',#8693);
#417=PLANE('',#8813);
#418=PLANE('',#8816);
#419=PLANE('',#8819);
#420=PLANE('',#8822);
#421=PLANE('',#8825);
#422=PLANE('',#8828);
#423=PLANE('',#8833);
#424=PLANE('',#8834);
#425=PLANE('',#8838);
#426=PLANE('',#8842);
#427=PLANE('',#8846);
#428=PLANE('',#8850);
#429=PLANE('',#8854);
#430=PLANE('',#8858);
#431=PLANE('',#8862);
#432=PLANE('',#8866);
#433=PLANE('',#8869);
#434=PLANE('',#8889);
#435=PLANE('',#8893);
#436=PLANE('',#8897);
#437=PLANE('',#8901);
#438=PLANE('',#8905);
#439=PLANE('',#8909);
#440=PLANE('',#8913);
#441=PLANE('',#8917);
#442=PLANE('',#8921);
#443=PLANE('',#8924);
#444=PLANE('',#8927);
#445=PLANE('',#8930);
#446=PLANE('',#8931);
#447=PLANE('',#8941);
#448=PLANE('',#8942);
#449=PLANE('',#8944);
#450=PLANE('',#8946);
#451=PLANE('',#8949);
#452=PLANE('',#8951);
#453=PLANE('',#8954);
#454=PLANE('',#8957);
#455=PLANE('',#8959);
#456=PLANE('',#8962);
#457=PLANE('',#8964);
#458=PLANE('',#8965);
#459=PLANE('',#8966);
#460=PLANE('',#8967);
#461=PLANE('',#8968);
#462=PLANE('',#8969);
#463=PLANE('',#8970);
#464=PLANE('',#8971);
#465=PLANE('',#8972);
#466=PLANE('',#8973);
#467=PLANE('',#8974);
#468=PLANE('',#8975);
#469=PLANE('',#8976);
#470=PLANE('',#8977);
#471=PLANE('',#8978);
#472=PLANE('',#8979);
#473=PLANE('',#8980);
#474=PLANE('',#8981);
#475=PLANE('',#8982);
#476=PLANE('',#8983);
#477=PLANE('',#8984);
#478=PLANE('',#8985);
#479=PLANE('',#8986);
#480=PLANE('',#8987);
#481=PLANE('',#8988);
#482=PLANE('',#8989);
#483=PLANE('',#8990);
#484=PLANE('',#8991);
#485=PLANE('',#8992);
#486=PLANE('',#8993);
#487=PLANE('',#8994);
#488=PLANE('',#8995);
#489=PLANE('',#8996);
#490=PLANE('',#8997);
#491=PLANE('',#8998);
#492=PLANE('',#8999);
#493=PLANE('',#9000);
#494=PLANE('',#9001);
#495=PLANE('',#9002);
#496=PLANE('',#9003);
#497=PLANE('',#9004);
#498=PLANE('',#9005);
#499=PLANE('',#9006);
#500=PLANE('',#9007);
#501=PLANE('',#9008);
#502=PLANE('',#9009);
#503=PLANE('',#9010);
#504=PLANE('',#9011);
#505=PLANE('',#9012);
#506=PLANE('',#9013);
#507=PLANE('',#9014);
#508=PLANE('',#9015);
#509=PLANE('',#9016);
#510=PLANE('',#9017);
#511=PLANE('',#9018);
#512=PLANE('',#9019);
#513=PLANE('',#9020);
#514=PLANE('',#9021);
#515=PLANE('',#9022);
#516=PLANE('',#9023);
#517=PLANE('',#9024);
#518=PLANE('',#9025);
#519=PLANE('',#9026);
#520=PLANE('',#9027);
#521=PLANE('',#9028);
#522=PLANE('',#9029);
#523=PLANE('',#9030);
#524=PLANE('',#9031);
#525=PLANE('',#9032);
#526=PLANE('',#9033);
#527=PLANE('',#9034);
#528=PLANE('',#9035);
#529=PLANE('',#9036);
#530=PLANE('',#9037);
#531=PLANE('',#9038);
#532=PLANE('',#9039);
#533=PLANE('',#9040);
#534=PLANE('',#9041);
#535=PLANE('',#9042);
#536=PLANE('',#9043);
#537=PLANE('',#9044);
#538=PLANE('',#9045);
#539=PLANE('',#9046);
#540=PLANE('',#9047);
#541=PLANE('',#9048);
#542=PLANE('',#9049);
#543=PLANE('',#9050);
#544=PLANE('',#9051);
#545=PLANE('',#9052);
#546=PLANE('',#9053);
#547=PLANE('',#9054);
#548=PLANE('',#9055);
#549=PLANE('',#9056);
#550=PLANE('',#9057);
#551=PLANE('',#9058);
#552=PLANE('',#9059);
#553=PLANE('',#9060);
#554=PLANE('',#9061);
#555=PLANE('',#9062);
#556=PLANE('',#9063);
#557=PLANE('',#9064);
#558=PLANE('',#9065);
#559=PLANE('',#9066);
#560=PLANE('',#9067);
#561=PLANE('',#9068);
#562=PLANE('',#9069);
#563=PLANE('',#9070);
#564=PLANE('',#9113);
#565=PLANE('',#9116);
#566=PLANE('',#9119);
#567=PLANE('',#9192);
#568=PLANE('',#9195);
#569=PLANE('',#9198);
#570=PLANE('',#9201);
#571=PLANE('',#9206);
#572=PLANE('',#9211);
#573=PLANE('',#9212);
#574=PLANE('',#9217);
#575=PLANE('',#9220);
#576=PLANE('',#9223);
#577=PLANE('',#9228);
#578=PLANE('',#9229);
#579=PLANE('',#9230);
#580=PLANE('',#9231);
#581=PLANE('',#9232);
#582=PLANE('',#9233);
#583=PLANE('',#9234);
#584=PLANE('',#9235);
#585=PLANE('',#9242);
#586=PLANE('',#9249);
#587=PLANE('',#9253);
#588=PLANE('',#9257);
#589=PLANE('',#9261);
#590=PLANE('',#9265);
#591=PLANE('',#9269);
#592=PLANE('',#9273);
#593=PLANE('',#9277);
#594=PLANE('',#9287);
#595=PLANE('',#9294);
#596=PLANE('',#9298);
#597=PLANE('',#9302);
#598=PLANE('',#9306);
#599=PLANE('',#9310);
#600=PLANE('',#9343);
#601=PLANE('',#9358);
#602=PLANE('',#9363);
#603=PLANE('',#9366);
#604=PLANE('',#9369);
#605=PLANE('',#9372);
#606=PLANE('',#9375);
#607=PLANE('',#9378);
#608=FACE_OUTER_BOUND('',#1092,.T.);
#609=FACE_OUTER_BOUND('',#1093,.T.);
#610=FACE_OUTER_BOUND('',#1094,.T.);
#611=FACE_OUTER_BOUND('',#1095,.T.);
#612=FACE_OUTER_BOUND('',#1096,.T.);
#613=FACE_OUTER_BOUND('',#1097,.T.);
#614=FACE_OUTER_BOUND('',#1098,.T.);
#615=FACE_OUTER_BOUND('',#1099,.T.);
#616=FACE_OUTER_BOUND('',#1100,.T.);
#617=FACE_OUTER_BOUND('',#1101,.T.);
#618=FACE_OUTER_BOUND('',#1102,.T.);
#619=FACE_OUTER_BOUND('',#1103,.T.);
#620=FACE_OUTER_BOUND('',#1104,.T.);
#621=FACE_OUTER_BOUND('',#1105,.T.);
#622=FACE_OUTER_BOUND('',#1106,.T.);
#623=FACE_OUTER_BOUND('',#1107,.T.);
#624=FACE_OUTER_BOUND('',#1108,.T.);
#625=FACE_OUTER_BOUND('',#1109,.T.);
#626=FACE_OUTER_BOUND('',#1110,.T.);
#627=FACE_OUTER_BOUND('',#1111,.T.);
#628=FACE_OUTER_BOUND('',#1112,.T.);
#629=FACE_OUTER_BOUND('',#1113,.T.);
#630=FACE_OUTER_BOUND('',#1114,.T.);
#631=FACE_OUTER_BOUND('',#1115,.T.);
#632=FACE_OUTER_BOUND('',#1116,.T.);
#633=FACE_OUTER_BOUND('',#1117,.T.);
#634=FACE_OUTER_BOUND('',#1118,.T.);
#635=FACE_OUTER_BOUND('',#1119,.T.);
#636=FACE_OUTER_BOUND('',#1120,.T.);
#637=FACE_OUTER_BOUND('',#1121,.T.);
#638=FACE_OUTER_BOUND('',#1122,.T.);
#639=FACE_OUTER_BOUND('',#1123,.T.);
#640=FACE_OUTER_BOUND('',#1124,.T.);
#641=FACE_OUTER_BOUND('',#1125,.T.);
#642=FACE_OUTER_BOUND('',#1126,.T.);
#643=FACE_OUTER_BOUND('',#1127,.T.);
#644=FACE_OUTER_BOUND('',#1128,.T.);
#645=FACE_OUTER_BOUND('',#1129,.T.);
#646=FACE_OUTER_BOUND('',#1130,.T.);
#647=FACE_OUTER_BOUND('',#1131,.T.);
#648=FACE_OUTER_BOUND('',#1132,.T.);
#649=FACE_OUTER_BOUND('',#1133,.T.);
#650=FACE_OUTER_BOUND('',#1134,.T.);
#651=FACE_OUTER_BOUND('',#1135,.T.);
#652=FACE_OUTER_BOUND('',#1136,.T.);
#653=FACE_OUTER_BOUND('',#1137,.T.);
#654=FACE_OUTER_BOUND('',#1138,.T.);
#655=FACE_OUTER_BOUND('',#1139,.T.);
#656=FACE_OUTER_BOUND('',#1140,.T.);
#657=FACE_OUTER_BOUND('',#1141,.T.);
#658=FACE_OUTER_BOUND('',#1142,.T.);
#659=FACE_OUTER_BOUND('',#1143,.T.);
#660=FACE_OUTER_BOUND('',#1144,.T.);
#661=FACE_OUTER_BOUND('',#1145,.T.);
#662=FACE_OUTER_BOUND('',#1146,.T.);
#663=FACE_OUTER_BOUND('',#1147,.T.);
#664=FACE_OUTER_BOUND('',#1148,.T.);
#665=FACE_OUTER_BOUND('',#1149,.T.);
#666=FACE_OUTER_BOUND('',#1150,.T.);
#667=FACE_OUTER_BOUND('',#1151,.T.);
#668=FACE_OUTER_BOUND('',#1152,.T.);
#669=FACE_OUTER_BOUND('',#1153,.T.);
#670=FACE_OUTER_BOUND('',#1154,.T.);
#671=FACE_OUTER_BOUND('',#1156,.T.);
#672=FACE_OUTER_BOUND('',#1157,.T.);
#673=FACE_OUTER_BOUND('',#1158,.T.);
#674=FACE_OUTER_BOUND('',#1159,.T.);
#675=FACE_OUTER_BOUND('',#1160,.T.);
#676=FACE_OUTER_BOUND('',#1161,.T.);
#677=FACE_OUTER_BOUND('',#1162,.T.);
#678=FACE_OUTER_BOUND('',#1163,.T.);
#679=FACE_OUTER_BOUND('',#1164,.T.);
#680=FACE_OUTER_BOUND('',#1165,.T.);
#681=FACE_OUTER_BOUND('',#1166,.T.);
#682=FACE_OUTER_BOUND('',#1167,.T.);
#683=FACE_OUTER_BOUND('',#1168,.T.);
#684=FACE_OUTER_BOUND('',#1169,.T.);
#685=FACE_OUTER_BOUND('',#1170,.T.);
#686=FACE_OUTER_BOUND('',#1171,.T.);
#687=FACE_OUTER_BOUND('',#1172,.T.);
#688=FACE_OUTER_BOUND('',#1173,.T.);
#689=FACE_OUTER_BOUND('',#1174,.T.);
#690=FACE_OUTER_BOUND('',#1184,.T.);
#691=FACE_OUTER_BOUND('',#1185,.T.);
#692=FACE_OUTER_BOUND('',#1186,.T.);
#693=FACE_OUTER_BOUND('',#1187,.T.);
#694=FACE_OUTER_BOUND('',#1188,.T.);
#695=FACE_OUTER_BOUND('',#1189,.T.);
#696=FACE_OUTER_BOUND('',#1190,.T.);
#697=FACE_OUTER_BOUND('',#1191,.T.);
#698=FACE_OUTER_BOUND('',#1192,.T.);
#699=FACE_OUTER_BOUND('',#1193,.T.);
#700=FACE_OUTER_BOUND('',#1194,.T.);
#701=FACE_OUTER_BOUND('',#1195,.T.);
#702=FACE_OUTER_BOUND('',#1197,.T.);
#703=FACE_OUTER_BOUND('',#1198,.T.);
#704=FACE_OUTER_BOUND('',#1200,.T.);
#705=FACE_OUTER_BOUND('',#1201,.T.);
#706=FACE_OUTER_BOUND('',#1203,.T.);
#707=FACE_OUTER_BOUND('',#1204,.T.);
#708=FACE_OUTER_BOUND('',#1206,.T.);
#709=FACE_OUTER_BOUND('',#1207,.T.);
#710=FACE_OUTER_BOUND('',#1208,.T.);
#711=FACE_OUTER_BOUND('',#1209,.T.);
#712=FACE_OUTER_BOUND('',#1210,.T.);
#713=FACE_OUTER_BOUND('',#1211,.T.);
#714=FACE_OUTER_BOUND('',#1219,.T.);
#715=FACE_OUTER_BOUND('',#1224,.T.);
#716=FACE_OUTER_BOUND('',#1225,.T.);
#717=FACE_OUTER_BOUND('',#1226,.T.);
#718=FACE_OUTER_BOUND('',#1227,.T.);
#719=FACE_OUTER_BOUND('',#1228,.T.);
#720=FACE_OUTER_BOUND('',#1229,.T.);
#721=FACE_OUTER_BOUND('',#1230,.T.);
#722=FACE_OUTER_BOUND('',#1231,.T.);
#723=FACE_OUTER_BOUND('',#1232,.T.);
#724=FACE_OUTER_BOUND('',#1233,.T.);
#725=FACE_OUTER_BOUND('',#1242,.T.);
#726=FACE_OUTER_BOUND('',#1243,.T.);
#727=FACE_OUTER_BOUND('',#1244,.T.);
#728=FACE_OUTER_BOUND('',#1245,.T.);
#729=FACE_OUTER_BOUND('',#1246,.T.);
#730=FACE_OUTER_BOUND('',#1247,.T.);
#731=FACE_OUTER_BOUND('',#1248,.T.);
#732=FACE_OUTER_BOUND('',#1249,.T.);
#733=FACE_OUTER_BOUND('',#1250,.T.);
#734=FACE_OUTER_BOUND('',#1251,.T.);
#735=FACE_OUTER_BOUND('',#1252,.T.);
#736=FACE_OUTER_BOUND('',#1253,.T.);
#737=FACE_OUTER_BOUND('',#1254,.T.);
#738=FACE_OUTER_BOUND('',#1255,.T.);
#739=FACE_OUTER_BOUND('',#1256,.T.);
#740=FACE_OUTER_BOUND('',#1257,.T.);
#741=FACE_OUTER_BOUND('',#1258,.T.);
#742=FACE_OUTER_BOUND('',#1259,.T.);
#743=FACE_OUTER_BOUND('',#1260,.T.);
#744=FACE_OUTER_BOUND('',#1261,.T.);
#745=FACE_OUTER_BOUND('',#1262,.T.);
#746=FACE_OUTER_BOUND('',#1263,.T.);
#747=FACE_OUTER_BOUND('',#1264,.T.);
#748=FACE_OUTER_BOUND('',#1265,.T.);
#749=FACE_OUTER_BOUND('',#1266,.T.);
#750=FACE_OUTER_BOUND('',#1267,.T.);
#751=FACE_OUTER_BOUND('',#1268,.T.);
#752=FACE_OUTER_BOUND('',#1269,.T.);
#753=FACE_OUTER_BOUND('',#1270,.T.);
#754=FACE_OUTER_BOUND('',#1271,.T.);
#755=FACE_OUTER_BOUND('',#1272,.T.);
#756=FACE_OUTER_BOUND('',#1273,.T.);
#757=FACE_OUTER_BOUND('',#1274,.T.);
#758=FACE_OUTER_BOUND('',#1275,.T.);
#759=FACE_OUTER_BOUND('',#1276,.T.);
#760=FACE_OUTER_BOUND('',#1277,.T.);
#761=FACE_OUTER_BOUND('',#1278,.T.);
#762=FACE_OUTER_BOUND('',#1279,.T.);
#763=FACE_OUTER_BOUND('',#1280,.T.);
#764=FACE_OUTER_BOUND('',#1281,.T.);
#765=FACE_OUTER_BOUND('',#1282,.T.);
#766=FACE_OUTER_BOUND('',#1283,.T.);
#767=FACE_OUTER_BOUND('',#1284,.T.);
#768=FACE_OUTER_BOUND('',#1285,.T.);
#769=FACE_OUTER_BOUND('',#1286,.T.);
#770=FACE_OUTER_BOUND('',#1287,.T.);
#771=FACE_OUTER_BOUND('',#1288,.T.);
#772=FACE_OUTER_BOUND('',#1289,.T.);
#773=FACE_OUTER_BOUND('',#1290,.T.);
#774=FACE_OUTER_BOUND('',#1291,.T.);
#775=FACE_OUTER_BOUND('',#1292,.T.);
#776=FACE_OUTER_BOUND('',#1293,.T.);
#777=FACE_OUTER_BOUND('',#1294,.T.);
#778=FACE_OUTER_BOUND('',#1295,.T.);
#779=FACE_OUTER_BOUND('',#1296,.T.);
#780=FACE_OUTER_BOUND('',#1297,.T.);
#781=FACE_OUTER_BOUND('',#1298,.T.);
#782=FACE_OUTER_BOUND('',#1299,.T.);
#783=FACE_OUTER_BOUND('',#1300,.T.);
#784=FACE_OUTER_BOUND('',#1301,.T.);
#785=FACE_OUTER_BOUND('',#1302,.T.);
#786=FACE_OUTER_BOUND('',#1303,.T.);
#787=FACE_OUTER_BOUND('',#1304,.T.);
#788=FACE_OUTER_BOUND('',#1305,.T.);
#789=FACE_OUTER_BOUND('',#1306,.T.);
#790=FACE_OUTER_BOUND('',#1307,.T.);
#791=FACE_OUTER_BOUND('',#1308,.T.);
#792=FACE_OUTER_BOUND('',#1309,.T.);
#793=FACE_OUTER_BOUND('',#1310,.T.);
#794=FACE_OUTER_BOUND('',#1311,.T.);
#795=FACE_OUTER_BOUND('',#1312,.T.);
#796=FACE_OUTER_BOUND('',#1313,.T.);
#797=FACE_OUTER_BOUND('',#1314,.T.);
#798=FACE_OUTER_BOUND('',#1315,.T.);
#799=FACE_OUTER_BOUND('',#1316,.T.);
#800=FACE_OUTER_BOUND('',#1317,.T.);
#801=FACE_OUTER_BOUND('',#1318,.T.);
#802=FACE_OUTER_BOUND('',#1319,.T.);
#803=FACE_OUTER_BOUND('',#1320,.T.);
#804=FACE_OUTER_BOUND('',#1321,.T.);
#805=FACE_OUTER_BOUND('',#1322,.T.);
#806=FACE_OUTER_BOUND('',#1323,.T.);
#807=FACE_OUTER_BOUND('',#1324,.T.);
#808=FACE_OUTER_BOUND('',#1325,.T.);
#809=FACE_OUTER_BOUND('',#1326,.T.);
#810=FACE_OUTER_BOUND('',#1327,.T.);
#811=FACE_OUTER_BOUND('',#1328,.T.);
#812=FACE_OUTER_BOUND('',#1329,.T.);
#813=FACE_OUTER_BOUND('',#1330,.T.);
#814=FACE_OUTER_BOUND('',#1332,.T.);
#815=FACE_OUTER_BOUND('',#1333,.T.);
#816=FACE_OUTER_BOUND('',#1334,.T.);
#817=FACE_OUTER_BOUND('',#1335,.T.);
#818=FACE_OUTER_BOUND('',#1336,.T.);
#819=FACE_OUTER_BOUND('',#1337,.T.);
#820=FACE_OUTER_BOUND('',#1338,.T.);
#821=FACE_OUTER_BOUND('',#1339,.T.);
#822=FACE_OUTER_BOUND('',#1340,.T.);
#823=FACE_OUTER_BOUND('',#1341,.T.);
#824=FACE_OUTER_BOUND('',#1342,.T.);
#825=FACE_OUTER_BOUND('',#1343,.T.);
#826=FACE_OUTER_BOUND('',#1344,.T.);
#827=FACE_OUTER_BOUND('',#1345,.T.);
#828=FACE_OUTER_BOUND('',#1346,.T.);
#829=FACE_OUTER_BOUND('',#1347,.T.);
#830=FACE_OUTER_BOUND('',#1348,.T.);
#831=FACE_OUTER_BOUND('',#1349,.T.);
#832=FACE_OUTER_BOUND('',#1350,.T.);
#833=FACE_OUTER_BOUND('',#1351,.T.);
#834=FACE_OUTER_BOUND('',#1352,.T.);
#835=FACE_OUTER_BOUND('',#1353,.T.);
#836=FACE_OUTER_BOUND('',#1354,.T.);
#837=FACE_OUTER_BOUND('',#1355,.T.);
#838=FACE_OUTER_BOUND('',#1356,.T.);
#839=FACE_OUTER_BOUND('',#1357,.T.);
#840=FACE_OUTER_BOUND('',#1358,.T.);
#841=FACE_OUTER_BOUND('',#1359,.T.);
#842=FACE_OUTER_BOUND('',#1360,.T.);
#843=FACE_OUTER_BOUND('',#1361,.T.);
#844=FACE_OUTER_BOUND('',#1362,.T.);
#845=FACE_OUTER_BOUND('',#1363,.T.);
#846=FACE_OUTER_BOUND('',#1364,.T.);
#847=FACE_OUTER_BOUND('',#1365,.T.);
#848=FACE_OUTER_BOUND('',#1366,.T.);
#849=FACE_OUTER_BOUND('',#1367,.T.);
#850=FACE_OUTER_BOUND('',#1368,.T.);
#851=FACE_OUTER_BOUND('',#1369,.T.);
#852=FACE_OUTER_BOUND('',#1370,.T.);
#853=FACE_OUTER_BOUND('',#1371,.T.);
#854=FACE_OUTER_BOUND('',#1372,.T.);
#855=FACE_OUTER_BOUND('',#1373,.T.);
#856=FACE_OUTER_BOUND('',#1374,.T.);
#857=FACE_OUTER_BOUND('',#1375,.T.);
#858=FACE_OUTER_BOUND('',#1376,.T.);
#859=FACE_OUTER_BOUND('',#1377,.T.);
#860=FACE_OUTER_BOUND('',#1378,.T.);
#861=FACE_OUTER_BOUND('',#1379,.T.);
#862=FACE_OUTER_BOUND('',#1380,.T.);
#863=FACE_OUTER_BOUND('',#1381,.T.);
#864=FACE_OUTER_BOUND('',#1382,.T.);
#865=FACE_OUTER_BOUND('',#1383,.T.);
#866=FACE_OUTER_BOUND('',#1384,.T.);
#867=FACE_OUTER_BOUND('',#1385,.T.);
#868=FACE_OUTER_BOUND('',#1386,.T.);
#869=FACE_OUTER_BOUND('',#1387,.T.);
#870=FACE_OUTER_BOUND('',#1388,.T.);
#871=FACE_OUTER_BOUND('',#1389,.T.);
#872=FACE_OUTER_BOUND('',#1390,.T.);
#873=FACE_OUTER_BOUND('',#1391,.T.);
#874=FACE_OUTER_BOUND('',#1392,.T.);
#875=FACE_OUTER_BOUND('',#1393,.T.);
#876=FACE_OUTER_BOUND('',#1394,.T.);
#877=FACE_OUTER_BOUND('',#1395,.T.);
#878=FACE_OUTER_BOUND('',#1396,.T.);
#879=FACE_OUTER_BOUND('',#1397,.T.);
#880=FACE_OUTER_BOUND('',#1398,.T.);
#881=FACE_OUTER_BOUND('',#1399,.T.);
#882=FACE_OUTER_BOUND('',#1400,.T.);
#883=FACE_OUTER_BOUND('',#1401,.T.);
#884=FACE_OUTER_BOUND('',#1402,.T.);
#885=FACE_OUTER_BOUND('',#1404,.T.);
#886=FACE_OUTER_BOUND('',#1405,.T.);
#887=FACE_OUTER_BOUND('',#1406,.T.);
#888=FACE_OUTER_BOUND('',#1407,.T.);
#889=FACE_OUTER_BOUND('',#1408,.T.);
#890=FACE_OUTER_BOUND('',#1409,.T.);
#891=FACE_OUTER_BOUND('',#1410,.T.);
#892=FACE_OUTER_BOUND('',#1411,.T.);
#893=FACE_OUTER_BOUND('',#1412,.T.);
#894=FACE_OUTER_BOUND('',#1413,.T.);
#895=FACE_OUTER_BOUND('',#1414,.T.);
#896=FACE_OUTER_BOUND('',#1415,.T.);
#897=FACE_OUTER_BOUND('',#1416,.T.);
#898=FACE_OUTER_BOUND('',#1417,.T.);
#899=FACE_OUTER_BOUND('',#1418,.T.);
#900=FACE_OUTER_BOUND('',#1419,.T.);
#901=FACE_OUTER_BOUND('',#1420,.T.);
#902=FACE_OUTER_BOUND('',#1421,.T.);
#903=FACE_OUTER_BOUND('',#1422,.T.);
#904=FACE_OUTER_BOUND('',#1423,.T.);
#905=FACE_OUTER_BOUND('',#1424,.T.);
#906=FACE_OUTER_BOUND('',#1425,.T.);
#907=FACE_OUTER_BOUND('',#1426,.T.);
#908=FACE_OUTER_BOUND('',#1427,.T.);
#909=FACE_OUTER_BOUND('',#1428,.T.);
#910=FACE_OUTER_BOUND('',#1429,.T.);
#911=FACE_OUTER_BOUND('',#1430,.T.);
#912=FACE_OUTER_BOUND('',#1431,.T.);
#913=FACE_OUTER_BOUND('',#1432,.T.);
#914=FACE_OUTER_BOUND('',#1433,.T.);
#915=FACE_OUTER_BOUND('',#1434,.T.);
#916=FACE_OUTER_BOUND('',#1435,.T.);
#917=FACE_OUTER_BOUND('',#1436,.T.);
#918=FACE_OUTER_BOUND('',#1437,.T.);
#919=FACE_OUTER_BOUND('',#1438,.T.);
#920=FACE_OUTER_BOUND('',#1439,.T.);
#921=FACE_OUTER_BOUND('',#1440,.T.);
#922=FACE_OUTER_BOUND('',#1441,.T.);
#923=FACE_OUTER_BOUND('',#1442,.T.);
#924=FACE_OUTER_BOUND('',#1443,.T.);
#925=FACE_OUTER_BOUND('',#1444,.T.);
#926=FACE_OUTER_BOUND('',#1445,.T.);
#927=FACE_OUTER_BOUND('',#1446,.T.);
#928=FACE_OUTER_BOUND('',#1447,.T.);
#929=FACE_OUTER_BOUND('',#1448,.T.);
#930=FACE_OUTER_BOUND('',#1449,.T.);
#931=FACE_OUTER_BOUND('',#1450,.T.);
#932=FACE_OUTER_BOUND('',#1451,.T.);
#933=FACE_OUTER_BOUND('',#1452,.T.);
#934=FACE_OUTER_BOUND('',#1453,.T.);
#935=FACE_OUTER_BOUND('',#1454,.T.);
#936=FACE_OUTER_BOUND('',#1455,.T.);
#937=FACE_OUTER_BOUND('',#1456,.T.);
#938=FACE_OUTER_BOUND('',#1457,.T.);
#939=FACE_OUTER_BOUND('',#1458,.T.);
#940=FACE_OUTER_BOUND('',#1459,.T.);
#941=FACE_OUTER_BOUND('',#1460,.T.);
#942=FACE_OUTER_BOUND('',#1461,.T.);
#943=FACE_OUTER_BOUND('',#1462,.T.);
#944=FACE_OUTER_BOUND('',#1463,.T.);
#945=FACE_OUTER_BOUND('',#1464,.T.);
#946=FACE_OUTER_BOUND('',#1465,.T.);
#947=FACE_OUTER_BOUND('',#1466,.T.);
#948=FACE_OUTER_BOUND('',#1488,.T.);
#949=FACE_OUTER_BOUND('',#1489,.T.);
#950=FACE_OUTER_BOUND('',#1490,.T.);
#951=FACE_OUTER_BOUND('',#1491,.T.);
#952=FACE_OUTER_BOUND('',#1492,.T.);
#953=FACE_OUTER_BOUND('',#1493,.T.);
#954=FACE_OUTER_BOUND('',#1494,.T.);
#955=FACE_OUTER_BOUND('',#1495,.T.);
#956=FACE_OUTER_BOUND('',#1496,.T.);
#957=FACE_OUTER_BOUND('',#1497,.T.);
#958=FACE_OUTER_BOUND('',#1498,.T.);
#959=FACE_OUTER_BOUND('',#1499,.T.);
#960=FACE_OUTER_BOUND('',#1500,.T.);
#961=FACE_OUTER_BOUND('',#1501,.T.);
#962=FACE_OUTER_BOUND('',#1502,.T.);
#963=FACE_OUTER_BOUND('',#1503,.T.);
#964=FACE_OUTER_BOUND('',#1504,.T.);
#965=FACE_OUTER_BOUND('',#1505,.T.);
#966=FACE_OUTER_BOUND('',#1506,.T.);
#967=FACE_OUTER_BOUND('',#1507,.T.);
#968=FACE_OUTER_BOUND('',#1508,.T.);
#969=FACE_OUTER_BOUND('',#1509,.T.);
#970=FACE_OUTER_BOUND('',#1510,.T.);
#971=FACE_OUTER_BOUND('',#1511,.T.);
#972=FACE_OUTER_BOUND('',#1512,.T.);
#973=FACE_OUTER_BOUND('',#1513,.T.);
#974=FACE_OUTER_BOUND('',#1514,.T.);
#975=FACE_OUTER_BOUND('',#1515,.T.);
#976=FACE_OUTER_BOUND('',#1516,.T.);
#977=FACE_OUTER_BOUND('',#1517,.T.);
#978=FACE_OUTER_BOUND('',#1518,.T.);
#979=FACE_OUTER_BOUND('',#1519,.T.);
#980=FACE_OUTER_BOUND('',#1520,.T.);
#981=FACE_OUTER_BOUND('',#1521,.T.);
#982=FACE_OUTER_BOUND('',#1522,.T.);
#983=FACE_OUTER_BOUND('',#1523,.T.);
#984=FACE_OUTER_BOUND('',#1524,.T.);
#985=FACE_OUTER_BOUND('',#1525,.T.);
#986=FACE_OUTER_BOUND('',#1526,.T.);
#987=FACE_OUTER_BOUND('',#1527,.T.);
#988=FACE_OUTER_BOUND('',#1528,.T.);
#989=FACE_OUTER_BOUND('',#1529,.T.);
#990=FACE_OUTER_BOUND('',#1530,.T.);
#991=FACE_OUTER_BOUND('',#1531,.T.);
#992=FACE_OUTER_BOUND('',#1532,.T.);
#993=FACE_OUTER_BOUND('',#1533,.T.);
#994=FACE_OUTER_BOUND('',#1534,.T.);
#995=FACE_OUTER_BOUND('',#1535,.T.);
#996=FACE_OUTER_BOUND('',#1536,.T.);
#997=FACE_OUTER_BOUND('',#1537,.T.);
#998=FACE_OUTER_BOUND('',#1538,.T.);
#999=FACE_OUTER_BOUND('',#1549,.T.);
#1000=FACE_OUTER_BOUND('',#1550,.T.);
#1001=FACE_OUTER_BOUND('',#1551,.T.);
#1002=FACE_OUTER_BOUND('',#1552,.T.);
#1003=FACE_OUTER_BOUND('',#1553,.T.);
#1004=FACE_OUTER_BOUND('',#1554,.T.);
#1005=FACE_OUTER_BOUND('',#1555,.T.);
#1006=FACE_OUTER_BOUND('',#1556,.T.);
#1007=FACE_OUTER_BOUND('',#1557,.T.);
#1008=FACE_OUTER_BOUND('',#1558,.T.);
#1009=FACE_OUTER_BOUND('',#1559,.T.);
#1010=FACE_OUTER_BOUND('',#1560,.T.);
#1011=FACE_OUTER_BOUND('',#1561,.T.);
#1012=FACE_OUTER_BOUND('',#1562,.T.);
#1013=FACE_OUTER_BOUND('',#1563,.T.);
#1014=FACE_OUTER_BOUND('',#1564,.T.);
#1015=FACE_OUTER_BOUND('',#1565,.T.);
#1016=FACE_OUTER_BOUND('',#1566,.T.);
#1017=FACE_OUTER_BOUND('',#1567,.T.);
#1018=FACE_OUTER_BOUND('',#1568,.T.);
#1019=FACE_OUTER_BOUND('',#1569,.T.);
#1020=FACE_OUTER_BOUND('',#1570,.T.);
#1021=FACE_OUTER_BOUND('',#1571,.T.);
#1022=FACE_OUTER_BOUND('',#1572,.T.);
#1023=FACE_OUTER_BOUND('',#1573,.T.);
#1024=FACE_OUTER_BOUND('',#1574,.T.);
#1025=FACE_OUTER_BOUND('',#1575,.T.);
#1026=FACE_OUTER_BOUND('',#1576,.T.);
#1027=FACE_OUTER_BOUND('',#1577,.T.);
#1028=FACE_OUTER_BOUND('',#1578,.T.);
#1029=FACE_OUTER_BOUND('',#1579,.T.);
#1030=FACE_OUTER_BOUND('',#1580,.T.);
#1031=FACE_OUTER_BOUND('',#1581,.T.);
#1032=FACE_OUTER_BOUND('',#1582,.T.);
#1033=FACE_OUTER_BOUND('',#1583,.T.);
#1034=FACE_OUTER_BOUND('',#1584,.T.);
#1035=FACE_OUTER_BOUND('',#1585,.T.);
#1036=FACE_OUTER_BOUND('',#1586,.T.);
#1037=FACE_OUTER_BOUND('',#1587,.T.);
#1038=FACE_OUTER_BOUND('',#1597,.T.);
#1039=FACE_OUTER_BOUND('',#1598,.T.);
#1040=FACE_OUTER_BOUND('',#1599,.T.);
#1041=FACE_OUTER_BOUND('',#1600,.T.);
#1042=FACE_OUTER_BOUND('',#1601,.T.);
#1043=FACE_OUTER_BOUND('',#1602,.T.);
#1044=FACE_OUTER_BOUND('',#1603,.T.);
#1045=FACE_OUTER_BOUND('',#1604,.T.);
#1046=FACE_OUTER_BOUND('',#1605,.T.);
#1047=FACE_OUTER_BOUND('',#1615,.T.);
#1048=FACE_OUTER_BOUND('',#1616,.T.);
#1049=FACE_OUTER_BOUND('',#1617,.T.);
#1050=FACE_OUTER_BOUND('',#1618,.T.);
#1051=FACE_OUTER_BOUND('',#1619,.T.);
#1052=FACE_OUTER_BOUND('',#1620,.T.);
#1053=FACE_OUTER_BOUND('',#1621,.T.);
#1054=FACE_OUTER_BOUND('',#1622,.T.);
#1055=FACE_OUTER_BOUND('',#1623,.T.);
#1056=FACE_OUTER_BOUND('',#1624,.T.);
#1057=FACE_OUTER_BOUND('',#1625,.T.);
#1058=FACE_OUTER_BOUND('',#1626,.T.);
#1059=FACE_OUTER_BOUND('',#1627,.T.);
#1060=FACE_OUTER_BOUND('',#1628,.T.);
#1061=FACE_OUTER_BOUND('',#1629,.T.);
#1062=FACE_OUTER_BOUND('',#1630,.T.);
#1063=FACE_OUTER_BOUND('',#1631,.T.);
#1064=FACE_OUTER_BOUND('',#1632,.T.);
#1065=FACE_OUTER_BOUND('',#1633,.T.);
#1066=FACE_OUTER_BOUND('',#1634,.T.);
#1067=FACE_OUTER_BOUND('',#1635,.T.);
#1068=FACE_OUTER_BOUND('',#1636,.T.);
#1069=FACE_OUTER_BOUND('',#1637,.T.);
#1070=FACE_OUTER_BOUND('',#1638,.T.);
#1071=FACE_OUTER_BOUND('',#1639,.T.);
#1072=FACE_OUTER_BOUND('',#1640,.T.);
#1073=FACE_OUTER_BOUND('',#1641,.T.);
#1074=FACE_OUTER_BOUND('',#1642,.T.);
#1075=FACE_OUTER_BOUND('',#1643,.T.);
#1076=FACE_OUTER_BOUND('',#1644,.T.);
#1077=FACE_OUTER_BOUND('',#1645,.T.);
#1078=FACE_OUTER_BOUND('',#1646,.T.);
#1079=FACE_OUTER_BOUND('',#1647,.T.);
#1080=FACE_OUTER_BOUND('',#1648,.T.);
#1081=FACE_OUTER_BOUND('',#1649,.T.);
#1082=FACE_OUTER_BOUND('',#1650,.T.);
#1083=FACE_OUTER_BOUND('',#1651,.T.);
#1084=FACE_OUTER_BOUND('',#1652,.T.);
#1085=FACE_OUTER_BOUND('',#1653,.T.);
#1086=FACE_OUTER_BOUND('',#1654,.T.);
#1087=FACE_OUTER_BOUND('',#1655,.T.);
#1088=FACE_OUTER_BOUND('',#1656,.T.);
#1089=FACE_OUTER_BOUND('',#1657,.T.);
#1090=FACE_OUTER_BOUND('',#1658,.T.);
#1091=FACE_OUTER_BOUND('',#1659,.T.);
#1092=EDGE_LOOP('',(#5517,#5518,#5519,#5520));
#1093=EDGE_LOOP('',(#5521,#5522,#5523,#5524));
#1094=EDGE_LOOP('',(#5525,#5526,#5527,#5528));
#1095=EDGE_LOOP('',(#5529,#5530,#5531,#5532,#5533,#5534,#5535,#5536));
#1096=EDGE_LOOP('',(#5537,#5538,#5539,#5540));
#1097=EDGE_LOOP('',(#5541,#5542,#5543,#5544));
#1098=EDGE_LOOP('',(#5545,#5546,#5547,#5548));
#1099=EDGE_LOOP('',(#5549,#5550,#5551,#5552));
#1100=EDGE_LOOP('',(#5553,#5554,#5555,#5556));
#1101=EDGE_LOOP('',(#5557,#5558,#5559,#5560));
#1102=EDGE_LOOP('',(#5561,#5562,#5563,#5564));
#1103=EDGE_LOOP('',(#5565,#5566,#5567,#5568));
#1104=EDGE_LOOP('',(#5569,#5570,#5571,#5572));
#1105=EDGE_LOOP('',(#5573,#5574,#5575,#5576));
#1106=EDGE_LOOP('',(#5577,#5578,#5579,#5580));
#1107=EDGE_LOOP('',(#5581,#5582,#5583,#5584));
#1108=EDGE_LOOP('',(#5585,#5586,#5587,#5588,#5589,#5590));
#1109=EDGE_LOOP('',(#5591,#5592,#5593,#5594,#5595,#5596,#5597));
#1110=EDGE_LOOP('',(#5598,#5599,#5600,#5601));
#1111=EDGE_LOOP('',(#5602,#5603,#5604,#5605));
#1112=EDGE_LOOP('',(#5606,#5607,#5608,#5609));
#1113=EDGE_LOOP('',(#5610,#5611,#5612,#5613));
#1114=EDGE_LOOP('',(#5614,#5615,#5616,#5617));
#1115=EDGE_LOOP('',(#5618,#5619,#5620,#5621));
#1116=EDGE_LOOP('',(#5622,#5623,#5624,#5625));
#1117=EDGE_LOOP('',(#5626,#5627,#5628,#5629));
#1118=EDGE_LOOP('',(#5630,#5631,#5632,#5633));
#1119=EDGE_LOOP('',(#5634,#5635,#5636,#5637));
#1120=EDGE_LOOP('',(#5638,#5639,#5640,#5641));
#1121=EDGE_LOOP('',(#5642,#5643,#5644,#5645));
#1122=EDGE_LOOP('',(#5646,#5647,#5648,#5649));
#1123=EDGE_LOOP('',(#5650,#5651,#5652,#5653));
#1124=EDGE_LOOP('',(#5654,#5655,#5656,#5657));
#1125=EDGE_LOOP('',(#5658,#5659,#5660,#5661));
#1126=EDGE_LOOP('',(#5662,#5663,#5664,#5665));
#1127=EDGE_LOOP('',(#5666,#5667,#5668,#5669));
#1128=EDGE_LOOP('',(#5670,#5671,#5672,#5673));
#1129=EDGE_LOOP('',(#5674,#5675,#5676,#5677));
#1130=EDGE_LOOP('',(#5678,#5679,#5680,#5681));
#1131=EDGE_LOOP('',(#5682,#5683,#5684,#5685));
#1132=EDGE_LOOP('',(#5686,#5687,#5688,#5689));
#1133=EDGE_LOOP('',(#5690,#5691,#5692,#5693));
#1134=EDGE_LOOP('',(#5694,#5695,#5696,#5697));
#1135=EDGE_LOOP('',(#5698,#5699,#5700,#5701));
#1136=EDGE_LOOP('',(#5702,#5703,#5704,#5705));
#1137=EDGE_LOOP('',(#5706,#5707,#5708,#5709));
#1138=EDGE_LOOP('',(#5710,#5711,#5712));
#1139=EDGE_LOOP('',(#5713,#5714,#5715));
#1140=EDGE_LOOP('',(#5716,#5717,#5718,#5719));
#1141=EDGE_LOOP('',(#5720,#5721,#5722,#5723));
#1142=EDGE_LOOP('',(#5724,#5725,#5726,#5727));
#1143=EDGE_LOOP('',(#5728,#5729,#5730,#5731));
#1144=EDGE_LOOP('',(#5732,#5733,#5734,#5735));
#1145=EDGE_LOOP('',(#5736,#5737,#5738,#5739));
#1146=EDGE_LOOP('',(#5740,#5741,#5742,#5743));
#1147=EDGE_LOOP('',(#5744,#5745,#5746,#5747));
#1148=EDGE_LOOP('',(#5748,#5749,#5750,#5751));
#1149=EDGE_LOOP('',(#5752,#5753,#5754,#5755));
#1150=EDGE_LOOP('',(#5756,#5757,#5758,#5759));
#1151=EDGE_LOOP('',(#5760,#5761,#5762,#5763));
#1152=EDGE_LOOP('',(#5764,#5765,#5766,#5767));
#1153=EDGE_LOOP('',(#5768,#5769,#5770,#5771));
#1154=EDGE_LOOP('',(#5772,#5773,#5774,#5775));
#1155=EDGE_LOOP('',(#5776,#5777,#5778,#5779,#5780,#5781,#5782,#5783));
#1156=EDGE_LOOP('',(#5784,#5785,#5786,#5787,#5788,#5789,#5790,#5791,#5792,
#5793,#5794,#5795,#5796,#5797,#5798,#5799,#5800,#5801,#5802,#5803,#5804,
#5805,#5806,#5807,#5808,#5809,#5810,#5811));
#1157=EDGE_LOOP('',(#5812,#5813,#5814,#5815));
#1158=EDGE_LOOP('',(#5816));
#1159=EDGE_LOOP('',(#5817,#5818,#5819,#5820));
#1160=EDGE_LOOP('',(#5821));
#1161=EDGE_LOOP('',(#5822,#5823,#5824,#5825));
#1162=EDGE_LOOP('',(#5826));
#1163=EDGE_LOOP('',(#5827,#5828,#5829,#5830));
#1164=EDGE_LOOP('',(#5831));
#1165=EDGE_LOOP('',(#5832,#5833,#5834,#5835));
#1166=EDGE_LOOP('',(#5836));
#1167=EDGE_LOOP('',(#5837,#5838,#5839,#5840));
#1168=EDGE_LOOP('',(#5841));
#1169=EDGE_LOOP('',(#5842,#5843,#5844,#5845));
#1170=EDGE_LOOP('',(#5846));
#1171=EDGE_LOOP('',(#5847,#5848,#5849,#5850));
#1172=EDGE_LOOP('',(#5851));
#1173=EDGE_LOOP('',(#5852,#5853,#5854,#5855));
#1174=EDGE_LOOP('',(#5856,#5857,#5858,#5859,#5860,#5861,#5862,#5863,#5864,
#5865,#5866,#5867,#5868,#5869,#5870,#5871,#5872,#5873,#5874,#5875,#5876,
#5877,#5878,#5879,#5880,#5881,#5882,#5883,#5884,#5885));
#1175=EDGE_LOOP('',(#5886));
#1176=EDGE_LOOP('',(#5887));
#1177=EDGE_LOOP('',(#5888));
#1178=EDGE_LOOP('',(#5889));
#1179=EDGE_LOOP('',(#5890));
#1180=EDGE_LOOP('',(#5891));
#1181=EDGE_LOOP('',(#5892,#5893,#5894,#5895,#5896,#5897,#5898,#5899,#5900,
#5901,#5902,#5903,#5904,#5905,#5906,#5907,#5908,#5909,#5910,#5911,#5912,
#5913,#5914));
#1182=EDGE_LOOP('',(#5915));
#1183=EDGE_LOOP('',(#5916));
#1184=EDGE_LOOP('',(#5917,#5918,#5919,#5920));
#1185=EDGE_LOOP('',(#5921,#5922,#5923,#5924));
#1186=EDGE_LOOP('',(#5925,#5926,#5927,#5928));
#1187=EDGE_LOOP('',(#5929));
#1188=EDGE_LOOP('',(#5930,#5931,#5932,#5933));
#1189=EDGE_LOOP('',(#5934));
#1190=EDGE_LOOP('',(#5935,#5936,#5937,#5938));
#1191=EDGE_LOOP('',(#5939));
#1192=EDGE_LOOP('',(#5940,#5941,#5942,#5943));
#1193=EDGE_LOOP('',(#5944));
#1194=EDGE_LOOP('',(#5945,#5946,#5947,#5948));
#1195=EDGE_LOOP('',(#5949));
#1196=EDGE_LOOP('',(#5950));
#1197=EDGE_LOOP('',(#5951,#5952,#5953,#5954));
#1198=EDGE_LOOP('',(#5955));
#1199=EDGE_LOOP('',(#5956));
#1200=EDGE_LOOP('',(#5957,#5958,#5959,#5960));
#1201=EDGE_LOOP('',(#5961));
#1202=EDGE_LOOP('',(#5962));
#1203=EDGE_LOOP('',(#5963,#5964,#5965,#5966));
#1204=EDGE_LOOP('',(#5967));
#1205=EDGE_LOOP('',(#5968));
#1206=EDGE_LOOP('',(#5969,#5970,#5971,#5972));
#1207=EDGE_LOOP('',(#5973,#5974,#5975,#5976));
#1208=EDGE_LOOP('',(#5977,#5978,#5979,#5980));
#1209=EDGE_LOOP('',(#5981,#5982,#5983,#5984));
#1210=EDGE_LOOP('',(#5985,#5986,#5987,#5988));
#1211=EDGE_LOOP('',(#5989,#5990,#5991,#5992,#5993,#5994));
#1212=EDGE_LOOP('',(#5995));
#1213=EDGE_LOOP('',(#5996));
#1214=EDGE_LOOP('',(#5997));
#1215=EDGE_LOOP('',(#5998));
#1216=EDGE_LOOP('',(#5999));
#1217=EDGE_LOOP('',(#6000));
#1218=EDGE_LOOP('',(#6001));
#1219=EDGE_LOOP('',(#6002,#6003,#6004,#6005,#6006,#6007,#6008,#6009,#6010,
#6011,#6012,#6013,#6014,#6015,#6016,#6017,#6018,#6019,#6020,#6021,#6022,
#6023,#6024));
#1220=EDGE_LOOP('',(#6025));
#1221=EDGE_LOOP('',(#6026));
#1222=EDGE_LOOP('',(#6027));
#1223=EDGE_LOOP('',(#6028));
#1224=EDGE_LOOP('',(#6029,#6030,#6031,#6032));
#1225=EDGE_LOOP('',(#6033,#6034,#6035,#6036));
#1226=EDGE_LOOP('',(#6037,#6038,#6039,#6040));
#1227=EDGE_LOOP('',(#6041,#6042,#6043,#6044));
#1228=EDGE_LOOP('',(#6045,#6046,#6047,#6048));
#1229=EDGE_LOOP('',(#6049,#6050,#6051,#6052));
#1230=EDGE_LOOP('',(#6053,#6054,#6055,#6056));
#1231=EDGE_LOOP('',(#6057,#6058,#6059,#6060));
#1232=EDGE_LOOP('',(#6061,#6062,#6063,#6064));
#1233=EDGE_LOOP('',(#6065,#6066,#6067,#6068));
#1234=EDGE_LOOP('',(#6069));
#1235=EDGE_LOOP('',(#6070));
#1236=EDGE_LOOP('',(#6071));
#1237=EDGE_LOOP('',(#6072));
#1238=EDGE_LOOP('',(#6073));
#1239=EDGE_LOOP('',(#6074));
#1240=EDGE_LOOP('',(#6075));
#1241=EDGE_LOOP('',(#6076));
#1242=EDGE_LOOP('',(#6077,#6078,#6079,#6080));
#1243=EDGE_LOOP('',(#6081,#6082,#6083,#6084));
#1244=EDGE_LOOP('',(#6085,#6086,#6087,#6088));
#1245=EDGE_LOOP('',(#6089,#6090,#6091,#6092));
#1246=EDGE_LOOP('',(#6093,#6094,#6095,#6096));
#1247=EDGE_LOOP('',(#6097,#6098,#6099,#6100));
#1248=EDGE_LOOP('',(#6101,#6102,#6103,#6104));
#1249=EDGE_LOOP('',(#6105,#6106,#6107,#6108));
#1250=EDGE_LOOP('',(#6109,#6110,#6111,#6112));
#1251=EDGE_LOOP('',(#6113,#6114,#6115,#6116));
#1252=EDGE_LOOP('',(#6117,#6118,#6119,#6120));
#1253=EDGE_LOOP('',(#6121,#6122,#6123,#6124));
#1254=EDGE_LOOP('',(#6125,#6126,#6127,#6128));
#1255=EDGE_LOOP('',(#6129,#6130,#6131,#6132));
#1256=EDGE_LOOP('',(#6133,#6134,#6135,#6136));
#1257=EDGE_LOOP('',(#6137,#6138,#6139,#6140));
#1258=EDGE_LOOP('',(#6141,#6142,#6143,#6144));
#1259=EDGE_LOOP('',(#6145,#6146,#6147,#6148));
#1260=EDGE_LOOP('',(#6149,#6150,#6151,#6152));
#1261=EDGE_LOOP('',(#6153,#6154,#6155,#6156));
#1262=EDGE_LOOP('',(#6157,#6158,#6159,#6160));
#1263=EDGE_LOOP('',(#6161,#6162,#6163,#6164));
#1264=EDGE_LOOP('',(#6165,#6166,#6167,#6168));
#1265=EDGE_LOOP('',(#6169,#6170,#6171,#6172));
#1266=EDGE_LOOP('',(#6173,#6174,#6175,#6176));
#1267=EDGE_LOOP('',(#6177,#6178,#6179,#6180));
#1268=EDGE_LOOP('',(#6181,#6182,#6183,#6184));
#1269=EDGE_LOOP('',(#6185,#6186,#6187,#6188));
#1270=EDGE_LOOP('',(#6189,#6190,#6191,#6192));
#1271=EDGE_LOOP('',(#6193,#6194,#6195,#6196));
#1272=EDGE_LOOP('',(#6197,#6198,#6199,#6200));
#1273=EDGE_LOOP('',(#6201,#6202,#6203,#6204));
#1274=EDGE_LOOP('',(#6205,#6206,#6207,#6208));
#1275=EDGE_LOOP('',(#6209,#6210,#6211,#6212));
#1276=EDGE_LOOP('',(#6213,#6214,#6215,#6216));
#1277=EDGE_LOOP('',(#6217,#6218,#6219,#6220));
#1278=EDGE_LOOP('',(#6221,#6222,#6223,#6224));
#1279=EDGE_LOOP('',(#6225,#6226,#6227,#6228));
#1280=EDGE_LOOP('',(#6229,#6230,#6231,#6232));
#1281=EDGE_LOOP('',(#6233,#6234,#6235,#6236,#6237,#6238,#6239,#6240,#6241,
#6242,#6243,#6244,#6245,#6246,#6247,#6248,#6249,#6250,#6251,#6252,#6253));
#1282=EDGE_LOOP('',(#6254,#6255,#6256,#6257));
#1283=EDGE_LOOP('',(#6258,#6259,#6260,#6261));
#1284=EDGE_LOOP('',(#6262,#6263,#6264,#6265));
#1285=EDGE_LOOP('',(#6266,#6267,#6268,#6269));
#1286=EDGE_LOOP('',(#6270,#6271,#6272,#6273));
#1287=EDGE_LOOP('',(#6274,#6275,#6276,#6277));
#1288=EDGE_LOOP('',(#6278,#6279,#6280,#6281));
#1289=EDGE_LOOP('',(#6282,#6283,#6284,#6285));
#1290=EDGE_LOOP('',(#6286,#6287,#6288,#6289));
#1291=EDGE_LOOP('',(#6290,#6291,#6292,#6293));
#1292=EDGE_LOOP('',(#6294,#6295,#6296,#6297,#6298,#6299,#6300,#6301,#6302,
#6303));
#1293=EDGE_LOOP('',(#6304,#6305,#6306,#6307));
#1294=EDGE_LOOP('',(#6308,#6309,#6310,#6311));
#1295=EDGE_LOOP('',(#6312,#6313,#6314,#6315));
#1296=EDGE_LOOP('',(#6316,#6317,#6318,#6319));
#1297=EDGE_LOOP('',(#6320,#6321,#6322,#6323));
#1298=EDGE_LOOP('',(#6324,#6325,#6326,#6327));
#1299=EDGE_LOOP('',(#6328,#6329,#6330,#6331));
#1300=EDGE_LOOP('',(#6332,#6333,#6334,#6335));
#1301=EDGE_LOOP('',(#6336,#6337,#6338,#6339));
#1302=EDGE_LOOP('',(#6340,#6341,#6342,#6343,#6344,#6345,#6346,#6347,#6348));
#1303=EDGE_LOOP('',(#6349,#6350,#6351,#6352));
#1304=EDGE_LOOP('',(#6353,#6354,#6355,#6356));
#1305=EDGE_LOOP('',(#6357,#6358,#6359,#6360));
#1306=EDGE_LOOP('',(#6361,#6362,#6363,#6364));
#1307=EDGE_LOOP('',(#6365,#6366,#6367,#6368));
#1308=EDGE_LOOP('',(#6369,#6370,#6371,#6372));
#1309=EDGE_LOOP('',(#6373,#6374,#6375,#6376));
#1310=EDGE_LOOP('',(#6377,#6378,#6379,#6380));
#1311=EDGE_LOOP('',(#6381,#6382,#6383,#6384));
#1312=EDGE_LOOP('',(#6385,#6386,#6387,#6388));
#1313=EDGE_LOOP('',(#6389,#6390,#6391,#6392));
#1314=EDGE_LOOP('',(#6393,#6394,#6395,#6396));
#1315=EDGE_LOOP('',(#6397,#6398,#6399,#6400));
#1316=EDGE_LOOP('',(#6401,#6402,#6403,#6404));
#1317=EDGE_LOOP('',(#6405,#6406,#6407,#6408));
#1318=EDGE_LOOP('',(#6409,#6410,#6411,#6412));
#1319=EDGE_LOOP('',(#6413,#6414,#6415,#6416));
#1320=EDGE_LOOP('',(#6417,#6418,#6419,#6420));
#1321=EDGE_LOOP('',(#6421,#6422,#6423,#6424));
#1322=EDGE_LOOP('',(#6425,#6426,#6427,#6428));
#1323=EDGE_LOOP('',(#6429,#6430,#6431,#6432));
#1324=EDGE_LOOP('',(#6433,#6434,#6435,#6436));
#1325=EDGE_LOOP('',(#6437,#6438,#6439,#6440));
#1326=EDGE_LOOP('',(#6441,#6442,#6443,#6444));
#1327=EDGE_LOOP('',(#6445,#6446,#6447,#6448));
#1328=EDGE_LOOP('',(#6449,#6450,#6451,#6452));
#1329=EDGE_LOOP('',(#6453,#6454,#6455,#6456));
#1330=EDGE_LOOP('',(#6457,#6458,#6459,#6460,#6461,#6462,#6463,#6464,#6465,
#6466,#6467,#6468,#6469,#6470,#6471,#6472,#6473,#6474,#6475));
#1331=EDGE_LOOP('',(#6476,#6477,#6478,#6479,#6480,#6481,#6482,#6483));
#1332=EDGE_LOOP('',(#6484,#6485,#6486,#6487));
#1333=EDGE_LOOP('',(#6488,#6489,#6490,#6491));
#1334=EDGE_LOOP('',(#6492,#6493,#6494,#6495));
#1335=EDGE_LOOP('',(#6496,#6497,#6498,#6499));
#1336=EDGE_LOOP('',(#6500,#6501,#6502,#6503));
#1337=EDGE_LOOP('',(#6504,#6505,#6506,#6507));
#1338=EDGE_LOOP('',(#6508,#6509,#6510,#6511));
#1339=EDGE_LOOP('',(#6512,#6513,#6514,#6515));
#1340=EDGE_LOOP('',(#6516,#6517,#6518,#6519));
#1341=EDGE_LOOP('',(#6520,#6521,#6522,#6523,#6524,#6525,#6526,#6527,#6528));
#1342=EDGE_LOOP('',(#6529,#6530,#6531,#6532));
#1343=EDGE_LOOP('',(#6533,#6534,#6535,#6536));
#1344=EDGE_LOOP('',(#6537,#6538,#6539,#6540));
#1345=EDGE_LOOP('',(#6541,#6542,#6543,#6544));
#1346=EDGE_LOOP('',(#6545,#6546,#6547,#6548));
#1347=EDGE_LOOP('',(#6549,#6550,#6551,#6552));
#1348=EDGE_LOOP('',(#6553,#6554,#6555,#6556));
#1349=EDGE_LOOP('',(#6557,#6558,#6559,#6560));
#1350=EDGE_LOOP('',(#6561,#6562,#6563,#6564));
#1351=EDGE_LOOP('',(#6565,#6566,#6567,#6568,#6569,#6570,#6571,#6572,#6573));
#1352=EDGE_LOOP('',(#6574,#6575,#6576,#6577));
#1353=EDGE_LOOP('',(#6578,#6579,#6580,#6581));
#1354=EDGE_LOOP('',(#6582,#6583,#6584,#6585));
#1355=EDGE_LOOP('',(#6586,#6587,#6588,#6589));
#1356=EDGE_LOOP('',(#6590,#6591,#6592,#6593));
#1357=EDGE_LOOP('',(#6594,#6595,#6596,#6597));
#1358=EDGE_LOOP('',(#6598,#6599,#6600,#6601));
#1359=EDGE_LOOP('',(#6602,#6603,#6604,#6605));
#1360=EDGE_LOOP('',(#6606,#6607,#6608,#6609));
#1361=EDGE_LOOP('',(#6610,#6611,#6612,#6613));
#1362=EDGE_LOOP('',(#6614,#6615,#6616,#6617));
#1363=EDGE_LOOP('',(#6618,#6619,#6620,#6621));
#1364=EDGE_LOOP('',(#6622,#6623,#6624,#6625,#6626,#6627,#6628,#6629,#6630,
#6631,#6632,#6633));
#1365=EDGE_LOOP('',(#6634,#6635,#6636,#6637));
#1366=EDGE_LOOP('',(#6638,#6639,#6640,#6641));
#1367=EDGE_LOOP('',(#6642,#6643,#6644,#6645));
#1368=EDGE_LOOP('',(#6646,#6647,#6648,#6649));
#1369=EDGE_LOOP('',(#6650,#6651,#6652,#6653));
#1370=EDGE_LOOP('',(#6654,#6655,#6656,#6657));
#1371=EDGE_LOOP('',(#6658,#6659,#6660,#6661));
#1372=EDGE_LOOP('',(#6662,#6663,#6664,#6665));
#1373=EDGE_LOOP('',(#6666,#6667,#6668,#6669));
#1374=EDGE_LOOP('',(#6670,#6671,#6672,#6673));
#1375=EDGE_LOOP('',(#6674,#6675,#6676,#6677));
#1376=EDGE_LOOP('',(#6678,#6679,#6680,#6681));
#1377=EDGE_LOOP('',(#6682,#6683,#6684,#6685,#6686,#6687,#6688,#6689,#6690,
#6691,#6692,#6693));
#1378=EDGE_LOOP('',(#6694,#6695,#6696,#6697));
#1379=EDGE_LOOP('',(#6698,#6699,#6700,#6701));
#1380=EDGE_LOOP('',(#6702,#6703,#6704,#6705));
#1381=EDGE_LOOP('',(#6706,#6707,#6708,#6709));
#1382=EDGE_LOOP('',(#6710,#6711,#6712,#6713));
#1383=EDGE_LOOP('',(#6714,#6715,#6716,#6717));
#1384=EDGE_LOOP('',(#6718,#6719,#6720,#6721));
#1385=EDGE_LOOP('',(#6722,#6723,#6724,#6725));
#1386=EDGE_LOOP('',(#6726,#6727,#6728,#6729));
#1387=EDGE_LOOP('',(#6730,#6731,#6732,#6733));
#1388=EDGE_LOOP('',(#6734,#6735,#6736,#6737));
#1389=EDGE_LOOP('',(#6738,#6739,#6740,#6741));
#1390=EDGE_LOOP('',(#6742,#6743,#6744,#6745,#6746,#6747,#6748,#6749,#6750,
#6751,#6752,#6753));
#1391=EDGE_LOOP('',(#6754,#6755,#6756,#6757));
#1392=EDGE_LOOP('',(#6758,#6759,#6760,#6761));
#1393=EDGE_LOOP('',(#6762,#6763,#6764,#6765));
#1394=EDGE_LOOP('',(#6766,#6767,#6768,#6769));
#1395=EDGE_LOOP('',(#6770,#6771,#6772,#6773));
#1396=EDGE_LOOP('',(#6774,#6775,#6776,#6777));
#1397=EDGE_LOOP('',(#6778,#6779,#6780,#6781));
#1398=EDGE_LOOP('',(#6782,#6783,#6784,#6785));
#1399=EDGE_LOOP('',(#6786,#6787,#6788,#6789));
#1400=EDGE_LOOP('',(#6790,#6791,#6792,#6793));
#1401=EDGE_LOOP('',(#6794,#6795,#6796,#6797));
#1402=EDGE_LOOP('',(#6798,#6799,#6800,#6801,#6802,#6803,#6804,#6805));
#1403=EDGE_LOOP('',(#6806,#6807,#6808));
#1404=EDGE_LOOP('',(#6809,#6810,#6811,#6812));
#1405=EDGE_LOOP('',(#6813,#6814,#6815,#6816));
#1406=EDGE_LOOP('',(#6817,#6818,#6819,#6820));
#1407=EDGE_LOOP('',(#6821,#6822,#6823,#6824));
#1408=EDGE_LOOP('',(#6825,#6826,#6827,#6828));
#1409=EDGE_LOOP('',(#6829,#6830,#6831,#6832));
#1410=EDGE_LOOP('',(#6833,#6834,#6835,#6836));
#1411=EDGE_LOOP('',(#6837,#6838,#6839,#6840));
#1412=EDGE_LOOP('',(#6841,#6842,#6843,#6844));
#1413=EDGE_LOOP('',(#6845,#6846,#6847,#6848));
#1414=EDGE_LOOP('',(#6849,#6850,#6851,#6852));
#1415=EDGE_LOOP('',(#6853,#6854,#6855,#6856));
#1416=EDGE_LOOP('',(#6857,#6858,#6859,#6860));
#1417=EDGE_LOOP('',(#6861,#6862,#6863,#6864));
#1418=EDGE_LOOP('',(#6865,#6866,#6867,#6868));
#1419=EDGE_LOOP('',(#6869,#6870,#6871,#6872));
#1420=EDGE_LOOP('',(#6873,#6874,#6875,#6876));
#1421=EDGE_LOOP('',(#6877,#6878,#6879,#6880));
#1422=EDGE_LOOP('',(#6881,#6882,#6883,#6884));
#1423=EDGE_LOOP('',(#6885,#6886,#6887,#6888));
#1424=EDGE_LOOP('',(#6889,#6890,#6891,#6892));
#1425=EDGE_LOOP('',(#6893,#6894,#6895,#6896));
#1426=EDGE_LOOP('',(#6897,#6898,#6899,#6900));
#1427=EDGE_LOOP('',(#6901,#6902,#6903,#6904));
#1428=EDGE_LOOP('',(#6905,#6906,#6907,#6908));
#1429=EDGE_LOOP('',(#6909,#6910,#6911,#6912));
#1430=EDGE_LOOP('',(#6913,#6914,#6915,#6916));
#1431=EDGE_LOOP('',(#6917,#6918,#6919,#6920));
#1432=EDGE_LOOP('',(#6921,#6922,#6923,#6924));
#1433=EDGE_LOOP('',(#6925,#6926,#6927,#6928,#6929,#6930,#6931,#6932,#6933,
#6934,#6935,#6936,#6937,#6938,#6939,#6940,#6941,#6942,#6943,#6944,#6945,
#6946,#6947,#6948,#6949,#6950,#6951,#6952,#6953));
#1434=EDGE_LOOP('',(#6954,#6955,#6956));
#1435=EDGE_LOOP('',(#6957,#6958,#6959,#6960,#6961,#6962,#6963,#6964));
#1436=EDGE_LOOP('',(#6965,#6966,#6967,#6968));
#1437=EDGE_LOOP('',(#6969,#6970,#6971,#6972));
#1438=EDGE_LOOP('',(#6973,#6974,#6975,#6976));
#1439=EDGE_LOOP('',(#6977,#6978,#6979,#6980));
#1440=EDGE_LOOP('',(#6981,#6982,#6983,#6984));
#1441=EDGE_LOOP('',(#6985,#6986,#6987,#6988));
#1442=EDGE_LOOP('',(#6989,#6990,#6991,#6992));
#1443=EDGE_LOOP('',(#6993,#6994,#6995,#6996));
#1444=EDGE_LOOP('',(#6997,#6998,#6999,#7000));
#1445=EDGE_LOOP('',(#7001,#7002,#7003,#7004));
#1446=EDGE_LOOP('',(#7005,#7006,#7007,#7008));
#1447=EDGE_LOOP('',(#7009,#7010,#7011,#7012));
#1448=EDGE_LOOP('',(#7013,#7014,#7015,#7016));
#1449=EDGE_LOOP('',(#7017,#7018,#7019,#7020));
#1450=EDGE_LOOP('',(#7021,#7022,#7023,#7024));
#1451=EDGE_LOOP('',(#7025,#7026,#7027,#7028));
#1452=EDGE_LOOP('',(#7029,#7030,#7031,#7032));
#1453=EDGE_LOOP('',(#7033,#7034,#7035,#7036));
#1454=EDGE_LOOP('',(#7037,#7038,#7039,#7040));
#1455=EDGE_LOOP('',(#7041,#7042,#7043,#7044));
#1456=EDGE_LOOP('',(#7045,#7046,#7047,#7048));
#1457=EDGE_LOOP('',(#7049,#7050,#7051,#7052));
#1458=EDGE_LOOP('',(#7053,#7054,#7055,#7056));
#1459=EDGE_LOOP('',(#7057,#7058,#7059,#7060));
#1460=EDGE_LOOP('',(#7061,#7062,#7063,#7064));
#1461=EDGE_LOOP('',(#7065,#7066,#7067,#7068));
#1462=EDGE_LOOP('',(#7069,#7070,#7071,#7072));
#1463=EDGE_LOOP('',(#7073,#7074,#7075,#7076));
#1464=EDGE_LOOP('',(#7077,#7078,#7079,#7080));
#1465=EDGE_LOOP('',(#7081,#7082,#7083,#7084));
#1466=EDGE_LOOP('',(#7085,#7086,#7087,#7088,#7089,#7090,#7091,#7092,#7093,
#7094,#7095,#7096,#7097,#7098,#7099,#7100,#7101,#7102,#7103,#7104,#7105,
#7106,#7107));
#1467=EDGE_LOOP('',(#7108,#7109,#7110,#7111));
#1468=EDGE_LOOP('',(#7112,#7113,#7114,#7115));
#1469=EDGE_LOOP('',(#7116,#7117,#7118,#7119));
#1470=EDGE_LOOP('',(#7120));
#1471=EDGE_LOOP('',(#7121,#7122,#7123,#7124,#7125,#7126,#7127,#7128));
#1472=EDGE_LOOP('',(#7129));
#1473=EDGE_LOOP('',(#7130));
#1474=EDGE_LOOP('',(#7131));
#1475=EDGE_LOOP('',(#7132));
#1476=EDGE_LOOP('',(#7133));
#1477=EDGE_LOOP('',(#7134,#7135,#7136,#7137,#7138,#7139,#7140,#7141,#7142,
#7143,#7144,#7145,#7146,#7147,#7148,#7149,#7150,#7151,#7152,#7153,#7154,
#7155,#7156,#7157,#7158,#7159,#7160,#7161,#7162));
#1478=EDGE_LOOP('',(#7163,#7164,#7165,#7166,#7167,#7168,#7169,#7170));
#1479=EDGE_LOOP('',(#7171,#7172,#7173,#7174,#7175,#7176,#7177,#7178,#7179,
#7180,#7181,#7182));
#1480=EDGE_LOOP('',(#7183,#7184,#7185,#7186,#7187,#7188,#7189,#7190,#7191,
#7192,#7193,#7194));
#1481=EDGE_LOOP('',(#7195,#7196,#7197,#7198,#7199,#7200,#7201,#7202,#7203,
#7204,#7205,#7206));
#1482=EDGE_LOOP('',(#7207,#7208,#7209,#7210,#7211,#7212,#7213,#7214,#7215));
#1483=EDGE_LOOP('',(#7216,#7217,#7218,#7219,#7220,#7221,#7222,#7223,#7224));
#1484=EDGE_LOOP('',(#7225,#7226,#7227,#7228,#7229,#7230,#7231,#7232,#7233,
#7234,#7235,#7236,#7237,#7238,#7239,#7240,#7241,#7242,#7243));
#1485=EDGE_LOOP('',(#7244,#7245,#7246,#7247,#7248,#7249,#7250,#7251,#7252));
#1486=EDGE_LOOP('',(#7253,#7254,#7255,#7256,#7257,#7258,#7259,#7260,#7261,
#7262));
#1487=EDGE_LOOP('',(#7263,#7264,#7265,#7266,#7267,#7268,#7269,#7270,#7271,
#7272,#7273,#7274,#7275,#7276,#7277,#7278,#7279,#7280,#7281,#7282,#7283));
#1488=EDGE_LOOP('',(#7284,#7285,#7286,#7287));
#1489=EDGE_LOOP('',(#7288,#7289,#7290,#7291));
#1490=EDGE_LOOP('',(#7292,#7293,#7294,#7295));
#1491=EDGE_LOOP('',(#7296,#7297,#7298,#7299));
#1492=EDGE_LOOP('',(#7300,#7301,#7302,#7303));
#1493=EDGE_LOOP('',(#7304,#7305,#7306,#7307));
#1494=EDGE_LOOP('',(#7308,#7309,#7310,#7311));
#1495=EDGE_LOOP('',(#7312,#7313,#7314,#7315));
#1496=EDGE_LOOP('',(#7316,#7317,#7318,#7319));
#1497=EDGE_LOOP('',(#7320,#7321,#7322,#7323));
#1498=EDGE_LOOP('',(#7324,#7325,#7326,#7327));
#1499=EDGE_LOOP('',(#7328,#7329,#7330,#7331));
#1500=EDGE_LOOP('',(#7332,#7333,#7334,#7335));
#1501=EDGE_LOOP('',(#7336,#7337,#7338,#7339));
#1502=EDGE_LOOP('',(#7340,#7341,#7342,#7343));
#1503=EDGE_LOOP('',(#7344,#7345,#7346,#7347));
#1504=EDGE_LOOP('',(#7348,#7349,#7350,#7351));
#1505=EDGE_LOOP('',(#7352,#7353,#7354,#7355));
#1506=EDGE_LOOP('',(#7356,#7357,#7358,#7359));
#1507=EDGE_LOOP('',(#7360,#7361,#7362,#7363));
#1508=EDGE_LOOP('',(#7364,#7365,#7366,#7367));
#1509=EDGE_LOOP('',(#7368,#7369,#7370,#7371));
#1510=EDGE_LOOP('',(#7372,#7373,#7374,#7375));
#1511=EDGE_LOOP('',(#7376,#7377,#7378,#7379));
#1512=EDGE_LOOP('',(#7380,#7381,#7382,#7383));
#1513=EDGE_LOOP('',(#7384,#7385,#7386,#7387));
#1514=EDGE_LOOP('',(#7388,#7389,#7390,#7391));
#1515=EDGE_LOOP('',(#7392,#7393,#7394,#7395));
#1516=EDGE_LOOP('',(#7396,#7397,#7398,#7399));
#1517=EDGE_LOOP('',(#7400,#7401,#7402,#7403));
#1518=EDGE_LOOP('',(#7404,#7405,#7406,#7407,#7408));
#1519=EDGE_LOOP('',(#7409,#7410,#7411,#7412));
#1520=EDGE_LOOP('',(#7413,#7414,#7415,#7416));
#1521=EDGE_LOOP('',(#7417,#7418,#7419,#7420));
#1522=EDGE_LOOP('',(#7421,#7422,#7423,#7424));
#1523=EDGE_LOOP('',(#7425,#7426,#7427,#7428));
#1524=EDGE_LOOP('',(#7429,#7430,#7431,#7432));
#1525=EDGE_LOOP('',(#7433,#7434,#7435,#7436));
#1526=EDGE_LOOP('',(#7437,#7438,#7439,#7440));
#1527=EDGE_LOOP('',(#7441,#7442,#7443,#7444));
#1528=EDGE_LOOP('',(#7445,#7446,#7447,#7448));
#1529=EDGE_LOOP('',(#7449,#7450,#7451,#7452));
#1530=EDGE_LOOP('',(#7453,#7454,#7455,#7456));
#1531=EDGE_LOOP('',(#7457,#7458,#7459,#7460));
#1532=EDGE_LOOP('',(#7461,#7462,#7463,#7464));
#1533=EDGE_LOOP('',(#7465,#7466,#7467,#7468));
#1534=EDGE_LOOP('',(#7469,#7470,#7471,#7472));
#1535=EDGE_LOOP('',(#7473,#7474,#7475,#7476));
#1536=EDGE_LOOP('',(#7477,#7478,#7479,#7480));
#1537=EDGE_LOOP('',(#7481,#7482,#7483,#7484));
#1538=EDGE_LOOP('',(#7485,#7486,#7487,#7488,#7489,#7490,#7491,#7492,#7493,
#7494,#7495,#7496,#7497,#7498,#7499,#7500,#7501,#7502,#7503,#7504,#7505,
#7506,#7507,#7508));
#1539=EDGE_LOOP('',(#7509));
#1540=EDGE_LOOP('',(#7510));
#1541=EDGE_LOOP('',(#7511));
#1542=EDGE_LOOP('',(#7512));
#1543=EDGE_LOOP('',(#7513));
#1544=EDGE_LOOP('',(#7514,#7515,#7516,#7517,#7518,#7519,#7520,#7521));
#1545=EDGE_LOOP('',(#7522));
#1546=EDGE_LOOP('',(#7523,#7524,#7525,#7526));
#1547=EDGE_LOOP('',(#7527,#7528,#7529,#7530));
#1548=EDGE_LOOP('',(#7531,#7532,#7533,#7534));
#1549=EDGE_LOOP('',(#7535,#7536,#7537,#7538));
#1550=EDGE_LOOP('',(#7539,#7540,#7541,#7542));
#1551=EDGE_LOOP('',(#7543,#7544,#7545,#7546));
#1552=EDGE_LOOP('',(#7547,#7548,#7549,#7550));
#1553=EDGE_LOOP('',(#7551,#7552,#7553,#7554));
#1554=EDGE_LOOP('',(#7555,#7556,#7557,#7558));
#1555=EDGE_LOOP('',(#7559,#7560,#7561,#7562,#7563));
#1556=EDGE_LOOP('',(#7564,#7565,#7566,#7567));
#1557=EDGE_LOOP('',(#7568,#7569,#7570,#7571));
#1558=EDGE_LOOP('',(#7572,#7573,#7574,#7575));
#1559=EDGE_LOOP('',(#7576,#7577,#7578,#7579));
#1560=EDGE_LOOP('',(#7580,#7581,#7582,#7583));
#1561=EDGE_LOOP('',(#7584,#7585,#7586,#7587));
#1562=EDGE_LOOP('',(#7588,#7589,#7590,#7591));
#1563=EDGE_LOOP('',(#7592,#7593,#7594,#7595));
#1564=EDGE_LOOP('',(#7596,#7597,#7598,#7599));
#1565=EDGE_LOOP('',(#7600,#7601,#7602,#7603));
#1566=EDGE_LOOP('',(#7604,#7605,#7606,#7607));
#1567=EDGE_LOOP('',(#7608,#7609,#7610,#7611));
#1568=EDGE_LOOP('',(#7612,#7613,#7614,#7615));
#1569=EDGE_LOOP('',(#7616,#7617,#7618,#7619));
#1570=EDGE_LOOP('',(#7620,#7621,#7622,#7623));
#1571=EDGE_LOOP('',(#7624,#7625,#7626,#7627));
#1572=EDGE_LOOP('',(#7628,#7629,#7630,#7631));
#1573=EDGE_LOOP('',(#7632,#7633,#7634,#7635));
#1574=EDGE_LOOP('',(#7636,#7637,#7638,#7639));
#1575=EDGE_LOOP('',(#7640,#7641,#7642,#7643));
#1576=EDGE_LOOP('',(#7644,#7645,#7646,#7647));
#1577=EDGE_LOOP('',(#7648,#7649,#7650,#7651));
#1578=EDGE_LOOP('',(#7652,#7653,#7654,#7655));
#1579=EDGE_LOOP('',(#7656,#7657,#7658,#7659));
#1580=EDGE_LOOP('',(#7660,#7661,#7662,#7663));
#1581=EDGE_LOOP('',(#7664,#7665,#7666,#7667));
#1582=EDGE_LOOP('',(#7668,#7669,#7670,#7671));
#1583=EDGE_LOOP('',(#7672,#7673,#7674,#7675));
#1584=EDGE_LOOP('',(#7676,#7677,#7678,#7679));
#1585=EDGE_LOOP('',(#7680,#7681,#7682,#7683));
#1586=EDGE_LOOP('',(#7684,#7685,#7686,#7687));
#1587=EDGE_LOOP('',(#7688,#7689,#7690,#7691,#7692,#7693,#7694,#7695,#7696,
#7697,#7698,#7699,#7700,#7701,#7702,#7703,#7704,#7705,#7706,#7707,#7708,
#7709,#7710,#7711,#7712,#7713,#7714,#7715,#7716,#7717));
#1588=EDGE_LOOP('',(#7718));
#1589=EDGE_LOOP('',(#7719));
#1590=EDGE_LOOP('',(#7720));
#1591=EDGE_LOOP('',(#7721));
#1592=EDGE_LOOP('',(#7722));
#1593=EDGE_LOOP('',(#7723));
#1594=EDGE_LOOP('',(#7724,#7725,#7726,#7727,#7728,#7729,#7730,#7731,#7732,
#7733,#7734,#7735,#7736,#7737,#7738,#7739,#7740,#7741,#7742,#7743,#7744,
#7745,#7746));
#1595=EDGE_LOOP('',(#7747));
#1596=EDGE_LOOP('',(#7748));
#1597=EDGE_LOOP('',(#7749,#7750,#7751,#7752));
#1598=EDGE_LOOP('',(#7753,#7754,#7755,#7756));
#1599=EDGE_LOOP('',(#7757,#7758,#7759,#7760));
#1600=EDGE_LOOP('',(#7761,#7762,#7763,#7764));
#1601=EDGE_LOOP('',(#7765,#7766,#7767,#7768));
#1602=EDGE_LOOP('',(#7769,#7770,#7771,#7772));
#1603=EDGE_LOOP('',(#7773,#7774,#7775,#7776));
#1604=EDGE_LOOP('',(#7777,#7778,#7779,#7780));
#1605=EDGE_LOOP('',(#7781,#7782,#7783,#7784,#7785,#7786,#7787,#7788,#7789,
#7790,#7791,#7792,#7793,#7794,#7795,#7796,#7797,#7798,#7799,#7800,#7801,
#7802,#7803,#7804,#7805,#7806,#7807,#7808));
#1606=EDGE_LOOP('',(#7809));
#1607=EDGE_LOOP('',(#7810));
#1608=EDGE_LOOP('',(#7811,#7812,#7813,#7814,#7815,#7816,#7817,#7818,#7819,
#7820,#7821,#7822,#7823,#7824,#7825,#7826,#7827,#7828,#7829,#7830,#7831,
#7832,#7833,#7834));
#1609=EDGE_LOOP('',(#7835));
#1610=EDGE_LOOP('',(#7836));
#1611=EDGE_LOOP('',(#7837));
#1612=EDGE_LOOP('',(#7838));
#1613=EDGE_LOOP('',(#7839));
#1614=EDGE_LOOP('',(#7840));
#1615=EDGE_LOOP('',(#7841,#7842,#7843,#7844));
#1616=EDGE_LOOP('',(#7845,#7846,#7847,#7848));
#1617=EDGE_LOOP('',(#7849,#7850,#7851,#7852));
#1618=EDGE_LOOP('',(#7853,#7854,#7855,#7856));
#1619=EDGE_LOOP('',(#7857,#7858,#7859,#7860));
#1620=EDGE_LOOP('',(#7861,#7862,#7863,#7864));
#1621=EDGE_LOOP('',(#7865,#7866,#7867,#7868));
#1622=EDGE_LOOP('',(#7869,#7870,#7871,#7872));
#1623=EDGE_LOOP('',(#7873,#7874,#7875,#7876));
#1624=EDGE_LOOP('',(#7877,#7878,#7879,#7880));
#1625=EDGE_LOOP('',(#7881,#7882,#7883,#7884));
#1626=EDGE_LOOP('',(#7885,#7886,#7887,#7888));
#1627=EDGE_LOOP('',(#7889,#7890,#7891,#7892));
#1628=EDGE_LOOP('',(#7893,#7894,#7895,#7896));
#1629=EDGE_LOOP('',(#7897,#7898,#7899,#7900));
#1630=EDGE_LOOP('',(#7901,#7902,#7903));
#1631=EDGE_LOOP('',(#7904,#7905,#7906));
#1632=EDGE_LOOP('',(#7907,#7908,#7909,#7910));
#1633=EDGE_LOOP('',(#7911,#7912,#7913,#7914));
#1634=EDGE_LOOP('',(#7915,#7916,#7917,#7918));
#1635=EDGE_LOOP('',(#7919,#7920,#7921,#7922));
#1636=EDGE_LOOP('',(#7923,#7924,#7925,#7926));
#1637=EDGE_LOOP('',(#7927,#7928,#7929,#7930));
#1638=EDGE_LOOP('',(#7931,#7932,#7933,#7934));
#1639=EDGE_LOOP('',(#7935,#7936,#7937,#7938));
#1640=EDGE_LOOP('',(#7939,#7940,#7941,#7942));
#1641=EDGE_LOOP('',(#7943,#7944,#7945,#7946));
#1642=EDGE_LOOP('',(#7947,#7948,#7949,#7950));
#1643=EDGE_LOOP('',(#7951,#7952,#7953,#7954));
#1644=EDGE_LOOP('',(#7955,#7956,#7957,#7958));
#1645=EDGE_LOOP('',(#7959,#7960,#7961,#7962));
#1646=EDGE_LOOP('',(#7963,#7964,#7965,#7966));
#1647=EDGE_LOOP('',(#7967,#7968,#7969,#7970));
#1648=EDGE_LOOP('',(#7971,#7972,#7973,#7974));
#1649=EDGE_LOOP('',(#7975,#7976,#7977,#7978));
#1650=EDGE_LOOP('',(#7979,#7980,#7981,#7982));
#1651=EDGE_LOOP('',(#7983,#7984,#7985,#7986));
#1652=EDGE_LOOP('',(#7987,#7988,#7989,#7990));
#1653=EDGE_LOOP('',(#7991,#7992,#7993,#7994));
#1654=EDGE_LOOP('',(#7995,#7996,#7997,#7998));
#1655=EDGE_LOOP('',(#7999,#8000,#8001,#8002));
#1656=EDGE_LOOP('',(#8003,#8004,#8005,#8006));
#1657=EDGE_LOOP('',(#8007,#8008,#8009,#8010));
#1658=EDGE_LOOP('',(#8011,#8012,#8013,#8014));
#1659=EDGE_LOOP('',(#8015,#8016,#8017,#8018));
#1660=LINE('',#11706,#2380);
#1661=LINE('',#11709,#2381);
#1662=LINE('',#11712,#2382);
#1663=LINE('',#11714,#2383);
#1664=LINE('',#11715,#2384);
#1665=LINE('',#11721,#2385);
#1666=LINE('',#11724,#2386);
#1667=LINE('',#11726,#2387);
#1668=LINE('',#11728,#2388);
#1669=LINE('',#11732,#2389);
#1670=LINE('',#11736,#2390);
#1671=LINE('',#11737,#2391);
#1672=LINE('',#11741,#2392);
#1673=LINE('',#11744,#2393);
#1674=LINE('',#11745,#2394);
#1675=LINE('',#11749,#2395);
#1676=LINE('',#11754,#2396);
#1677=LINE('',#11760,#2397);
#1678=LINE('',#11766,#2398);
#1679=LINE('',#11772,#2399);
#1680=LINE('',#11778,#2400);
#1681=LINE('',#11784,#2401);
#1682=LINE('',#11790,#2402);
#1683=LINE('',#11796,#2403);
#1684=LINE('',#11810,#2404);
#1685=LINE('',#11814,#2405);
#1686=LINE('',#11817,#2406);
#1687=LINE('',#11831,#2407);
#1688=LINE('',#11832,#2408);
#1689=LINE('',#11843,#2409);
#1690=LINE('',#11844,#2410);
#1691=LINE('',#11855,#2411);
#1692=LINE('',#11856,#2412);
#1693=LINE('',#11867,#2413);
#1694=LINE('',#11868,#2414);
#1695=LINE('',#11879,#2415);
#1696=LINE('',#11880,#2416);
#1697=LINE('',#11891,#2417);
#1698=LINE('',#11892,#2418);
#1699=LINE('',#11903,#2419);
#1700=LINE('',#11904,#2420);
#1701=LINE('',#11915,#2421);
#1702=LINE('',#11916,#2422);
#1703=LINE('',#11927,#2423);
#1704=LINE('',#11928,#2424);
#1705=LINE('',#11939,#2425);
#1706=LINE('',#11940,#2426);
#1707=LINE('',#11951,#2427);
#1708=LINE('',#11952,#2428);
#1709=LINE('',#11972,#2429);
#1710=LINE('',#11973,#2430);
#1711=LINE('',#11981,#2431);
#1712=LINE('',#11982,#2432);
#1713=LINE('',#11987,#2433);
#1714=LINE('',#11989,#2434);
#1715=LINE('',#11996,#2435);
#1716=LINE('',#11999,#2436);
#1717=LINE('',#12002,#2437);
#1718=LINE('',#12003,#2438);
#1719=LINE('',#12006,#2439);
#1720=LINE('',#12010,#2440);
#1721=LINE('',#12011,#2441);
#1722=LINE('',#12014,#2442);
#1723=LINE('',#12018,#2443);
#1724=LINE('',#12019,#2444);
#1725=LINE('',#12022,#2445);
#1726=LINE('',#12026,#2446);
#1727=LINE('',#12027,#2447);
#1728=LINE('',#12030,#2448);
#1729=LINE('',#12034,#2449);
#1730=LINE('',#12035,#2450);
#1731=LINE('',#12038,#2451);
#1732=LINE('',#12042,#2452);
#1733=LINE('',#12043,#2453);
#1734=LINE('',#12046,#2454);
#1735=LINE('',#12050,#2455);
#1736=LINE('',#12054,#2456);
#1737=LINE('',#12055,#2457);
#1738=LINE('',#12061,#2458);
#1739=LINE('',#12068,#2459);
#1740=LINE('',#12075,#2460);
#1741=LINE('',#12082,#2461);
#1742=LINE('',#12089,#2462);
#1743=LINE('',#12096,#2463);
#1744=LINE('',#12103,#2464);
#1745=LINE('',#12110,#2465);
#1746=LINE('',#12115,#2466);
#1747=LINE('',#12121,#2467);
#1748=LINE('',#12125,#2468);
#1749=LINE('',#12129,#2469);
#1750=LINE('',#12133,#2470);
#1751=LINE('',#12137,#2471);
#1752=LINE('',#12141,#2472);
#1753=LINE('',#12144,#2473);
#1754=LINE('',#12146,#2474);
#1755=LINE('',#12148,#2475);
#1756=LINE('',#12152,#2476);
#1757=LINE('',#12156,#2477);
#1758=LINE('',#12160,#2478);
#1759=LINE('',#12164,#2479);
#1760=LINE('',#12168,#2480);
#1761=LINE('',#12172,#2481);
#1762=LINE('',#12176,#2482);
#1763=LINE('',#12180,#2483);
#1764=LINE('',#12184,#2484);
#1765=LINE('',#12189,#2485);
#1766=LINE('',#12191,#2486);
#1767=LINE('',#12196,#2487);
#1768=LINE('',#12203,#2488);
#1769=LINE('',#12210,#2489);
#1770=LINE('',#12217,#2490);
#1771=LINE('',#12224,#2491);
#1772=LINE('',#12231,#2492);
#1773=LINE('',#12238,#2493);
#1774=LINE('',#12245,#2494);
#1775=LINE('',#12252,#2495);
#1776=LINE('',#12253,#2496);
#1777=LINE('',#12256,#2497);
#1778=LINE('',#12257,#2498);
#1779=LINE('',#12261,#2499);
#1780=LINE('',#12264,#2500);
#1781=LINE('',#12265,#2501);
#1782=LINE('',#12268,#2502);
#1783=LINE('',#12271,#2503);
#1784=LINE('',#12273,#2504);
#1785=LINE('',#12276,#2505);
#1786=LINE('',#12280,#2506);
#1787=LINE('',#12283,#2507);
#1788=LINE('',#12287,#2508);
#1789=LINE('',#12291,#2509);
#1790=LINE('',#12295,#2510);
#1791=LINE('',#12299,#2511);
#1792=LINE('',#12303,#2512);
#1793=LINE('',#12306,#2513);
#1794=LINE('',#12308,#2514);
#1795=LINE('',#12310,#2515);
#1796=LINE('',#12312,#2516);
#1797=LINE('',#12313,#2517);
#1798=LINE('',#12316,#2518);
#1799=LINE('',#12319,#2519);
#1800=LINE('',#12321,#2520);
#1801=LINE('',#12322,#2521);
#1802=LINE('',#12324,#2522);
#1803=LINE('',#12326,#2523);
#1804=LINE('',#12327,#2524);
#1805=LINE('',#12330,#2525);
#1806=LINE('',#12332,#2526);
#1807=LINE('',#12333,#2527);
#1808=LINE('',#12335,#2528);
#1809=LINE('',#12337,#2529);
#1810=LINE('',#12339,#2530);
#1811=LINE('',#12340,#2531);
#1812=LINE('',#12342,#2532);
#1813=LINE('',#12344,#2533);
#1814=LINE('',#12346,#2534);
#1815=LINE('',#12349,#2535);
#1816=LINE('',#12350,#2536);
#1817=LINE('',#12353,#2537);
#1818=LINE('',#12376,#2538);
#1819=LINE('',#12383,#2539);
#1820=LINE('',#12401,#2540);
#1821=LINE('',#12424,#2541);
#1822=LINE('',#12447,#2542);
#1823=LINE('',#12470,#2543);
#1824=LINE('',#12493,#2544);
#1825=LINE('',#12516,#2545);
#1826=LINE('',#12539,#2546);
#1827=LINE('',#12547,#2547);
#1828=LINE('',#12549,#2548);
#1829=LINE('',#12550,#2549);
#1830=LINE('',#12568,#2550);
#1831=LINE('',#12591,#2551);
#1832=LINE('',#12614,#2552);
#1833=LINE('',#12637,#2553);
#1834=LINE('',#12660,#2554);
#1835=LINE('',#12683,#2555);
#1836=LINE('',#12706,#2556);
#1837=LINE('',#12729,#2557);
#1838=LINE('',#12752,#2558);
#1839=LINE('',#12775,#2559);
#1840=LINE('',#12783,#2560);
#1841=LINE('',#12785,#2561);
#1842=LINE('',#12786,#2562);
#1843=LINE('',#12811,#2563);
#1844=LINE('',#12813,#2564);
#1845=LINE('',#12815,#2565);
#1846=LINE('',#12816,#2566);
#1847=LINE('',#12819,#2567);
#1848=LINE('',#12821,#2568);
#1849=LINE('',#12822,#2569);
#1850=LINE('',#12825,#2570);
#1851=LINE('',#12827,#2571);
#1852=LINE('',#12828,#2572);
#1853=LINE('',#12831,#2573);
#1854=LINE('',#12833,#2574);
#1855=LINE('',#12834,#2575);
#1856=LINE('',#12837,#2576);
#1857=LINE('',#12839,#2577);
#1858=LINE('',#12840,#2578);
#1859=LINE('',#12843,#2579);
#1860=LINE('',#12845,#2580);
#1861=LINE('',#12846,#2581);
#1862=LINE('',#12849,#2582);
#1863=LINE('',#12851,#2583);
#1864=LINE('',#12852,#2584);
#1865=LINE('',#12855,#2585);
#1866=LINE('',#12857,#2586);
#1867=LINE('',#12858,#2587);
#1868=LINE('',#12861,#2588);
#1869=LINE('',#12863,#2589);
#1870=LINE('',#12864,#2590);
#1871=LINE('',#12866,#2591);
#1872=LINE('',#12867,#2592);
#1873=LINE('',#12887,#2593);
#1874=LINE('',#12894,#2594);
#1875=LINE('',#12912,#2595);
#1876=LINE('',#12935,#2596);
#1877=LINE('',#12943,#2597);
#1878=LINE('',#12945,#2598);
#1879=LINE('',#12946,#2599);
#1880=LINE('',#12964,#2600);
#1881=LINE('',#12987,#2601);
#1882=LINE('',#13010,#2602);
#1883=LINE('',#13033,#2603);
#1884=LINE('',#13040,#2604);
#1885=LINE('',#13041,#2605);
#1886=LINE('',#13046,#2606);
#1887=LINE('',#13048,#2607);
#1888=LINE('',#13050,#2608);
#1889=LINE('',#13051,#2609);
#1890=LINE('',#13069,#2610);
#1891=LINE('',#13092,#2611);
#1892=LINE('',#13115,#2612);
#1893=LINE('',#13138,#2613);
#1894=LINE('',#13161,#2614);
#1895=LINE('',#13169,#2615);
#1896=LINE('',#13171,#2616);
#1897=LINE('',#13172,#2617);
#1898=LINE('',#13174,#2618);
#1899=LINE('',#13175,#2619);
#1900=LINE('',#13179,#2620);
#1901=LINE('',#13181,#2621);
#1902=LINE('',#13183,#2622);
#1903=LINE('',#13184,#2623);
#1904=LINE('',#13187,#2624);
#1905=LINE('',#13189,#2625);
#1906=LINE('',#13190,#2626);
#1907=LINE('',#13208,#2627);
#1908=LINE('',#13231,#2628);
#1909=LINE('',#13239,#2629);
#1910=LINE('',#13241,#2630);
#1911=LINE('',#13242,#2631);
#1912=LINE('',#13245,#2632);
#1913=LINE('',#13247,#2633);
#1914=LINE('',#13248,#2634);
#1915=LINE('',#13251,#2635);
#1916=LINE('',#13253,#2636);
#1917=LINE('',#13254,#2637);
#1918=LINE('',#13272,#2638);
#1919=LINE('',#13295,#2639);
#1920=LINE('',#13318,#2640);
#1921=LINE('',#13341,#2641);
#1922=LINE('',#13364,#2642);
#1923=LINE('',#13387,#2643);
#1924=LINE('',#13410,#2644);
#1925=LINE('',#13433,#2645);
#1926=LINE('',#13456,#2646);
#1927=LINE('',#13464,#2647);
#1928=LINE('',#13466,#2648);
#1929=LINE('',#13467,#2649);
#1930=LINE('',#13470,#2650);
#1931=LINE('',#13472,#2651);
#1932=LINE('',#13473,#2652);
#1933=LINE('',#13475,#2653);
#1934=LINE('',#13476,#2654);
#1935=LINE('',#13496,#2655);
#1936=LINE('',#13503,#2656);
#1937=LINE('',#13521,#2657);
#1938=LINE('',#13544,#2658);
#1939=LINE('',#13552,#2659);
#1940=LINE('',#13554,#2660);
#1941=LINE('',#13555,#2661);
#1942=LINE('',#13573,#2662);
#1943=LINE('',#13596,#2663);
#1944=LINE('',#13619,#2664);
#1945=LINE('',#13642,#2665);
#1946=LINE('',#13649,#2666);
#1947=LINE('',#13650,#2667);
#1948=LINE('',#13670,#2668);
#1949=LINE('',#13677,#2669);
#1950=LINE('',#13695,#2670);
#1951=LINE('',#13718,#2671);
#1952=LINE('',#13726,#2672);
#1953=LINE('',#13728,#2673);
#1954=LINE('',#13729,#2674);
#1955=LINE('',#13747,#2675);
#1956=LINE('',#13770,#2676);
#1957=LINE('',#13793,#2677);
#1958=LINE('',#13816,#2678);
#1959=LINE('',#13823,#2679);
#1960=LINE('',#13824,#2680);
#1961=LINE('',#13829,#2681);
#1962=LINE('',#13831,#2682);
#1963=LINE('',#13833,#2683);
#1964=LINE('',#13834,#2684);
#1965=LINE('',#13837,#2685);
#1966=LINE('',#13839,#2686);
#1967=LINE('',#13840,#2687);
#1968=LINE('',#13843,#2688);
#1969=LINE('',#13845,#2689);
#1970=LINE('',#13846,#2690);
#1971=LINE('',#13849,#2691);
#1972=LINE('',#13851,#2692);
#1973=LINE('',#13852,#2693);
#1974=LINE('',#13855,#2694);
#1975=LINE('',#13857,#2695);
#1976=LINE('',#13858,#2696);
#1977=LINE('',#13861,#2697);
#1978=LINE('',#13863,#2698);
#1979=LINE('',#13864,#2699);
#1980=LINE('',#13867,#2700);
#1981=LINE('',#13869,#2701);
#1982=LINE('',#13870,#2702);
#1983=LINE('',#13873,#2703);
#1984=LINE('',#13875,#2704);
#1985=LINE('',#13876,#2705);
#1986=LINE('',#13879,#2706);
#1987=LINE('',#13881,#2707);
#1988=LINE('',#13882,#2708);
#1989=LINE('',#13885,#2709);
#1990=LINE('',#13887,#2710);
#1991=LINE('',#13888,#2711);
#1992=LINE('',#13891,#2712);
#1993=LINE('',#13893,#2713);
#1994=LINE('',#13894,#2714);
#1995=LINE('',#13896,#2715);
#1996=LINE('',#13897,#2716);
#1997=LINE('',#13902,#2717);
#1998=LINE('',#13904,#2718);
#1999=LINE('',#13906,#2719);
#2000=LINE('',#13907,#2720);
#2001=LINE('',#13910,#2721);
#2002=LINE('',#13912,#2722);
#2003=LINE('',#13913,#2723);
#2004=LINE('',#13916,#2724);
#2005=LINE('',#13918,#2725);
#2006=LINE('',#13919,#2726);
#2007=LINE('',#13922,#2727);
#2008=LINE('',#13924,#2728);
#2009=LINE('',#13925,#2729);
#2010=LINE('',#13928,#2730);
#2011=LINE('',#13930,#2731);
#2012=LINE('',#13931,#2732);
#2013=LINE('',#13934,#2733);
#2014=LINE('',#13936,#2734);
#2015=LINE('',#13937,#2735);
#2016=LINE('',#13940,#2736);
#2017=LINE('',#13942,#2737);
#2018=LINE('',#13943,#2738);
#2019=LINE('',#13946,#2739);
#2020=LINE('',#13948,#2740);
#2021=LINE('',#13949,#2741);
#2022=LINE('',#13952,#2742);
#2023=LINE('',#13954,#2743);
#2024=LINE('',#13955,#2744);
#2025=LINE('',#13958,#2745);
#2026=LINE('',#13960,#2746);
#2027=LINE('',#13961,#2747);
#2028=LINE('',#13964,#2748);
#2029=LINE('',#13966,#2749);
#2030=LINE('',#13967,#2750);
#2031=LINE('',#13969,#2751);
#2032=LINE('',#13970,#2752);
#2033=LINE('',#13975,#2753);
#2034=LINE('',#13977,#2754);
#2035=LINE('',#13979,#2755);
#2036=LINE('',#13980,#2756);
#2037=LINE('',#13983,#2757);
#2038=LINE('',#13985,#2758);
#2039=LINE('',#13986,#2759);
#2040=LINE('',#13989,#2760);
#2041=LINE('',#13991,#2761);
#2042=LINE('',#13992,#2762);
#2043=LINE('',#13995,#2763);
#2044=LINE('',#13997,#2764);
#2045=LINE('',#13998,#2765);
#2046=LINE('',#14001,#2766);
#2047=LINE('',#14003,#2767);
#2048=LINE('',#14004,#2768);
#2049=LINE('',#14007,#2769);
#2050=LINE('',#14009,#2770);
#2051=LINE('',#14010,#2771);
#2052=LINE('',#14013,#2772);
#2053=LINE('',#14015,#2773);
#2054=LINE('',#14016,#2774);
#2055=LINE('',#14019,#2775);
#2056=LINE('',#14021,#2776);
#2057=LINE('',#14022,#2777);
#2058=LINE('',#14025,#2778);
#2059=LINE('',#14027,#2779);
#2060=LINE('',#14028,#2780);
#2061=LINE('',#14031,#2781);
#2062=LINE('',#14033,#2782);
#2063=LINE('',#14034,#2783);
#2064=LINE('',#14037,#2784);
#2065=LINE('',#14039,#2785);
#2066=LINE('',#14040,#2786);
#2067=LINE('',#14042,#2787);
#2068=LINE('',#14043,#2788);
#2069=LINE('',#14048,#2789);
#2070=LINE('',#14050,#2790);
#2071=LINE('',#14052,#2791);
#2072=LINE('',#14053,#2792);
#2073=LINE('',#14056,#2793);
#2074=LINE('',#14058,#2794);
#2075=LINE('',#14059,#2795);
#2076=LINE('',#14061,#2796);
#2077=LINE('',#14062,#2797);
#2078=LINE('',#14066,#2798);
#2079=LINE('',#14068,#2799);
#2080=LINE('',#14070,#2800);
#2081=LINE('',#14071,#2801);
#2082=LINE('',#14074,#2802);
#2083=LINE('',#14076,#2803);
#2084=LINE('',#14077,#2804);
#2085=LINE('',#14080,#2805);
#2086=LINE('',#14082,#2806);
#2087=LINE('',#14083,#2807);
#2088=LINE('',#14086,#2808);
#2089=LINE('',#14088,#2809);
#2090=LINE('',#14089,#2810);
#2091=LINE('',#14092,#2811);
#2092=LINE('',#14094,#2812);
#2093=LINE('',#14095,#2813);
#2094=LINE('',#14098,#2814);
#2095=LINE('',#14100,#2815);
#2096=LINE('',#14101,#2816);
#2097=LINE('',#14104,#2817);
#2098=LINE('',#14106,#2818);
#2099=LINE('',#14107,#2819);
#2100=LINE('',#14109,#2820);
#2101=LINE('',#14110,#2821);
#2102=LINE('',#14130,#2822);
#2103=LINE('',#14137,#2823);
#2104=LINE('',#14155,#2824);
#2105=LINE('',#14178,#2825);
#2106=LINE('',#14201,#2826);
#2107=LINE('',#14224,#2827);
#2108=LINE('',#14247,#2828);
#2109=LINE('',#14270,#2829);
#2110=LINE('',#14293,#2830);
#2111=LINE('',#14316,#2831);
#2112=LINE('',#14339,#2832);
#2113=LINE('',#14362,#2833);
#2114=LINE('',#14385,#2834);
#2115=LINE('',#14408,#2835);
#2116=LINE('',#14416,#2836);
#2117=LINE('',#14418,#2837);
#2118=LINE('',#14419,#2838);
#2119=LINE('',#14437,#2839);
#2120=LINE('',#14460,#2840);
#2121=LINE('',#14483,#2841);
#2122=LINE('',#14506,#2842);
#2123=LINE('',#14529,#2843);
#2124=LINE('',#14552,#2844);
#2125=LINE('',#14575,#2845);
#2126=LINE('',#14598,#2846);
#2127=LINE('',#14621,#2847);
#2128=LINE('',#14644,#2848);
#2129=LINE('',#14667,#2849);
#2130=LINE('',#14690,#2850);
#2131=LINE('',#14713,#2851);
#2132=LINE('',#14721,#2852);
#2133=LINE('',#14723,#2853);
#2134=LINE('',#14724,#2854);
#2135=LINE('',#14751,#2855);
#2136=LINE('',#14753,#2856);
#2137=LINE('',#14755,#2857);
#2138=LINE('',#14756,#2858);
#2139=LINE('',#14759,#2859);
#2140=LINE('',#14761,#2860);
#2141=LINE('',#14762,#2861);
#2142=LINE('',#14765,#2862);
#2143=LINE('',#14767,#2863);
#2144=LINE('',#14768,#2864);
#2145=LINE('',#14770,#2865);
#2146=LINE('',#14771,#2866);
#2147=LINE('',#14775,#2867);
#2148=LINE('',#14777,#2868);
#2149=LINE('',#14779,#2869);
#2150=LINE('',#14780,#2870);
#2151=LINE('',#14783,#2871);
#2152=LINE('',#14785,#2872);
#2153=LINE('',#14786,#2873);
#2154=LINE('',#14789,#2874);
#2155=LINE('',#14791,#2875);
#2156=LINE('',#14792,#2876);
#2157=LINE('',#14794,#2877);
#2158=LINE('',#14795,#2878);
#2159=LINE('',#14799,#2879);
#2160=LINE('',#14801,#2880);
#2161=LINE('',#14803,#2881);
#2162=LINE('',#14804,#2882);
#2163=LINE('',#14807,#2883);
#2164=LINE('',#14809,#2884);
#2165=LINE('',#14810,#2885);
#2166=LINE('',#14813,#2886);
#2167=LINE('',#14815,#2887);
#2168=LINE('',#14816,#2888);
#2169=LINE('',#14818,#2889);
#2170=LINE('',#14819,#2890);
#2171=LINE('',#14824,#2891);
#2172=LINE('',#14830,#2892);
#2173=LINE('',#14836,#2893);
#2174=LINE('',#14842,#2894);
#2175=LINE('',#14848,#2895);
#2176=LINE('',#14854,#2896);
#2177=LINE('',#14869,#2897);
#2178=LINE('',#14870,#2898);
#2179=LINE('',#14881,#2899);
#2180=LINE('',#14882,#2900);
#2181=LINE('',#14893,#2901);
#2182=LINE('',#14894,#2902);
#2183=LINE('',#14902,#2903);
#2184=LINE('',#14903,#2904);
#2185=LINE('',#14906,#2905);
#2186=LINE('',#14908,#2906);
#2187=LINE('',#14909,#2907);
#2188=LINE('',#14912,#2908);
#2189=LINE('',#14916,#2909);
#2190=LINE('',#14917,#2910);
#2191=LINE('',#14920,#2911);
#2192=LINE('',#14927,#2912);
#2193=LINE('',#14933,#2913);
#2194=LINE('',#14937,#2914);
#2195=LINE('',#14941,#2915);
#2196=LINE('',#14945,#2916);
#2197=LINE('',#14949,#2917);
#2198=LINE('',#14953,#2918);
#2199=LINE('',#14957,#2919);
#2200=LINE('',#14961,#2920);
#2201=LINE('',#14965,#2921);
#2202=LINE('',#14968,#2922);
#2203=LINE('',#14978,#2923);
#2204=LINE('',#14986,#2924);
#2205=LINE('',#14994,#2925);
#2206=LINE('',#15002,#2926);
#2207=LINE('',#15010,#2927);
#2208=LINE('',#15018,#2928);
#2209=LINE('',#15026,#2929);
#2210=LINE('',#15034,#2930);
#2211=LINE('',#15042,#2931);
#2212=LINE('',#15050,#2932);
#2213=LINE('',#15060,#2933);
#2214=LINE('',#15063,#2934);
#2215=LINE('',#15066,#2935);
#2216=LINE('',#15069,#2936);
#2217=LINE('',#15070,#2937);
#2218=LINE('',#15073,#2938);
#2219=LINE('',#15077,#2939);
#2220=LINE('',#15078,#2940);
#2221=LINE('',#15081,#2941);
#2222=LINE('',#15085,#2942);
#2223=LINE('',#15086,#2943);
#2224=LINE('',#15089,#2944);
#2225=LINE('',#15093,#2945);
#2226=LINE('',#15095,#2946);
#2227=LINE('',#15096,#2947);
#2228=LINE('',#15099,#2948);
#2229=LINE('',#15103,#2949);
#2230=LINE('',#15107,#2950);
#2231=LINE('',#15108,#2951);
#2232=LINE('',#15111,#2952);
#2233=LINE('',#15115,#2953);
#2234=LINE('',#15118,#2954);
#2235=LINE('',#15121,#2955);
#2236=LINE('',#15122,#2956);
#2237=LINE('',#15124,#2957);
#2238=LINE('',#15129,#2958);
#2239=LINE('',#15132,#2959);
#2240=LINE('',#15135,#2960);
#2241=LINE('',#15136,#2961);
#2242=LINE('',#15140,#2962);
#2243=LINE('',#15143,#2963);
#2244=LINE('',#15144,#2964);
#2245=LINE('',#15148,#2965);
#2246=LINE('',#15151,#2966);
#2247=LINE('',#15152,#2967);
#2248=LINE('',#15155,#2968);
#2249=LINE('',#15159,#2969);
#2250=LINE('',#15162,#2970);
#2251=LINE('',#15164,#2971);
#2252=LINE('',#15166,#2972);
#2253=LINE('',#15168,#2973);
#2254=LINE('',#15173,#2974);
#2255=LINE('',#15175,#2975);
#2256=LINE('',#15177,#2976);
#2257=LINE('',#15178,#2977);
#2258=LINE('',#15182,#2978);
#2259=LINE('',#15184,#2979);
#2260=LINE('',#15186,#2980);
#2261=LINE('',#15187,#2981);
#2262=LINE('',#15191,#2982);
#2263=LINE('',#15193,#2983);
#2264=LINE('',#15195,#2984);
#2265=LINE('',#15196,#2985);
#2266=LINE('',#15200,#2986);
#2267=LINE('',#15202,#2987);
#2268=LINE('',#15204,#2988);
#2269=LINE('',#15205,#2989);
#2270=LINE('',#15211,#2990);
#2271=LINE('',#15215,#2991);
#2272=LINE('',#15219,#2992);
#2273=LINE('',#15224,#2993);
#2274=LINE('',#15225,#2994);
#2275=LINE('',#15227,#2995);
#2276=LINE('',#15228,#2996);
#2277=LINE('',#15236,#2997);
#2278=LINE('',#15241,#2998);
#2279=LINE('',#15242,#2999);
#2280=LINE('',#15243,#3000);
#2281=LINE('',#15250,#3001);
#2282=LINE('',#15252,#3002);
#2283=LINE('',#15254,#3003);
#2284=LINE('',#15255,#3004);
#2285=LINE('',#15260,#3005);
#2286=LINE('',#15265,#3006);
#2287=LINE('',#15267,#3007);
#2288=LINE('',#15269,#3008);
#2289=LINE('',#15270,#3009);
#2290=LINE('',#15275,#3010);
#2291=LINE('',#15280,#3011);
#2292=LINE('',#15282,#3012);
#2293=LINE('',#15284,#3013);
#2294=LINE('',#15285,#3014);
#2295=LINE('',#15292,#3015);
#2296=LINE('',#15293,#3016);
#2297=LINE('',#15294,#3017);
#2298=LINE('',#15301,#3018);
#2299=LINE('',#15302,#3019);
#2300=LINE('',#15303,#3020);
#2301=LINE('',#15309,#3021);
#2302=LINE('',#15313,#3022);
#2303=LINE('',#15314,#3023);
#2304=LINE('',#15315,#3024);
#2305=LINE('',#15322,#3025);
#2306=LINE('',#15324,#3026);
#2307=LINE('',#15326,#3027);
#2308=LINE('',#15327,#3028);
#2309=LINE('',#15332,#3029);
#2310=LINE('',#15339,#3030);
#2311=LINE('',#15345,#3031);
#2312=LINE('',#15348,#3032);
#2313=LINE('',#15350,#3033);
#2314=LINE('',#15351,#3034);
#2315=LINE('',#15356,#3035);
#2316=LINE('',#15362,#3036);
#2317=LINE('',#15366,#3037);
#2318=LINE('',#15368,#3038);
#2319=LINE('',#15369,#3039);
#2320=LINE('',#15374,#3040);
#2321=LINE('',#15378,#3041);
#2322=LINE('',#15380,#3042);
#2323=LINE('',#15381,#3043);
#2324=LINE('',#15388,#3044);
#2325=LINE('',#15389,#3045);
#2326=LINE('',#15390,#3046);
#2327=LINE('',#15396,#3047);
#2328=LINE('',#15398,#3048);
#2329=LINE('',#15399,#3049);
#2330=LINE('',#15408,#3050);
#2331=LINE('',#15412,#3051);
#2332=LINE('',#15416,#3052);
#2333=LINE('',#15420,#3053);
#2334=LINE('',#15425,#3054);
#2335=LINE('',#15429,#3055);
#2336=LINE('',#15432,#3056);
#2337=LINE('',#15452,#3057);
#2338=LINE('',#15456,#3058);
#2339=LINE('',#15460,#3059);
#2340=LINE('',#15464,#3060);
#2341=LINE('',#15468,#3061);
#2342=LINE('',#15472,#3062);
#2343=LINE('',#15476,#3063);
#2344=LINE('',#15480,#3064);
#2345=LINE('',#15486,#3065);
#2346=LINE('',#15490,#3066);
#2347=LINE('',#15494,#3067);
#2348=LINE('',#15498,#3068);
#2349=LINE('',#15502,#3069);
#2350=LINE('',#15506,#3070);
#2351=LINE('',#15510,#3071);
#2352=LINE('',#15514,#3072);
#2353=LINE('',#15518,#3073);
#2354=LINE('',#15522,#3074);
#2355=LINE('',#15526,#3075);
#2356=LINE('',#15530,#3076);
#2357=LINE('',#15534,#3077);
#2358=LINE('',#15537,#3078);
#2359=LINE('',#15540,#3079);
#2360=LINE('',#15541,#3080);
#2361=LINE('',#15545,#3081);
#2362=LINE('',#15549,#3082);
#2363=LINE('',#15552,#3083);
#2364=LINE('',#15553,#3084);
#2365=LINE('',#15557,#3085);
#2366=LINE('',#15560,#3086);
#2367=LINE('',#15561,#3087);
#2368=LINE('',#15565,#3088);
#2369=LINE('',#15568,#3089);
#2370=LINE('',#15569,#3090);
#2371=LINE('',#15573,#3091);
#2372=LINE('',#15576,#3092);
#2373=LINE('',#15577,#3093);
#2374=LINE('',#15581,#3094);
#2375=LINE('',#15584,#3095);
#2376=LINE('',#15585,#3096);
#2377=LINE('',#15589,#3097);
#2378=LINE('',#15592,#3098);
#2379=LINE('',#15593,#3099);
#2380=VECTOR('',#9451,10.);
#2381=VECTOR('',#9454,10.);
#2382=VECTOR('',#9457,10.);
#2383=VECTOR('',#9458,10.);
#2384=VECTOR('',#9459,10.);
#2385=VECTOR('',#9464,10.);
#2386=VECTOR('',#9467,10.);
#2387=VECTOR('',#9470,10.);
#2388=VECTOR('',#9471,10.);
#2389=VECTOR('',#9474,10.);
#2390=VECTOR('',#9479,10.);
#2391=VECTOR('',#9480,10.);
#2392=VECTOR('',#9485,10.);
#2393=VECTOR('',#9488,10.);
#2394=VECTOR('',#9489,10.);
#2395=VECTOR('',#9496,10.);
#2396=VECTOR('',#9501,1.21916683035945);
#2397=VECTOR('',#9508,1.21916683035945);
#2398=VECTOR('',#9515,1.21916683035945);
#2399=VECTOR('',#9522,1.21916683035945);
#2400=VECTOR('',#9529,1.21916683035945);
#2401=VECTOR('',#9536,1.21916683035945);
#2402=VECTOR('',#9543,1.21916683035945);
#2403=VECTOR('',#9550,1.21916683035945);
#2404=VECTOR('',#9555,10.);
#2405=VECTOR('',#9558,10.);
#2406=VECTOR('',#9561,10.);
#2407=VECTOR('',#9576,10.);
#2408=VECTOR('',#9577,10.);
#2409=VECTOR('',#9590,10.);
#2410=VECTOR('',#9591,10.);
#2411=VECTOR('',#9604,10.);
#2412=VECTOR('',#9605,10.);
#2413=VECTOR('',#9618,10.);
#2414=VECTOR('',#9619,10.);
#2415=VECTOR('',#9632,10.);
#2416=VECTOR('',#9633,10.);
#2417=VECTOR('',#9646,10.);
#2418=VECTOR('',#9647,10.);
#2419=VECTOR('',#9660,10.);
#2420=VECTOR('',#9661,10.);
#2421=VECTOR('',#9674,10.);
#2422=VECTOR('',#9675,10.);
#2423=VECTOR('',#9688,10.);
#2424=VECTOR('',#9689,10.);
#2425=VECTOR('',#9702,10.);
#2426=VECTOR('',#9703,10.);
#2427=VECTOR('',#9716,10.);
#2428=VECTOR('',#9717,10.);
#2429=VECTOR('',#9740,10.);
#2430=VECTOR('',#9741,10.);
#2431=VECTOR('',#9752,10.);
#2432=VECTOR('',#9753,10.);
#2433=VECTOR('',#9758,10.);
#2434=VECTOR('',#9761,10.);
#2435=VECTOR('',#9772,10.);
#2436=VECTOR('',#9775,10.);
#2437=VECTOR('',#9778,10.);
#2438=VECTOR('',#9779,10.);
#2439=VECTOR('',#9782,10.);
#2440=VECTOR('',#9787,10.);
#2441=VECTOR('',#9788,10.);
#2442=VECTOR('',#9791,10.);
#2443=VECTOR('',#9796,10.);
#2444=VECTOR('',#9797,10.);
#2445=VECTOR('',#9800,10.);
#2446=VECTOR('',#9805,10.);
#2447=VECTOR('',#9806,10.);
#2448=VECTOR('',#9809,10.);
#2449=VECTOR('',#9814,10.);
#2450=VECTOR('',#9815,10.);
#2451=VECTOR('',#9818,10.);
#2452=VECTOR('',#9823,10.);
#2453=VECTOR('',#9824,10.);
#2454=VECTOR('',#9827,1.00000000000001);
#2455=VECTOR('',#9832,1.00000000000001);
#2456=VECTOR('',#9837,10.);
#2457=VECTOR('',#9838,10.);
#2458=VECTOR('',#9845,1.00000000000001);
#2459=VECTOR('',#9854,0.999999999999996);
#2460=VECTOR('',#9863,0.999999999999979);
#2461=VECTOR('',#9872,0.999999999999979);
#2462=VECTOR('',#9881,0.999999999999996);
#2463=VECTOR('',#9890,0.999999999999996);
#2464=VECTOR('',#9899,0.999999999999996);
#2465=VECTOR('',#9908,1.04999999999999);
#2466=VECTOR('',#9915,10.);
#2467=VECTOR('',#9922,10.);
#2468=VECTOR('',#9925,10.);
#2469=VECTOR('',#9928,10.);
#2470=VECTOR('',#9931,10.);
#2471=VECTOR('',#9934,10.);
#2472=VECTOR('',#9937,10.);
#2473=VECTOR('',#9940,10.);
#2474=VECTOR('',#9941,10.);
#2475=VECTOR('',#9942,10.);
#2476=VECTOR('',#9945,10.);
#2477=VECTOR('',#9948,10.);
#2478=VECTOR('',#9951,10.);
#2479=VECTOR('',#9954,10.);
#2480=VECTOR('',#9957,10.);
#2481=VECTOR('',#9960,10.);
#2482=VECTOR('',#9963,10.);
#2483=VECTOR('',#9966,10.);
#2484=VECTOR('',#9969,10.);
#2485=VECTOR('',#9976,1.);
#2486=VECTOR('',#9979,10.);
#2487=VECTOR('',#9984,1.05);
#2488=VECTOR('',#9993,1.05);
#2489=VECTOR('',#10002,1.05);
#2490=VECTOR('',#10011,1.05);
#2491=VECTOR('',#10020,2.5);
#2492=VECTOR('',#10029,2.5);
#2493=VECTOR('',#10038,2.50000000000002);
#2494=VECTOR('',#10047,2.5);
#2495=VECTOR('',#10056,10.);
#2496=VECTOR('',#10057,10.);
#2497=VECTOR('',#10060,10.);
#2498=VECTOR('',#10061,10.);
#2499=VECTOR('',#10066,10.);
#2500=VECTOR('',#10069,10.);
#2501=VECTOR('',#10070,10.);
#2502=VECTOR('',#10073,3.);
#2503=VECTOR('',#10076,3.);
#2504=VECTOR('',#10079,10.);
#2505=VECTOR('',#10082,10.);
#2506=VECTOR('',#10085,10.);
#2507=VECTOR('',#10088,10.);
#2508=VECTOR('',#10091,10.);
#2509=VECTOR('',#10094,10.);
#2510=VECTOR('',#10097,10.);
#2511=VECTOR('',#10100,10.);
#2512=VECTOR('',#10103,10.);
#2513=VECTOR('',#10108,10.);
#2514=VECTOR('',#10111,10.);
#2515=VECTOR('',#10114,10.);
#2516=VECTOR('',#10117,10.);
#2517=VECTOR('',#10118,10.);
#2518=VECTOR('',#10123,10.);
#2519=VECTOR('',#10128,10.);
#2520=VECTOR('',#10131,10.);
#2521=VECTOR('',#10132,10.);
#2522=VECTOR('',#10135,10.);
#2523=VECTOR('',#10138,10.);
#2524=VECTOR('',#10139,10.);
#2525=VECTOR('',#10144,10.);
#2526=VECTOR('',#10147,10.);
#2527=VECTOR('',#10148,10.);
#2528=VECTOR('',#10151,10.);
#2529=VECTOR('',#10154,10.);
#2530=VECTOR('',#10157,10.);
#2531=VECTOR('',#10158,10.);
#2532=VECTOR('',#10161,10.);
#2533=VECTOR('',#10164,10.);
#2534=VECTOR('',#10167,10.);
#2535=VECTOR('',#10172,10.);
#2536=VECTOR('',#10173,10.);
#2537=VECTOR('',#10178,10.);
#2538=VECTOR('',#10187,10.);
#2539=VECTOR('',#10188,10.);
#2540=VECTOR('',#10189,10.);
#2541=VECTOR('',#10190,10.);
#2542=VECTOR('',#10191,10.);
#2543=VECTOR('',#10192,10.);
#2544=VECTOR('',#10193,10.);
#2545=VECTOR('',#10194,10.);
#2546=VECTOR('',#10195,10.);
#2547=VECTOR('',#10198,10.);
#2548=VECTOR('',#10199,10.);
#2549=VECTOR('',#10200,10.);
#2550=VECTOR('',#10201,10.);
#2551=VECTOR('',#10202,10.);
#2552=VECTOR('',#10203,10.);
#2553=VECTOR('',#10204,10.);
#2554=VECTOR('',#10205,10.);
#2555=VECTOR('',#10206,10.);
#2556=VECTOR('',#10207,10.);
#2557=VECTOR('',#10208,10.);
#2558=VECTOR('',#10209,10.);
#2559=VECTOR('',#10210,10.);
#2560=VECTOR('',#10213,10.);
#2561=VECTOR('',#10214,10.);
#2562=VECTOR('',#10215,10.);
#2563=VECTOR('',#10220,10.);
#2564=VECTOR('',#10221,10.);
#2565=VECTOR('',#10222,10.);
#2566=VECTOR('',#10223,10.);
#2567=VECTOR('',#10226,10.);
#2568=VECTOR('',#10227,10.);
#2569=VECTOR('',#10228,10.);
#2570=VECTOR('',#10231,10.);
#2571=VECTOR('',#10232,10.);
#2572=VECTOR('',#10233,10.);
#2573=VECTOR('',#10236,10.);
#2574=VECTOR('',#10237,10.);
#2575=VECTOR('',#10238,10.);
#2576=VECTOR('',#10241,10.);
#2577=VECTOR('',#10242,10.);
#2578=VECTOR('',#10243,10.);
#2579=VECTOR('',#10246,10.);
#2580=VECTOR('',#10247,10.);
#2581=VECTOR('',#10248,10.);
#2582=VECTOR('',#10251,10.);
#2583=VECTOR('',#10252,10.);
#2584=VECTOR('',#10253,10.);
#2585=VECTOR('',#10256,10.);
#2586=VECTOR('',#10257,10.);
#2587=VECTOR('',#10258,10.);
#2588=VECTOR('',#10261,10.);
#2589=VECTOR('',#10262,10.);
#2590=VECTOR('',#10263,10.);
#2591=VECTOR('',#10266,10.);
#2592=VECTOR('',#10267,10.);
#2593=VECTOR('',#10270,10.);
#2594=VECTOR('',#10271,10.);
#2595=VECTOR('',#10272,10.);
#2596=VECTOR('',#10273,10.);
#2597=VECTOR('',#10276,10.);
#2598=VECTOR('',#10277,10.);
#2599=VECTOR('',#10278,10.);
#2600=VECTOR('',#10279,10.);
#2601=VECTOR('',#10280,10.);
#2602=VECTOR('',#10281,10.);
#2603=VECTOR('',#10282,10.);
#2604=VECTOR('',#10285,10.);
#2605=VECTOR('',#10286,10.);
#2606=VECTOR('',#10291,10.);
#2607=VECTOR('',#10292,10.);
#2608=VECTOR('',#10293,10.);
#2609=VECTOR('',#10294,10.);
#2610=VECTOR('',#10295,10.);
#2611=VECTOR('',#10296,10.);
#2612=VECTOR('',#10297,10.);
#2613=VECTOR('',#10298,10.);
#2614=VECTOR('',#10299,10.);
#2615=VECTOR('',#10302,10.);
#2616=VECTOR('',#10303,10.);
#2617=VECTOR('',#10304,10.);
#2618=VECTOR('',#10307,10.);
#2619=VECTOR('',#10308,10.);
#2620=VECTOR('',#10311,10.);
#2621=VECTOR('',#10312,10.);
#2622=VECTOR('',#10313,10.);
#2623=VECTOR('',#10314,10.);
#2624=VECTOR('',#10317,10.);
#2625=VECTOR('',#10318,10.);
#2626=VECTOR('',#10319,10.);
#2627=VECTOR('',#10320,10.);
#2628=VECTOR('',#10321,10.);
#2629=VECTOR('',#10324,10.);
#2630=VECTOR('',#10325,10.);
#2631=VECTOR('',#10326,10.);
#2632=VECTOR('',#10329,10.);
#2633=VECTOR('',#10330,10.);
#2634=VECTOR('',#10331,10.);
#2635=VECTOR('',#10334,10.);
#2636=VECTOR('',#10335,10.);
#2637=VECTOR('',#10336,10.);
#2638=VECTOR('',#10337,10.);
#2639=VECTOR('',#10338,10.);
#2640=VECTOR('',#10339,10.);
#2641=VECTOR('',#10340,10.);
#2642=VECTOR('',#10341,10.);
#2643=VECTOR('',#10342,10.);
#2644=VECTOR('',#10343,10.);
#2645=VECTOR('',#10344,10.);
#2646=VECTOR('',#10345,10.);
#2647=VECTOR('',#10348,10.);
#2648=VECTOR('',#10349,10.);
#2649=VECTOR('',#10350,10.);
#2650=VECTOR('',#10353,10.);
#2651=VECTOR('',#10354,10.);
#2652=VECTOR('',#10355,10.);
#2653=VECTOR('',#10358,10.);
#2654=VECTOR('',#10359,10.);
#2655=VECTOR('',#10362,10.);
#2656=VECTOR('',#10363,10.);
#2657=VECTOR('',#10364,10.);
#2658=VECTOR('',#10365,10.);
#2659=VECTOR('',#10368,10.);
#2660=VECTOR('',#10369,10.);
#2661=VECTOR('',#10370,10.);
#2662=VECTOR('',#10371,10.);
#2663=VECTOR('',#10372,10.);
#2664=VECTOR('',#10373,10.);
#2665=VECTOR('',#10374,10.);
#2666=VECTOR('',#10377,10.);
#2667=VECTOR('',#10378,10.);
#2668=VECTOR('',#10381,10.);
#2669=VECTOR('',#10382,10.);
#2670=VECTOR('',#10383,10.);
#2671=VECTOR('',#10384,10.);
#2672=VECTOR('',#10387,10.);
#2673=VECTOR('',#10388,10.);
#2674=VECTOR('',#10389,10.);
#2675=VECTOR('',#10390,10.);
#2676=VECTOR('',#10391,10.);
#2677=VECTOR('',#10392,10.);
#2678=VECTOR('',#10393,10.);
#2679=VECTOR('',#10396,10.);
#2680=VECTOR('',#10397,10.);
#2681=VECTOR('',#10402,10.);
#2682=VECTOR('',#10403,10.);
#2683=VECTOR('',#10404,10.);
#2684=VECTOR('',#10405,10.);
#2685=VECTOR('',#10408,10.);
#2686=VECTOR('',#10409,10.);
#2687=VECTOR('',#10410,10.);
#2688=VECTOR('',#10413,10.);
#2689=VECTOR('',#10414,10.);
#2690=VECTOR('',#10415,10.);
#2691=VECTOR('',#10418,10.);
#2692=VECTOR('',#10419,10.);
#2693=VECTOR('',#10420,10.);
#2694=VECTOR('',#10423,10.);
#2695=VECTOR('',#10424,10.);
#2696=VECTOR('',#10425,10.);
#2697=VECTOR('',#10428,10.);
#2698=VECTOR('',#10429,10.);
#2699=VECTOR('',#10430,10.);
#2700=VECTOR('',#10433,10.);
#2701=VECTOR('',#10434,10.);
#2702=VECTOR('',#10435,10.);
#2703=VECTOR('',#10438,10.);
#2704=VECTOR('',#10439,10.);
#2705=VECTOR('',#10440,10.);
#2706=VECTOR('',#10443,10.);
#2707=VECTOR('',#10444,10.);
#2708=VECTOR('',#10445,10.);
#2709=VECTOR('',#10448,10.);
#2710=VECTOR('',#10449,10.);
#2711=VECTOR('',#10450,10.);
#2712=VECTOR('',#10453,10.);
#2713=VECTOR('',#10454,10.);
#2714=VECTOR('',#10455,10.);
#2715=VECTOR('',#10458,10.);
#2716=VECTOR('',#10459,10.);
#2717=VECTOR('',#10464,10.);
#2718=VECTOR('',#10465,10.);
#2719=VECTOR('',#10466,10.);
#2720=VECTOR('',#10467,10.);
#2721=VECTOR('',#10470,10.);
#2722=VECTOR('',#10471,10.);
#2723=VECTOR('',#10472,10.);
#2724=VECTOR('',#10475,10.);
#2725=VECTOR('',#10476,10.);
#2726=VECTOR('',#10477,10.);
#2727=VECTOR('',#10480,10.);
#2728=VECTOR('',#10481,10.);
#2729=VECTOR('',#10482,10.);
#2730=VECTOR('',#10485,10.);
#2731=VECTOR('',#10486,10.);
#2732=VECTOR('',#10487,10.);
#2733=VECTOR('',#10490,10.);
#2734=VECTOR('',#10491,10.);
#2735=VECTOR('',#10492,10.);
#2736=VECTOR('',#10495,10.);
#2737=VECTOR('',#10496,10.);
#2738=VECTOR('',#10497,10.);
#2739=VECTOR('',#10500,10.);
#2740=VECTOR('',#10501,10.);
#2741=VECTOR('',#10502,10.);
#2742=VECTOR('',#10505,10.);
#2743=VECTOR('',#10506,10.);
#2744=VECTOR('',#10507,10.);
#2745=VECTOR('',#10510,10.);
#2746=VECTOR('',#10511,10.);
#2747=VECTOR('',#10512,10.);
#2748=VECTOR('',#10515,10.);
#2749=VECTOR('',#10516,10.);
#2750=VECTOR('',#10517,10.);
#2751=VECTOR('',#10520,10.);
#2752=VECTOR('',#10521,10.);
#2753=VECTOR('',#10526,10.);
#2754=VECTOR('',#10527,10.);
#2755=VECTOR('',#10528,10.);
#2756=VECTOR('',#10529,10.);
#2757=VECTOR('',#10532,10.);
#2758=VECTOR('',#10533,10.);
#2759=VECTOR('',#10534,10.);
#2760=VECTOR('',#10537,10.);
#2761=VECTOR('',#10538,10.);
#2762=VECTOR('',#10539,10.);
#2763=VECTOR('',#10542,10.);
#2764=VECTOR('',#10543,10.);
#2765=VECTOR('',#10544,10.);
#2766=VECTOR('',#10547,10.);
#2767=VECTOR('',#10548,10.);
#2768=VECTOR('',#10549,10.);
#2769=VECTOR('',#10552,10.);
#2770=VECTOR('',#10553,10.);
#2771=VECTOR('',#10554,10.);
#2772=VECTOR('',#10557,10.);
#2773=VECTOR('',#10558,10.);
#2774=VECTOR('',#10559,10.);
#2775=VECTOR('',#10562,10.);
#2776=VECTOR('',#10563,10.);
#2777=VECTOR('',#10564,10.);
#2778=VECTOR('',#10567,10.);
#2779=VECTOR('',#10568,10.);
#2780=VECTOR('',#10569,10.);
#2781=VECTOR('',#10572,10.);
#2782=VECTOR('',#10573,10.);
#2783=VECTOR('',#10574,10.);
#2784=VECTOR('',#10577,10.);
#2785=VECTOR('',#10578,10.);
#2786=VECTOR('',#10579,10.);
#2787=VECTOR('',#10582,10.);
#2788=VECTOR('',#10583,10.);
#2789=VECTOR('',#10588,10.);
#2790=VECTOR('',#10589,10.);
#2791=VECTOR('',#10590,10.);
#2792=VECTOR('',#10591,10.);
#2793=VECTOR('',#10594,10.);
#2794=VECTOR('',#10595,10.);
#2795=VECTOR('',#10596,10.);
#2796=VECTOR('',#10599,10.);
#2797=VECTOR('',#10600,10.);
#2798=VECTOR('',#10603,10.);
#2799=VECTOR('',#10604,10.);
#2800=VECTOR('',#10605,10.);
#2801=VECTOR('',#10606,10.);
#2802=VECTOR('',#10609,10.);
#2803=VECTOR('',#10610,10.);
#2804=VECTOR('',#10611,10.);
#2805=VECTOR('',#10614,10.);
#2806=VECTOR('',#10615,10.);
#2807=VECTOR('',#10616,10.);
#2808=VECTOR('',#10619,10.);
#2809=VECTOR('',#10620,10.);
#2810=VECTOR('',#10621,10.);
#2811=VECTOR('',#10624,10.);
#2812=VECTOR('',#10625,10.);
#2813=VECTOR('',#10626,10.);
#2814=VECTOR('',#10629,10.);
#2815=VECTOR('',#10630,10.);
#2816=VECTOR('',#10631,10.);
#2817=VECTOR('',#10634,10.);
#2818=VECTOR('',#10635,10.);
#2819=VECTOR('',#10636,10.);
#2820=VECTOR('',#10639,10.);
#2821=VECTOR('',#10640,10.);
#2822=VECTOR('',#10643,10.);
#2823=VECTOR('',#10644,10.);
#2824=VECTOR('',#10645,10.);
#2825=VECTOR('',#10646,10.);
#2826=VECTOR('',#10647,10.);
#2827=VECTOR('',#10648,10.);
#2828=VECTOR('',#10649,10.);
#2829=VECTOR('',#10650,10.);
#2830=VECTOR('',#10651,10.);
#2831=VECTOR('',#10652,10.);
#2832=VECTOR('',#10653,10.);
#2833=VECTOR('',#10654,10.);
#2834=VECTOR('',#10655,10.);
#2835=VECTOR('',#10656,10.);
#2836=VECTOR('',#10659,10.);
#2837=VECTOR('',#10660,10.);
#2838=VECTOR('',#10661,10.);
#2839=VECTOR('',#10662,10.);
#2840=VECTOR('',#10663,10.);
#2841=VECTOR('',#10664,10.);
#2842=VECTOR('',#10665,10.);
#2843=VECTOR('',#10666,10.);
#2844=VECTOR('',#10667,10.);
#2845=VECTOR('',#10668,10.);
#2846=VECTOR('',#10669,10.);
#2847=VECTOR('',#10670,10.);
#2848=VECTOR('',#10671,10.);
#2849=VECTOR('',#10672,10.);
#2850=VECTOR('',#10673,10.);
#2851=VECTOR('',#10674,10.);
#2852=VECTOR('',#10677,10.);
#2853=VECTOR('',#10678,10.);
#2854=VECTOR('',#10679,10.);
#2855=VECTOR('',#10688,10.);
#2856=VECTOR('',#10689,10.);
#2857=VECTOR('',#10690,10.);
#2858=VECTOR('',#10691,10.);
#2859=VECTOR('',#10694,10.);
#2860=VECTOR('',#10695,10.);
#2861=VECTOR('',#10696,10.);
#2862=VECTOR('',#10699,10.);
#2863=VECTOR('',#10700,10.);
#2864=VECTOR('',#10701,10.);
#2865=VECTOR('',#10704,10.);
#2866=VECTOR('',#10705,10.);
#2867=VECTOR('',#10708,10.);
#2868=VECTOR('',#10709,10.);
#2869=VECTOR('',#10710,10.);
#2870=VECTOR('',#10711,10.);
#2871=VECTOR('',#10714,10.);
#2872=VECTOR('',#10715,10.);
#2873=VECTOR('',#10716,10.);
#2874=VECTOR('',#10719,10.);
#2875=VECTOR('',#10720,10.);
#2876=VECTOR('',#10721,10.);
#2877=VECTOR('',#10724,10.);
#2878=VECTOR('',#10725,10.);
#2879=VECTOR('',#10728,10.);
#2880=VECTOR('',#10729,10.);
#2881=VECTOR('',#10730,10.);
#2882=VECTOR('',#10731,10.);
#2883=VECTOR('',#10734,10.);
#2884=VECTOR('',#10735,10.);
#2885=VECTOR('',#10736,10.);
#2886=VECTOR('',#10739,10.);
#2887=VECTOR('',#10740,10.);
#2888=VECTOR('',#10741,10.);
#2889=VECTOR('',#10744,10.);
#2890=VECTOR('',#10745,10.);
#2891=VECTOR('',#10750,3.6206890804403);
#2892=VECTOR('',#10757,3.60555132919089);
#2893=VECTOR('',#10764,3.60555132919089);
#2894=VECTOR('',#10771,3.60555132919089);
#2895=VECTOR('',#10778,3.60555132919089);
#2896=VECTOR('',#10785,3.60555132919089);
#2897=VECTOR('',#10802,10.);
#2898=VECTOR('',#10803,10.);
#2899=VECTOR('',#10816,10.);
#2900=VECTOR('',#10817,10.);
#2901=VECTOR('',#10830,10.);
#2902=VECTOR('',#10831,10.);
#2903=VECTOR('',#10842,10.);
#2904=VECTOR('',#10843,10.);
#2905=VECTOR('',#10846,10.);
#2906=VECTOR('',#10847,10.);
#2907=VECTOR('',#10848,10.);
#2908=VECTOR('',#10851,10.);
#2909=VECTOR('',#10856,10.);
#2910=VECTOR('',#10857,10.);
#2911=VECTOR('',#10860,10.);
#2912=VECTOR('',#10867,10.);
#2913=VECTOR('',#10872,10.);
#2914=VECTOR('',#10875,10.);
#2915=VECTOR('',#10878,10.);
#2916=VECTOR('',#10881,10.);
#2917=VECTOR('',#10884,10.);
#2918=VECTOR('',#10887,10.);
#2919=VECTOR('',#10890,10.);
#2920=VECTOR('',#10893,10.);
#2921=VECTOR('',#10896,10.);
#2922=VECTOR('',#10899,10.);
#2923=VECTOR('',#10912,10.);
#2924=VECTOR('',#10923,10.);
#2925=VECTOR('',#10934,10.);
#2926=VECTOR('',#10945,10.);
#2927=VECTOR('',#10956,10.);
#2928=VECTOR('',#10967,10.);
#2929=VECTOR('',#10978,10.);
#2930=VECTOR('',#10989,10.);
#2931=VECTOR('',#11000,10.);
#2932=VECTOR('',#11011,10.);
#2933=VECTOR('',#11026,10.);
#2934=VECTOR('',#11029,10.);
#2935=VECTOR('',#11032,10.);
#2936=VECTOR('',#11035,10.);
#2937=VECTOR('',#11036,10.);
#2938=VECTOR('',#11039,10.);
#2939=VECTOR('',#11044,10.);
#2940=VECTOR('',#11045,10.);
#2941=VECTOR('',#11048,10.);
#2942=VECTOR('',#11053,10.);
#2943=VECTOR('',#11054,10.);
#2944=VECTOR('',#11057,10.);
#2945=VECTOR('',#11062,3.);
#2946=VECTOR('',#11063,10.);
#2947=VECTOR('',#11064,10.);
#2948=VECTOR('',#11067,3.);
#2949=VECTOR('',#11072,10.);
#2950=VECTOR('',#11077,10.);
#2951=VECTOR('',#11078,10.);
#2952=VECTOR('',#11081,10.);
#2953=VECTOR('',#11086,10.);
#2954=VECTOR('',#11089,10.);
#2955=VECTOR('',#11092,10.);
#2956=VECTOR('',#11093,10.);
#2957=VECTOR('',#11096,10.);
#2958=VECTOR('',#11103,10.);
#2959=VECTOR('',#11106,10.);
#2960=VECTOR('',#11109,10.);
#2961=VECTOR('',#11110,10.);
#2962=VECTOR('',#11115,10.);
#2963=VECTOR('',#11118,10.);
#2964=VECTOR('',#11119,10.);
#2965=VECTOR('',#11124,10.);
#2966=VECTOR('',#11127,10.);
#2967=VECTOR('',#11128,10.);
#2968=VECTOR('',#11131,10.);
#2969=VECTOR('',#11136,10.);
#2970=VECTOR('',#11139,10.);
#2971=VECTOR('',#11142,10.);
#2972=VECTOR('',#11145,10.);
#2973=VECTOR('',#11148,10.);
#2974=VECTOR('',#11153,10.);
#2975=VECTOR('',#11154,10.);
#2976=VECTOR('',#11155,10.);
#2977=VECTOR('',#11156,10.);
#2978=VECTOR('',#11159,10.);
#2979=VECTOR('',#11160,10.);
#2980=VECTOR('',#11161,10.);
#2981=VECTOR('',#11162,10.);
#2982=VECTOR('',#11165,10.);
#2983=VECTOR('',#11166,10.);
#2984=VECTOR('',#11167,10.);
#2985=VECTOR('',#11168,10.);
#2986=VECTOR('',#11171,10.);
#2987=VECTOR('',#11172,10.);
#2988=VECTOR('',#11173,10.);
#2989=VECTOR('',#11174,10.);
#2990=VECTOR('',#11181,10.);
#2991=VECTOR('',#11184,3.);
#2992=VECTOR('',#11187,10.);
#2993=VECTOR('',#11192,3.);
#2994=VECTOR('',#11193,10.);
#2995=VECTOR('',#11194,10.);
#2996=VECTOR('',#11195,10.);
#2997=VECTOR('',#11206,10.);
#2998=VECTOR('',#11211,10.);
#2999=VECTOR('',#11212,10.);
#3000=VECTOR('',#11213,10.);
#3001=VECTOR('',#11222,10.);
#3002=VECTOR('',#11223,10.);
#3003=VECTOR('',#11224,10.);
#3004=VECTOR('',#11225,10.);
#3005=VECTOR('',#11230,10.);
#3006=VECTOR('',#11235,10.);
#3007=VECTOR('',#11236,10.);
#3008=VECTOR('',#11237,10.);
#3009=VECTOR('',#11238,10.);
#3010=VECTOR('',#11243,10.);
#3011=VECTOR('',#11248,10.);
#3012=VECTOR('',#11249,10.);
#3013=VECTOR('',#11250,10.);
#3014=VECTOR('',#11251,10.);
#3015=VECTOR('',#11260,10.);
#3016=VECTOR('',#11261,10.);
#3017=VECTOR('',#11262,10.);
#3018=VECTOR('',#11271,10.);
#3019=VECTOR('',#11272,10.);
#3020=VECTOR('',#11273,10.);
#3021=VECTOR('',#11280,10.);
#3022=VECTOR('',#11283,10.);
#3023=VECTOR('',#11284,10.);
#3024=VECTOR('',#11285,10.);
#3025=VECTOR('',#11294,10.);
#3026=VECTOR('',#11295,10.);
#3027=VECTOR('',#11296,10.);
#3028=VECTOR('',#11297,10.);
#3029=VECTOR('',#11302,10.);
#3030=VECTOR('',#11311,0.999999999999996);
#3031=VECTOR('',#11318,0.999999999999996);
#3032=VECTOR('',#11321,10.);
#3033=VECTOR('',#11322,10.);
#3034=VECTOR('',#11323,10.);
#3035=VECTOR('',#11328,10.);
#3036=VECTOR('',#11335,10.);
#3037=VECTOR('',#11340,10.);
#3038=VECTOR('',#11341,10.);
#3039=VECTOR('',#11342,10.);
#3040=VECTOR('',#11347,10.);
#3041=VECTOR('',#11352,10.);
#3042=VECTOR('',#11353,10.);
#3043=VECTOR('',#11354,10.);
#3044=VECTOR('',#11363,10.);
#3045=VECTOR('',#11364,10.);
#3046=VECTOR('',#11365,10.);
#3047=VECTOR('',#11374,10.);
#3048=VECTOR('',#11375,10.);
#3049=VECTOR('',#11376,10.);
#3050=VECTOR('',#11387,10.);
#3051=VECTOR('',#11390,10.);
#3052=VECTOR('',#11393,10.);
#3053=VECTOR('',#11396,10.);
#3054=VECTOR('',#11401,10.);
#3055=VECTOR('',#11404,10.);
#3056=VECTOR('',#11407,10.);
#3057=VECTOR('',#11428,1.04999999999999);
#3058=VECTOR('',#11433,0.999999999999996);
#3059=VECTOR('',#11438,0.999999999999996);
#3060=VECTOR('',#11443,0.999999999999996);
#3061=VECTOR('',#11448,0.999999999999979);
#3062=VECTOR('',#11453,0.999999999999979);
#3063=VECTOR('',#11458,0.999999999999996);
#3064=VECTOR('',#11463,1.00000000000001);
#3065=VECTOR('',#11468,10.);
#3066=VECTOR('',#11471,10.);
#3067=VECTOR('',#11474,10.);
#3068=VECTOR('',#11477,10.);
#3069=VECTOR('',#11480,10.);
#3070=VECTOR('',#11483,10.);
#3071=VECTOR('',#11486,10.);
#3072=VECTOR('',#11489,10.);
#3073=VECTOR('',#11492,10.);
#3074=VECTOR('',#11495,10.);
#3075=VECTOR('',#11498,10.);
#3076=VECTOR('',#11501,10.);
#3077=VECTOR('',#11504,10.);
#3078=VECTOR('',#11507,10.);
#3079=VECTOR('',#11510,10.);
#3080=VECTOR('',#11511,10.);
#3081=VECTOR('',#11516,10.);
#3082=VECTOR('',#11521,1.);
#3083=VECTOR('',#11524,10.);
#3084=VECTOR('',#11525,10.);
#3085=VECTOR('',#11530,10.);
#3086=VECTOR('',#11533,10.);
#3087=VECTOR('',#11534,10.);
#3088=VECTOR('',#11539,10.);
#3089=VECTOR('',#11542,10.);
#3090=VECTOR('',#11543,10.);
#3091=VECTOR('',#11548,10.);
#3092=VECTOR('',#11551,10.);
#3093=VECTOR('',#11552,10.);
#3094=VECTOR('',#11557,10.);
#3095=VECTOR('',#11560,10.);
#3096=VECTOR('',#11561,10.);
#3097=VECTOR('',#11566,10.);
#3098=VECTOR('',#11569,10.);
#3099=VECTOR('',#11570,10.);
#3100=CIRCLE('',#8678,1.);
#3101=CIRCLE('',#8679,1.);
#3102=CIRCLE('',#8682,1.);
#3103=CIRCLE('',#8683,1.);
#3104=CIRCLE('',#8685,1.);
#3105=CIRCLE('',#8686,1.);
#3106=CIRCLE('',#8689,1.);
#3107=CIRCLE('',#8692,1.);
#3108=CIRCLE('',#8695,1.21916683035945);
#3109=CIRCLE('',#8696,1.21916683035945);
#3110=CIRCLE('',#8698,1.21916683035945);
#3111=CIRCLE('',#8699,1.21916683035945);
#3112=CIRCLE('',#8701,1.21916683035945);
#3113=CIRCLE('',#8702,1.21916683035945);
#3114=CIRCLE('',#8704,1.21916683035945);
#3115=CIRCLE('',#8705,1.21916683035945);
#3116=CIRCLE('',#8707,1.21916683035945);
#3117=CIRCLE('',#8708,1.21916683035945);
#3118=CIRCLE('',#8710,1.21916683035945);
#3119=CIRCLE('',#8711,1.21916683035945);
#3120=CIRCLE('',#8713,1.21916683035945);
#3121=CIRCLE('',#8714,1.21916683035945);
#3122=CIRCLE('',#8716,1.21916683035945);
#3123=CIRCLE('',#8717,1.21916683035945);
#3124=CIRCLE('',#8719,3.);
#3125=CIRCLE('',#8720,3.);
#3126=CIRCLE('',#8722,1.00000000000001);
#3127=CIRCLE('',#8723,2.);
#3128=CIRCLE('',#8724,1.);
#3129=CIRCLE('',#8725,3.);
#3130=CIRCLE('',#8727,1.);
#3131=CIRCLE('',#8729,1.);
#3132=CIRCLE('',#8730,3.);
#3133=CIRCLE('',#8731,2.);
#3134=CIRCLE('',#8733,1.);
#3135=CIRCLE('',#8735,1.);
#3136=CIRCLE('',#8736,3.);
#3137=CIRCLE('',#8737,2.);
#3138=CIRCLE('',#8739,1.);
#3139=CIRCLE('',#8741,1.);
#3140=CIRCLE('',#8742,3.);
#3141=CIRCLE('',#8743,4.);
#3142=CIRCLE('',#8745,1.);
#3143=CIRCLE('',#8747,1.);
#3144=CIRCLE('',#8748,3.);
#3145=CIRCLE('',#8749,2.);
#3146=CIRCLE('',#8751,1.);
#3147=CIRCLE('',#8753,1.);
#3148=CIRCLE('',#8754,3.);
#3149=CIRCLE('',#8755,2.);
#3150=CIRCLE('',#8757,1.);
#3151=CIRCLE('',#8759,1.);
#3152=CIRCLE('',#8760,3.);
#3153=CIRCLE('',#8761,4.);
#3154=CIRCLE('',#8763,1.);
#3155=CIRCLE('',#8765,1.);
#3156=CIRCLE('',#8766,3.);
#3157=CIRCLE('',#8767,2.);
#3158=CIRCLE('',#8769,1.);
#3159=CIRCLE('',#8771,1.);
#3160=CIRCLE('',#8772,3.);
#3161=CIRCLE('',#8773,4.);
#3162=CIRCLE('',#8775,1.);
#3163=CIRCLE('',#8777,1.);
#3164=CIRCLE('',#8778,3.);
#3165=CIRCLE('',#8779,2.);
#3166=CIRCLE('',#8781,1.);
#3167=CIRCLE('',#8783,1.);
#3168=CIRCLE('',#8784,3.);
#3169=CIRCLE('',#8785,2.);
#3170=CIRCLE('',#8787,1.);
#3171=CIRCLE('',#8789,1.);
#3172=CIRCLE('',#8790,1.);
#3173=CIRCLE('',#8791,2.);
#3174=CIRCLE('',#8793,1.);
#3175=CIRCLE('',#8794,1.00000000000001);
#3176=CIRCLE('',#8795,1.);
#3177=CIRCLE('',#8796,2.00000000000001);
#3178=CIRCLE('',#8798,1.);
#3179=CIRCLE('',#8800,1.);
#3180=CIRCLE('',#8801,3.);
#3181=CIRCLE('',#8802,4.);
#3182=CIRCLE('',#8805,1.);
#3183=CIRCLE('',#8806,1.00000000000001);
#3184=CIRCLE('',#8808,1.00000000000001);
#3185=CIRCLE('',#8810,1.);
#3186=CIRCLE('',#8812,3.);
#3187=CIRCLE('',#8815,3.);
#3188=CIRCLE('',#8818,3.);
#3189=CIRCLE('',#8821,3.);
#3190=CIRCLE('',#8824,3.);
#3191=CIRCLE('',#8827,3.);
#3192=CIRCLE('',#8830,1.);
#3193=CIRCLE('',#8832,1.00000000000001);
#3194=CIRCLE('',#8836,1.00000000000001);
#3195=CIRCLE('',#8837,1.00000000000001);
#3196=CIRCLE('',#8840,0.999999999999996);
#3197=CIRCLE('',#8841,0.999999999999996);
#3198=CIRCLE('',#8844,0.999999999999979);
#3199=CIRCLE('',#8845,0.999999999999979);
#3200=CIRCLE('',#8848,0.999999999999979);
#3201=CIRCLE('',#8849,0.999999999999979);
#3202=CIRCLE('',#8852,0.999999999999996);
#3203=CIRCLE('',#8853,0.999999999999996);
#3204=CIRCLE('',#8856,0.999999999999996);
#3205=CIRCLE('',#8857,0.999999999999996);
#3206=CIRCLE('',#8860,0.999999999999996);
#3207=CIRCLE('',#8861,0.999999999999996);
#3208=CIRCLE('',#8864,1.04999999999999);
#3209=CIRCLE('',#8865,1.04999999999999);
#3210=CIRCLE('',#8868,1.);
#3211=CIRCLE('',#8870,1.00000000000001);
#3212=CIRCLE('',#8871,3.);
#3213=CIRCLE('',#8872,3.);
#3214=CIRCLE('',#8873,3.);
#3215=CIRCLE('',#8874,3.);
#3216=CIRCLE('',#8875,3.);
#3217=CIRCLE('',#8876,3.);
#3218=CIRCLE('',#8877,3.);
#3219=CIRCLE('',#8878,3.);
#3220=CIRCLE('',#8879,3.);
#3221=CIRCLE('',#8880,3.);
#3222=CIRCLE('',#8881,3.);
#3223=CIRCLE('',#8882,3.);
#3224=CIRCLE('',#8883,3.);
#3225=CIRCLE('',#8884,3.);
#3226=CIRCLE('',#8885,3.);
#3227=CIRCLE('',#8886,3.);
#3228=CIRCLE('',#8887,3.);
#3229=CIRCLE('',#8891,1.05);
#3230=CIRCLE('',#8892,1.05);
#3231=CIRCLE('',#8895,1.05);
#3232=CIRCLE('',#8896,1.05);
#3233=CIRCLE('',#8899,1.05);
#3234=CIRCLE('',#8900,1.05);
#3235=CIRCLE('',#8903,1.05);
#3236=CIRCLE('',#8904,1.05);
#3237=CIRCLE('',#8907,2.5);
#3238=CIRCLE('',#8908,2.5);
#3239=CIRCLE('',#8911,2.5);
#3240=CIRCLE('',#8912,2.5);
#3241=CIRCLE('',#8915,2.50000000000002);
#3242=CIRCLE('',#8916,2.50000000000002);
#3243=CIRCLE('',#8919,2.5);
#3244=CIRCLE('',#8920,2.5);
#3245=CIRCLE('',#8923,3.);
#3246=CIRCLE('',#8926,3.);
#3247=CIRCLE('',#8929,3.);
#3248=CIRCLE('',#8932,3.);
#3249=CIRCLE('',#8933,3.);
#3250=CIRCLE('',#8934,3.);
#3251=CIRCLE('',#8935,3.);
#3252=CIRCLE('',#8936,3.);
#3253=CIRCLE('',#8937,3.);
#3254=CIRCLE('',#8938,3.);
#3255=CIRCLE('',#8939,3.);
#3256=CIRCLE('',#9072,3.6206890804403);
#3257=CIRCLE('',#9073,3.6206890804403);
#3258=CIRCLE('',#9075,3.60555132919089);
#3259=CIRCLE('',#9076,3.60555132919089);
#3260=CIRCLE('',#9078,3.60555132919089);
#3261=CIRCLE('',#9079,3.60555132919089);
#3262=CIRCLE('',#9081,3.60555132919089);
#3263=CIRCLE('',#9082,3.60555132919089);
#3264=CIRCLE('',#9084,3.60555132919089);
#3265=CIRCLE('',#9085,3.60555132919089);
#3266=CIRCLE('',#9087,3.60555132919089);
#3267=CIRCLE('',#9088,3.60555132919089);
#3268=CIRCLE('',#9090,0.500000000000007);
#3269=CIRCLE('',#9091,5.5);
#3270=CIRCLE('',#9092,0.499999999999998);
#3271=CIRCLE('',#9093,5.);
#3272=CIRCLE('',#9095,0.499999999999998);
#3273=CIRCLE('',#9097,0.499999999999998);
#3274=CIRCLE('',#9098,5.);
#3275=CIRCLE('',#9099,5.5);
#3276=CIRCLE('',#9101,0.499999999999998);
#3277=CIRCLE('',#9103,0.499999999999998);
#3278=CIRCLE('',#9104,5.);
#3279=CIRCLE('',#9105,5.5);
#3280=CIRCLE('',#9107,0.499999999999998);
#3281=CIRCLE('',#9109,0.499999999999998);
#3282=CIRCLE('',#9110,5.);
#3283=CIRCLE('',#9111,5.5);
#3284=CIRCLE('',#9115,5.);
#3285=CIRCLE('',#9118,5.);
#3286=CIRCLE('',#9120,2.);
#3287=CIRCLE('',#9121,2.);
#3288=CIRCLE('',#9122,4.);
#3289=CIRCLE('',#9123,2.);
#3290=CIRCLE('',#9124,2.);
#3291=CIRCLE('',#9125,4.);
#3292=CIRCLE('',#9126,2.);
#3293=CIRCLE('',#9127,4.);
#3294=CIRCLE('',#9128,2.);
#3295=CIRCLE('',#9129,2.);
#3296=CIRCLE('',#9130,4.);
#3297=CIRCLE('',#9131,2.);
#3298=CIRCLE('',#9133,0.999999999999996);
#3299=CIRCLE('',#9134,1.);
#3300=CIRCLE('',#9135,3.);
#3301=CIRCLE('',#9137,1.);
#3302=CIRCLE('',#9139,1.);
#3303=CIRCLE('',#9140,3.);
#3304=CIRCLE('',#9142,1.);
#3305=CIRCLE('',#9144,1.);
#3306=CIRCLE('',#9145,3.);
#3307=CIRCLE('',#9147,1.);
#3308=CIRCLE('',#9149,1.);
#3309=CIRCLE('',#9150,3.);
#3310=CIRCLE('',#9152,1.);
#3311=CIRCLE('',#9154,1.);
#3312=CIRCLE('',#9155,3.);
#3313=CIRCLE('',#9157,1.);
#3314=CIRCLE('',#9159,1.);
#3315=CIRCLE('',#9160,3.);
#3316=CIRCLE('',#9162,1.);
#3317=CIRCLE('',#9164,1.);
#3318=CIRCLE('',#9165,3.);
#3319=CIRCLE('',#9167,1.);
#3320=CIRCLE('',#9169,1.);
#3321=CIRCLE('',#9170,3.);
#3322=CIRCLE('',#9172,1.);
#3323=CIRCLE('',#9174,1.);
#3324=CIRCLE('',#9175,3.);
#3325=CIRCLE('',#9177,1.);
#3326=CIRCLE('',#9179,1.);
#3327=CIRCLE('',#9180,3.);
#3328=CIRCLE('',#9182,1.);
#3329=CIRCLE('',#9184,1.);
#3330=CIRCLE('',#9185,3.);
#3331=CIRCLE('',#9187,1.);
#3332=CIRCLE('',#9188,3.);
#3333=CIRCLE('',#9191,3.);
#3334=CIRCLE('',#9194,3.);
#3335=CIRCLE('',#9197,3.);
#3336=CIRCLE('',#9200,3.);
#3337=CIRCLE('',#9203,3.);
#3338=CIRCLE('',#9205,3.);
#3339=CIRCLE('',#9208,3.);
#3340=CIRCLE('',#9210,5.);
#3341=CIRCLE('',#9214,5.);
#3342=CIRCLE('',#9216,3.);
#3343=CIRCLE('',#9219,3.);
#3344=CIRCLE('',#9222,3.);
#3345=CIRCLE('',#9225,3.);
#3346=CIRCLE('',#9227,3.);
#3347=CIRCLE('',#9237,3.);
#3348=CIRCLE('',#9238,3.);
#3349=CIRCLE('',#9240,3.);
#3350=CIRCLE('',#9241,3.);
#3351=CIRCLE('',#9244,3.);
#3352=CIRCLE('',#9245,3.);
#3353=CIRCLE('',#9247,3.);
#3354=CIRCLE('',#9248,3.);
#3355=CIRCLE('',#9251,3.);
#3356=CIRCLE('',#9252,3.);
#3357=CIRCLE('',#9255,3.);
#3358=CIRCLE('',#9256,3.);
#3359=CIRCLE('',#9259,3.);
#3360=CIRCLE('',#9260,3.);
#3361=CIRCLE('',#9263,3.);
#3362=CIRCLE('',#9264,3.);
#3363=CIRCLE('',#9267,3.);
#3364=CIRCLE('',#9268,3.);
#3365=CIRCLE('',#9271,3.);
#3366=CIRCLE('',#9272,3.);
#3367=CIRCLE('',#9275,3.);
#3368=CIRCLE('',#9276,3.);
#3369=CIRCLE('',#9279,3.);
#3370=CIRCLE('',#9280,3.);
#3371=CIRCLE('',#9282,1.);
#3372=CIRCLE('',#9283,1.);
#3373=CIRCLE('',#9285,0.999999999999979);
#3374=CIRCLE('',#9286,0.999999999999996);
#3375=CIRCLE('',#9289,3.);
#3376=CIRCLE('',#9290,3.);
#3377=CIRCLE('',#9292,3.);
#3378=CIRCLE('',#9293,3.);
#3379=CIRCLE('',#9296,3.);
#3380=CIRCLE('',#9297,3.);
#3381=CIRCLE('',#9300,3.);
#3382=CIRCLE('',#9301,3.);
#3383=CIRCLE('',#9304,3.);
#3384=CIRCLE('',#9305,3.);
#3385=CIRCLE('',#9308,3.);
#3386=CIRCLE('',#9309,3.);
#3387=CIRCLE('',#9311,3.);
#3388=CIRCLE('',#9312,3.);
#3389=CIRCLE('',#9313,3.);
#3390=CIRCLE('',#9314,3.);
#3391=CIRCLE('',#9315,1.00000000000001);
#3392=CIRCLE('',#9316,1.);
#3393=CIRCLE('',#9317,3.);
#3394=CIRCLE('',#9318,3.);
#3395=CIRCLE('',#9319,0.999999999999979);
#3396=CIRCLE('',#9320,0.999999999999979);
#3397=CIRCLE('',#9321,0.8115);
#3398=CIRCLE('',#9322,0.8115);
#3399=CIRCLE('',#9323,0.8115);
#3400=CIRCLE('',#9324,0.8115);
#3401=CIRCLE('',#9325,0.8115);
#3402=CIRCLE('',#9326,0.8115);
#3403=CIRCLE('',#9328,0.8115);
#3404=CIRCLE('',#9330,0.8115);
#3405=CIRCLE('',#9332,0.8115);
#3406=CIRCLE('',#9334,0.8115);
#3407=CIRCLE('',#9336,0.999999999999979);
#3408=CIRCLE('',#9338,0.999999999999979);
#3409=CIRCLE('',#9340,0.8115);
#3410=CIRCLE('',#9342,0.8115);
#3411=CIRCLE('',#9344,2.);
#3412=CIRCLE('',#9345,2.00000000000001);
#3413=CIRCLE('',#9346,4.);
#3414=CIRCLE('',#9347,2.);
#3415=CIRCLE('',#9348,2.);
#3416=CIRCLE('',#9349,2.);
#3417=CIRCLE('',#9350,4.);
#3418=CIRCLE('',#9351,2.);
#3419=CIRCLE('',#9352,2.);
#3420=CIRCLE('',#9353,4.);
#3421=CIRCLE('',#9354,2.);
#3422=CIRCLE('',#9355,4.);
#3423=CIRCLE('',#9356,2.);
#3424=CIRCLE('',#9357,2.);
#3425=CIRCLE('',#9360,1.);
#3426=CIRCLE('',#9362,1.00000000000001);
#3427=CIRCLE('',#9365,3.);
#3428=CIRCLE('',#9368,3.);
#3429=CIRCLE('',#9371,3.);
#3430=CIRCLE('',#9374,3.);
#3431=CIRCLE('',#9377,3.);
#3432=CIRCLE('',#9380,3.);
#3433=CIRCLE('',#9382,0.999999999999963);
#3434=CIRCLE('',#9383,1.);
#3435=CIRCLE('',#9385,1.00000000000001);
#3436=CIRCLE('',#9386,1.);
#3437=CIRCLE('',#9389,1.);
#3438=CIRCLE('',#9390,0.999999999999996);
#3439=CIRCLE('',#9392,1.);
#3440=CIRCLE('',#9394,1.);
#3441=CIRCLE('',#9396,1.);
#3442=CIRCLE('',#9398,1.);
#3443=CIRCLE('',#9400,1.);
#3444=CIRCLE('',#9402,1.);
#3445=CIRCLE('',#9404,1.);
#3446=CIRCLE('',#9406,1.);
#3447=CIRCLE('',#9408,1.);
#3448=CIRCLE('',#9410,1.);
#3449=CIRCLE('',#9412,1.);
#3450=CIRCLE('',#9414,1.);
#3451=CIRCLE('',#9416,1.);
#3452=CIRCLE('',#9418,1.);
#3453=CIRCLE('',#9420,1.);
#3454=CIRCLE('',#9422,1.);
#3455=CIRCLE('',#9424,1.);
#3456=CIRCLE('',#9426,1.);
#3457=CIRCLE('',#9429,1.);
#3458=CIRCLE('',#9431,1.);
#3459=CIRCLE('',#9433,1.);
#3460=CIRCLE('',#9435,1.);
#3461=CIRCLE('',#9437,1.);
#3462=CIRCLE('',#9439,1.);
#3463=VERTEX_POINT('',#11702);
#3464=VERTEX_POINT('',#11703);
#3465=VERTEX_POINT('',#11705);
#3466=VERTEX_POINT('',#11707);
#3467=VERTEX_POINT('',#11711);
#3468=VERTEX_POINT('',#11713);
#3469=VERTEX_POINT('',#11717);
#3470=VERTEX_POINT('',#11718);
#3471=VERTEX_POINT('',#11720);
#3472=VERTEX_POINT('',#11722);
#3473=VERTEX_POINT('',#11727);
#3474=VERTEX_POINT('',#11729);
#3475=VERTEX_POINT('',#11731);
#3476=VERTEX_POINT('',#11735);
#3477=VERTEX_POINT('',#11739);
#3478=VERTEX_POINT('',#11743);
#3479=VERTEX_POINT('',#11751);
#3480=VERTEX_POINT('',#11753);
#3481=VERTEX_POINT('',#11757);
#3482=VERTEX_POINT('',#11759);
#3483=VERTEX_POINT('',#11763);
#3484=VERTEX_POINT('',#11765);
#3485=VERTEX_POINT('',#11769);
#3486=VERTEX_POINT('',#11771);
#3487=VERTEX_POINT('',#11775);
#3488=VERTEX_POINT('',#11777);
#3489=VERTEX_POINT('',#11781);
#3490=VERTEX_POINT('',#11783);
#3491=VERTEX_POINT('',#11787);
#3492=VERTEX_POINT('',#11789);
#3493=VERTEX_POINT('',#11793);
#3494=VERTEX_POINT('',#11795);
#3495=VERTEX_POINT('',#11797);
#3496=VERTEX_POINT('',#11802);
#3497=VERTEX_POINT('',#11809);
#3498=VERTEX_POINT('',#11811);
#3499=VERTEX_POINT('',#11813);
#3500=VERTEX_POINT('',#11815);
#3501=VERTEX_POINT('',#11819);
#3502=VERTEX_POINT('',#11820);
#3503=VERTEX_POINT('',#11822);
#3504=VERTEX_POINT('',#11824);
#3505=VERTEX_POINT('',#11828);
#3506=VERTEX_POINT('',#11829);
#3507=VERTEX_POINT('',#11834);
#3508=VERTEX_POINT('',#11835);
#3509=VERTEX_POINT('',#11840);
#3510=VERTEX_POINT('',#11841);
#3511=VERTEX_POINT('',#11846);
#3512=VERTEX_POINT('',#11847);
#3513=VERTEX_POINT('',#11852);
#3514=VERTEX_POINT('',#11853);
#3515=VERTEX_POINT('',#11858);
#3516=VERTEX_POINT('',#11859);
#3517=VERTEX_POINT('',#11864);
#3518=VERTEX_POINT('',#11865);
#3519=VERTEX_POINT('',#11870);
#3520=VERTEX_POINT('',#11871);
#3521=VERTEX_POINT('',#11876);
#3522=VERTEX_POINT('',#11877);
#3523=VERTEX_POINT('',#11882);
#3524=VERTEX_POINT('',#11883);
#3525=VERTEX_POINT('',#11888);
#3526=VERTEX_POINT('',#11889);
#3527=VERTEX_POINT('',#11894);
#3528=VERTEX_POINT('',#11895);
#3529=VERTEX_POINT('',#11900);
#3530=VERTEX_POINT('',#11901);
#3531=VERTEX_POINT('',#11906);
#3532=VERTEX_POINT('',#11907);
#3533=VERTEX_POINT('',#11912);
#3534=VERTEX_POINT('',#11913);
#3535=VERTEX_POINT('',#11918);
#3536=VERTEX_POINT('',#11919);
#3537=VERTEX_POINT('',#11924);
#3538=VERTEX_POINT('',#11925);
#3539=VERTEX_POINT('',#11930);
#3540=VERTEX_POINT('',#11931);
#3541=VERTEX_POINT('',#11936);
#3542=VERTEX_POINT('',#11937);
#3543=VERTEX_POINT('',#11942);
#3544=VERTEX_POINT('',#11943);
#3545=VERTEX_POINT('',#11948);
#3546=VERTEX_POINT('',#11949);
#3547=VERTEX_POINT('',#11954);
#3548=VERTEX_POINT('',#11955);
#3549=VERTEX_POINT('',#11960);
#3550=VERTEX_POINT('',#11961);
#3551=VERTEX_POINT('',#11963);
#3552=VERTEX_POINT('',#11965);
#3553=VERTEX_POINT('',#11969);
#3554=VERTEX_POINT('',#11970);
#3555=VERTEX_POINT('',#11975);
#3556=VERTEX_POINT('',#11976);
#3557=VERTEX_POINT('',#11984);
#3558=VERTEX_POINT('',#11986);
#3559=VERTEX_POINT('',#11995);
#3560=VERTEX_POINT('',#11997);
#3561=VERTEX_POINT('',#12001);
#3562=VERTEX_POINT('',#12005);
#3563=VERTEX_POINT('',#12009);
#3564=VERTEX_POINT('',#12013);
#3565=VERTEX_POINT('',#12017);
#3566=VERTEX_POINT('',#12021);
#3567=VERTEX_POINT('',#12025);
#3568=VERTEX_POINT('',#12029);
#3569=VERTEX_POINT('',#12033);
#3570=VERTEX_POINT('',#12037);
#3571=VERTEX_POINT('',#12041);
#3572=VERTEX_POINT('',#12045);
#3573=VERTEX_POINT('',#12049);
#3574=VERTEX_POINT('',#12053);
#3575=VERTEX_POINT('',#12058);
#3576=VERTEX_POINT('',#12060);
#3577=VERTEX_POINT('',#12065);
#3578=VERTEX_POINT('',#12067);
#3579=VERTEX_POINT('',#12072);
#3580=VERTEX_POINT('',#12074);
#3581=VERTEX_POINT('',#12079);
#3582=VERTEX_POINT('',#12081);
#3583=VERTEX_POINT('',#12086);
#3584=VERTEX_POINT('',#12088);
#3585=VERTEX_POINT('',#12093);
#3586=VERTEX_POINT('',#12095);
#3587=VERTEX_POINT('',#12100);
#3588=VERTEX_POINT('',#12102);
#3589=VERTEX_POINT('',#12107);
#3590=VERTEX_POINT('',#12109);
#3591=VERTEX_POINT('',#12114);
#3592=VERTEX_POINT('',#12118);
#3593=VERTEX_POINT('',#12120);
#3594=VERTEX_POINT('',#12122);
#3595=VERTEX_POINT('',#12124);
#3596=VERTEX_POINT('',#12126);
#3597=VERTEX_POINT('',#12128);
#3598=VERTEX_POINT('',#12130);
#3599=VERTEX_POINT('',#12132);
#3600=VERTEX_POINT('',#12134);
#3601=VERTEX_POINT('',#12136);
#3602=VERTEX_POINT('',#12138);
#3603=VERTEX_POINT('',#12140);
#3604=VERTEX_POINT('',#12142);
#3605=VERTEX_POINT('',#12145);
#3606=VERTEX_POINT('',#12147);
#3607=VERTEX_POINT('',#12149);
#3608=VERTEX_POINT('',#12151);
#3609=VERTEX_POINT('',#12153);
#3610=VERTEX_POINT('',#12155);
#3611=VERTEX_POINT('',#12157);
#3612=VERTEX_POINT('',#12159);
#3613=VERTEX_POINT('',#12161);
#3614=VERTEX_POINT('',#12163);
#3615=VERTEX_POINT('',#12165);
#3616=VERTEX_POINT('',#12167);
#3617=VERTEX_POINT('',#12169);
#3618=VERTEX_POINT('',#12171);
#3619=VERTEX_POINT('',#12173);
#3620=VERTEX_POINT('',#12175);
#3621=VERTEX_POINT('',#12177);
#3622=VERTEX_POINT('',#12179);
#3623=VERTEX_POINT('',#12181);
#3624=VERTEX_POINT('',#12183);
#3625=VERTEX_POINT('',#12185);
#3626=VERTEX_POINT('',#12193);
#3627=VERTEX_POINT('',#12195);
#3628=VERTEX_POINT('',#12200);
#3629=VERTEX_POINT('',#12202);
#3630=VERTEX_POINT('',#12207);
#3631=VERTEX_POINT('',#12209);
#3632=VERTEX_POINT('',#12214);
#3633=VERTEX_POINT('',#12216);
#3634=VERTEX_POINT('',#12221);
#3635=VERTEX_POINT('',#12223);
#3636=VERTEX_POINT('',#12228);
#3637=VERTEX_POINT('',#12230);
#3638=VERTEX_POINT('',#12235);
#3639=VERTEX_POINT('',#12237);
#3640=VERTEX_POINT('',#12242);
#3641=VERTEX_POINT('',#12244);
#3642=VERTEX_POINT('',#12249);
#3643=VERTEX_POINT('',#12250);
#3644=VERTEX_POINT('',#12255);
#3645=VERTEX_POINT('',#12259);
#3646=VERTEX_POINT('',#12263);
#3647=VERTEX_POINT('',#12267);
#3648=VERTEX_POINT('',#12269);
#3649=VERTEX_POINT('',#12275);
#3650=VERTEX_POINT('',#12277);
#3651=VERTEX_POINT('',#12279);
#3652=VERTEX_POINT('',#12281);
#3653=VERTEX_POINT('',#12284);
#3654=VERTEX_POINT('',#12286);
#3655=VERTEX_POINT('',#12288);
#3656=VERTEX_POINT('',#12290);
#3657=VERTEX_POINT('',#12292);
#3658=VERTEX_POINT('',#12294);
#3659=VERTEX_POINT('',#12296);
#3660=VERTEX_POINT('',#12298);
#3661=VERTEX_POINT('',#12300);
#3662=VERTEX_POINT('',#12302);
#3663=VERTEX_POINT('',#12368);
#3664=VERTEX_POINT('',#12369);
#3665=VERTEX_POINT('',#12375);
#3666=VERTEX_POINT('',#12377);
#3667=VERTEX_POINT('',#12394);
#3668=VERTEX_POINT('',#12400);
#3669=VERTEX_POINT('',#12417);
#3670=VERTEX_POINT('',#12423);
#3671=VERTEX_POINT('',#12440);
#3672=VERTEX_POINT('',#12446);
#3673=VERTEX_POINT('',#12463);
#3674=VERTEX_POINT('',#12469);
#3675=VERTEX_POINT('',#12486);
#3676=VERTEX_POINT('',#12492);
#3677=VERTEX_POINT('',#12509);
#3678=VERTEX_POINT('',#12515);
#3679=VERTEX_POINT('',#12532);
#3680=VERTEX_POINT('',#12538);
#3681=VERTEX_POINT('',#12546);
#3682=VERTEX_POINT('',#12548);
#3683=VERTEX_POINT('',#12561);
#3684=VERTEX_POINT('',#12567);
#3685=VERTEX_POINT('',#12584);
#3686=VERTEX_POINT('',#12590);
#3687=VERTEX_POINT('',#12607);
#3688=VERTEX_POINT('',#12613);
#3689=VERTEX_POINT('',#12630);
#3690=VERTEX_POINT('',#12636);
#3691=VERTEX_POINT('',#12653);
#3692=VERTEX_POINT('',#12659);
#3693=VERTEX_POINT('',#12676);
#3694=VERTEX_POINT('',#12682);
#3695=VERTEX_POINT('',#12699);
#3696=VERTEX_POINT('',#12705);
#3697=VERTEX_POINT('',#12722);
#3698=VERTEX_POINT('',#12728);
#3699=VERTEX_POINT('',#12745);
#3700=VERTEX_POINT('',#12751);
#3701=VERTEX_POINT('',#12768);
#3702=VERTEX_POINT('',#12774);
#3703=VERTEX_POINT('',#12782);
#3704=VERTEX_POINT('',#12784);
#3705=VERTEX_POINT('',#12809);
#3706=VERTEX_POINT('',#12810);
#3707=VERTEX_POINT('',#12812);
#3708=VERTEX_POINT('',#12814);
#3709=VERTEX_POINT('',#12818);
#3710=VERTEX_POINT('',#12820);
#3711=VERTEX_POINT('',#12824);
#3712=VERTEX_POINT('',#12826);
#3713=VERTEX_POINT('',#12830);
#3714=VERTEX_POINT('',#12832);
#3715=VERTEX_POINT('',#12836);
#3716=VERTEX_POINT('',#12838);
#3717=VERTEX_POINT('',#12842);
#3718=VERTEX_POINT('',#12844);
#3719=VERTEX_POINT('',#12848);
#3720=VERTEX_POINT('',#12850);
#3721=VERTEX_POINT('',#12854);
#3722=VERTEX_POINT('',#12856);
#3723=VERTEX_POINT('',#12860);
#3724=VERTEX_POINT('',#12862);
#3725=VERTEX_POINT('',#12879);
#3726=VERTEX_POINT('',#12880);
#3727=VERTEX_POINT('',#12886);
#3728=VERTEX_POINT('',#12888);
#3729=VERTEX_POINT('',#12905);
#3730=VERTEX_POINT('',#12911);
#3731=VERTEX_POINT('',#12928);
#3732=VERTEX_POINT('',#12934);
#3733=VERTEX_POINT('',#12942);
#3734=VERTEX_POINT('',#12944);
#3735=VERTEX_POINT('',#12957);
#3736=VERTEX_POINT('',#12963);
#3737=VERTEX_POINT('',#12980);
#3738=VERTEX_POINT('',#12986);
#3739=VERTEX_POINT('',#13003);
#3740=VERTEX_POINT('',#13009);
#3741=VERTEX_POINT('',#13026);
#3742=VERTEX_POINT('',#13032);
#3743=VERTEX_POINT('',#13044);
#3744=VERTEX_POINT('',#13045);
#3745=VERTEX_POINT('',#13047);
#3746=VERTEX_POINT('',#13049);
#3747=VERTEX_POINT('',#13062);
#3748=VERTEX_POINT('',#13068);
#3749=VERTEX_POINT('',#13085);
#3750=VERTEX_POINT('',#13091);
#3751=VERTEX_POINT('',#13108);
#3752=VERTEX_POINT('',#13114);
#3753=VERTEX_POINT('',#13131);
#3754=VERTEX_POINT('',#13137);
#3755=VERTEX_POINT('',#13154);
#3756=VERTEX_POINT('',#13160);
#3757=VERTEX_POINT('',#13168);
#3758=VERTEX_POINT('',#13170);
#3759=VERTEX_POINT('',#13177);
#3760=VERTEX_POINT('',#13178);
#3761=VERTEX_POINT('',#13180);
#3762=VERTEX_POINT('',#13182);
#3763=VERTEX_POINT('',#13186);
#3764=VERTEX_POINT('',#13188);
#3765=VERTEX_POINT('',#13201);
#3766=VERTEX_POINT('',#13207);
#3767=VERTEX_POINT('',#13224);
#3768=VERTEX_POINT('',#13230);
#3769=VERTEX_POINT('',#13238);
#3770=VERTEX_POINT('',#13240);
#3771=VERTEX_POINT('',#13244);
#3772=VERTEX_POINT('',#13246);
#3773=VERTEX_POINT('',#13250);
#3774=VERTEX_POINT('',#13252);
#3775=VERTEX_POINT('',#13265);
#3776=VERTEX_POINT('',#13271);
#3777=VERTEX_POINT('',#13288);
#3778=VERTEX_POINT('',#13294);
#3779=VERTEX_POINT('',#13311);
#3780=VERTEX_POINT('',#13317);
#3781=VERTEX_POINT('',#13334);
#3782=VERTEX_POINT('',#13340);
#3783=VERTEX_POINT('',#13357);
#3784=VERTEX_POINT('',#13363);
#3785=VERTEX_POINT('',#13380);
#3786=VERTEX_POINT('',#13386);
#3787=VERTEX_POINT('',#13403);
#3788=VERTEX_POINT('',#13409);
#3789=VERTEX_POINT('',#13426);
#3790=VERTEX_POINT('',#13432);
#3791=VERTEX_POINT('',#13449);
#3792=VERTEX_POINT('',#13455);
#3793=VERTEX_POINT('',#13463);
#3794=VERTEX_POINT('',#13465);
#3795=VERTEX_POINT('',#13469);
#3796=VERTEX_POINT('',#13471);
#3797=VERTEX_POINT('',#13488);
#3798=VERTEX_POINT('',#13489);
#3799=VERTEX_POINT('',#13495);
#3800=VERTEX_POINT('',#13497);
#3801=VERTEX_POINT('',#13514);
#3802=VERTEX_POINT('',#13520);
#3803=VERTEX_POINT('',#13537);
#3804=VERTEX_POINT('',#13543);
#3805=VERTEX_POINT('',#13551);
#3806=VERTEX_POINT('',#13553);
#3807=VERTEX_POINT('',#13566);
#3808=VERTEX_POINT('',#13572);
#3809=VERTEX_POINT('',#13589);
#3810=VERTEX_POINT('',#13595);
#3811=VERTEX_POINT('',#13612);
#3812=VERTEX_POINT('',#13618);
#3813=VERTEX_POINT('',#13635);
#3814=VERTEX_POINT('',#13641);
#3815=VERTEX_POINT('',#13662);
#3816=VERTEX_POINT('',#13663);
#3817=VERTEX_POINT('',#13669);
#3818=VERTEX_POINT('',#13671);
#3819=VERTEX_POINT('',#13688);
#3820=VERTEX_POINT('',#13694);
#3821=VERTEX_POINT('',#13711);
#3822=VERTEX_POINT('',#13717);
#3823=VERTEX_POINT('',#13725);
#3824=VERTEX_POINT('',#13727);
#3825=VERTEX_POINT('',#13740);
#3826=VERTEX_POINT('',#13746);
#3827=VERTEX_POINT('',#13763);
#3828=VERTEX_POINT('',#13769);
#3829=VERTEX_POINT('',#13786);
#3830=VERTEX_POINT('',#13792);
#3831=VERTEX_POINT('',#13809);
#3832=VERTEX_POINT('',#13815);
#3833=VERTEX_POINT('',#13827);
#3834=VERTEX_POINT('',#13828);
#3835=VERTEX_POINT('',#13830);
#3836=VERTEX_POINT('',#13832);
#3837=VERTEX_POINT('',#13836);
#3838=VERTEX_POINT('',#13838);
#3839=VERTEX_POINT('',#13842);
#3840=VERTEX_POINT('',#13844);
#3841=VERTEX_POINT('',#13848);
#3842=VERTEX_POINT('',#13850);
#3843=VERTEX_POINT('',#13854);
#3844=VERTEX_POINT('',#13856);
#3845=VERTEX_POINT('',#13860);
#3846=VERTEX_POINT('',#13862);
#3847=VERTEX_POINT('',#13866);
#3848=VERTEX_POINT('',#13868);
#3849=VERTEX_POINT('',#13872);
#3850=VERTEX_POINT('',#13874);
#3851=VERTEX_POINT('',#13878);
#3852=VERTEX_POINT('',#13880);
#3853=VERTEX_POINT('',#13884);
#3854=VERTEX_POINT('',#13886);
#3855=VERTEX_POINT('',#13890);
#3856=VERTEX_POINT('',#13892);
#3857=VERTEX_POINT('',#13900);
#3858=VERTEX_POINT('',#13901);
#3859=VERTEX_POINT('',#13903);
#3860=VERTEX_POINT('',#13905);
#3861=VERTEX_POINT('',#13909);
#3862=VERTEX_POINT('',#13911);
#3863=VERTEX_POINT('',#13915);
#3864=VERTEX_POINT('',#13917);
#3865=VERTEX_POINT('',#13921);
#3866=VERTEX_POINT('',#13923);
#3867=VERTEX_POINT('',#13927);
#3868=VERTEX_POINT('',#13929);
#3869=VERTEX_POINT('',#13933);
#3870=VERTEX_POINT('',#13935);
#3871=VERTEX_POINT('',#13939);
#3872=VERTEX_POINT('',#13941);
#3873=VERTEX_POINT('',#13945);
#3874=VERTEX_POINT('',#13947);
#3875=VERTEX_POINT('',#13951);
#3876=VERTEX_POINT('',#13953);
#3877=VERTEX_POINT('',#13957);
#3878=VERTEX_POINT('',#13959);
#3879=VERTEX_POINT('',#13963);
#3880=VERTEX_POINT('',#13965);
#3881=VERTEX_POINT('',#13973);
#3882=VERTEX_POINT('',#13974);
#3883=VERTEX_POINT('',#13976);
#3884=VERTEX_POINT('',#13978);
#3885=VERTEX_POINT('',#13982);
#3886=VERTEX_POINT('',#13984);
#3887=VERTEX_POINT('',#13988);
#3888=VERTEX_POINT('',#13990);
#3889=VERTEX_POINT('',#13994);
#3890=VERTEX_POINT('',#13996);
#3891=VERTEX_POINT('',#14000);
#3892=VERTEX_POINT('',#14002);
#3893=VERTEX_POINT('',#14006);
#3894=VERTEX_POINT('',#14008);
#3895=VERTEX_POINT('',#14012);
#3896=VERTEX_POINT('',#14014);
#3897=VERTEX_POINT('',#14018);
#3898=VERTEX_POINT('',#14020);
#3899=VERTEX_POINT('',#14024);
#3900=VERTEX_POINT('',#14026);
#3901=VERTEX_POINT('',#14030);
#3902=VERTEX_POINT('',#14032);
#3903=VERTEX_POINT('',#14036);
#3904=VERTEX_POINT('',#14038);
#3905=VERTEX_POINT('',#14046);
#3906=VERTEX_POINT('',#14047);
#3907=VERTEX_POINT('',#14049);
#3908=VERTEX_POINT('',#14051);
#3909=VERTEX_POINT('',#14055);
#3910=VERTEX_POINT('',#14057);
#3911=VERTEX_POINT('',#14064);
#3912=VERTEX_POINT('',#14065);
#3913=VERTEX_POINT('',#14067);
#3914=VERTEX_POINT('',#14069);
#3915=VERTEX_POINT('',#14073);
#3916=VERTEX_POINT('',#14075);
#3917=VERTEX_POINT('',#14079);
#3918=VERTEX_POINT('',#14081);
#3919=VERTEX_POINT('',#14085);
#3920=VERTEX_POINT('',#14087);
#3921=VERTEX_POINT('',#14091);
#3922=VERTEX_POINT('',#14093);
#3923=VERTEX_POINT('',#14097);
#3924=VERTEX_POINT('',#14099);
#3925=VERTEX_POINT('',#14103);
#3926=VERTEX_POINT('',#14105);
#3927=VERTEX_POINT('',#14122);
#3928=VERTEX_POINT('',#14123);
#3929=VERTEX_POINT('',#14129);
#3930=VERTEX_POINT('',#14131);
#3931=VERTEX_POINT('',#14148);
#3932=VERTEX_POINT('',#14154);
#3933=VERTEX_POINT('',#14171);
#3934=VERTEX_POINT('',#14177);
#3935=VERTEX_POINT('',#14194);
#3936=VERTEX_POINT('',#14200);
#3937=VERTEX_POINT('',#14217);
#3938=VERTEX_POINT('',#14223);
#3939=VERTEX_POINT('',#14240);
#3940=VERTEX_POINT('',#14246);
#3941=VERTEX_POINT('',#14263);
#3942=VERTEX_POINT('',#14269);
#3943=VERTEX_POINT('',#14286);
#3944=VERTEX_POINT('',#14292);
#3945=VERTEX_POINT('',#14309);
#3946=VERTEX_POINT('',#14315);
#3947=VERTEX_POINT('',#14332);
#3948=VERTEX_POINT('',#14338);
#3949=VERTEX_POINT('',#14355);
#3950=VERTEX_POINT('',#14361);
#3951=VERTEX_POINT('',#14378);
#3952=VERTEX_POINT('',#14384);
#3953=VERTEX_POINT('',#14401);
#3954=VERTEX_POINT('',#14407);
#3955=VERTEX_POINT('',#14415);
#3956=VERTEX_POINT('',#14417);
#3957=VERTEX_POINT('',#14430);
#3958=VERTEX_POINT('',#14436);
#3959=VERTEX_POINT('',#14453);
#3960=VERTEX_POINT('',#14459);
#3961=VERTEX_POINT('',#14476);
#3962=VERTEX_POINT('',#14482);
#3963=VERTEX_POINT('',#14499);
#3964=VERTEX_POINT('',#14505);
#3965=VERTEX_POINT('',#14522);
#3966=VERTEX_POINT('',#14528);
#3967=VERTEX_POINT('',#14545);
#3968=VERTEX_POINT('',#14551);
#3969=VERTEX_POINT('',#14568);
#3970=VERTEX_POINT('',#14574);
#3971=VERTEX_POINT('',#14591);
#3972=VERTEX_POINT('',#14597);
#3973=VERTEX_POINT('',#14614);
#3974=VERTEX_POINT('',#14620);
#3975=VERTEX_POINT('',#14637);
#3976=VERTEX_POINT('',#14643);
#3977=VERTEX_POINT('',#14660);
#3978=VERTEX_POINT('',#14666);
#3979=VERTEX_POINT('',#14683);
#3980=VERTEX_POINT('',#14689);
#3981=VERTEX_POINT('',#14706);
#3982=VERTEX_POINT('',#14712);
#3983=VERTEX_POINT('',#14720);
#3984=VERTEX_POINT('',#14722);
#3985=VERTEX_POINT('',#14749);
#3986=VERTEX_POINT('',#14750);
#3987=VERTEX_POINT('',#14752);
#3988=VERTEX_POINT('',#14754);
#3989=VERTEX_POINT('',#14758);
#3990=VERTEX_POINT('',#14760);
#3991=VERTEX_POINT('',#14764);
#3992=VERTEX_POINT('',#14766);
#3993=VERTEX_POINT('',#14773);
#3994=VERTEX_POINT('',#14774);
#3995=VERTEX_POINT('',#14776);
#3996=VERTEX_POINT('',#14778);
#3997=VERTEX_POINT('',#14782);
#3998=VERTEX_POINT('',#14784);
#3999=VERTEX_POINT('',#14788);
#4000=VERTEX_POINT('',#14790);
#4001=VERTEX_POINT('',#14797);
#4002=VERTEX_POINT('',#14798);
#4003=VERTEX_POINT('',#14800);
#4004=VERTEX_POINT('',#14802);
#4005=VERTEX_POINT('',#14806);
#4006=VERTEX_POINT('',#14808);
#4007=VERTEX_POINT('',#14812);
#4008=VERTEX_POINT('',#14814);
#4009=VERTEX_POINT('',#14821);
#4010=VERTEX_POINT('',#14823);
#4011=VERTEX_POINT('',#14827);
#4012=VERTEX_POINT('',#14829);
#4013=VERTEX_POINT('',#14833);
#4014=VERTEX_POINT('',#14835);
#4015=VERTEX_POINT('',#14839);
#4016=VERTEX_POINT('',#14841);
#4017=VERTEX_POINT('',#14845);
#4018=VERTEX_POINT('',#14847);
#4019=VERTEX_POINT('',#14851);
#4020=VERTEX_POINT('',#14853);
#4021=VERTEX_POINT('',#14857);
#4022=VERTEX_POINT('',#14858);
#4023=VERTEX_POINT('',#14860);
#4024=VERTEX_POINT('',#14862);
#4025=VERTEX_POINT('',#14866);
#4026=VERTEX_POINT('',#14867);
#4027=VERTEX_POINT('',#14872);
#4028=VERTEX_POINT('',#14873);
#4029=VERTEX_POINT('',#14878);
#4030=VERTEX_POINT('',#14879);
#4031=VERTEX_POINT('',#14884);
#4032=VERTEX_POINT('',#14885);
#4033=VERTEX_POINT('',#14890);
#4034=VERTEX_POINT('',#14891);
#4035=VERTEX_POINT('',#14896);
#4036=VERTEX_POINT('',#14897);
#4037=VERTEX_POINT('',#14905);
#4038=VERTEX_POINT('',#14907);
#4039=VERTEX_POINT('',#14911);
#4040=VERTEX_POINT('',#14915);
#4041=VERTEX_POINT('',#14919);
#4042=VERTEX_POINT('',#14923);
#4043=VERTEX_POINT('',#14924);
#4044=VERTEX_POINT('',#14926);
#4045=VERTEX_POINT('',#14928);
#4046=VERTEX_POINT('',#14930);
#4047=VERTEX_POINT('',#14932);
#4048=VERTEX_POINT('',#14934);
#4049=VERTEX_POINT('',#14936);
#4050=VERTEX_POINT('',#14938);
#4051=VERTEX_POINT('',#14940);
#4052=VERTEX_POINT('',#14942);
#4053=VERTEX_POINT('',#14944);
#4054=VERTEX_POINT('',#14946);
#4055=VERTEX_POINT('',#14948);
#4056=VERTEX_POINT('',#14950);
#4057=VERTEX_POINT('',#14952);
#4058=VERTEX_POINT('',#14954);
#4059=VERTEX_POINT('',#14956);
#4060=VERTEX_POINT('',#14958);
#4061=VERTEX_POINT('',#14960);
#4062=VERTEX_POINT('',#14962);
#4063=VERTEX_POINT('',#14964);
#4064=VERTEX_POINT('',#14966);
#4065=VERTEX_POINT('',#14970);
#4066=VERTEX_POINT('',#14972);
#4067=VERTEX_POINT('',#14976);
#4068=VERTEX_POINT('',#14980);
#4069=VERTEX_POINT('',#14984);
#4070=VERTEX_POINT('',#14988);
#4071=VERTEX_POINT('',#14992);
#4072=VERTEX_POINT('',#14996);
#4073=VERTEX_POINT('',#15000);
#4074=VERTEX_POINT('',#15004);
#4075=VERTEX_POINT('',#15008);
#4076=VERTEX_POINT('',#15012);
#4077=VERTEX_POINT('',#15016);
#4078=VERTEX_POINT('',#15020);
#4079=VERTEX_POINT('',#15024);
#4080=VERTEX_POINT('',#15028);
#4081=VERTEX_POINT('',#15032);
#4082=VERTEX_POINT('',#15036);
#4083=VERTEX_POINT('',#15040);
#4084=VERTEX_POINT('',#15044);
#4085=VERTEX_POINT('',#15048);
#4086=VERTEX_POINT('',#15052);
#4087=VERTEX_POINT('',#15056);
#4088=VERTEX_POINT('',#15062);
#4089=VERTEX_POINT('',#15064);
#4090=VERTEX_POINT('',#15068);
#4091=VERTEX_POINT('',#15072);
#4092=VERTEX_POINT('',#15076);
#4093=VERTEX_POINT('',#15080);
#4094=VERTEX_POINT('',#15084);
#4095=VERTEX_POINT('',#15088);
#4096=VERTEX_POINT('',#15092);
#4097=VERTEX_POINT('',#15094);
#4098=VERTEX_POINT('',#15098);
#4099=VERTEX_POINT('',#15102);
#4100=VERTEX_POINT('',#15106);
#4101=VERTEX_POINT('',#15110);
#4102=VERTEX_POINT('',#15114);
#4103=VERTEX_POINT('',#15116);
#4104=VERTEX_POINT('',#15120);
#4105=VERTEX_POINT('',#15128);
#4106=VERTEX_POINT('',#15130);
#4107=VERTEX_POINT('',#15134);
#4108=VERTEX_POINT('',#15138);
#4109=VERTEX_POINT('',#15142);
#4110=VERTEX_POINT('',#15146);
#4111=VERTEX_POINT('',#15150);
#4112=VERTEX_POINT('',#15154);
#4113=VERTEX_POINT('',#15158);
#4114=VERTEX_POINT('',#15160);
#4115=VERTEX_POINT('',#15171);
#4116=VERTEX_POINT('',#15172);
#4117=VERTEX_POINT('',#15174);
#4118=VERTEX_POINT('',#15176);
#4119=VERTEX_POINT('',#15180);
#4120=VERTEX_POINT('',#15181);
#4121=VERTEX_POINT('',#15183);
#4122=VERTEX_POINT('',#15185);
#4123=VERTEX_POINT('',#15189);
#4124=VERTEX_POINT('',#15190);
#4125=VERTEX_POINT('',#15192);
#4126=VERTEX_POINT('',#15194);
#4127=VERTEX_POINT('',#15198);
#4128=VERTEX_POINT('',#15199);
#4129=VERTEX_POINT('',#15201);
#4130=VERTEX_POINT('',#15203);
#4131=VERTEX_POINT('',#15207);
#4132=VERTEX_POINT('',#15209);
#4133=VERTEX_POINT('',#15213);
#4134=VERTEX_POINT('',#15214);
#4135=VERTEX_POINT('',#15216);
#4136=VERTEX_POINT('',#15218);
#4137=VERTEX_POINT('',#15222);
#4138=VERTEX_POINT('',#15223);
#4139=VERTEX_POINT('',#15226);
#4140=VERTEX_POINT('',#15233);
#4141=VERTEX_POINT('',#15235);
#4142=VERTEX_POINT('',#15239);
#4143=VERTEX_POINT('',#15240);
#4144=VERTEX_POINT('',#15248);
#4145=VERTEX_POINT('',#15249);
#4146=VERTEX_POINT('',#15251);
#4147=VERTEX_POINT('',#15253);
#4148=VERTEX_POINT('',#15257);
#4149=VERTEX_POINT('',#15259);
#4150=VERTEX_POINT('',#15263);
#4151=VERTEX_POINT('',#15264);
#4152=VERTEX_POINT('',#15266);
#4153=VERTEX_POINT('',#15268);
#4154=VERTEX_POINT('',#15272);
#4155=VERTEX_POINT('',#15274);
#4156=VERTEX_POINT('',#15278);
#4157=VERTEX_POINT('',#15279);
#4158=VERTEX_POINT('',#15281);
#4159=VERTEX_POINT('',#15283);
#4160=VERTEX_POINT('',#15290);
#4161=VERTEX_POINT('',#15291);
#4162=VERTEX_POINT('',#15299);
#4163=VERTEX_POINT('',#15300);
#4164=VERTEX_POINT('',#15305);
#4165=VERTEX_POINT('',#15307);
#4166=VERTEX_POINT('',#15311);
#4167=VERTEX_POINT('',#15312);
#4168=VERTEX_POINT('',#15320);
#4169=VERTEX_POINT('',#15321);
#4170=VERTEX_POINT('',#15323);
#4171=VERTEX_POINT('',#15325);
#4172=VERTEX_POINT('',#15329);
#4173=VERTEX_POINT('',#15331);
#4174=VERTEX_POINT('',#15335);
#4175=VERTEX_POINT('',#15337);
#4176=VERTEX_POINT('',#15341);
#4177=VERTEX_POINT('',#15343);
#4178=VERTEX_POINT('',#15347);
#4179=VERTEX_POINT('',#15349);
#4180=VERTEX_POINT('',#15353);
#4181=VERTEX_POINT('',#15355);
#4182=VERTEX_POINT('',#15359);
#4183=VERTEX_POINT('',#15361);
#4184=VERTEX_POINT('',#15365);
#4185=VERTEX_POINT('',#15367);
#4186=VERTEX_POINT('',#15371);
#4187=VERTEX_POINT('',#15373);
#4188=VERTEX_POINT('',#15377);
#4189=VERTEX_POINT('',#15379);
#4190=VERTEX_POINT('',#15386);
#4191=VERTEX_POINT('',#15387);
#4192=VERTEX_POINT('',#15395);
#4193=VERTEX_POINT('',#15397);
#4194=VERTEX_POINT('',#15404);
#4195=VERTEX_POINT('',#15405);
#4196=VERTEX_POINT('',#15407);
#4197=VERTEX_POINT('',#15409);
#4198=VERTEX_POINT('',#15411);
#4199=VERTEX_POINT('',#15413);
#4200=VERTEX_POINT('',#15415);
#4201=VERTEX_POINT('',#15417);
#4202=VERTEX_POINT('',#15419);
#4203=VERTEX_POINT('',#15421);
#4204=VERTEX_POINT('',#15423);
#4205=VERTEX_POINT('',#15426);
#4206=VERTEX_POINT('',#15428);
#4207=VERTEX_POINT('',#15430);
#4208=VERTEX_POINT('',#15433);
#4209=VERTEX_POINT('',#15435);
#4210=VERTEX_POINT('',#15437);
#4211=VERTEX_POINT('',#15439);
#4212=VERTEX_POINT('',#15441);
#4213=VERTEX_POINT('',#15443);
#4214=VERTEX_POINT('',#15445);
#4215=VERTEX_POINT('',#15447);
#4216=VERTEX_POINT('',#15450);
#4217=VERTEX_POINT('',#15454);
#4218=VERTEX_POINT('',#15458);
#4219=VERTEX_POINT('',#15462);
#4220=VERTEX_POINT('',#15466);
#4221=VERTEX_POINT('',#15470);
#4222=VERTEX_POINT('',#15474);
#4223=VERTEX_POINT('',#15478);
#4224=VERTEX_POINT('',#15482);
#4225=VERTEX_POINT('',#15483);
#4226=VERTEX_POINT('',#15485);
#4227=VERTEX_POINT('',#15487);
#4228=VERTEX_POINT('',#15489);
#4229=VERTEX_POINT('',#15491);
#4230=VERTEX_POINT('',#15493);
#4231=VERTEX_POINT('',#15495);
#4232=VERTEX_POINT('',#15497);
#4233=VERTEX_POINT('',#15499);
#4234=VERTEX_POINT('',#15501);
#4235=VERTEX_POINT('',#15503);
#4236=VERTEX_POINT('',#15505);
#4237=VERTEX_POINT('',#15507);
#4238=VERTEX_POINT('',#15509);
#4239=VERTEX_POINT('',#15511);
#4240=VERTEX_POINT('',#15513);
#4241=VERTEX_POINT('',#15515);
#4242=VERTEX_POINT('',#15517);
#4243=VERTEX_POINT('',#15519);
#4244=VERTEX_POINT('',#15521);
#4245=VERTEX_POINT('',#15523);
#4246=VERTEX_POINT('',#15525);
#4247=VERTEX_POINT('',#15527);
#4248=VERTEX_POINT('',#15529);
#4249=VERTEX_POINT('',#15531);
#4250=VERTEX_POINT('',#15533);
#4251=VERTEX_POINT('',#15535);
#4252=VERTEX_POINT('',#15539);
#4253=VERTEX_POINT('',#15543);
#4254=VERTEX_POINT('',#15547);
#4255=VERTEX_POINT('',#15551);
#4256=VERTEX_POINT('',#15555);
#4257=VERTEX_POINT('',#15559);
#4258=VERTEX_POINT('',#15563);
#4259=VERTEX_POINT('',#15567);
#4260=VERTEX_POINT('',#15571);
#4261=VERTEX_POINT('',#15575);
#4262=VERTEX_POINT('',#15579);
#4263=VERTEX_POINT('',#15583);
#4264=VERTEX_POINT('',#15587);
#4265=VERTEX_POINT('',#15591);
#4266=EDGE_CURVE('',#3463,#3464,#3100,.T.);
#4267=EDGE_CURVE('',#3463,#3465,#1660,.T.);
#4268=EDGE_CURVE('',#3465,#3466,#3101,.T.);
#4269=EDGE_CURVE('',#3466,#3464,#1661,.T.);
#4270=EDGE_CURVE('',#3463,#3467,#1662,.T.);
#4271=EDGE_CURVE('',#3468,#3467,#1663,.T.);
#4272=EDGE_CURVE('',#3465,#3468,#1664,.T.);
#4273=EDGE_CURVE('',#3469,#3470,#3102,.T.);
#4274=EDGE_CURVE('',#3469,#3471,#1665,.T.);
#4275=EDGE_CURVE('',#3471,#3472,#3103,.T.);
#4276=EDGE_CURVE('',#3472,#3470,#1666,.T.);
#4277=EDGE_CURVE('',#3469,#3464,#1667,.T.);
#4278=EDGE_CURVE('',#3473,#3470,#1668,.T.);
#4279=EDGE_CURVE('',#3473,#3474,#3104,.T.);
#4280=EDGE_CURVE('',#3475,#3474,#1669,.T.);
#4281=EDGE_CURVE('',#3475,#3467,#3105,.T.);
#4282=EDGE_CURVE('',#3476,#3472,#1670,.T.);
#4283=EDGE_CURVE('',#3473,#3476,#1671,.T.);
#4284=EDGE_CURVE('',#3476,#3477,#3106,.T.);
#4285=EDGE_CURVE('',#3477,#3474,#1672,.T.);
#4286=EDGE_CURVE('',#3478,#3477,#1673,.T.);
#4287=EDGE_CURVE('',#3475,#3478,#1674,.T.);
#4288=EDGE_CURVE('',#3478,#3468,#3107,.T.);
#4289=EDGE_CURVE('',#3471,#3466,#1675,.T.);
#4290=EDGE_CURVE('',#3479,#3479,#3108,.T.);
#4291=EDGE_CURVE('',#3479,#3480,#1676,.T.);
#4292=EDGE_CURVE('',#3480,#3480,#3109,.T.);
#4293=EDGE_CURVE('',#3481,#3481,#3110,.T.);
#4294=EDGE_CURVE('',#3481,#3482,#1677,.T.);
#4295=EDGE_CURVE('',#3482,#3482,#3111,.T.);
#4296=EDGE_CURVE('',#3483,#3483,#3112,.T.);
#4297=EDGE_CURVE('',#3483,#3484,#1678,.T.);
#4298=EDGE_CURVE('',#3484,#3484,#3113,.T.);
#4299=EDGE_CURVE('',#3485,#3485,#3114,.T.);
#4300=EDGE_CURVE('',#3485,#3486,#1679,.T.);
#4301=EDGE_CURVE('',#3486,#3486,#3115,.T.);
#4302=EDGE_CURVE('',#3487,#3487,#3116,.T.);
#4303=EDGE_CURVE('',#3487,#3488,#1680,.T.);
#4304=EDGE_CURVE('',#3488,#3488,#3117,.T.);
#4305=EDGE_CURVE('',#3489,#3489,#3118,.T.);
#4306=EDGE_CURVE('',#3489,#3490,#1681,.T.);
#4307=EDGE_CURVE('',#3490,#3490,#3119,.T.);
#4308=EDGE_CURVE('',#3491,#3491,#3120,.T.);
#4309=EDGE_CURVE('',#3491,#3492,#1682,.T.);
#4310=EDGE_CURVE('',#3492,#3492,#3121,.T.);
#4311=EDGE_CURVE('',#3493,#3493,#3122,.T.);
#4312=EDGE_CURVE('',#3493,#3494,#1683,.T.);
#4313=EDGE_CURVE('',#3495,#3494,#244,.T.);
#4314=EDGE_CURVE('',#3496,#3495,#3123,.T.);
#4315=EDGE_CURVE('',#3494,#3496,#245,.T.);
#4316=EDGE_CURVE('',#3496,#3497,#1684,.T.);
#4317=EDGE_CURVE('',#3498,#3497,#3124,.T.);
#4318=EDGE_CURVE('',#3498,#3499,#1685,.T.);
#4319=EDGE_CURVE('',#3499,#3500,#3125,.T.);
#4320=EDGE_CURVE('',#3500,#3495,#1686,.T.);
#4321=EDGE_CURVE('',#3501,#3502,#3126,.T.);
#4322=EDGE_CURVE('',#3502,#3503,#3127,.T.);
#4323=EDGE_CURVE('',#3503,#3504,#3128,.T.);
#4324=EDGE_CURVE('',#3504,#3501,#3129,.T.);
#4325=EDGE_CURVE('',#3505,#3506,#3130,.T.);
#4326=EDGE_CURVE('',#3506,#3504,#1687,.T.);
#4327=EDGE_CURVE('',#3503,#3505,#1688,.T.);
#4328=EDGE_CURVE('',#3507,#3508,#3131,.T.);
#4329=EDGE_CURVE('',#3508,#3506,#3132,.T.);
#4330=EDGE_CURVE('',#3505,#3507,#3133,.T.);
#4331=EDGE_CURVE('',#3509,#3510,#3134,.T.);
#4332=EDGE_CURVE('',#3510,#3508,#1689,.T.);
#4333=EDGE_CURVE('',#3507,#3509,#1690,.T.);
#4334=EDGE_CURVE('',#3511,#3512,#3135,.T.);
#4335=EDGE_CURVE('',#3512,#3510,#3136,.T.);
#4336=EDGE_CURVE('',#3509,#3511,#3137,.T.);
#4337=EDGE_CURVE('',#3513,#3514,#3138,.T.);
#4338=EDGE_CURVE('',#3514,#3512,#1691,.T.);
#4339=EDGE_CURVE('',#3511,#3513,#1692,.T.);
#4340=EDGE_CURVE('',#3515,#3516,#3139,.T.);
#4341=EDGE_CURVE('',#3516,#3514,#3140,.T.);
#4342=EDGE_CURVE('',#3513,#3515,#3141,.T.);
#4343=EDGE_CURVE('',#3517,#3518,#3142,.T.);
#4344=EDGE_CURVE('',#3518,#3516,#1693,.T.);
#4345=EDGE_CURVE('',#3515,#3517,#1694,.T.);
#4346=EDGE_CURVE('',#3519,#3520,#3143,.T.);
#4347=EDGE_CURVE('',#3520,#3518,#3144,.T.);
#4348=EDGE_CURVE('',#3517,#3519,#3145,.T.);
#4349=EDGE_CURVE('',#3521,#3522,#3146,.T.);
#4350=EDGE_CURVE('',#3522,#3520,#1695,.T.);
#4351=EDGE_CURVE('',#3519,#3521,#1696,.T.);
#4352=EDGE_CURVE('',#3523,#3524,#3147,.T.);
#4353=EDGE_CURVE('',#3524,#3522,#3148,.T.);
#4354=EDGE_CURVE('',#3521,#3523,#3149,.T.);
#4355=EDGE_CURVE('',#3525,#3526,#3150,.T.);
#4356=EDGE_CURVE('',#3526,#3524,#1697,.T.);
#4357=EDGE_CURVE('',#3523,#3525,#1698,.T.);
#4358=EDGE_CURVE('',#3527,#3528,#3151,.T.);
#4359=EDGE_CURVE('',#3528,#3526,#3152,.T.);
#4360=EDGE_CURVE('',#3525,#3527,#3153,.T.);
#4361=EDGE_CURVE('',#3529,#3530,#3154,.T.);
#4362=EDGE_CURVE('',#3530,#3528,#1699,.T.);
#4363=EDGE_CURVE('',#3527,#3529,#1700,.T.);
#4364=EDGE_CURVE('',#3531,#3532,#3155,.T.);
#4365=EDGE_CURVE('',#3532,#3530,#3156,.T.);
#4366=EDGE_CURVE('',#3529,#3531,#3157,.T.);
#4367=EDGE_CURVE('',#3533,#3534,#3158,.T.);
#4368=EDGE_CURVE('',#3534,#3532,#1701,.T.);
#4369=EDGE_CURVE('',#3531,#3533,#1702,.T.);
#4370=EDGE_CURVE('',#3535,#3536,#3159,.T.);
#4371=EDGE_CURVE('',#3536,#3534,#3160,.T.);
#4372=EDGE_CURVE('',#3533,#3535,#3161,.T.);
#4373=EDGE_CURVE('',#3537,#3538,#3162,.T.);
#4374=EDGE_CURVE('',#3538,#3536,#1703,.T.);
#4375=EDGE_CURVE('',#3535,#3537,#1704,.T.);
#4376=EDGE_CURVE('',#3539,#3540,#3163,.T.);
#4377=EDGE_CURVE('',#3540,#3538,#3164,.T.);
#4378=EDGE_CURVE('',#3537,#3539,#3165,.T.);
#4379=EDGE_CURVE('',#3541,#3542,#3166,.T.);
#4380=EDGE_CURVE('',#3542,#3540,#1705,.T.);
#4381=EDGE_CURVE('',#3539,#3541,#1706,.T.);
#4382=EDGE_CURVE('',#3543,#3544,#3167,.T.);
#4383=EDGE_CURVE('',#3544,#3542,#3168,.T.);
#4384=EDGE_CURVE('',#3541,#3543,#3169,.T.);
#4385=EDGE_CURVE('',#3545,#3546,#3170,.T.);
#4386=EDGE_CURVE('',#3546,#3544,#1707,.T.);
#4387=EDGE_CURVE('',#3543,#3545,#1708,.T.);
#4388=EDGE_CURVE('',#3547,#3548,#3171,.T.);
#4389=EDGE_CURVE('',#3548,#3546,#3172,.T.);
#4390=EDGE_CURVE('',#3545,#3547,#3173,.T.);
#4391=EDGE_CURVE('',#3549,#3550,#3174,.T.);
#4392=EDGE_CURVE('',#3550,#3551,#3175,.T.);
#4393=EDGE_CURVE('',#3551,#3552,#3176,.T.);
#4394=EDGE_CURVE('',#3552,#3549,#3177,.T.);
#4395=EDGE_CURVE('',#3553,#3554,#3178,.T.);
#4396=EDGE_CURVE('',#3554,#3550,#1709,.T.);
#4397=EDGE_CURVE('',#3549,#3553,#1710,.T.);
#4398=EDGE_CURVE('',#3555,#3556,#3179,.T.);
#4399=EDGE_CURVE('',#3556,#3554,#3180,.T.);
#4400=EDGE_CURVE('',#3553,#3555,#3181,.T.);
#4401=EDGE_CURVE('',#3555,#3502,#1711,.T.);
#4402=EDGE_CURVE('',#3501,#3556,#1712,.T.);
#4403=EDGE_CURVE('',#3552,#3557,#3182,.T.);
#4404=EDGE_CURVE('',#3557,#3558,#1713,.T.);
#4405=EDGE_CURVE('',#3558,#3547,#3183,.T.);
#4406=EDGE_CURVE('',#3547,#3552,#1714,.T.);
#4407=EDGE_CURVE('',#3558,#3548,#3184,.T.);
#4408=EDGE_CURVE('',#3551,#3557,#3185,.T.);
#4409=EDGE_CURVE('',#3524,#3559,#1715,.T.);
#4410=EDGE_CURVE('',#3559,#3560,#3186,.T.);
#4411=EDGE_CURVE('',#3560,#3522,#1716,.T.);
#4412=EDGE_CURVE('',#3561,#3526,#1717,.T.);
#4413=EDGE_CURVE('',#3559,#3561,#1718,.T.);
#4414=EDGE_CURVE('',#3528,#3562,#1719,.T.);
#4415=EDGE_CURVE('',#3562,#3561,#3187,.T.);
#4416=EDGE_CURVE('',#3563,#3530,#1720,.T.);
#4417=EDGE_CURVE('',#3562,#3563,#1721,.T.);
#4418=EDGE_CURVE('',#3532,#3564,#1722,.T.);
#4419=EDGE_CURVE('',#3564,#3563,#3188,.T.);
#4420=EDGE_CURVE('',#3565,#3534,#1723,.T.);
#4421=EDGE_CURVE('',#3564,#3565,#1724,.T.);
#4422=EDGE_CURVE('',#3536,#3566,#1725,.T.);
#4423=EDGE_CURVE('',#3566,#3565,#3189,.T.);
#4424=EDGE_CURVE('',#3567,#3538,#1726,.T.);
#4425=EDGE_CURVE('',#3566,#3567,#1727,.T.);
#4426=EDGE_CURVE('',#3540,#3568,#1728,.T.);
#4427=EDGE_CURVE('',#3568,#3567,#3190,.T.);
#4428=EDGE_CURVE('',#3569,#3542,#1729,.T.);
#4429=EDGE_CURVE('',#3568,#3569,#1730,.T.);
#4430=EDGE_CURVE('',#3544,#3570,#1731,.T.);
#4431=EDGE_CURVE('',#3570,#3569,#3191,.T.);
#4432=EDGE_CURVE('',#3571,#3546,#1732,.T.);
#4433=EDGE_CURVE('',#3570,#3571,#1733,.T.);
#4434=EDGE_CURVE('',#3572,#3548,#1734,.T.);
#4435=EDGE_CURVE('',#3572,#3571,#3192,.T.);
#4436=EDGE_CURVE('',#3558,#3573,#1735,.T.);
#4437=EDGE_CURVE('',#3573,#3572,#3193,.T.);
#4438=EDGE_CURVE('',#3574,#3557,#1736,.T.);
#4439=EDGE_CURVE('',#3573,#3574,#1737,.T.);
#4440=EDGE_CURVE('',#3575,#3575,#3194,.T.);
#4441=EDGE_CURVE('',#3575,#3576,#1738,.T.);
#4442=EDGE_CURVE('',#3576,#3576,#3195,.T.);
#4443=EDGE_CURVE('',#3577,#3577,#3196,.T.);
#4444=EDGE_CURVE('',#3577,#3578,#1739,.T.);
#4445=EDGE_CURVE('',#3578,#3578,#3197,.T.);
#4446=EDGE_CURVE('',#3579,#3579,#3198,.T.);
#4447=EDGE_CURVE('',#3579,#3580,#1740,.T.);
#4448=EDGE_CURVE('',#3580,#3580,#3199,.T.);
#4449=EDGE_CURVE('',#3581,#3581,#3200,.T.);
#4450=EDGE_CURVE('',#3581,#3582,#1741,.T.);
#4451=EDGE_CURVE('',#3582,#3582,#3201,.T.);
#4452=EDGE_CURVE('',#3583,#3583,#3202,.T.);
#4453=EDGE_CURVE('',#3583,#3584,#1742,.T.);
#4454=EDGE_CURVE('',#3584,#3584,#3203,.T.);
#4455=EDGE_CURVE('',#3585,#3585,#3204,.T.);
#4456=EDGE_CURVE('',#3585,#3586,#1743,.T.);
#4457=EDGE_CURVE('',#3586,#3586,#3205,.T.);
#4458=EDGE_CURVE('',#3587,#3587,#3206,.T.);
#4459=EDGE_CURVE('',#3587,#3588,#1744,.T.);
#4460=EDGE_CURVE('',#3588,#3588,#3207,.T.);
#4461=EDGE_CURVE('',#3589,#3589,#3208,.T.);
#4462=EDGE_CURVE('',#3589,#3590,#1745,.T.);
#4463=EDGE_CURVE('',#3590,#3590,#3209,.T.);
#4464=EDGE_CURVE('',#3551,#3591,#1746,.T.);
#4465=EDGE_CURVE('',#3591,#3574,#3210,.T.);
#4466=EDGE_CURVE('',#3592,#3591,#3211,.T.);
#4467=EDGE_CURVE('',#3592,#3593,#1747,.T.);
#4468=EDGE_CURVE('',#3594,#3593,#3212,.T.);
#4469=EDGE_CURVE('',#3594,#3595,#1748,.T.);
#4470=EDGE_CURVE('',#3596,#3595,#3213,.T.);
#4471=EDGE_CURVE('',#3596,#3597,#1749,.T.);
#4472=EDGE_CURVE('',#3598,#3597,#3214,.T.);
#4473=EDGE_CURVE('',#3598,#3599,#1750,.T.);
#4474=EDGE_CURVE('',#3600,#3599,#3215,.T.);
#4475=EDGE_CURVE('',#3600,#3601,#1751,.T.);
#4476=EDGE_CURVE('',#3602,#3601,#3216,.T.);
#4477=EDGE_CURVE('',#3602,#3603,#1752,.T.);
#4478=EDGE_CURVE('',#3604,#3603,#3217,.T.);
#4479=EDGE_CURVE('',#3604,#3560,#1753,.T.);
#4480=EDGE_CURVE('',#3605,#3500,#1754,.T.);
#4481=EDGE_CURVE('',#3499,#3606,#1755,.T.);
#4482=EDGE_CURVE('',#3607,#3606,#3218,.T.);
#4483=EDGE_CURVE('',#3607,#3608,#1756,.T.);
#4484=EDGE_CURVE('',#3609,#3608,#3219,.T.);
#4485=EDGE_CURVE('',#3609,#3610,#1757,.T.);
#4486=EDGE_CURVE('',#3611,#3610,#3220,.T.);
#4487=EDGE_CURVE('',#3611,#3612,#1758,.T.);
#4488=EDGE_CURVE('',#3613,#3612,#3221,.T.);
#4489=EDGE_CURVE('',#3613,#3614,#1759,.T.);
#4490=EDGE_CURVE('',#3615,#3614,#3222,.T.);
#4491=EDGE_CURVE('',#3615,#3616,#1760,.T.);
#4492=EDGE_CURVE('',#3617,#3616,#3223,.T.);
#4493=EDGE_CURVE('',#3617,#3618,#1761,.T.);
#4494=EDGE_CURVE('',#3619,#3618,#3224,.T.);
#4495=EDGE_CURVE('',#3619,#3620,#1762,.T.);
#4496=EDGE_CURVE('',#3621,#3620,#3225,.T.);
#4497=EDGE_CURVE('',#3621,#3622,#1763,.T.);
#4498=EDGE_CURVE('',#3623,#3622,#3226,.T.);
#4499=EDGE_CURVE('',#3623,#3624,#1764,.T.);
#4500=EDGE_CURVE('',#3625,#3624,#3227,.T.);
#4501=EDGE_CURVE('',#3625,#3605,#3228,.F.);
#4502=EDGE_CURVE('',#3550,#3592,#1765,.T.);
#4503=EDGE_CURVE('',#3520,#3604,#1766,.T.);
#4504=EDGE_CURVE('',#3626,#3626,#3229,.T.);
#4505=EDGE_CURVE('',#3626,#3627,#1767,.T.);
#4506=EDGE_CURVE('',#3627,#3627,#3230,.T.);
#4507=EDGE_CURVE('',#3628,#3628,#3231,.T.);
#4508=EDGE_CURVE('',#3628,#3629,#1768,.T.);
#4509=EDGE_CURVE('',#3629,#3629,#3232,.T.);
#4510=EDGE_CURVE('',#3630,#3630,#3233,.T.);
#4511=EDGE_CURVE('',#3630,#3631,#1769,.T.);
#4512=EDGE_CURVE('',#3631,#3631,#3234,.T.);
#4513=EDGE_CURVE('',#3632,#3632,#3235,.T.);
#4514=EDGE_CURVE('',#3632,#3633,#1770,.T.);
#4515=EDGE_CURVE('',#3633,#3633,#3236,.T.);
#4516=EDGE_CURVE('',#3634,#3634,#3237,.T.);
#4517=EDGE_CURVE('',#3634,#3635,#1771,.T.);
#4518=EDGE_CURVE('',#3635,#3635,#3238,.T.);
#4519=EDGE_CURVE('',#3636,#3636,#3239,.T.);
#4520=EDGE_CURVE('',#3636,#3637,#1772,.T.);
#4521=EDGE_CURVE('',#3637,#3637,#3240,.T.);
#4522=EDGE_CURVE('',#3638,#3638,#3241,.T.);
#4523=EDGE_CURVE('',#3638,#3639,#1773,.T.);
#4524=EDGE_CURVE('',#3639,#3639,#3242,.T.);
#4525=EDGE_CURVE('',#3640,#3640,#3243,.T.);
#4526=EDGE_CURVE('',#3640,#3641,#1774,.T.);
#4527=EDGE_CURVE('',#3641,#3641,#3244,.T.);
#4528=EDGE_CURVE('',#3642,#3643,#3245,.T.);
#4529=EDGE_CURVE('',#3642,#3611,#1775,.T.);
#4530=EDGE_CURVE('',#3610,#3643,#1776,.T.);
#4531=EDGE_CURVE('',#3642,#3644,#1777,.T.);
#4532=EDGE_CURVE('',#3612,#3644,#1778,.T.);
#4533=EDGE_CURVE('',#3645,#3644,#3246,.T.);
#4534=EDGE_CURVE('',#3645,#3613,#1779,.T.);
#4535=EDGE_CURVE('',#3645,#3646,#1780,.T.);
#4536=EDGE_CURVE('',#3614,#3646,#1781,.T.);
#4537=EDGE_CURVE('',#3625,#3647,#1782,.T.);
#4538=EDGE_CURVE('',#3648,#3647,#3247,.T.);
#4539=EDGE_CURVE('',#3648,#3605,#1783,.T.);
#4540=EDGE_CURVE('',#3648,#3497,#1784,.T.);
#4541=EDGE_CURVE('',#3649,#3643,#1785,.T.);
#4542=EDGE_CURVE('',#3650,#3649,#3248,.F.);
#4543=EDGE_CURVE('',#3651,#3650,#1786,.T.);
#4544=EDGE_CURVE('',#3651,#3652,#3249,.T.);
#4545=EDGE_CURVE('',#3498,#3652,#1787,.T.);
#4546=EDGE_CURVE('',#3653,#3647,#3250,.F.);
#4547=EDGE_CURVE('',#3654,#3653,#1788,.T.);
#4548=EDGE_CURVE('',#3654,#3655,#3251,.T.);
#4549=EDGE_CURVE('',#3656,#3655,#1789,.T.);
#4550=EDGE_CURVE('',#3656,#3657,#3252,.T.);
#4551=EDGE_CURVE('',#3658,#3657,#1790,.T.);
#4552=EDGE_CURVE('',#3659,#3658,#3253,.F.);
#4553=EDGE_CURVE('',#3660,#3659,#1791,.T.);
#4554=EDGE_CURVE('',#3660,#3661,#3254,.T.);
#4555=EDGE_CURVE('',#3662,#3661,#1792,.T.);
#4556=EDGE_CURVE('',#3646,#3662,#3255,.F.);
#4557=EDGE_CURVE('',#3624,#3653,#1793,.T.);
#4558=EDGE_CURVE('',#3654,#3623,#1794,.T.);
#4559=EDGE_CURVE('',#3606,#3652,#1795,.T.);
#4560=EDGE_CURVE('',#3608,#3650,#1796,.T.);
#4561=EDGE_CURVE('',#3649,#3609,#1797,.T.);
#4562=EDGE_CURVE('',#3651,#3607,#1798,.T.);
#4563=EDGE_CURVE('',#3603,#3518,#1799,.T.);
#4564=EDGE_CURVE('',#3512,#3600,#1800,.T.);
#4565=EDGE_CURVE('',#3599,#3510,#1801,.T.);
#4566=EDGE_CURVE('',#3508,#3598,#1802,.T.);
#4567=EDGE_CURVE('',#3516,#3602,#1803,.T.);
#4568=EDGE_CURVE('',#3601,#3514,#1804,.T.);
#4569=EDGE_CURVE('',#3597,#3506,#1805,.T.);
#4570=EDGE_CURVE('',#3504,#3596,#1806,.T.);
#4571=EDGE_CURVE('',#3595,#3501,#1807,.T.);
#4572=EDGE_CURVE('',#3556,#3594,#1808,.T.);
#4573=EDGE_CURVE('',#3593,#3554,#1809,.T.);
#4574=EDGE_CURVE('',#3618,#3659,#1810,.T.);
#4575=EDGE_CURVE('',#3658,#3619,#1811,.T.);
#4576=EDGE_CURVE('',#3660,#3617,#1812,.T.);
#4577=EDGE_CURVE('',#3616,#3661,#1813,.T.);
#4578=EDGE_CURVE('',#3662,#3615,#1814,.T.);
#4579=EDGE_CURVE('',#3656,#3621,#1815,.T.);
#4580=EDGE_CURVE('',#3620,#3657,#1816,.T.);
#4581=EDGE_CURVE('',#3622,#3655,#1817,.T.);
#4582=EDGE_CURVE('',#3663,#3664,#246,.T.);
#4583=EDGE_CURVE('',#3663,#3665,#1818,.T.);
#4584=EDGE_CURVE('',#3665,#3666,#247,.T.);
#4585=EDGE_CURVE('',#3664,#3666,#1819,.T.);
#4586=EDGE_CURVE('',#3667,#3663,#248,.T.);
#4587=EDGE_CURVE('',#3667,#3668,#1820,.T.);
#4588=EDGE_CURVE('',#3668,#3665,#249,.T.);
#4589=EDGE_CURVE('',#3669,#3667,#250,.T.);
#4590=EDGE_CURVE('',#3669,#3670,#1821,.T.);
#4591=EDGE_CURVE('',#3670,#3668,#251,.T.);
#4592=EDGE_CURVE('',#3671,#3669,#252,.T.);
#4593=EDGE_CURVE('',#3671,#3672,#1822,.T.);
#4594=EDGE_CURVE('',#3672,#3670,#253,.T.);
#4595=EDGE_CURVE('',#3673,#3671,#254,.T.);
#4596=EDGE_CURVE('',#3673,#3674,#1823,.T.);
#4597=EDGE_CURVE('',#3674,#3672,#255,.T.);
#4598=EDGE_CURVE('',#3675,#3673,#256,.T.);
#4599=EDGE_CURVE('',#3675,#3676,#1824,.T.);
#4600=EDGE_CURVE('',#3676,#3674,#257,.T.);
#4601=EDGE_CURVE('',#3677,#3675,#258,.T.);
#4602=EDGE_CURVE('',#3677,#3678,#1825,.T.);
#4603=EDGE_CURVE('',#3678,#3676,#259,.T.);
#4604=EDGE_CURVE('',#3679,#3677,#260,.T.);
#4605=EDGE_CURVE('',#3679,#3680,#1826,.T.);
#4606=EDGE_CURVE('',#3680,#3678,#261,.T.);
#4607=EDGE_CURVE('',#3681,#3679,#1827,.T.);
#4608=EDGE_CURVE('',#3681,#3682,#1828,.T.);
#4609=EDGE_CURVE('',#3682,#3680,#1829,.T.);
#4610=EDGE_CURVE('',#3683,#3681,#262,.T.);
#4611=EDGE_CURVE('',#3683,#3684,#1830,.T.);
#4612=EDGE_CURVE('',#3684,#3682,#263,.T.);
#4613=EDGE_CURVE('',#3685,#3683,#264,.T.);
#4614=EDGE_CURVE('',#3685,#3686,#1831,.T.);
#4615=EDGE_CURVE('',#3686,#3684,#265,.T.);
#4616=EDGE_CURVE('',#3687,#3685,#266,.T.);
#4617=EDGE_CURVE('',#3687,#3688,#1832,.T.);
#4618=EDGE_CURVE('',#3688,#3686,#267,.T.);
#4619=EDGE_CURVE('',#3689,#3687,#268,.T.);
#4620=EDGE_CURVE('',#3689,#3690,#1833,.T.);
#4621=EDGE_CURVE('',#3690,#3688,#269,.T.);
#4622=EDGE_CURVE('',#3691,#3689,#270,.T.);
#4623=EDGE_CURVE('',#3691,#3692,#1834,.T.);
#4624=EDGE_CURVE('',#3692,#3690,#271,.T.);
#4625=EDGE_CURVE('',#3693,#3691,#272,.T.);
#4626=EDGE_CURVE('',#3693,#3694,#1835,.T.);
#4627=EDGE_CURVE('',#3694,#3692,#273,.T.);
#4628=EDGE_CURVE('',#3695,#3693,#274,.T.);
#4629=EDGE_CURVE('',#3695,#3696,#1836,.T.);
#4630=EDGE_CURVE('',#3696,#3694,#275,.T.);
#4631=EDGE_CURVE('',#3697,#3695,#276,.T.);
#4632=EDGE_CURVE('',#3697,#3698,#1837,.T.);
#4633=EDGE_CURVE('',#3698,#3696,#277,.T.);
#4634=EDGE_CURVE('',#3699,#3697,#278,.T.);
#4635=EDGE_CURVE('',#3699,#3700,#1838,.T.);
#4636=EDGE_CURVE('',#3700,#3698,#279,.T.);
#4637=EDGE_CURVE('',#3701,#3699,#280,.T.);
#4638=EDGE_CURVE('',#3701,#3702,#1839,.T.);
#4639=EDGE_CURVE('',#3702,#3700,#281,.T.);
#4640=EDGE_CURVE('',#3703,#3701,#1840,.T.);
#4641=EDGE_CURVE('',#3703,#3704,#1841,.T.);
#4642=EDGE_CURVE('',#3704,#3702,#1842,.T.);
#4643=EDGE_CURVE('',#3664,#3703,#282,.T.);
#4644=EDGE_CURVE('',#3666,#3704,#283,.T.);
#4645=EDGE_CURVE('',#3705,#3706,#1843,.T.);
#4646=EDGE_CURVE('',#3705,#3707,#1844,.T.);
#4647=EDGE_CURVE('',#3707,#3708,#1845,.T.);
#4648=EDGE_CURVE('',#3706,#3708,#1846,.T.);
#4649=EDGE_CURVE('',#3709,#3705,#1847,.T.);
#4650=EDGE_CURVE('',#3709,#3710,#1848,.T.);
#4651=EDGE_CURVE('',#3710,#3707,#1849,.T.);
#4652=EDGE_CURVE('',#3711,#3709,#1850,.T.);
#4653=EDGE_CURVE('',#3711,#3712,#1851,.T.);
#4654=EDGE_CURVE('',#3712,#3710,#1852,.T.);
#4655=EDGE_CURVE('',#3713,#3711,#1853,.T.);
#4656=EDGE_CURVE('',#3713,#3714,#1854,.T.);
#4657=EDGE_CURVE('',#3714,#3712,#1855,.T.);
#4658=EDGE_CURVE('',#3715,#3713,#1856,.T.);
#4659=EDGE_CURVE('',#3715,#3716,#1857,.T.);
#4660=EDGE_CURVE('',#3716,#3714,#1858,.T.);
#4661=EDGE_CURVE('',#3717,#3715,#1859,.T.);
#4662=EDGE_CURVE('',#3717,#3718,#1860,.T.);
#4663=EDGE_CURVE('',#3718,#3716,#1861,.T.);
#4664=EDGE_CURVE('',#3719,#3717,#1862,.T.);
#4665=EDGE_CURVE('',#3719,#3720,#1863,.T.);
#4666=EDGE_CURVE('',#3720,#3718,#1864,.T.);
#4667=EDGE_CURVE('',#3721,#3719,#1865,.T.);
#4668=EDGE_CURVE('',#3721,#3722,#1866,.T.);
#4669=EDGE_CURVE('',#3722,#3720,#1867,.T.);
#4670=EDGE_CURVE('',#3723,#3721,#1868,.T.);
#4671=EDGE_CURVE('',#3723,#3724,#1869,.T.);
#4672=EDGE_CURVE('',#3724,#3722,#1870,.T.);
#4673=EDGE_CURVE('',#3706,#3723,#1871,.T.);
#4674=EDGE_CURVE('',#3708,#3724,#1872,.T.);
#4675=EDGE_CURVE('',#3725,#3726,#284,.T.);
#4676=EDGE_CURVE('',#3725,#3727,#1873,.T.);
#4677=EDGE_CURVE('',#3727,#3728,#285,.T.);
#4678=EDGE_CURVE('',#3726,#3728,#1874,.T.);
#4679=EDGE_CURVE('',#3729,#3725,#286,.T.);
#4680=EDGE_CURVE('',#3729,#3730,#1875,.T.);
#4681=EDGE_CURVE('',#3730,#3727,#287,.T.);
#4682=EDGE_CURVE('',#3731,#3729,#288,.T.);
#4683=EDGE_CURVE('',#3731,#3732,#1876,.T.);
#4684=EDGE_CURVE('',#3732,#3730,#289,.T.);
#4685=EDGE_CURVE('',#3733,#3731,#1877,.T.);
#4686=EDGE_CURVE('',#3733,#3734,#1878,.T.);
#4687=EDGE_CURVE('',#3734,#3732,#1879,.T.);
#4688=EDGE_CURVE('',#3735,#3733,#290,.T.);
#4689=EDGE_CURVE('',#3735,#3736,#1880,.T.);
#4690=EDGE_CURVE('',#3736,#3734,#291,.T.);
#4691=EDGE_CURVE('',#3737,#3735,#292,.T.);
#4692=EDGE_CURVE('',#3737,#3738,#1881,.T.);
#4693=EDGE_CURVE('',#3738,#3736,#293,.T.);
#4694=EDGE_CURVE('',#3739,#3737,#294,.T.);
#4695=EDGE_CURVE('',#3739,#3740,#1882,.T.);
#4696=EDGE_CURVE('',#3740,#3738,#295,.T.);
#4697=EDGE_CURVE('',#3741,#3739,#296,.T.);
#4698=EDGE_CURVE('',#3741,#3742,#1883,.T.);
#4699=EDGE_CURVE('',#3742,#3740,#297,.T.);
#4700=EDGE_CURVE('',#3726,#3741,#1884,.T.);
#4701=EDGE_CURVE('',#3728,#3742,#1885,.T.);
#4702=EDGE_CURVE('',#3743,#3744,#1886,.T.);
#4703=EDGE_CURVE('',#3743,#3745,#1887,.T.);
#4704=EDGE_CURVE('',#3745,#3746,#1888,.T.);
#4705=EDGE_CURVE('',#3744,#3746,#1889,.T.);
#4706=EDGE_CURVE('',#3747,#3743,#298,.T.);
#4707=EDGE_CURVE('',#3747,#3748,#1890,.T.);
#4708=EDGE_CURVE('',#3748,#3745,#299,.T.);
#4709=EDGE_CURVE('',#3749,#3747,#300,.T.);
#4710=EDGE_CURVE('',#3749,#3750,#1891,.T.);
#4711=EDGE_CURVE('',#3750,#3748,#301,.T.);
#4712=EDGE_CURVE('',#3751,#3749,#302,.T.);
#4713=EDGE_CURVE('',#3751,#3752,#1892,.T.);
#4714=EDGE_CURVE('',#3752,#3750,#303,.T.);
#4715=EDGE_CURVE('',#3753,#3751,#304,.T.);
#4716=EDGE_CURVE('',#3753,#3754,#1893,.T.);
#4717=EDGE_CURVE('',#3754,#3752,#305,.T.);
#4718=EDGE_CURVE('',#3755,#3753,#306,.T.);
#4719=EDGE_CURVE('',#3755,#3756,#1894,.T.);
#4720=EDGE_CURVE('',#3756,#3754,#307,.T.);
#4721=EDGE_CURVE('',#3757,#3755,#1895,.T.);
#4722=EDGE_CURVE('',#3757,#3758,#1896,.T.);
#4723=EDGE_CURVE('',#3758,#3756,#1897,.T.);
#4724=EDGE_CURVE('',#3744,#3757,#1898,.T.);
#4725=EDGE_CURVE('',#3746,#3758,#1899,.T.);
#4726=EDGE_CURVE('',#3759,#3760,#1900,.T.);
#4727=EDGE_CURVE('',#3759,#3761,#1901,.T.);
#4728=EDGE_CURVE('',#3761,#3762,#1902,.T.);
#4729=EDGE_CURVE('',#3760,#3762,#1903,.T.);
#4730=EDGE_CURVE('',#3763,#3759,#1904,.T.);
#4731=EDGE_CURVE('',#3763,#3764,#1905,.T.);
#4732=EDGE_CURVE('',#3764,#3761,#1906,.T.);
#4733=EDGE_CURVE('',#3765,#3763,#308,.T.);
#4734=EDGE_CURVE('',#3765,#3766,#1907,.T.);
#4735=EDGE_CURVE('',#3766,#3764,#309,.T.);
#4736=EDGE_CURVE('',#3767,#3765,#310,.T.);
#4737=EDGE_CURVE('',#3767,#3768,#1908,.T.);
#4738=EDGE_CURVE('',#3768,#3766,#311,.T.);
#4739=EDGE_CURVE('',#3769,#3767,#1909,.T.);
#4740=EDGE_CURVE('',#3769,#3770,#1910,.T.);
#4741=EDGE_CURVE('',#3770,#3768,#1911,.T.);
#4742=EDGE_CURVE('',#3771,#3769,#1912,.T.);
#4743=EDGE_CURVE('',#3771,#3772,#1913,.T.);
#4744=EDGE_CURVE('',#3772,#3770,#1914,.T.);
#4745=EDGE_CURVE('',#3773,#3771,#1915,.T.);
#4746=EDGE_CURVE('',#3773,#3774,#1916,.T.);
#4747=EDGE_CURVE('',#3774,#3772,#1917,.T.);
#4748=EDGE_CURVE('',#3775,#3773,#312,.T.);
#4749=EDGE_CURVE('',#3775,#3776,#1918,.T.);
#4750=EDGE_CURVE('',#3776,#3774,#313,.T.);
#4751=EDGE_CURVE('',#3777,#3775,#314,.T.);
#4752=EDGE_CURVE('',#3777,#3778,#1919,.T.);
#4753=EDGE_CURVE('',#3778,#3776,#315,.T.);
#4754=EDGE_CURVE('',#3779,#3777,#316,.T.);
#4755=EDGE_CURVE('',#3779,#3780,#1920,.T.);
#4756=EDGE_CURVE('',#3780,#3778,#317,.T.);
#4757=EDGE_CURVE('',#3781,#3779,#318,.T.);
#4758=EDGE_CURVE('',#3781,#3782,#1921,.T.);
#4759=EDGE_CURVE('',#3782,#3780,#319,.T.);
#4760=EDGE_CURVE('',#3783,#3781,#320,.T.);
#4761=EDGE_CURVE('',#3783,#3784,#1922,.T.);
#4762=EDGE_CURVE('',#3784,#3782,#321,.T.);
#4763=EDGE_CURVE('',#3785,#3783,#322,.T.);
#4764=EDGE_CURVE('',#3785,#3786,#1923,.T.);
#4765=EDGE_CURVE('',#3786,#3784,#323,.T.);
#4766=EDGE_CURVE('',#3787,#3785,#324,.T.);
#4767=EDGE_CURVE('',#3787,#3788,#1924,.T.);
#4768=EDGE_CURVE('',#3788,#3786,#325,.T.);
#4769=EDGE_CURVE('',#3789,#3787,#326,.T.);
#4770=EDGE_CURVE('',#3789,#3790,#1925,.T.);
#4771=EDGE_CURVE('',#3790,#3788,#327,.T.);
#4772=EDGE_CURVE('',#3791,#3789,#328,.T.);
#4773=EDGE_CURVE('',#3791,#3792,#1926,.T.);
#4774=EDGE_CURVE('',#3792,#3790,#329,.T.);
#4775=EDGE_CURVE('',#3793,#3791,#1927,.T.);
#4776=EDGE_CURVE('',#3793,#3794,#1928,.T.);
#4777=EDGE_CURVE('',#3794,#3792,#1929,.T.);
#4778=EDGE_CURVE('',#3795,#3793,#1930,.T.);
#4779=EDGE_CURVE('',#3795,#3796,#1931,.T.);
#4780=EDGE_CURVE('',#3796,#3794,#1932,.T.);
#4781=EDGE_CURVE('',#3760,#3795,#1933,.T.);
#4782=EDGE_CURVE('',#3762,#3796,#1934,.T.);
#4783=EDGE_CURVE('',#3797,#3798,#330,.T.);
#4784=EDGE_CURVE('',#3797,#3799,#1935,.T.);
#4785=EDGE_CURVE('',#3799,#3800,#331,.T.);
#4786=EDGE_CURVE('',#3798,#3800,#1936,.T.);
#4787=EDGE_CURVE('',#3801,#3797,#332,.T.);
#4788=EDGE_CURVE('',#3801,#3802,#1937,.T.);
#4789=EDGE_CURVE('',#3802,#3799,#333,.T.);
#4790=EDGE_CURVE('',#3803,#3801,#334,.T.);
#4791=EDGE_CURVE('',#3803,#3804,#1938,.T.);
#4792=EDGE_CURVE('',#3804,#3802,#335,.T.);
#4793=EDGE_CURVE('',#3805,#3803,#1939,.T.);
#4794=EDGE_CURVE('',#3805,#3806,#1940,.T.);
#4795=EDGE_CURVE('',#3806,#3804,#1941,.T.);
#4796=EDGE_CURVE('',#3807,#3805,#336,.T.);
#4797=EDGE_CURVE('',#3807,#3808,#1942,.T.);
#4798=EDGE_CURVE('',#3808,#3806,#337,.T.);
#4799=EDGE_CURVE('',#3809,#3807,#338,.T.);
#4800=EDGE_CURVE('',#3809,#3810,#1943,.T.);
#4801=EDGE_CURVE('',#3810,#3808,#339,.T.);
#4802=EDGE_CURVE('',#3811,#3809,#340,.T.);
#4803=EDGE_CURVE('',#3811,#3812,#1944,.T.);
#4804=EDGE_CURVE('',#3812,#3810,#341,.T.);
#4805=EDGE_CURVE('',#3813,#3811,#342,.T.);
#4806=EDGE_CURVE('',#3813,#3814,#1945,.T.);
#4807=EDGE_CURVE('',#3814,#3812,#343,.T.);
#4808=EDGE_CURVE('',#3798,#3813,#1946,.T.);
#4809=EDGE_CURVE('',#3800,#3814,#1947,.T.);
#4810=EDGE_CURVE('',#3815,#3816,#344,.T.);
#4811=EDGE_CURVE('',#3815,#3817,#1948,.T.);
#4812=EDGE_CURVE('',#3817,#3818,#345,.T.);
#4813=EDGE_CURVE('',#3816,#3818,#1949,.T.);
#4814=EDGE_CURVE('',#3819,#3815,#346,.T.);
#4815=EDGE_CURVE('',#3819,#3820,#1950,.T.);
#4816=EDGE_CURVE('',#3820,#3817,#347,.T.);
#4817=EDGE_CURVE('',#3821,#3819,#348,.T.);
#4818=EDGE_CURVE('',#3821,#3822,#1951,.T.);
#4819=EDGE_CURVE('',#3822,#3820,#349,.T.);
#4820=EDGE_CURVE('',#3823,#3821,#1952,.T.);
#4821=EDGE_CURVE('',#3823,#3824,#1953,.T.);
#4822=EDGE_CURVE('',#3824,#3822,#1954,.T.);
#4823=EDGE_CURVE('',#3825,#3823,#350,.T.);
#4824=EDGE_CURVE('',#3825,#3826,#1955,.T.);
#4825=EDGE_CURVE('',#3826,#3824,#351,.T.);
#4826=EDGE_CURVE('',#3827,#3825,#352,.T.);
#4827=EDGE_CURVE('',#3827,#3828,#1956,.T.);
#4828=EDGE_CURVE('',#3828,#3826,#353,.T.);
#4829=EDGE_CURVE('',#3829,#3827,#354,.T.);
#4830=EDGE_CURVE('',#3829,#3830,#1957,.T.);
#4831=EDGE_CURVE('',#3830,#3828,#355,.T.);
#4832=EDGE_CURVE('',#3831,#3829,#356,.T.);
#4833=EDGE_CURVE('',#3831,#3832,#1958,.T.);
#4834=EDGE_CURVE('',#3832,#3830,#357,.T.);
#4835=EDGE_CURVE('',#3816,#3831,#1959,.T.);
#4836=EDGE_CURVE('',#3818,#3832,#1960,.T.);
#4837=EDGE_CURVE('',#3833,#3834,#1961,.T.);
#4838=EDGE_CURVE('',#3833,#3835,#1962,.T.);
#4839=EDGE_CURVE('',#3835,#3836,#1963,.T.);
#4840=EDGE_CURVE('',#3834,#3836,#1964,.T.);
#4841=EDGE_CURVE('',#3837,#3833,#1965,.T.);
#4842=EDGE_CURVE('',#3837,#3838,#1966,.T.);
#4843=EDGE_CURVE('',#3838,#3835,#1967,.T.);
#4844=EDGE_CURVE('',#3839,#3837,#1968,.T.);
#4845=EDGE_CURVE('',#3839,#3840,#1969,.T.);
#4846=EDGE_CURVE('',#3840,#3838,#1970,.T.);
#4847=EDGE_CURVE('',#3841,#3839,#1971,.T.);
#4848=EDGE_CURVE('',#3841,#3842,#1972,.T.);
#4849=EDGE_CURVE('',#3842,#3840,#1973,.T.);
#4850=EDGE_CURVE('',#3843,#3841,#1974,.T.);
#4851=EDGE_CURVE('',#3843,#3844,#1975,.T.);
#4852=EDGE_CURVE('',#3844,#3842,#1976,.T.);
#4853=EDGE_CURVE('',#3845,#3843,#1977,.T.);
#4854=EDGE_CURVE('',#3845,#3846,#1978,.T.);
#4855=EDGE_CURVE('',#3846,#3844,#1979,.T.);
#4856=EDGE_CURVE('',#3847,#3845,#1980,.T.);
#4857=EDGE_CURVE('',#3847,#3848,#1981,.T.);
#4858=EDGE_CURVE('',#3848,#3846,#1982,.T.);
#4859=EDGE_CURVE('',#3849,#3847,#1983,.T.);
#4860=EDGE_CURVE('',#3849,#3850,#1984,.T.);
#4861=EDGE_CURVE('',#3850,#3848,#1985,.T.);
#4862=EDGE_CURVE('',#3851,#3849,#1986,.T.);
#4863=EDGE_CURVE('',#3851,#3852,#1987,.T.);
#4864=EDGE_CURVE('',#3852,#3850,#1988,.T.);
#4865=EDGE_CURVE('',#3853,#3851,#1989,.T.);
#4866=EDGE_CURVE('',#3853,#3854,#1990,.T.);
#4867=EDGE_CURVE('',#3854,#3852,#1991,.T.);
#4868=EDGE_CURVE('',#3855,#3853,#1992,.T.);
#4869=EDGE_CURVE('',#3855,#3856,#1993,.T.);
#4870=EDGE_CURVE('',#3856,#3854,#1994,.T.);
#4871=EDGE_CURVE('',#3834,#3855,#1995,.T.);
#4872=EDGE_CURVE('',#3836,#3856,#1996,.T.);
#4873=EDGE_CURVE('',#3857,#3858,#1997,.T.);
#4874=EDGE_CURVE('',#3857,#3859,#1998,.T.);
#4875=EDGE_CURVE('',#3859,#3860,#1999,.T.);
#4876=EDGE_CURVE('',#3858,#3860,#2000,.T.);
#4877=EDGE_CURVE('',#3861,#3857,#2001,.T.);
#4878=EDGE_CURVE('',#3861,#3862,#2002,.T.);
#4879=EDGE_CURVE('',#3862,#3859,#2003,.T.);
#4880=EDGE_CURVE('',#3863,#3861,#2004,.T.);
#4881=EDGE_CURVE('',#3863,#3864,#2005,.T.);
#4882=EDGE_CURVE('',#3864,#3862,#2006,.T.);
#4883=EDGE_CURVE('',#3865,#3863,#2007,.T.);
#4884=EDGE_CURVE('',#3865,#3866,#2008,.T.);
#4885=EDGE_CURVE('',#3866,#3864,#2009,.T.);
#4886=EDGE_CURVE('',#3867,#3865,#2010,.T.);
#4887=EDGE_CURVE('',#3867,#3868,#2011,.T.);
#4888=EDGE_CURVE('',#3868,#3866,#2012,.T.);
#4889=EDGE_CURVE('',#3869,#3867,#2013,.T.);
#4890=EDGE_CURVE('',#3869,#3870,#2014,.T.);
#4891=EDGE_CURVE('',#3870,#3868,#2015,.T.);
#4892=EDGE_CURVE('',#3871,#3869,#2016,.T.);
#4893=EDGE_CURVE('',#3871,#3872,#2017,.T.);
#4894=EDGE_CURVE('',#3872,#3870,#2018,.T.);
#4895=EDGE_CURVE('',#3873,#3871,#2019,.T.);
#4896=EDGE_CURVE('',#3873,#3874,#2020,.T.);
#4897=EDGE_CURVE('',#3874,#3872,#2021,.T.);
#4898=EDGE_CURVE('',#3875,#3873,#2022,.T.);
#4899=EDGE_CURVE('',#3875,#3876,#2023,.T.);
#4900=EDGE_CURVE('',#3876,#3874,#2024,.T.);
#4901=EDGE_CURVE('',#3877,#3875,#2025,.T.);
#4902=EDGE_CURVE('',#3877,#3878,#2026,.T.);
#4903=EDGE_CURVE('',#3878,#3876,#2027,.T.);
#4904=EDGE_CURVE('',#3879,#3877,#2028,.T.);
#4905=EDGE_CURVE('',#3879,#3880,#2029,.T.);
#4906=EDGE_CURVE('',#3880,#3878,#2030,.T.);
#4907=EDGE_CURVE('',#3858,#3879,#2031,.T.);
#4908=EDGE_CURVE('',#3860,#3880,#2032,.T.);
#4909=EDGE_CURVE('',#3881,#3882,#2033,.T.);
#4910=EDGE_CURVE('',#3881,#3883,#2034,.T.);
#4911=EDGE_CURVE('',#3883,#3884,#2035,.T.);
#4912=EDGE_CURVE('',#3882,#3884,#2036,.T.);
#4913=EDGE_CURVE('',#3885,#3881,#2037,.T.);
#4914=EDGE_CURVE('',#3885,#3886,#2038,.T.);
#4915=EDGE_CURVE('',#3886,#3883,#2039,.T.);
#4916=EDGE_CURVE('',#3887,#3885,#2040,.T.);
#4917=EDGE_CURVE('',#3887,#3888,#2041,.T.);
#4918=EDGE_CURVE('',#3888,#3886,#2042,.T.);
#4919=EDGE_CURVE('',#3889,#3887,#2043,.T.);
#4920=EDGE_CURVE('',#3889,#3890,#2044,.T.);
#4921=EDGE_CURVE('',#3890,#3888,#2045,.T.);
#4922=EDGE_CURVE('',#3891,#3889,#2046,.T.);
#4923=EDGE_CURVE('',#3891,#3892,#2047,.T.);
#4924=EDGE_CURVE('',#3892,#3890,#2048,.T.);
#4925=EDGE_CURVE('',#3893,#3891,#2049,.T.);
#4926=EDGE_CURVE('',#3893,#3894,#2050,.T.);
#4927=EDGE_CURVE('',#3894,#3892,#2051,.T.);
#4928=EDGE_CURVE('',#3895,#3893,#2052,.T.);
#4929=EDGE_CURVE('',#3895,#3896,#2053,.T.);
#4930=EDGE_CURVE('',#3896,#3894,#2054,.T.);
#4931=EDGE_CURVE('',#3897,#3895,#2055,.T.);
#4932=EDGE_CURVE('',#3897,#3898,#2056,.T.);
#4933=EDGE_CURVE('',#3898,#3896,#2057,.T.);
#4934=EDGE_CURVE('',#3899,#3897,#2058,.T.);
#4935=EDGE_CURVE('',#3899,#3900,#2059,.T.);
#4936=EDGE_CURVE('',#3900,#3898,#2060,.T.);
#4937=EDGE_CURVE('',#3901,#3899,#2061,.T.);
#4938=EDGE_CURVE('',#3901,#3902,#2062,.T.);
#4939=EDGE_CURVE('',#3902,#3900,#2063,.T.);
#4940=EDGE_CURVE('',#3903,#3901,#2064,.T.);
#4941=EDGE_CURVE('',#3903,#3904,#2065,.T.);
#4942=EDGE_CURVE('',#3904,#3902,#2066,.T.);
#4943=EDGE_CURVE('',#3882,#3903,#2067,.T.);
#4944=EDGE_CURVE('',#3884,#3904,#2068,.T.);
#4945=EDGE_CURVE('',#3905,#3906,#2069,.T.);
#4946=EDGE_CURVE('',#3905,#3907,#2070,.T.);
#4947=EDGE_CURVE('',#3907,#3908,#2071,.T.);
#4948=EDGE_CURVE('',#3906,#3908,#2072,.T.);
#4949=EDGE_CURVE('',#3909,#3905,#2073,.T.);
#4950=EDGE_CURVE('',#3909,#3910,#2074,.T.);
#4951=EDGE_CURVE('',#3910,#3907,#2075,.T.);
#4952=EDGE_CURVE('',#3906,#3909,#2076,.T.);
#4953=EDGE_CURVE('',#3908,#3910,#2077,.T.);
#4954=EDGE_CURVE('',#3911,#3912,#2078,.T.);
#4955=EDGE_CURVE('',#3911,#3913,#2079,.T.);
#4956=EDGE_CURVE('',#3913,#3914,#2080,.T.);
#4957=EDGE_CURVE('',#3912,#3914,#2081,.T.);
#4958=EDGE_CURVE('',#3915,#3911,#2082,.T.);
#4959=EDGE_CURVE('',#3915,#3916,#2083,.T.);
#4960=EDGE_CURVE('',#3916,#3913,#2084,.T.);
#4961=EDGE_CURVE('',#3917,#3915,#2085,.T.);
#4962=EDGE_CURVE('',#3917,#3918,#2086,.T.);
#4963=EDGE_CURVE('',#3918,#3916,#2087,.T.);
#4964=EDGE_CURVE('',#3919,#3917,#2088,.T.);
#4965=EDGE_CURVE('',#3919,#3920,#2089,.T.);
#4966=EDGE_CURVE('',#3920,#3918,#2090,.T.);
#4967=EDGE_CURVE('',#3921,#3919,#2091,.T.);
#4968=EDGE_CURVE('',#3921,#3922,#2092,.T.);
#4969=EDGE_CURVE('',#3922,#3920,#2093,.T.);
#4970=EDGE_CURVE('',#3923,#3921,#2094,.T.);
#4971=EDGE_CURVE('',#3923,#3924,#2095,.T.);
#4972=EDGE_CURVE('',#3924,#3922,#2096,.T.);
#4973=EDGE_CURVE('',#3925,#3923,#2097,.T.);
#4974=EDGE_CURVE('',#3925,#3926,#2098,.T.);
#4975=EDGE_CURVE('',#3926,#3924,#2099,.T.);
#4976=EDGE_CURVE('',#3912,#3925,#2100,.T.);
#4977=EDGE_CURVE('',#3914,#3926,#2101,.T.);
#4978=EDGE_CURVE('',#3927,#3928,#358,.T.);
#4979=EDGE_CURVE('',#3927,#3929,#2102,.T.);
#4980=EDGE_CURVE('',#3929,#3930,#359,.T.);
#4981=EDGE_CURVE('',#3928,#3930,#2103,.T.);
#4982=EDGE_CURVE('',#3931,#3927,#360,.T.);
#4983=EDGE_CURVE('',#3931,#3932,#2104,.T.);
#4984=EDGE_CURVE('',#3932,#3929,#361,.T.);
#4985=EDGE_CURVE('',#3933,#3931,#362,.T.);
#4986=EDGE_CURVE('',#3933,#3934,#2105,.T.);
#4987=EDGE_CURVE('',#3934,#3932,#363,.T.);
#4988=EDGE_CURVE('',#3935,#3933,#364,.T.);
#4989=EDGE_CURVE('',#3935,#3936,#2106,.T.);
#4990=EDGE_CURVE('',#3936,#3934,#365,.T.);
#4991=EDGE_CURVE('',#3937,#3935,#366,.T.);
#4992=EDGE_CURVE('',#3937,#3938,#2107,.T.);
#4993=EDGE_CURVE('',#3938,#3936,#367,.T.);
#4994=EDGE_CURVE('',#3939,#3937,#368,.T.);
#4995=EDGE_CURVE('',#3939,#3940,#2108,.T.);
#4996=EDGE_CURVE('',#3940,#3938,#369,.T.);
#4997=EDGE_CURVE('',#3941,#3939,#370,.T.);
#4998=EDGE_CURVE('',#3941,#3942,#2109,.T.);
#4999=EDGE_CURVE('',#3942,#3940,#371,.T.);
#5000=EDGE_CURVE('',#3943,#3941,#372,.T.);
#5001=EDGE_CURVE('',#3943,#3944,#2110,.T.);
#5002=EDGE_CURVE('',#3944,#3942,#373,.T.);
#5003=EDGE_CURVE('',#3945,#3943,#374,.T.);
#5004=EDGE_CURVE('',#3945,#3946,#2111,.T.);
#5005=EDGE_CURVE('',#3946,#3944,#375,.T.);
#5006=EDGE_CURVE('',#3947,#3945,#376,.T.);
#5007=EDGE_CURVE('',#3947,#3948,#2112,.T.);
#5008=EDGE_CURVE('',#3948,#3946,#377,.T.);
#5009=EDGE_CURVE('',#3949,#3947,#378,.T.);
#5010=EDGE_CURVE('',#3949,#3950,#2113,.T.);
#5011=EDGE_CURVE('',#3950,#3948,#379,.T.);
#5012=EDGE_CURVE('',#3951,#3949,#380,.T.);
#5013=EDGE_CURVE('',#3951,#3952,#2114,.T.);
#5014=EDGE_CURVE('',#3952,#3950,#381,.T.);
#5015=EDGE_CURVE('',#3953,#3951,#382,.T.);
#5016=EDGE_CURVE('',#3953,#3954,#2115,.T.);
#5017=EDGE_CURVE('',#3954,#3952,#383,.T.);
#5018=EDGE_CURVE('',#3955,#3953,#2116,.T.);
#5019=EDGE_CURVE('',#3955,#3956,#2117,.T.);
#5020=EDGE_CURVE('',#3956,#3954,#2118,.T.);
#5021=EDGE_CURVE('',#3957,#3955,#384,.T.);
#5022=EDGE_CURVE('',#3957,#3958,#2119,.T.);
#5023=EDGE_CURVE('',#3958,#3956,#385,.T.);
#5024=EDGE_CURVE('',#3959,#3957,#386,.T.);
#5025=EDGE_CURVE('',#3959,#3960,#2120,.T.);
#5026=EDGE_CURVE('',#3960,#3958,#387,.T.);
#5027=EDGE_CURVE('',#3961,#3959,#388,.T.);
#5028=EDGE_CURVE('',#3961,#3962,#2121,.T.);
#5029=EDGE_CURVE('',#3962,#3960,#389,.T.);
#5030=EDGE_CURVE('',#3963,#3961,#390,.T.);
#5031=EDGE_CURVE('',#3963,#3964,#2122,.T.);
#5032=EDGE_CURVE('',#3964,#3962,#391,.T.);
#5033=EDGE_CURVE('',#3965,#3963,#392,.T.);
#5034=EDGE_CURVE('',#3965,#3966,#2123,.T.);
#5035=EDGE_CURVE('',#3966,#3964,#393,.T.);
#5036=EDGE_CURVE('',#3967,#3965,#394,.T.);
#5037=EDGE_CURVE('',#3967,#3968,#2124,.T.);
#5038=EDGE_CURVE('',#3968,#3966,#395,.T.);
#5039=EDGE_CURVE('',#3969,#3967,#396,.T.);
#5040=EDGE_CURVE('',#3969,#3970,#2125,.T.);
#5041=EDGE_CURVE('',#3970,#3968,#397,.T.);
#5042=EDGE_CURVE('',#3971,#3969,#398,.T.);
#5043=EDGE_CURVE('',#3971,#3972,#2126,.T.);
#5044=EDGE_CURVE('',#3972,#3970,#399,.T.);
#5045=EDGE_CURVE('',#3973,#3971,#400,.T.);
#5046=EDGE_CURVE('',#3973,#3974,#2127,.T.);
#5047=EDGE_CURVE('',#3974,#3972,#401,.T.);
#5048=EDGE_CURVE('',#3975,#3973,#402,.T.);
#5049=EDGE_CURVE('',#3975,#3976,#2128,.T.);
#5050=EDGE_CURVE('',#3976,#3974,#403,.T.);
#5051=EDGE_CURVE('',#3977,#3975,#404,.T.);
#5052=EDGE_CURVE('',#3977,#3978,#2129,.T.);
#5053=EDGE_CURVE('',#3978,#3976,#405,.T.);
#5054=EDGE_CURVE('',#3979,#3977,#406,.T.);
#5055=EDGE_CURVE('',#3979,#3980,#2130,.T.);
#5056=EDGE_CURVE('',#3980,#3978,#407,.T.);
#5057=EDGE_CURVE('',#3981,#3979,#408,.T.);
#5058=EDGE_CURVE('',#3981,#3982,#2131,.T.);
#5059=EDGE_CURVE('',#3982,#3980,#409,.T.);
#5060=EDGE_CURVE('',#3983,#3981,#2132,.T.);
#5061=EDGE_CURVE('',#3983,#3984,#2133,.T.);
#5062=EDGE_CURVE('',#3984,#3982,#2134,.T.);
#5063=EDGE_CURVE('',#3928,#3983,#410,.T.);
#5064=EDGE_CURVE('',#3930,#3984,#411,.T.);
#5065=EDGE_CURVE('',#3985,#3986,#2135,.T.);
#5066=EDGE_CURVE('',#3987,#3985,#2136,.T.);
#5067=EDGE_CURVE('',#3988,#3987,#2137,.T.);
#5068=EDGE_CURVE('',#3988,#3986,#2138,.T.);
#5069=EDGE_CURVE('',#3986,#3989,#2139,.T.);
#5070=EDGE_CURVE('',#3990,#3988,#2140,.T.);
#5071=EDGE_CURVE('',#3990,#3989,#2141,.T.);
#5072=EDGE_CURVE('',#3989,#3991,#2142,.T.);
#5073=EDGE_CURVE('',#3992,#3990,#2143,.T.);
#5074=EDGE_CURVE('',#3992,#3991,#2144,.T.);
#5075=EDGE_CURVE('',#3991,#3985,#2145,.T.);
#5076=EDGE_CURVE('',#3987,#3992,#2146,.T.);
#5077=EDGE_CURVE('',#3993,#3994,#2147,.T.);
#5078=EDGE_CURVE('',#3995,#3993,#2148,.T.);
#5079=EDGE_CURVE('',#3996,#3995,#2149,.T.);
#5080=EDGE_CURVE('',#3996,#3994,#2150,.T.);
#5081=EDGE_CURVE('',#3994,#3997,#2151,.T.);
#5082=EDGE_CURVE('',#3998,#3996,#2152,.T.);
#5083=EDGE_CURVE('',#3998,#3997,#2153,.T.);
#5084=EDGE_CURVE('',#3997,#3999,#2154,.T.);
#5085=EDGE_CURVE('',#4000,#3998,#2155,.T.);
#5086=EDGE_CURVE('',#4000,#3999,#2156,.T.);
#5087=EDGE_CURVE('',#3999,#3993,#2157,.T.);
#5088=EDGE_CURVE('',#3995,#4000,#2158,.T.);
#5089=EDGE_CURVE('',#4001,#4002,#2159,.T.);
#5090=EDGE_CURVE('',#4003,#4001,#2160,.T.);
#5091=EDGE_CURVE('',#4004,#4003,#2161,.T.);
#5092=EDGE_CURVE('',#4004,#4002,#2162,.T.);
#5093=EDGE_CURVE('',#4002,#4005,#2163,.T.);
#5094=EDGE_CURVE('',#4006,#4004,#2164,.T.);
#5095=EDGE_CURVE('',#4006,#4005,#2165,.T.);
#5096=EDGE_CURVE('',#4005,#4007,#2166,.T.);
#5097=EDGE_CURVE('',#4008,#4006,#2167,.T.);
#5098=EDGE_CURVE('',#4008,#4007,#2168,.T.);
#5099=EDGE_CURVE('',#4007,#4001,#2169,.T.);
#5100=EDGE_CURVE('',#4003,#4008,#2170,.T.);
#5101=EDGE_CURVE('',#4009,#4009,#3256,.T.);
#5102=EDGE_CURVE('',#4009,#4010,#2171,.T.);
#5103=EDGE_CURVE('',#4010,#4010,#3257,.T.);
#5104=EDGE_CURVE('',#4011,#4011,#3258,.T.);
#5105=EDGE_CURVE('',#4011,#4012,#2172,.T.);
#5106=EDGE_CURVE('',#4012,#4012,#3259,.T.);
#5107=EDGE_CURVE('',#4013,#4013,#3260,.T.);
#5108=EDGE_CURVE('',#4013,#4014,#2173,.T.);
#5109=EDGE_CURVE('',#4014,#4014,#3261,.T.);
#5110=EDGE_CURVE('',#4015,#4015,#3262,.T.);
#5111=EDGE_CURVE('',#4015,#4016,#2174,.T.);
#5112=EDGE_CURVE('',#4016,#4016,#3263,.T.);
#5113=EDGE_CURVE('',#4017,#4017,#3264,.T.);
#5114=EDGE_CURVE('',#4017,#4018,#2175,.T.);
#5115=EDGE_CURVE('',#4018,#4018,#3265,.T.);
#5116=EDGE_CURVE('',#4019,#4019,#3266,.T.);
#5117=EDGE_CURVE('',#4019,#4020,#2176,.T.);
#5118=EDGE_CURVE('',#4020,#4020,#3267,.T.);
#5119=EDGE_CURVE('',#4021,#4022,#3268,.T.);
#5120=EDGE_CURVE('',#4022,#4023,#3269,.T.);
#5121=EDGE_CURVE('',#4023,#4024,#3270,.T.);
#5122=EDGE_CURVE('',#4024,#4021,#3271,.T.);
#5123=EDGE_CURVE('',#4025,#4026,#3272,.T.);
#5124=EDGE_CURVE('',#4026,#4024,#2177,.T.);
#5125=EDGE_CURVE('',#4023,#4025,#2178,.T.);
#5126=EDGE_CURVE('',#4027,#4028,#3273,.T.);
#5127=EDGE_CURVE('',#4028,#4026,#3274,.T.);
#5128=EDGE_CURVE('',#4025,#4027,#3275,.T.);
#5129=EDGE_CURVE('',#4029,#4030,#3276,.T.);
#5130=EDGE_CURVE('',#4030,#4028,#2179,.T.);
#5131=EDGE_CURVE('',#4027,#4029,#2180,.T.);
#5132=EDGE_CURVE('',#4031,#4032,#3277,.T.);
#5133=EDGE_CURVE('',#4032,#4030,#3278,.T.);
#5134=EDGE_CURVE('',#4029,#4031,#3279,.T.);
#5135=EDGE_CURVE('',#4033,#4034,#3280,.T.);
#5136=EDGE_CURVE('',#4034,#4032,#2181,.T.);
#5137=EDGE_CURVE('',#4031,#4033,#2182,.T.);
#5138=EDGE_CURVE('',#4035,#4036,#3281,.T.);
#5139=EDGE_CURVE('',#4036,#4034,#3282,.T.);
#5140=EDGE_CURVE('',#4033,#4035,#3283,.T.);
#5141=EDGE_CURVE('',#4035,#4022,#2183,.T.);
#5142=EDGE_CURVE('',#4021,#4036,#2184,.T.);
#5143=EDGE_CURVE('',#4037,#4034,#2185,.T.);
#5144=EDGE_CURVE('',#4038,#4037,#2186,.T.);
#5145=EDGE_CURVE('',#4032,#4038,#2187,.T.);
#5146=EDGE_CURVE('',#4036,#4039,#2188,.T.);
#5147=EDGE_CURVE('',#4039,#4037,#3284,.T.);
#5148=EDGE_CURVE('',#4040,#4021,#2189,.T.);
#5149=EDGE_CURVE('',#4039,#4040,#2190,.T.);
#5150=EDGE_CURVE('',#4024,#4041,#2191,.T.);
#5151=EDGE_CURVE('',#4041,#4040,#3285,.T.);
#5152=EDGE_CURVE('',#4042,#4043,#3286,.T.);
#5153=EDGE_CURVE('',#4044,#4042,#2192,.T.);
#5154=EDGE_CURVE('',#4045,#4044,#3287,.T.);
#5155=EDGE_CURVE('',#4046,#4045,#3288,.T.);
#5156=EDGE_CURVE('',#4047,#4046,#2193,.T.);
#5157=EDGE_CURVE('',#4048,#4047,#3289,.T.);
#5158=EDGE_CURVE('',#4049,#4048,#2194,.T.);
#5159=EDGE_CURVE('',#4050,#4049,#3290,.T.);
#5160=EDGE_CURVE('',#4051,#4050,#2195,.T.);
#5161=EDGE_CURVE('',#4052,#4051,#3291,.T.);
#5162=EDGE_CURVE('',#4053,#4052,#2196,.T.);
#5163=EDGE_CURVE('',#4054,#4053,#3292,.T.);
#5164=EDGE_CURVE('',#4055,#4054,#2197,.T.);
#5165=EDGE_CURVE('',#4056,#4055,#3293,.T.);
#5166=EDGE_CURVE('',#4057,#4056,#2198,.T.);
#5167=EDGE_CURVE('',#4058,#4057,#3294,.T.);
#5168=EDGE_CURVE('',#4059,#4058,#2199,.T.);
#5169=EDGE_CURVE('',#4060,#4059,#3295,.T.);
#5170=EDGE_CURVE('',#4061,#4060,#2200,.T.);
#5171=EDGE_CURVE('',#4062,#4061,#3296,.T.);
#5172=EDGE_CURVE('',#4063,#4062,#2201,.T.);
#5173=EDGE_CURVE('',#4064,#4063,#3297,.T.);
#5174=EDGE_CURVE('',#4043,#4064,#2202,.T.);
#5175=EDGE_CURVE('',#4065,#4042,#3298,.T.);
#5176=EDGE_CURVE('',#4043,#4066,#3299,.T.);
#5177=EDGE_CURVE('',#4066,#4065,#3300,.T.);
#5178=EDGE_CURVE('',#4064,#4067,#3301,.T.);
#5179=EDGE_CURVE('',#4067,#4066,#2203,.T.);
#5180=EDGE_CURVE('',#4063,#4068,#3302,.T.);
#5181=EDGE_CURVE('',#4068,#4067,#3303,.T.);
#5182=EDGE_CURVE('',#4062,#4069,#3304,.T.);
#5183=EDGE_CURVE('',#4069,#4068,#2204,.T.);
#5184=EDGE_CURVE('',#4061,#4070,#3305,.T.);
#5185=EDGE_CURVE('',#4070,#4069,#3306,.T.);
#5186=EDGE_CURVE('',#4060,#4071,#3307,.T.);
#5187=EDGE_CURVE('',#4071,#4070,#2205,.T.);
#5188=EDGE_CURVE('',#4059,#4072,#3308,.T.);
#5189=EDGE_CURVE('',#4072,#4071,#3309,.T.);
#5190=EDGE_CURVE('',#4058,#4073,#3310,.T.);
#5191=EDGE_CURVE('',#4073,#4072,#2206,.T.);
#5192=EDGE_CURVE('',#4057,#4074,#3311,.T.);
#5193=EDGE_CURVE('',#4074,#4073,#3312,.T.);
#5194=EDGE_CURVE('',#4056,#4075,#3313,.T.);
#5195=EDGE_CURVE('',#4075,#4074,#2207,.T.);
#5196=EDGE_CURVE('',#4055,#4076,#3314,.T.);
#5197=EDGE_CURVE('',#4076,#4075,#3315,.T.);
#5198=EDGE_CURVE('',#4054,#4077,#3316,.T.);
#5199=EDGE_CURVE('',#4077,#4076,#2208,.T.);
#5200=EDGE_CURVE('',#4053,#4078,#3317,.T.);
#5201=EDGE_CURVE('',#4078,#4077,#3318,.T.);
#5202=EDGE_CURVE('',#4052,#4079,#3319,.T.);
#5203=EDGE_CURVE('',#4079,#4078,#2209,.T.);
#5204=EDGE_CURVE('',#4051,#4080,#3320,.T.);
#5205=EDGE_CURVE('',#4080,#4079,#3321,.T.);
#5206=EDGE_CURVE('',#4050,#4081,#3322,.T.);
#5207=EDGE_CURVE('',#4081,#4080,#2210,.T.);
#5208=EDGE_CURVE('',#4049,#4082,#3323,.T.);
#5209=EDGE_CURVE('',#4082,#4081,#3324,.T.);
#5210=EDGE_CURVE('',#4048,#4083,#3325,.T.);
#5211=EDGE_CURVE('',#4083,#4082,#2211,.T.);
#5212=EDGE_CURVE('',#4047,#4084,#3326,.T.);
#5213=EDGE_CURVE('',#4084,#4083,#3327,.T.);
#5214=EDGE_CURVE('',#4046,#4085,#3328,.T.);
#5215=EDGE_CURVE('',#4085,#4084,#2212,.T.);
#5216=EDGE_CURVE('',#4045,#4086,#3329,.T.);
#5217=EDGE_CURVE('',#4086,#4085,#3330,.T.);
#5218=EDGE_CURVE('',#4044,#4087,#3331,.T.);
#5219=EDGE_CURVE('',#4087,#4086,#3332,.T.);
#5220=EDGE_CURVE('',#4065,#4087,#2213,.T.);
#5221=EDGE_CURVE('',#4078,#4088,#2214,.T.);
#5222=EDGE_CURVE('',#4088,#4089,#3333,.T.);
#5223=EDGE_CURVE('',#4089,#4077,#2215,.T.);
#5224=EDGE_CURVE('',#4090,#4079,#2216,.T.);
#5225=EDGE_CURVE('',#4088,#4090,#2217,.T.);
#5226=EDGE_CURVE('',#4080,#4091,#2218,.T.);
#5227=EDGE_CURVE('',#4091,#4090,#3334,.T.);
#5228=EDGE_CURVE('',#4092,#4081,#2219,.T.);
#5229=EDGE_CURVE('',#4091,#4092,#2220,.T.);
#5230=EDGE_CURVE('',#4082,#4093,#2221,.T.);
#5231=EDGE_CURVE('',#4093,#4092,#3335,.T.);
#5232=EDGE_CURVE('',#4094,#4083,#2222,.T.);
#5233=EDGE_CURVE('',#4093,#4094,#2223,.T.);
#5234=EDGE_CURVE('',#4084,#4095,#2224,.T.);
#5235=EDGE_CURVE('',#4095,#4094,#3336,.T.);
#5236=EDGE_CURVE('',#4096,#4085,#2225,.T.);
#5237=EDGE_CURVE('',#4097,#4096,#2226,.T.);
#5238=EDGE_CURVE('',#4095,#4097,#2227,.T.);
#5239=EDGE_CURVE('',#4086,#4098,#2228,.T.);
#5240=EDGE_CURVE('',#4096,#4098,#3337,.F.);
#5241=EDGE_CURVE('',#4087,#4099,#2229,.T.);
#5242=EDGE_CURVE('',#4099,#4098,#3338,.T.);
#5243=EDGE_CURVE('',#4100,#4065,#2230,.T.);
#5244=EDGE_CURVE('',#4099,#4100,#2231,.T.);
#5245=EDGE_CURVE('',#4066,#4101,#2232,.T.);
#5246=EDGE_CURVE('',#4101,#4100,#3339,.T.);
#5247=EDGE_CURVE('',#4028,#4102,#2233,.T.);
#5248=EDGE_CURVE('',#4102,#4103,#3340,.T.);
#5249=EDGE_CURVE('',#4103,#4026,#2234,.T.);
#5250=EDGE_CURVE('',#4104,#4030,#2235,.T.);
#5251=EDGE_CURVE('',#4102,#4104,#2236,.T.);
#5252=EDGE_CURVE('',#4041,#4103,#2237,.T.);
#5253=EDGE_CURVE('',#4038,#4104,#3341,.T.);
#5254=EDGE_CURVE('',#4076,#4105,#2238,.T.);
#5255=EDGE_CURVE('',#4105,#4106,#3342,.T.);
#5256=EDGE_CURVE('',#4106,#4075,#2239,.T.);
#5257=EDGE_CURVE('',#4107,#4106,#2240,.T.);
#5258=EDGE_CURVE('',#4074,#4107,#2241,.T.);
#5259=EDGE_CURVE('',#4107,#4108,#3343,.T.);
#5260=EDGE_CURVE('',#4108,#4073,#2242,.T.);
#5261=EDGE_CURVE('',#4109,#4108,#2243,.T.);
#5262=EDGE_CURVE('',#4072,#4109,#2244,.T.);
#5263=EDGE_CURVE('',#4109,#4110,#3344,.T.);
#5264=EDGE_CURVE('',#4110,#4071,#2245,.T.);
#5265=EDGE_CURVE('',#4111,#4067,#2246,.T.);
#5266=EDGE_CURVE('',#4101,#4111,#2247,.T.);
#5267=EDGE_CURVE('',#4068,#4112,#2248,.T.);
#5268=EDGE_CURVE('',#4112,#4111,#3345,.T.);
#5269=EDGE_CURVE('',#4070,#4113,#2249,.T.);
#5270=EDGE_CURVE('',#4113,#4114,#3346,.T.);
#5271=EDGE_CURVE('',#4114,#4069,#2250,.T.);
#5272=EDGE_CURVE('',#4112,#4114,#2251,.T.);
#5273=EDGE_CURVE('',#4113,#4110,#2252,.T.);
#5274=EDGE_CURVE('',#4105,#4089,#2253,.T.);
#5275=EDGE_CURVE('',#4115,#4116,#2254,.T.);
#5276=EDGE_CURVE('',#4117,#4115,#2255,.T.);
#5277=EDGE_CURVE('',#4117,#4118,#2256,.T.);
#5278=EDGE_CURVE('',#4116,#4118,#2257,.T.);
#5279=EDGE_CURVE('',#4119,#4120,#2258,.T.);
#5280=EDGE_CURVE('',#4121,#4119,#2259,.T.);
#5281=EDGE_CURVE('',#4121,#4122,#2260,.T.);
#5282=EDGE_CURVE('',#4120,#4122,#2261,.T.);
#5283=EDGE_CURVE('',#4123,#4124,#2262,.T.);
#5284=EDGE_CURVE('',#4125,#4123,#2263,.T.);
#5285=EDGE_CURVE('',#4126,#4125,#2264,.T.);
#5286=EDGE_CURVE('',#4126,#4124,#2265,.T.);
#5287=EDGE_CURVE('',#4127,#4128,#2266,.T.);
#5288=EDGE_CURVE('',#4129,#4127,#2267,.T.);
#5289=EDGE_CURVE('',#4130,#4129,#2268,.T.);
#5290=EDGE_CURVE('',#4130,#4128,#2269,.T.);
#5291=EDGE_CURVE('',#4131,#4130,#3347,.T.);
#5292=EDGE_CURVE('',#4129,#4132,#3348,.T.);
#5293=EDGE_CURVE('',#4132,#4131,#2270,.T.);
#5294=EDGE_CURVE('',#4133,#4134,#2271,.T.);
#5295=EDGE_CURVE('',#4133,#4135,#3349,.T.);
#5296=EDGE_CURVE('',#4135,#4136,#2272,.T.);
#5297=EDGE_CURVE('',#4136,#4134,#3350,.T.);
#5298=EDGE_CURVE('',#4137,#4138,#2273,.T.);
#5299=EDGE_CURVE('',#4137,#4131,#2274,.T.);
#5300=EDGE_CURVE('',#4139,#4132,#2275,.T.);
#5301=EDGE_CURVE('',#4138,#4139,#2276,.T.);
#5302=EDGE_CURVE('',#4138,#4133,#3351,.T.);
#5303=EDGE_CURVE('',#4137,#4134,#3352,.F.);
#5304=EDGE_CURVE('',#4128,#4140,#3353,.T.);
#5305=EDGE_CURVE('',#4140,#4141,#2277,.T.);
#5306=EDGE_CURVE('',#4141,#4127,#3354,.T.);
#5307=EDGE_CURVE('',#4142,#4143,#2278,.T.);
#5308=EDGE_CURVE('',#4141,#4142,#2279,.T.);
#5309=EDGE_CURVE('',#4140,#4143,#2280,.T.);
#5310=EDGE_CURVE('',#4125,#4142,#3355,.T.);
#5311=EDGE_CURVE('',#4143,#4126,#3356,.T.);
#5312=EDGE_CURVE('',#4144,#4145,#2281,.T.);
#5313=EDGE_CURVE('',#4146,#4144,#2282,.T.);
#5314=EDGE_CURVE('',#4147,#4146,#2283,.T.);
#5315=EDGE_CURVE('',#4147,#4145,#2284,.T.);
#5316=EDGE_CURVE('',#4146,#4148,#3357,.T.);
#5317=EDGE_CURVE('',#4148,#4149,#2285,.T.);
#5318=EDGE_CURVE('',#4149,#4147,#3358,.T.);
#5319=EDGE_CURVE('',#4150,#4151,#2286,.T.);
#5320=EDGE_CURVE('',#4152,#4150,#2287,.T.);
#5321=EDGE_CURVE('',#4153,#4152,#2288,.T.);
#5322=EDGE_CURVE('',#4153,#4151,#2289,.T.);
#5323=EDGE_CURVE('',#4152,#4154,#3359,.T.);
#5324=EDGE_CURVE('',#4154,#4155,#2290,.T.);
#5325=EDGE_CURVE('',#4155,#4153,#3360,.T.);
#5326=EDGE_CURVE('',#4156,#4157,#2291,.T.);
#5327=EDGE_CURVE('',#4158,#4156,#2292,.T.);
#5328=EDGE_CURVE('',#4159,#4158,#2293,.T.);
#5329=EDGE_CURVE('',#4159,#4157,#2294,.T.);
#5330=EDGE_CURVE('',#4145,#4159,#3361,.T.);
#5331=EDGE_CURVE('',#4158,#4144,#3362,.T.);
#5332=EDGE_CURVE('',#4160,#4161,#2295,.T.);
#5333=EDGE_CURVE('',#4160,#4136,#2296,.T.);
#5334=EDGE_CURVE('',#4161,#4135,#2297,.T.);
#5335=EDGE_CURVE('',#4157,#4160,#3363,.T.);
#5336=EDGE_CURVE('',#4161,#4156,#3364,.T.);
#5337=EDGE_CURVE('',#4162,#4163,#2298,.T.);
#5338=EDGE_CURVE('',#4162,#4155,#2299,.T.);
#5339=EDGE_CURVE('',#4163,#4154,#2300,.T.);
#5340=EDGE_CURVE('',#4164,#4162,#3365,.T.);
#5341=EDGE_CURVE('',#4163,#4165,#3366,.T.);
#5342=EDGE_CURVE('',#4165,#4164,#2301,.T.);
#5343=EDGE_CURVE('',#4166,#4167,#2302,.T.);
#5344=EDGE_CURVE('',#4166,#4164,#2303,.T.);
#5345=EDGE_CURVE('',#4167,#4165,#2304,.T.);
#5346=EDGE_CURVE('',#4124,#4166,#3367,.T.);
#5347=EDGE_CURVE('',#4167,#4123,#3368,.T.);
#5348=EDGE_CURVE('',#4168,#4169,#2305,.T.);
#5349=EDGE_CURVE('',#4170,#4168,#2306,.T.);
#5350=EDGE_CURVE('',#4170,#4171,#2307,.T.);
#5351=EDGE_CURVE('',#4169,#4171,#2308,.T.);
#5352=EDGE_CURVE('',#4172,#4168,#3369,.T.);
#5353=EDGE_CURVE('',#4172,#4173,#2309,.T.);
#5354=EDGE_CURVE('',#4173,#4170,#3370,.T.);
#5355=EDGE_CURVE('',#4169,#4174,#3371,.T.);
#5356=EDGE_CURVE('',#4171,#4175,#3372,.T.);
#5357=EDGE_CURVE('',#4174,#4175,#2310,.T.);
#5358=EDGE_CURVE('',#4174,#4176,#3373,.T.);
#5359=EDGE_CURVE('',#4175,#4177,#3374,.T.);
#5360=EDGE_CURVE('',#4177,#4176,#2311,.T.);
#5361=EDGE_CURVE('',#4178,#4172,#2312,.T.);
#5362=EDGE_CURVE('',#4179,#4178,#2313,.T.);
#5363=EDGE_CURVE('',#4179,#4173,#2314,.T.);
#5364=EDGE_CURVE('',#4180,#4178,#3375,.T.);
#5365=EDGE_CURVE('',#4180,#4181,#2315,.T.);
#5366=EDGE_CURVE('',#4181,#4179,#3376,.T.);
#5367=EDGE_CURVE('',#4182,#4119,#3377,.T.);
#5368=EDGE_CURVE('',#4182,#4183,#2316,.T.);
#5369=EDGE_CURVE('',#4183,#4121,#3378,.T.);
#5370=EDGE_CURVE('',#4184,#4182,#2317,.T.);
#5371=EDGE_CURVE('',#4185,#4184,#2318,.T.);
#5372=EDGE_CURVE('',#4185,#4183,#2319,.T.);
#5373=EDGE_CURVE('',#4186,#4184,#3379,.T.);
#5374=EDGE_CURVE('',#4186,#4187,#2320,.T.);
#5375=EDGE_CURVE('',#4187,#4185,#3380,.T.);
#5376=EDGE_CURVE('',#4188,#4180,#2321,.T.);
#5377=EDGE_CURVE('',#4189,#4188,#2322,.T.);
#5378=EDGE_CURVE('',#4189,#4181,#2323,.T.);
#5379=EDGE_CURVE('',#4120,#4188,#3381,.T.);
#5380=EDGE_CURVE('',#4122,#4189,#3382,.T.);
#5381=EDGE_CURVE('',#4190,#4191,#2324,.T.);
#5382=EDGE_CURVE('',#4190,#4149,#2325,.T.);
#5383=EDGE_CURVE('',#4191,#4148,#2326,.T.);
#5384=EDGE_CURVE('',#4151,#4190,#3383,.T.);
#5385=EDGE_CURVE('',#4191,#4150,#3384,.T.);
#5386=EDGE_CURVE('',#4192,#4186,#2327,.T.);
#5387=EDGE_CURVE('',#4193,#4192,#2328,.T.);
#5388=EDGE_CURVE('',#4193,#4187,#2329,.T.);
#5389=EDGE_CURVE('',#4116,#4192,#3385,.T.);
#5390=EDGE_CURVE('',#4118,#4193,#3386,.T.);
#5391=EDGE_CURVE('',#4194,#4195,#3387,.T.);
#5392=EDGE_CURVE('',#4196,#4194,#2330,.T.);
#5393=EDGE_CURVE('',#4197,#4196,#3388,.T.);
#5394=EDGE_CURVE('',#4198,#4197,#2331,.T.);
#5395=EDGE_CURVE('',#4199,#4198,#3389,.T.);
#5396=EDGE_CURVE('',#4200,#4199,#2332,.T.);
#5397=EDGE_CURVE('',#4201,#4200,#3390,.T.);
#5398=EDGE_CURVE('',#4202,#4201,#2333,.T.);
#5399=EDGE_CURVE('',#4202,#4203,#3391,.F.);
#5400=EDGE_CURVE('',#4204,#4203,#3392,.T.);
#5401=EDGE_CURVE('',#4177,#4204,#2334,.T.);
#5402=EDGE_CURVE('',#4205,#4117,#3393,.T.);
#5403=EDGE_CURVE('',#4206,#4205,#2335,.T.);
#5404=EDGE_CURVE('',#4207,#4206,#3394,.T.);
#5405=EDGE_CURVE('',#4195,#4207,#2336,.T.);
#5406=EDGE_CURVE('',#4208,#4208,#3395,.T.);
#5407=EDGE_CURVE('',#4209,#4209,#3396,.T.);
#5408=EDGE_CURVE('',#4210,#4210,#3397,.F.);
#5409=EDGE_CURVE('',#4211,#4211,#3398,.F.);
#5410=EDGE_CURVE('',#4212,#4212,#3399,.F.);
#5411=EDGE_CURVE('',#4213,#4213,#3400,.F.);
#5412=EDGE_CURVE('',#4214,#4214,#3401,.F.);
#5413=EDGE_CURVE('',#4215,#4215,#3402,.F.);
#5414=EDGE_CURVE('',#4216,#4216,#3403,.T.);
#5415=EDGE_CURVE('',#4216,#4213,#2337,.T.);
#5416=EDGE_CURVE('',#4217,#4217,#3404,.T.);
#5417=EDGE_CURVE('',#4217,#4212,#2338,.T.);
#5418=EDGE_CURVE('',#4218,#4218,#3405,.T.);
#5419=EDGE_CURVE('',#4218,#4211,#2339,.T.);
#5420=EDGE_CURVE('',#4219,#4219,#3406,.T.);
#5421=EDGE_CURVE('',#4219,#4210,#2340,.T.);
#5422=EDGE_CURVE('',#4220,#4220,#3407,.T.);
#5423=EDGE_CURVE('',#4220,#4209,#2341,.T.);
#5424=EDGE_CURVE('',#4221,#4221,#3408,.T.);
#5425=EDGE_CURVE('',#4221,#4208,#2342,.T.);
#5426=EDGE_CURVE('',#4222,#4222,#3409,.T.);
#5427=EDGE_CURVE('',#4222,#4214,#2343,.T.);
#5428=EDGE_CURVE('',#4223,#4223,#3410,.T.);
#5429=EDGE_CURVE('',#4223,#4215,#2344,.T.);
#5430=EDGE_CURVE('',#4224,#4225,#3411,.T.);
#5431=EDGE_CURVE('',#4226,#4224,#2345,.T.);
#5432=EDGE_CURVE('',#4227,#4226,#3412,.T.);
#5433=EDGE_CURVE('',#4228,#4227,#2346,.T.);
#5434=EDGE_CURVE('',#4229,#4228,#3413,.T.);
#5435=EDGE_CURVE('',#4230,#4229,#2347,.T.);
#5436=EDGE_CURVE('',#4231,#4230,#3414,.T.);
#5437=EDGE_CURVE('',#4232,#4231,#2348,.T.);
#5438=EDGE_CURVE('',#4233,#4232,#3415,.T.);
#5439=EDGE_CURVE('',#4234,#4233,#2349,.T.);
#5440=EDGE_CURVE('',#4235,#4234,#3416,.T.);
#5441=EDGE_CURVE('',#4236,#4235,#2350,.T.);
#5442=EDGE_CURVE('',#4237,#4236,#3417,.T.);
#5443=EDGE_CURVE('',#4238,#4237,#2351,.T.);
#5444=EDGE_CURVE('',#4239,#4238,#3418,.T.);
#5445=EDGE_CURVE('',#4240,#4239,#2352,.T.);
#5446=EDGE_CURVE('',#4241,#4240,#3419,.T.);
#5447=EDGE_CURVE('',#4242,#4241,#2353,.T.);
#5448=EDGE_CURVE('',#4243,#4242,#3420,.T.);
#5449=EDGE_CURVE('',#4244,#4243,#2354,.T.);
#5450=EDGE_CURVE('',#4245,#4244,#3421,.T.);
#5451=EDGE_CURVE('',#4246,#4245,#2355,.T.);
#5452=EDGE_CURVE('',#4247,#4246,#3422,.T.);
#5453=EDGE_CURVE('',#4248,#4247,#2356,.T.);
#5454=EDGE_CURVE('',#4249,#4248,#3423,.T.);
#5455=EDGE_CURVE('',#4250,#4249,#2357,.T.);
#5456=EDGE_CURVE('',#4251,#4250,#3424,.T.);
#5457=EDGE_CURVE('',#4225,#4251,#2358,.T.);
#5458=EDGE_CURVE('',#4176,#4252,#2359,.T.);
#5459=EDGE_CURVE('',#4252,#4204,#2360,.T.);
#5460=EDGE_CURVE('',#4252,#4253,#3425,.T.);
#5461=EDGE_CURVE('',#4203,#4253,#2361,.T.);
#5462=EDGE_CURVE('',#4253,#4254,#3426,.T.);
#5463=EDGE_CURVE('',#4202,#4254,#2362,.T.);
#5464=EDGE_CURVE('',#4254,#4255,#2363,.T.);
#5465=EDGE_CURVE('',#4255,#4201,#2364,.T.);
#5466=EDGE_CURVE('',#4255,#4256,#3427,.T.);
#5467=EDGE_CURVE('',#4200,#4256,#2365,.T.);
#5468=EDGE_CURVE('',#4256,#4257,#2366,.T.);
#5469=EDGE_CURVE('',#4257,#4199,#2367,.T.);
#5470=EDGE_CURVE('',#4257,#4258,#3428,.T.);
#5471=EDGE_CURVE('',#4198,#4258,#2368,.T.);
#5472=EDGE_CURVE('',#4258,#4259,#2369,.T.);
#5473=EDGE_CURVE('',#4259,#4197,#2370,.T.);
#5474=EDGE_CURVE('',#4259,#4260,#3429,.T.);
#5475=EDGE_CURVE('',#4196,#4260,#2371,.T.);
#5476=EDGE_CURVE('',#4260,#4261,#2372,.T.);
#5477=EDGE_CURVE('',#4261,#4194,#2373,.T.);
#5478=EDGE_CURVE('',#4261,#4262,#3430,.T.);
#5479=EDGE_CURVE('',#4195,#4262,#2374,.T.);
#5480=EDGE_CURVE('',#4262,#4263,#2375,.T.);
#5481=EDGE_CURVE('',#4263,#4207,#2376,.T.);
#5482=EDGE_CURVE('',#4263,#4264,#3431,.T.);
#5483=EDGE_CURVE('',#4206,#4264,#2377,.T.);
#5484=EDGE_CURVE('',#4264,#4265,#2378,.T.);
#5485=EDGE_CURVE('',#4265,#4205,#2379,.T.);
#5486=EDGE_CURVE('',#4265,#4115,#3432,.T.);
#5487=EDGE_CURVE('',#4174,#4224,#3433,.T.);
#5488=EDGE_CURVE('',#4224,#4176,#3434,.T.);
#5489=EDGE_CURVE('',#4252,#4226,#3435,.T.);
#5490=EDGE_CURVE('',#4226,#4253,#3436,.T.);
#5491=EDGE_CURVE('',#4234,#4261,#3437,.T.);
#5492=EDGE_CURVE('',#4260,#4233,#3438,.T.);
#5493=EDGE_CURVE('',#4235,#4262,#3439,.T.);
#5494=EDGE_CURVE('',#4236,#4263,#3440,.T.);
#5495=EDGE_CURVE('',#4237,#4264,#3441,.T.);
#5496=EDGE_CURVE('',#4238,#4265,#3442,.T.);
#5497=EDGE_CURVE('',#4239,#4115,#3443,.T.);
#5498=EDGE_CURVE('',#4240,#4116,#3444,.T.);
#5499=EDGE_CURVE('',#4241,#4192,#3445,.T.);
#5500=EDGE_CURVE('',#4242,#4186,#3446,.T.);
#5501=EDGE_CURVE('',#4243,#4184,#3447,.T.);
#5502=EDGE_CURVE('',#4244,#4182,#3448,.T.);
#5503=EDGE_CURVE('',#4245,#4119,#3449,.T.);
#5504=EDGE_CURVE('',#4246,#4120,#3450,.T.);
#5505=EDGE_CURVE('',#4247,#4188,#3451,.T.);
#5506=EDGE_CURVE('',#4248,#4180,#3452,.T.);
#5507=EDGE_CURVE('',#4249,#4178,#3453,.T.);
#5508=EDGE_CURVE('',#4250,#4172,#3454,.T.);
#5509=EDGE_CURVE('',#4251,#4168,#3455,.T.);
#5510=EDGE_CURVE('',#4225,#4169,#3456,.T.);
#5511=EDGE_CURVE('',#4227,#4254,#3457,.T.);
#5512=EDGE_CURVE('',#4228,#4255,#3458,.T.);
#5513=EDGE_CURVE('',#4229,#4256,#3459,.T.);
#5514=EDGE_CURVE('',#4230,#4257,#3460,.T.);
#5515=EDGE_CURVE('',#4231,#4258,#3461,.T.);
#5516=EDGE_CURVE('',#4232,#4259,#3462,.T.);
#5517=ORIENTED_EDGE('',*,*,#4266,.F.);
#5518=ORIENTED_EDGE('',*,*,#4267,.T.);
#5519=ORIENTED_EDGE('',*,*,#4268,.T.);
#5520=ORIENTED_EDGE('',*,*,#4269,.T.);
#5521=ORIENTED_EDGE('',*,*,#4267,.F.);
#5522=ORIENTED_EDGE('',*,*,#4270,.T.);
#5523=ORIENTED_EDGE('',*,*,#4271,.F.);
#5524=ORIENTED_EDGE('',*,*,#4272,.F.);
#5525=ORIENTED_EDGE('',*,*,#4273,.F.);
#5526=ORIENTED_EDGE('',*,*,#4274,.T.);
#5527=ORIENTED_EDGE('',*,*,#4275,.T.);
#5528=ORIENTED_EDGE('',*,*,#4276,.T.);
#5529=ORIENTED_EDGE('',*,*,#4266,.T.);
#5530=ORIENTED_EDGE('',*,*,#4277,.F.);
#5531=ORIENTED_EDGE('',*,*,#4273,.T.);
#5532=ORIENTED_EDGE('',*,*,#4278,.F.);
#5533=ORIENTED_EDGE('',*,*,#4279,.T.);
#5534=ORIENTED_EDGE('',*,*,#4280,.F.);
#5535=ORIENTED_EDGE('',*,*,#4281,.T.);
#5536=ORIENTED_EDGE('',*,*,#4270,.F.);
#5537=ORIENTED_EDGE('',*,*,#4276,.F.);
#5538=ORIENTED_EDGE('',*,*,#4282,.F.);
#5539=ORIENTED_EDGE('',*,*,#4283,.F.);
#5540=ORIENTED_EDGE('',*,*,#4278,.T.);
#5541=ORIENTED_EDGE('',*,*,#4279,.F.);
#5542=ORIENTED_EDGE('',*,*,#4283,.T.);
#5543=ORIENTED_EDGE('',*,*,#4284,.T.);
#5544=ORIENTED_EDGE('',*,*,#4285,.T.);
#5545=ORIENTED_EDGE('',*,*,#4285,.F.);
#5546=ORIENTED_EDGE('',*,*,#4286,.F.);
#5547=ORIENTED_EDGE('',*,*,#4287,.F.);
#5548=ORIENTED_EDGE('',*,*,#4280,.T.);
#5549=ORIENTED_EDGE('',*,*,#4281,.F.);
#5550=ORIENTED_EDGE('',*,*,#4287,.T.);
#5551=ORIENTED_EDGE('',*,*,#4288,.T.);
#5552=ORIENTED_EDGE('',*,*,#4271,.T.);
#5553=ORIENTED_EDGE('',*,*,#4269,.F.);
#5554=ORIENTED_EDGE('',*,*,#4289,.F.);
#5555=ORIENTED_EDGE('',*,*,#4274,.F.);
#5556=ORIENTED_EDGE('',*,*,#4277,.T.);
#5557=ORIENTED_EDGE('',*,*,#4290,.F.);
#5558=ORIENTED_EDGE('',*,*,#4291,.T.);
#5559=ORIENTED_EDGE('',*,*,#4292,.F.);
#5560=ORIENTED_EDGE('',*,*,#4291,.F.);
#5561=ORIENTED_EDGE('',*,*,#4293,.F.);
#5562=ORIENTED_EDGE('',*,*,#4294,.T.);
#5563=ORIENTED_EDGE('',*,*,#4295,.F.);
#5564=ORIENTED_EDGE('',*,*,#4294,.F.);
#5565=ORIENTED_EDGE('',*,*,#4296,.F.);
#5566=ORIENTED_EDGE('',*,*,#4297,.T.);
#5567=ORIENTED_EDGE('',*,*,#4298,.F.);
#5568=ORIENTED_EDGE('',*,*,#4297,.F.);
#5569=ORIENTED_EDGE('',*,*,#4299,.F.);
#5570=ORIENTED_EDGE('',*,*,#4300,.T.);
#5571=ORIENTED_EDGE('',*,*,#4301,.F.);
#5572=ORIENTED_EDGE('',*,*,#4300,.F.);
#5573=ORIENTED_EDGE('',*,*,#4302,.F.);
#5574=ORIENTED_EDGE('',*,*,#4303,.T.);
#5575=ORIENTED_EDGE('',*,*,#4304,.F.);
#5576=ORIENTED_EDGE('',*,*,#4303,.F.);
#5577=ORIENTED_EDGE('',*,*,#4305,.F.);
#5578=ORIENTED_EDGE('',*,*,#4306,.T.);
#5579=ORIENTED_EDGE('',*,*,#4307,.F.);
#5580=ORIENTED_EDGE('',*,*,#4306,.F.);
#5581=ORIENTED_EDGE('',*,*,#4308,.F.);
#5582=ORIENTED_EDGE('',*,*,#4309,.T.);
#5583=ORIENTED_EDGE('',*,*,#4310,.F.);
#5584=ORIENTED_EDGE('',*,*,#4309,.F.);
#5585=ORIENTED_EDGE('',*,*,#4311,.F.);
#5586=ORIENTED_EDGE('',*,*,#4312,.T.);
#5587=ORIENTED_EDGE('',*,*,#4313,.F.);
#5588=ORIENTED_EDGE('',*,*,#4314,.F.);
#5589=ORIENTED_EDGE('',*,*,#4315,.F.);
#5590=ORIENTED_EDGE('',*,*,#4312,.F.);
#5591=ORIENTED_EDGE('',*,*,#4313,.T.);
#5592=ORIENTED_EDGE('',*,*,#4315,.T.);
#5593=ORIENTED_EDGE('',*,*,#4316,.T.);
#5594=ORIENTED_EDGE('',*,*,#4317,.F.);
#5595=ORIENTED_EDGE('',*,*,#4318,.T.);
#5596=ORIENTED_EDGE('',*,*,#4319,.T.);
#5597=ORIENTED_EDGE('',*,*,#4320,.T.);
#5598=ORIENTED_EDGE('',*,*,#4321,.T.);
#5599=ORIENTED_EDGE('',*,*,#4322,.T.);
#5600=ORIENTED_EDGE('',*,*,#4323,.T.);
#5601=ORIENTED_EDGE('',*,*,#4324,.T.);
#5602=ORIENTED_EDGE('',*,*,#4325,.T.);
#5603=ORIENTED_EDGE('',*,*,#4326,.T.);
#5604=ORIENTED_EDGE('',*,*,#4323,.F.);
#5605=ORIENTED_EDGE('',*,*,#4327,.T.);
#5606=ORIENTED_EDGE('',*,*,#4328,.T.);
#5607=ORIENTED_EDGE('',*,*,#4329,.T.);
#5608=ORIENTED_EDGE('',*,*,#4325,.F.);
#5609=ORIENTED_EDGE('',*,*,#4330,.T.);
#5610=ORIENTED_EDGE('',*,*,#4331,.T.);
#5611=ORIENTED_EDGE('',*,*,#4332,.T.);
#5612=ORIENTED_EDGE('',*,*,#4328,.F.);
#5613=ORIENTED_EDGE('',*,*,#4333,.T.);
#5614=ORIENTED_EDGE('',*,*,#4334,.T.);
#5615=ORIENTED_EDGE('',*,*,#4335,.T.);
#5616=ORIENTED_EDGE('',*,*,#4331,.F.);
#5617=ORIENTED_EDGE('',*,*,#4336,.T.);
#5618=ORIENTED_EDGE('',*,*,#4337,.T.);
#5619=ORIENTED_EDGE('',*,*,#4338,.T.);
#5620=ORIENTED_EDGE('',*,*,#4334,.F.);
#5621=ORIENTED_EDGE('',*,*,#4339,.T.);
#5622=ORIENTED_EDGE('',*,*,#4340,.T.);
#5623=ORIENTED_EDGE('',*,*,#4341,.T.);
#5624=ORIENTED_EDGE('',*,*,#4337,.F.);
#5625=ORIENTED_EDGE('',*,*,#4342,.T.);
#5626=ORIENTED_EDGE('',*,*,#4343,.T.);
#5627=ORIENTED_EDGE('',*,*,#4344,.T.);
#5628=ORIENTED_EDGE('',*,*,#4340,.F.);
#5629=ORIENTED_EDGE('',*,*,#4345,.T.);
#5630=ORIENTED_EDGE('',*,*,#4346,.T.);
#5631=ORIENTED_EDGE('',*,*,#4347,.T.);
#5632=ORIENTED_EDGE('',*,*,#4343,.F.);
#5633=ORIENTED_EDGE('',*,*,#4348,.T.);
#5634=ORIENTED_EDGE('',*,*,#4349,.T.);
#5635=ORIENTED_EDGE('',*,*,#4350,.T.);
#5636=ORIENTED_EDGE('',*,*,#4346,.F.);
#5637=ORIENTED_EDGE('',*,*,#4351,.T.);
#5638=ORIENTED_EDGE('',*,*,#4352,.T.);
#5639=ORIENTED_EDGE('',*,*,#4353,.T.);
#5640=ORIENTED_EDGE('',*,*,#4349,.F.);
#5641=ORIENTED_EDGE('',*,*,#4354,.T.);
#5642=ORIENTED_EDGE('',*,*,#4355,.T.);
#5643=ORIENTED_EDGE('',*,*,#4356,.T.);
#5644=ORIENTED_EDGE('',*,*,#4352,.F.);
#5645=ORIENTED_EDGE('',*,*,#4357,.T.);
#5646=ORIENTED_EDGE('',*,*,#4358,.T.);
#5647=ORIENTED_EDGE('',*,*,#4359,.T.);
#5648=ORIENTED_EDGE('',*,*,#4355,.F.);
#5649=ORIENTED_EDGE('',*,*,#4360,.T.);
#5650=ORIENTED_EDGE('',*,*,#4361,.T.);
#5651=ORIENTED_EDGE('',*,*,#4362,.T.);
#5652=ORIENTED_EDGE('',*,*,#4358,.F.);
#5653=ORIENTED_EDGE('',*,*,#4363,.T.);
#5654=ORIENTED_EDGE('',*,*,#4364,.T.);
#5655=ORIENTED_EDGE('',*,*,#4365,.T.);
#5656=ORIENTED_EDGE('',*,*,#4361,.F.);
#5657=ORIENTED_EDGE('',*,*,#4366,.T.);
#5658=ORIENTED_EDGE('',*,*,#4367,.T.);
#5659=ORIENTED_EDGE('',*,*,#4368,.T.);
#5660=ORIENTED_EDGE('',*,*,#4364,.F.);
#5661=ORIENTED_EDGE('',*,*,#4369,.T.);
#5662=ORIENTED_EDGE('',*,*,#4370,.T.);
#5663=ORIENTED_EDGE('',*,*,#4371,.T.);
#5664=ORIENTED_EDGE('',*,*,#4367,.F.);
#5665=ORIENTED_EDGE('',*,*,#4372,.T.);
#5666=ORIENTED_EDGE('',*,*,#4373,.T.);
#5667=ORIENTED_EDGE('',*,*,#4374,.T.);
#5668=ORIENTED_EDGE('',*,*,#4370,.F.);
#5669=ORIENTED_EDGE('',*,*,#4375,.T.);
#5670=ORIENTED_EDGE('',*,*,#4376,.T.);
#5671=ORIENTED_EDGE('',*,*,#4377,.T.);
#5672=ORIENTED_EDGE('',*,*,#4373,.F.);
#5673=ORIENTED_EDGE('',*,*,#4378,.T.);
#5674=ORIENTED_EDGE('',*,*,#4379,.T.);
#5675=ORIENTED_EDGE('',*,*,#4380,.T.);
#5676=ORIENTED_EDGE('',*,*,#4376,.F.);
#5677=ORIENTED_EDGE('',*,*,#4381,.T.);
#5678=ORIENTED_EDGE('',*,*,#4382,.T.);
#5679=ORIENTED_EDGE('',*,*,#4383,.T.);
#5680=ORIENTED_EDGE('',*,*,#4379,.F.);
#5681=ORIENTED_EDGE('',*,*,#4384,.T.);
#5682=ORIENTED_EDGE('',*,*,#4385,.T.);
#5683=ORIENTED_EDGE('',*,*,#4386,.T.);
#5684=ORIENTED_EDGE('',*,*,#4382,.F.);
#5685=ORIENTED_EDGE('',*,*,#4387,.T.);
#5686=ORIENTED_EDGE('',*,*,#4388,.T.);
#5687=ORIENTED_EDGE('',*,*,#4389,.T.);
#5688=ORIENTED_EDGE('',*,*,#4385,.F.);
#5689=ORIENTED_EDGE('',*,*,#4390,.T.);
#5690=ORIENTED_EDGE('',*,*,#4391,.T.);
#5691=ORIENTED_EDGE('',*,*,#4392,.T.);
#5692=ORIENTED_EDGE('',*,*,#4393,.T.);
#5693=ORIENTED_EDGE('',*,*,#4394,.T.);
#5694=ORIENTED_EDGE('',*,*,#4395,.T.);
#5695=ORIENTED_EDGE('',*,*,#4396,.T.);
#5696=ORIENTED_EDGE('',*,*,#4391,.F.);
#5697=ORIENTED_EDGE('',*,*,#4397,.T.);
#5698=ORIENTED_EDGE('',*,*,#4398,.T.);
#5699=ORIENTED_EDGE('',*,*,#4399,.T.);
#5700=ORIENTED_EDGE('',*,*,#4395,.F.);
#5701=ORIENTED_EDGE('',*,*,#4400,.T.);
#5702=ORIENTED_EDGE('',*,*,#4398,.F.);
#5703=ORIENTED_EDGE('',*,*,#4401,.T.);
#5704=ORIENTED_EDGE('',*,*,#4321,.F.);
#5705=ORIENTED_EDGE('',*,*,#4402,.T.);
#5706=ORIENTED_EDGE('',*,*,#4403,.T.);
#5707=ORIENTED_EDGE('',*,*,#4404,.T.);
#5708=ORIENTED_EDGE('',*,*,#4405,.T.);
#5709=ORIENTED_EDGE('',*,*,#4406,.T.);
#5710=ORIENTED_EDGE('',*,*,#4405,.F.);
#5711=ORIENTED_EDGE('',*,*,#4407,.T.);
#5712=ORIENTED_EDGE('',*,*,#4388,.F.);
#5713=ORIENTED_EDGE('',*,*,#4393,.F.);
#5714=ORIENTED_EDGE('',*,*,#4408,.T.);
#5715=ORIENTED_EDGE('',*,*,#4403,.F.);
#5716=ORIENTED_EDGE('',*,*,#4353,.F.);
#5717=ORIENTED_EDGE('',*,*,#4409,.T.);
#5718=ORIENTED_EDGE('',*,*,#4410,.T.);
#5719=ORIENTED_EDGE('',*,*,#4411,.T.);
#5720=ORIENTED_EDGE('',*,*,#4356,.F.);
#5721=ORIENTED_EDGE('',*,*,#4412,.F.);
#5722=ORIENTED_EDGE('',*,*,#4413,.F.);
#5723=ORIENTED_EDGE('',*,*,#4409,.F.);
#5724=ORIENTED_EDGE('',*,*,#4359,.F.);
#5725=ORIENTED_EDGE('',*,*,#4414,.T.);
#5726=ORIENTED_EDGE('',*,*,#4415,.T.);
#5727=ORIENTED_EDGE('',*,*,#4412,.T.);
#5728=ORIENTED_EDGE('',*,*,#4362,.F.);
#5729=ORIENTED_EDGE('',*,*,#4416,.F.);
#5730=ORIENTED_EDGE('',*,*,#4417,.F.);
#5731=ORIENTED_EDGE('',*,*,#4414,.F.);
#5732=ORIENTED_EDGE('',*,*,#4365,.F.);
#5733=ORIENTED_EDGE('',*,*,#4418,.T.);
#5734=ORIENTED_EDGE('',*,*,#4419,.T.);
#5735=ORIENTED_EDGE('',*,*,#4416,.T.);
#5736=ORIENTED_EDGE('',*,*,#4368,.F.);
#5737=ORIENTED_EDGE('',*,*,#4420,.F.);
#5738=ORIENTED_EDGE('',*,*,#4421,.F.);
#5739=ORIENTED_EDGE('',*,*,#4418,.F.);
#5740=ORIENTED_EDGE('',*,*,#4371,.F.);
#5741=ORIENTED_EDGE('',*,*,#4422,.T.);
#5742=ORIENTED_EDGE('',*,*,#4423,.T.);
#5743=ORIENTED_EDGE('',*,*,#4420,.T.);
#5744=ORIENTED_EDGE('',*,*,#4374,.F.);
#5745=ORIENTED_EDGE('',*,*,#4424,.F.);
#5746=ORIENTED_EDGE('',*,*,#4425,.F.);
#5747=ORIENTED_EDGE('',*,*,#4422,.F.);
#5748=ORIENTED_EDGE('',*,*,#4377,.F.);
#5749=ORIENTED_EDGE('',*,*,#4426,.T.);
#5750=ORIENTED_EDGE('',*,*,#4427,.T.);
#5751=ORIENTED_EDGE('',*,*,#4424,.T.);
#5752=ORIENTED_EDGE('',*,*,#4380,.F.);
#5753=ORIENTED_EDGE('',*,*,#4428,.F.);
#5754=ORIENTED_EDGE('',*,*,#4429,.F.);
#5755=ORIENTED_EDGE('',*,*,#4426,.F.);
#5756=ORIENTED_EDGE('',*,*,#4383,.F.);
#5757=ORIENTED_EDGE('',*,*,#4430,.T.);
#5758=ORIENTED_EDGE('',*,*,#4431,.T.);
#5759=ORIENTED_EDGE('',*,*,#4428,.T.);
#5760=ORIENTED_EDGE('',*,*,#4386,.F.);
#5761=ORIENTED_EDGE('',*,*,#4432,.F.);
#5762=ORIENTED_EDGE('',*,*,#4433,.F.);
#5763=ORIENTED_EDGE('',*,*,#4430,.F.);
#5764=ORIENTED_EDGE('',*,*,#4389,.F.);
#5765=ORIENTED_EDGE('',*,*,#4434,.F.);
#5766=ORIENTED_EDGE('',*,*,#4435,.T.);
#5767=ORIENTED_EDGE('',*,*,#4432,.T.);
#5768=ORIENTED_EDGE('',*,*,#4407,.F.);
#5769=ORIENTED_EDGE('',*,*,#4436,.T.);
#5770=ORIENTED_EDGE('',*,*,#4437,.T.);
#5771=ORIENTED_EDGE('',*,*,#4434,.T.);
#5772=ORIENTED_EDGE('',*,*,#4404,.F.);
#5773=ORIENTED_EDGE('',*,*,#4438,.F.);
#5774=ORIENTED_EDGE('',*,*,#4439,.F.);
#5775=ORIENTED_EDGE('',*,*,#4436,.F.);
#5776=ORIENTED_EDGE('',*,*,#4282,.T.);
#5777=ORIENTED_EDGE('',*,*,#4275,.F.);
#5778=ORIENTED_EDGE('',*,*,#4289,.T.);
#5779=ORIENTED_EDGE('',*,*,#4268,.F.);
#5780=ORIENTED_EDGE('',*,*,#4272,.T.);
#5781=ORIENTED_EDGE('',*,*,#4288,.F.);
#5782=ORIENTED_EDGE('',*,*,#4286,.T.);
#5783=ORIENTED_EDGE('',*,*,#4284,.F.);
#5784=ORIENTED_EDGE('',*,*,#4394,.F.);
#5785=ORIENTED_EDGE('',*,*,#4406,.F.);
#5786=ORIENTED_EDGE('',*,*,#4390,.F.);
#5787=ORIENTED_EDGE('',*,*,#4387,.F.);
#5788=ORIENTED_EDGE('',*,*,#4384,.F.);
#5789=ORIENTED_EDGE('',*,*,#4381,.F.);
#5790=ORIENTED_EDGE('',*,*,#4378,.F.);
#5791=ORIENTED_EDGE('',*,*,#4375,.F.);
#5792=ORIENTED_EDGE('',*,*,#4372,.F.);
#5793=ORIENTED_EDGE('',*,*,#4369,.F.);
#5794=ORIENTED_EDGE('',*,*,#4366,.F.);
#5795=ORIENTED_EDGE('',*,*,#4363,.F.);
#5796=ORIENTED_EDGE('',*,*,#4360,.F.);
#5797=ORIENTED_EDGE('',*,*,#4357,.F.);
#5798=ORIENTED_EDGE('',*,*,#4354,.F.);
#5799=ORIENTED_EDGE('',*,*,#4351,.F.);
#5800=ORIENTED_EDGE('',*,*,#4348,.F.);
#5801=ORIENTED_EDGE('',*,*,#4345,.F.);
#5802=ORIENTED_EDGE('',*,*,#4342,.F.);
#5803=ORIENTED_EDGE('',*,*,#4339,.F.);
#5804=ORIENTED_EDGE('',*,*,#4336,.F.);
#5805=ORIENTED_EDGE('',*,*,#4333,.F.);
#5806=ORIENTED_EDGE('',*,*,#4330,.F.);
#5807=ORIENTED_EDGE('',*,*,#4327,.F.);
#5808=ORIENTED_EDGE('',*,*,#4322,.F.);
#5809=ORIENTED_EDGE('',*,*,#4401,.F.);
#5810=ORIENTED_EDGE('',*,*,#4400,.F.);
#5811=ORIENTED_EDGE('',*,*,#4397,.F.);
#5812=ORIENTED_EDGE('',*,*,#4440,.F.);
#5813=ORIENTED_EDGE('',*,*,#4441,.T.);
#5814=ORIENTED_EDGE('',*,*,#4442,.T.);
#5815=ORIENTED_EDGE('',*,*,#4441,.F.);
#5816=ORIENTED_EDGE('',*,*,#4442,.F.);
#5817=ORIENTED_EDGE('',*,*,#4443,.F.);
#5818=ORIENTED_EDGE('',*,*,#4444,.T.);
#5819=ORIENTED_EDGE('',*,*,#4445,.T.);
#5820=ORIENTED_EDGE('',*,*,#4444,.F.);
#5821=ORIENTED_EDGE('',*,*,#4445,.F.);
#5822=ORIENTED_EDGE('',*,*,#4446,.F.);
#5823=ORIENTED_EDGE('',*,*,#4447,.T.);
#5824=ORIENTED_EDGE('',*,*,#4448,.T.);
#5825=ORIENTED_EDGE('',*,*,#4447,.F.);
#5826=ORIENTED_EDGE('',*,*,#4448,.F.);
#5827=ORIENTED_EDGE('',*,*,#4449,.F.);
#5828=ORIENTED_EDGE('',*,*,#4450,.T.);
#5829=ORIENTED_EDGE('',*,*,#4451,.T.);
#5830=ORIENTED_EDGE('',*,*,#4450,.F.);
#5831=ORIENTED_EDGE('',*,*,#4451,.F.);
#5832=ORIENTED_EDGE('',*,*,#4452,.F.);
#5833=ORIENTED_EDGE('',*,*,#4453,.T.);
#5834=ORIENTED_EDGE('',*,*,#4454,.T.);
#5835=ORIENTED_EDGE('',*,*,#4453,.F.);
#5836=ORIENTED_EDGE('',*,*,#4454,.F.);
#5837=ORIENTED_EDGE('',*,*,#4455,.F.);
#5838=ORIENTED_EDGE('',*,*,#4456,.T.);
#5839=ORIENTED_EDGE('',*,*,#4457,.T.);
#5840=ORIENTED_EDGE('',*,*,#4456,.F.);
#5841=ORIENTED_EDGE('',*,*,#4457,.F.);
#5842=ORIENTED_EDGE('',*,*,#4458,.F.);
#5843=ORIENTED_EDGE('',*,*,#4459,.T.);
#5844=ORIENTED_EDGE('',*,*,#4460,.T.);
#5845=ORIENTED_EDGE('',*,*,#4459,.F.);
#5846=ORIENTED_EDGE('',*,*,#4460,.F.);
#5847=ORIENTED_EDGE('',*,*,#4461,.F.);
#5848=ORIENTED_EDGE('',*,*,#4462,.T.);
#5849=ORIENTED_EDGE('',*,*,#4463,.T.);
#5850=ORIENTED_EDGE('',*,*,#4462,.F.);
#5851=ORIENTED_EDGE('',*,*,#4463,.F.);
#5852=ORIENTED_EDGE('',*,*,#4408,.F.);
#5853=ORIENTED_EDGE('',*,*,#4464,.T.);
#5854=ORIENTED_EDGE('',*,*,#4465,.T.);
#5855=ORIENTED_EDGE('',*,*,#4438,.T.);
#5856=ORIENTED_EDGE('',*,*,#4437,.F.);
#5857=ORIENTED_EDGE('',*,*,#4439,.T.);
#5858=ORIENTED_EDGE('',*,*,#4465,.F.);
#5859=ORIENTED_EDGE('',*,*,#4466,.F.);
#5860=ORIENTED_EDGE('',*,*,#4467,.T.);
#5861=ORIENTED_EDGE('',*,*,#4468,.F.);
#5862=ORIENTED_EDGE('',*,*,#4469,.T.);
#5863=ORIENTED_EDGE('',*,*,#4470,.F.);
#5864=ORIENTED_EDGE('',*,*,#4471,.T.);
#5865=ORIENTED_EDGE('',*,*,#4472,.F.);
#5866=ORIENTED_EDGE('',*,*,#4473,.T.);
#5867=ORIENTED_EDGE('',*,*,#4474,.F.);
#5868=ORIENTED_EDGE('',*,*,#4475,.T.);
#5869=ORIENTED_EDGE('',*,*,#4476,.F.);
#5870=ORIENTED_EDGE('',*,*,#4477,.T.);
#5871=ORIENTED_EDGE('',*,*,#4478,.F.);
#5872=ORIENTED_EDGE('',*,*,#4479,.T.);
#5873=ORIENTED_EDGE('',*,*,#4410,.F.);
#5874=ORIENTED_EDGE('',*,*,#4413,.T.);
#5875=ORIENTED_EDGE('',*,*,#4415,.F.);
#5876=ORIENTED_EDGE('',*,*,#4417,.T.);
#5877=ORIENTED_EDGE('',*,*,#4419,.F.);
#5878=ORIENTED_EDGE('',*,*,#4421,.T.);
#5879=ORIENTED_EDGE('',*,*,#4423,.F.);
#5880=ORIENTED_EDGE('',*,*,#4425,.T.);
#5881=ORIENTED_EDGE('',*,*,#4427,.F.);
#5882=ORIENTED_EDGE('',*,*,#4429,.T.);
#5883=ORIENTED_EDGE('',*,*,#4431,.F.);
#5884=ORIENTED_EDGE('',*,*,#4433,.T.);
#5885=ORIENTED_EDGE('',*,*,#4435,.F.);
#5886=ORIENTED_EDGE('',*,*,#4446,.T.);
#5887=ORIENTED_EDGE('',*,*,#4449,.T.);
#5888=ORIENTED_EDGE('',*,*,#4452,.T.);
#5889=ORIENTED_EDGE('',*,*,#4455,.T.);
#5890=ORIENTED_EDGE('',*,*,#4458,.T.);
#5891=ORIENTED_EDGE('',*,*,#4461,.T.);
#5892=ORIENTED_EDGE('',*,*,#4480,.T.);
#5893=ORIENTED_EDGE('',*,*,#4319,.F.);
#5894=ORIENTED_EDGE('',*,*,#4481,.T.);
#5895=ORIENTED_EDGE('',*,*,#4482,.F.);
#5896=ORIENTED_EDGE('',*,*,#4483,.T.);
#5897=ORIENTED_EDGE('',*,*,#4484,.F.);
#5898=ORIENTED_EDGE('',*,*,#4485,.T.);
#5899=ORIENTED_EDGE('',*,*,#4486,.F.);
#5900=ORIENTED_EDGE('',*,*,#4487,.T.);
#5901=ORIENTED_EDGE('',*,*,#4488,.F.);
#5902=ORIENTED_EDGE('',*,*,#4489,.T.);
#5903=ORIENTED_EDGE('',*,*,#4490,.F.);
#5904=ORIENTED_EDGE('',*,*,#4491,.T.);
#5905=ORIENTED_EDGE('',*,*,#4492,.F.);
#5906=ORIENTED_EDGE('',*,*,#4493,.T.);
#5907=ORIENTED_EDGE('',*,*,#4494,.F.);
#5908=ORIENTED_EDGE('',*,*,#4495,.T.);
#5909=ORIENTED_EDGE('',*,*,#4496,.F.);
#5910=ORIENTED_EDGE('',*,*,#4497,.T.);
#5911=ORIENTED_EDGE('',*,*,#4498,.F.);
#5912=ORIENTED_EDGE('',*,*,#4499,.T.);
#5913=ORIENTED_EDGE('',*,*,#4500,.F.);
#5914=ORIENTED_EDGE('',*,*,#4501,.T.);
#5915=ORIENTED_EDGE('',*,*,#4443,.T.);
#5916=ORIENTED_EDGE('',*,*,#4440,.T.);
#5917=ORIENTED_EDGE('',*,*,#4392,.F.);
#5918=ORIENTED_EDGE('',*,*,#4502,.T.);
#5919=ORIENTED_EDGE('',*,*,#4466,.T.);
#5920=ORIENTED_EDGE('',*,*,#4464,.F.);
#5921=ORIENTED_EDGE('',*,*,#4350,.F.);
#5922=ORIENTED_EDGE('',*,*,#4411,.F.);
#5923=ORIENTED_EDGE('',*,*,#4479,.F.);
#5924=ORIENTED_EDGE('',*,*,#4503,.F.);
#5925=ORIENTED_EDGE('',*,*,#4504,.F.);
#5926=ORIENTED_EDGE('',*,*,#4505,.T.);
#5927=ORIENTED_EDGE('',*,*,#4506,.T.);
#5928=ORIENTED_EDGE('',*,*,#4505,.F.);
#5929=ORIENTED_EDGE('',*,*,#4506,.F.);
#5930=ORIENTED_EDGE('',*,*,#4507,.F.);
#5931=ORIENTED_EDGE('',*,*,#4508,.T.);
#5932=ORIENTED_EDGE('',*,*,#4509,.T.);
#5933=ORIENTED_EDGE('',*,*,#4508,.F.);
#5934=ORIENTED_EDGE('',*,*,#4509,.F.);
#5935=ORIENTED_EDGE('',*,*,#4510,.F.);
#5936=ORIENTED_EDGE('',*,*,#4511,.T.);
#5937=ORIENTED_EDGE('',*,*,#4512,.T.);
#5938=ORIENTED_EDGE('',*,*,#4511,.F.);
#5939=ORIENTED_EDGE('',*,*,#4512,.F.);
#5940=ORIENTED_EDGE('',*,*,#4513,.F.);
#5941=ORIENTED_EDGE('',*,*,#4514,.T.);
#5942=ORIENTED_EDGE('',*,*,#4515,.T.);
#5943=ORIENTED_EDGE('',*,*,#4514,.F.);
#5944=ORIENTED_EDGE('',*,*,#4515,.F.);
#5945=ORIENTED_EDGE('',*,*,#4516,.F.);
#5946=ORIENTED_EDGE('',*,*,#4517,.T.);
#5947=ORIENTED_EDGE('',*,*,#4518,.F.);
#5948=ORIENTED_EDGE('',*,*,#4517,.F.);
#5949=ORIENTED_EDGE('',*,*,#4516,.T.);
#5950=ORIENTED_EDGE('',*,*,#4504,.T.);
#5951=ORIENTED_EDGE('',*,*,#4519,.F.);
#5952=ORIENTED_EDGE('',*,*,#4520,.T.);
#5953=ORIENTED_EDGE('',*,*,#4521,.F.);
#5954=ORIENTED_EDGE('',*,*,#4520,.F.);
#5955=ORIENTED_EDGE('',*,*,#4519,.T.);
#5956=ORIENTED_EDGE('',*,*,#4507,.T.);
#5957=ORIENTED_EDGE('',*,*,#4522,.F.);
#5958=ORIENTED_EDGE('',*,*,#4523,.T.);
#5959=ORIENTED_EDGE('',*,*,#4524,.F.);
#5960=ORIENTED_EDGE('',*,*,#4523,.F.);
#5961=ORIENTED_EDGE('',*,*,#4522,.T.);
#5962=ORIENTED_EDGE('',*,*,#4510,.T.);
#5963=ORIENTED_EDGE('',*,*,#4525,.F.);
#5964=ORIENTED_EDGE('',*,*,#4526,.T.);
#5965=ORIENTED_EDGE('',*,*,#4527,.F.);
#5966=ORIENTED_EDGE('',*,*,#4526,.F.);
#5967=ORIENTED_EDGE('',*,*,#4525,.T.);
#5968=ORIENTED_EDGE('',*,*,#4513,.T.);
#5969=ORIENTED_EDGE('',*,*,#4528,.F.);
#5970=ORIENTED_EDGE('',*,*,#4529,.T.);
#5971=ORIENTED_EDGE('',*,*,#4486,.T.);
#5972=ORIENTED_EDGE('',*,*,#4530,.T.);
#5973=ORIENTED_EDGE('',*,*,#4529,.F.);
#5974=ORIENTED_EDGE('',*,*,#4531,.T.);
#5975=ORIENTED_EDGE('',*,*,#4532,.F.);
#5976=ORIENTED_EDGE('',*,*,#4487,.F.);
#5977=ORIENTED_EDGE('',*,*,#4533,.F.);
#5978=ORIENTED_EDGE('',*,*,#4534,.T.);
#5979=ORIENTED_EDGE('',*,*,#4488,.T.);
#5980=ORIENTED_EDGE('',*,*,#4532,.T.);
#5981=ORIENTED_EDGE('',*,*,#4534,.F.);
#5982=ORIENTED_EDGE('',*,*,#4535,.T.);
#5983=ORIENTED_EDGE('',*,*,#4536,.F.);
#5984=ORIENTED_EDGE('',*,*,#4489,.F.);
#5985=ORIENTED_EDGE('',*,*,#4501,.F.);
#5986=ORIENTED_EDGE('',*,*,#4537,.T.);
#5987=ORIENTED_EDGE('',*,*,#4538,.F.);
#5988=ORIENTED_EDGE('',*,*,#4539,.T.);
#5989=ORIENTED_EDGE('',*,*,#4314,.T.);
#5990=ORIENTED_EDGE('',*,*,#4320,.F.);
#5991=ORIENTED_EDGE('',*,*,#4480,.F.);
#5992=ORIENTED_EDGE('',*,*,#4539,.F.);
#5993=ORIENTED_EDGE('',*,*,#4540,.T.);
#5994=ORIENTED_EDGE('',*,*,#4316,.F.);
#5995=ORIENTED_EDGE('',*,*,#4310,.T.);
#5996=ORIENTED_EDGE('',*,*,#4307,.T.);
#5997=ORIENTED_EDGE('',*,*,#4304,.T.);
#5998=ORIENTED_EDGE('',*,*,#4301,.T.);
#5999=ORIENTED_EDGE('',*,*,#4298,.T.);
#6000=ORIENTED_EDGE('',*,*,#4295,.T.);
#6001=ORIENTED_EDGE('',*,*,#4292,.T.);
#6002=ORIENTED_EDGE('',*,*,#4528,.T.);
#6003=ORIENTED_EDGE('',*,*,#4541,.F.);
#6004=ORIENTED_EDGE('',*,*,#4542,.F.);
#6005=ORIENTED_EDGE('',*,*,#4543,.F.);
#6006=ORIENTED_EDGE('',*,*,#4544,.T.);
#6007=ORIENTED_EDGE('',*,*,#4545,.F.);
#6008=ORIENTED_EDGE('',*,*,#4317,.T.);
#6009=ORIENTED_EDGE('',*,*,#4540,.F.);
#6010=ORIENTED_EDGE('',*,*,#4538,.T.);
#6011=ORIENTED_EDGE('',*,*,#4546,.F.);
#6012=ORIENTED_EDGE('',*,*,#4547,.F.);
#6013=ORIENTED_EDGE('',*,*,#4548,.T.);
#6014=ORIENTED_EDGE('',*,*,#4549,.F.);
#6015=ORIENTED_EDGE('',*,*,#4550,.T.);
#6016=ORIENTED_EDGE('',*,*,#4551,.F.);
#6017=ORIENTED_EDGE('',*,*,#4552,.F.);
#6018=ORIENTED_EDGE('',*,*,#4553,.F.);
#6019=ORIENTED_EDGE('',*,*,#4554,.T.);
#6020=ORIENTED_EDGE('',*,*,#4555,.F.);
#6021=ORIENTED_EDGE('',*,*,#4556,.F.);
#6022=ORIENTED_EDGE('',*,*,#4535,.F.);
#6023=ORIENTED_EDGE('',*,*,#4533,.T.);
#6024=ORIENTED_EDGE('',*,*,#4531,.F.);
#6025=ORIENTED_EDGE('',*,*,#4518,.T.);
#6026=ORIENTED_EDGE('',*,*,#4521,.T.);
#6027=ORIENTED_EDGE('',*,*,#4524,.T.);
#6028=ORIENTED_EDGE('',*,*,#4527,.T.);
#6029=ORIENTED_EDGE('',*,*,#4537,.F.);
#6030=ORIENTED_EDGE('',*,*,#4500,.T.);
#6031=ORIENTED_EDGE('',*,*,#4557,.T.);
#6032=ORIENTED_EDGE('',*,*,#4546,.T.);
#6033=ORIENTED_EDGE('',*,*,#4557,.F.);
#6034=ORIENTED_EDGE('',*,*,#4499,.F.);
#6035=ORIENTED_EDGE('',*,*,#4558,.F.);
#6036=ORIENTED_EDGE('',*,*,#4547,.T.);
#6037=ORIENTED_EDGE('',*,*,#4318,.F.);
#6038=ORIENTED_EDGE('',*,*,#4545,.T.);
#6039=ORIENTED_EDGE('',*,*,#4559,.F.);
#6040=ORIENTED_EDGE('',*,*,#4481,.F.);
#6041=ORIENTED_EDGE('',*,*,#4484,.T.);
#6042=ORIENTED_EDGE('',*,*,#4560,.T.);
#6043=ORIENTED_EDGE('',*,*,#4542,.T.);
#6044=ORIENTED_EDGE('',*,*,#4561,.T.);
#6045=ORIENTED_EDGE('',*,*,#4530,.F.);
#6046=ORIENTED_EDGE('',*,*,#4485,.F.);
#6047=ORIENTED_EDGE('',*,*,#4561,.F.);
#6048=ORIENTED_EDGE('',*,*,#4541,.T.);
#6049=ORIENTED_EDGE('',*,*,#4544,.F.);
#6050=ORIENTED_EDGE('',*,*,#4562,.T.);
#6051=ORIENTED_EDGE('',*,*,#4482,.T.);
#6052=ORIENTED_EDGE('',*,*,#4559,.T.);
#6053=ORIENTED_EDGE('',*,*,#4560,.F.);
#6054=ORIENTED_EDGE('',*,*,#4483,.F.);
#6055=ORIENTED_EDGE('',*,*,#4562,.F.);
#6056=ORIENTED_EDGE('',*,*,#4543,.T.);
#6057=ORIENTED_EDGE('',*,*,#4347,.F.);
#6058=ORIENTED_EDGE('',*,*,#4503,.T.);
#6059=ORIENTED_EDGE('',*,*,#4478,.T.);
#6060=ORIENTED_EDGE('',*,*,#4563,.T.);
#6061=ORIENTED_EDGE('',*,*,#4335,.F.);
#6062=ORIENTED_EDGE('',*,*,#4564,.T.);
#6063=ORIENTED_EDGE('',*,*,#4474,.T.);
#6064=ORIENTED_EDGE('',*,*,#4565,.T.);
#6065=ORIENTED_EDGE('',*,*,#4332,.F.);
#6066=ORIENTED_EDGE('',*,*,#4565,.F.);
#6067=ORIENTED_EDGE('',*,*,#4473,.F.);
#6068=ORIENTED_EDGE('',*,*,#4566,.F.);
#6069=ORIENTED_EDGE('',*,*,#4311,.T.);
#6070=ORIENTED_EDGE('',*,*,#4308,.T.);
#6071=ORIENTED_EDGE('',*,*,#4305,.T.);
#6072=ORIENTED_EDGE('',*,*,#4302,.T.);
#6073=ORIENTED_EDGE('',*,*,#4299,.T.);
#6074=ORIENTED_EDGE('',*,*,#4296,.T.);
#6075=ORIENTED_EDGE('',*,*,#4293,.T.);
#6076=ORIENTED_EDGE('',*,*,#4290,.T.);
#6077=ORIENTED_EDGE('',*,*,#4341,.F.);
#6078=ORIENTED_EDGE('',*,*,#4567,.T.);
#6079=ORIENTED_EDGE('',*,*,#4476,.T.);
#6080=ORIENTED_EDGE('',*,*,#4568,.T.);
#6081=ORIENTED_EDGE('',*,*,#4344,.F.);
#6082=ORIENTED_EDGE('',*,*,#4563,.F.);
#6083=ORIENTED_EDGE('',*,*,#4477,.F.);
#6084=ORIENTED_EDGE('',*,*,#4567,.F.);
#6085=ORIENTED_EDGE('',*,*,#4329,.F.);
#6086=ORIENTED_EDGE('',*,*,#4566,.T.);
#6087=ORIENTED_EDGE('',*,*,#4472,.T.);
#6088=ORIENTED_EDGE('',*,*,#4569,.T.);
#6089=ORIENTED_EDGE('',*,*,#4324,.F.);
#6090=ORIENTED_EDGE('',*,*,#4570,.T.);
#6091=ORIENTED_EDGE('',*,*,#4470,.T.);
#6092=ORIENTED_EDGE('',*,*,#4571,.T.);
#6093=ORIENTED_EDGE('',*,*,#4402,.F.);
#6094=ORIENTED_EDGE('',*,*,#4571,.F.);
#6095=ORIENTED_EDGE('',*,*,#4469,.F.);
#6096=ORIENTED_EDGE('',*,*,#4572,.F.);
#6097=ORIENTED_EDGE('',*,*,#4399,.F.);
#6098=ORIENTED_EDGE('',*,*,#4572,.T.);
#6099=ORIENTED_EDGE('',*,*,#4468,.T.);
#6100=ORIENTED_EDGE('',*,*,#4573,.T.);
#6101=ORIENTED_EDGE('',*,*,#4494,.T.);
#6102=ORIENTED_EDGE('',*,*,#4574,.T.);
#6103=ORIENTED_EDGE('',*,*,#4552,.T.);
#6104=ORIENTED_EDGE('',*,*,#4575,.T.);
#6105=ORIENTED_EDGE('',*,*,#4574,.F.);
#6106=ORIENTED_EDGE('',*,*,#4493,.F.);
#6107=ORIENTED_EDGE('',*,*,#4576,.F.);
#6108=ORIENTED_EDGE('',*,*,#4553,.T.);
#6109=ORIENTED_EDGE('',*,*,#4554,.F.);
#6110=ORIENTED_EDGE('',*,*,#4576,.T.);
#6111=ORIENTED_EDGE('',*,*,#4492,.T.);
#6112=ORIENTED_EDGE('',*,*,#4577,.T.);
#6113=ORIENTED_EDGE('',*,*,#4577,.F.);
#6114=ORIENTED_EDGE('',*,*,#4491,.F.);
#6115=ORIENTED_EDGE('',*,*,#4578,.F.);
#6116=ORIENTED_EDGE('',*,*,#4555,.T.);
#6117=ORIENTED_EDGE('',*,*,#4490,.T.);
#6118=ORIENTED_EDGE('',*,*,#4536,.T.);
#6119=ORIENTED_EDGE('',*,*,#4556,.T.);
#6120=ORIENTED_EDGE('',*,*,#4578,.T.);
#6121=ORIENTED_EDGE('',*,*,#4550,.F.);
#6122=ORIENTED_EDGE('',*,*,#4579,.T.);
#6123=ORIENTED_EDGE('',*,*,#4496,.T.);
#6124=ORIENTED_EDGE('',*,*,#4580,.T.);
#6125=ORIENTED_EDGE('',*,*,#4575,.F.);
#6126=ORIENTED_EDGE('',*,*,#4551,.T.);
#6127=ORIENTED_EDGE('',*,*,#4580,.F.);
#6128=ORIENTED_EDGE('',*,*,#4495,.F.);
#6129=ORIENTED_EDGE('',*,*,#4548,.F.);
#6130=ORIENTED_EDGE('',*,*,#4558,.T.);
#6131=ORIENTED_EDGE('',*,*,#4498,.T.);
#6132=ORIENTED_EDGE('',*,*,#4581,.T.);
#6133=ORIENTED_EDGE('',*,*,#4579,.F.);
#6134=ORIENTED_EDGE('',*,*,#4549,.T.);
#6135=ORIENTED_EDGE('',*,*,#4581,.F.);
#6136=ORIENTED_EDGE('',*,*,#4497,.F.);
#6137=ORIENTED_EDGE('',*,*,#4326,.F.);
#6138=ORIENTED_EDGE('',*,*,#4569,.F.);
#6139=ORIENTED_EDGE('',*,*,#4471,.F.);
#6140=ORIENTED_EDGE('',*,*,#4570,.F.);
#6141=ORIENTED_EDGE('',*,*,#4396,.F.);
#6142=ORIENTED_EDGE('',*,*,#4573,.F.);
#6143=ORIENTED_EDGE('',*,*,#4467,.F.);
#6144=ORIENTED_EDGE('',*,*,#4502,.F.);
#6145=ORIENTED_EDGE('',*,*,#4338,.F.);
#6146=ORIENTED_EDGE('',*,*,#4568,.F.);
#6147=ORIENTED_EDGE('',*,*,#4475,.F.);
#6148=ORIENTED_EDGE('',*,*,#4564,.F.);
#6149=ORIENTED_EDGE('',*,*,#4582,.F.);
#6150=ORIENTED_EDGE('',*,*,#4583,.T.);
#6151=ORIENTED_EDGE('',*,*,#4584,.T.);
#6152=ORIENTED_EDGE('',*,*,#4585,.F.);
#6153=ORIENTED_EDGE('',*,*,#4586,.F.);
#6154=ORIENTED_EDGE('',*,*,#4587,.T.);
#6155=ORIENTED_EDGE('',*,*,#4588,.T.);
#6156=ORIENTED_EDGE('',*,*,#4583,.F.);
#6157=ORIENTED_EDGE('',*,*,#4589,.F.);
#6158=ORIENTED_EDGE('',*,*,#4590,.T.);
#6159=ORIENTED_EDGE('',*,*,#4591,.T.);
#6160=ORIENTED_EDGE('',*,*,#4587,.F.);
#6161=ORIENTED_EDGE('',*,*,#4592,.F.);
#6162=ORIENTED_EDGE('',*,*,#4593,.T.);
#6163=ORIENTED_EDGE('',*,*,#4594,.T.);
#6164=ORIENTED_EDGE('',*,*,#4590,.F.);
#6165=ORIENTED_EDGE('',*,*,#4595,.F.);
#6166=ORIENTED_EDGE('',*,*,#4596,.T.);
#6167=ORIENTED_EDGE('',*,*,#4597,.T.);
#6168=ORIENTED_EDGE('',*,*,#4593,.F.);
#6169=ORIENTED_EDGE('',*,*,#4598,.F.);
#6170=ORIENTED_EDGE('',*,*,#4599,.T.);
#6171=ORIENTED_EDGE('',*,*,#4600,.T.);
#6172=ORIENTED_EDGE('',*,*,#4596,.F.);
#6173=ORIENTED_EDGE('',*,*,#4601,.F.);
#6174=ORIENTED_EDGE('',*,*,#4602,.T.);
#6175=ORIENTED_EDGE('',*,*,#4603,.T.);
#6176=ORIENTED_EDGE('',*,*,#4599,.F.);
#6177=ORIENTED_EDGE('',*,*,#4604,.F.);
#6178=ORIENTED_EDGE('',*,*,#4605,.T.);
#6179=ORIENTED_EDGE('',*,*,#4606,.T.);
#6180=ORIENTED_EDGE('',*,*,#4602,.F.);
#6181=ORIENTED_EDGE('',*,*,#4607,.F.);
#6182=ORIENTED_EDGE('',*,*,#4608,.T.);
#6183=ORIENTED_EDGE('',*,*,#4609,.T.);
#6184=ORIENTED_EDGE('',*,*,#4605,.F.);
#6185=ORIENTED_EDGE('',*,*,#4610,.F.);
#6186=ORIENTED_EDGE('',*,*,#4611,.T.);
#6187=ORIENTED_EDGE('',*,*,#4612,.T.);
#6188=ORIENTED_EDGE('',*,*,#4608,.F.);
#6189=ORIENTED_EDGE('',*,*,#4613,.F.);
#6190=ORIENTED_EDGE('',*,*,#4614,.T.);
#6191=ORIENTED_EDGE('',*,*,#4615,.T.);
#6192=ORIENTED_EDGE('',*,*,#4611,.F.);
#6193=ORIENTED_EDGE('',*,*,#4616,.F.);
#6194=ORIENTED_EDGE('',*,*,#4617,.T.);
#6195=ORIENTED_EDGE('',*,*,#4618,.T.);
#6196=ORIENTED_EDGE('',*,*,#4614,.F.);
#6197=ORIENTED_EDGE('',*,*,#4619,.F.);
#6198=ORIENTED_EDGE('',*,*,#4620,.T.);
#6199=ORIENTED_EDGE('',*,*,#4621,.T.);
#6200=ORIENTED_EDGE('',*,*,#4617,.F.);
#6201=ORIENTED_EDGE('',*,*,#4622,.F.);
#6202=ORIENTED_EDGE('',*,*,#4623,.T.);
#6203=ORIENTED_EDGE('',*,*,#4624,.T.);
#6204=ORIENTED_EDGE('',*,*,#4620,.F.);
#6205=ORIENTED_EDGE('',*,*,#4625,.F.);
#6206=ORIENTED_EDGE('',*,*,#4626,.T.);
#6207=ORIENTED_EDGE('',*,*,#4627,.T.);
#6208=ORIENTED_EDGE('',*,*,#4623,.F.);
#6209=ORIENTED_EDGE('',*,*,#4628,.F.);
#6210=ORIENTED_EDGE('',*,*,#4629,.T.);
#6211=ORIENTED_EDGE('',*,*,#4630,.T.);
#6212=ORIENTED_EDGE('',*,*,#4626,.F.);
#6213=ORIENTED_EDGE('',*,*,#4631,.F.);
#6214=ORIENTED_EDGE('',*,*,#4632,.T.);
#6215=ORIENTED_EDGE('',*,*,#4633,.T.);
#6216=ORIENTED_EDGE('',*,*,#4629,.F.);
#6217=ORIENTED_EDGE('',*,*,#4634,.F.);
#6218=ORIENTED_EDGE('',*,*,#4635,.T.);
#6219=ORIENTED_EDGE('',*,*,#4636,.T.);
#6220=ORIENTED_EDGE('',*,*,#4632,.F.);
#6221=ORIENTED_EDGE('',*,*,#4637,.F.);
#6222=ORIENTED_EDGE('',*,*,#4638,.T.);
#6223=ORIENTED_EDGE('',*,*,#4639,.T.);
#6224=ORIENTED_EDGE('',*,*,#4635,.F.);
#6225=ORIENTED_EDGE('',*,*,#4640,.F.);
#6226=ORIENTED_EDGE('',*,*,#4641,.T.);
#6227=ORIENTED_EDGE('',*,*,#4642,.T.);
#6228=ORIENTED_EDGE('',*,*,#4638,.F.);
#6229=ORIENTED_EDGE('',*,*,#4643,.F.);
#6230=ORIENTED_EDGE('',*,*,#4585,.T.);
#6231=ORIENTED_EDGE('',*,*,#4644,.T.);
#6232=ORIENTED_EDGE('',*,*,#4641,.F.);
#6233=ORIENTED_EDGE('',*,*,#4644,.F.);
#6234=ORIENTED_EDGE('',*,*,#4584,.F.);
#6235=ORIENTED_EDGE('',*,*,#4588,.F.);
#6236=ORIENTED_EDGE('',*,*,#4591,.F.);
#6237=ORIENTED_EDGE('',*,*,#4594,.F.);
#6238=ORIENTED_EDGE('',*,*,#4597,.F.);
#6239=ORIENTED_EDGE('',*,*,#4600,.F.);
#6240=ORIENTED_EDGE('',*,*,#4603,.F.);
#6241=ORIENTED_EDGE('',*,*,#4606,.F.);
#6242=ORIENTED_EDGE('',*,*,#4609,.F.);
#6243=ORIENTED_EDGE('',*,*,#4612,.F.);
#6244=ORIENTED_EDGE('',*,*,#4615,.F.);
#6245=ORIENTED_EDGE('',*,*,#4618,.F.);
#6246=ORIENTED_EDGE('',*,*,#4621,.F.);
#6247=ORIENTED_EDGE('',*,*,#4624,.F.);
#6248=ORIENTED_EDGE('',*,*,#4627,.F.);
#6249=ORIENTED_EDGE('',*,*,#4630,.F.);
#6250=ORIENTED_EDGE('',*,*,#4633,.F.);
#6251=ORIENTED_EDGE('',*,*,#4636,.F.);
#6252=ORIENTED_EDGE('',*,*,#4639,.F.);
#6253=ORIENTED_EDGE('',*,*,#4642,.F.);
#6254=ORIENTED_EDGE('',*,*,#4645,.F.);
#6255=ORIENTED_EDGE('',*,*,#4646,.T.);
#6256=ORIENTED_EDGE('',*,*,#4647,.T.);
#6257=ORIENTED_EDGE('',*,*,#4648,.F.);
#6258=ORIENTED_EDGE('',*,*,#4649,.F.);
#6259=ORIENTED_EDGE('',*,*,#4650,.T.);
#6260=ORIENTED_EDGE('',*,*,#4651,.T.);
#6261=ORIENTED_EDGE('',*,*,#4646,.F.);
#6262=ORIENTED_EDGE('',*,*,#4652,.F.);
#6263=ORIENTED_EDGE('',*,*,#4653,.T.);
#6264=ORIENTED_EDGE('',*,*,#4654,.T.);
#6265=ORIENTED_EDGE('',*,*,#4650,.F.);
#6266=ORIENTED_EDGE('',*,*,#4655,.F.);
#6267=ORIENTED_EDGE('',*,*,#4656,.T.);
#6268=ORIENTED_EDGE('',*,*,#4657,.T.);
#6269=ORIENTED_EDGE('',*,*,#4653,.F.);
#6270=ORIENTED_EDGE('',*,*,#4658,.F.);
#6271=ORIENTED_EDGE('',*,*,#4659,.T.);
#6272=ORIENTED_EDGE('',*,*,#4660,.T.);
#6273=ORIENTED_EDGE('',*,*,#4656,.F.);
#6274=ORIENTED_EDGE('',*,*,#4661,.F.);
#6275=ORIENTED_EDGE('',*,*,#4662,.T.);
#6276=ORIENTED_EDGE('',*,*,#4663,.T.);
#6277=ORIENTED_EDGE('',*,*,#4659,.F.);
#6278=ORIENTED_EDGE('',*,*,#4664,.F.);
#6279=ORIENTED_EDGE('',*,*,#4665,.T.);
#6280=ORIENTED_EDGE('',*,*,#4666,.T.);
#6281=ORIENTED_EDGE('',*,*,#4662,.F.);
#6282=ORIENTED_EDGE('',*,*,#4667,.F.);
#6283=ORIENTED_EDGE('',*,*,#4668,.T.);
#6284=ORIENTED_EDGE('',*,*,#4669,.T.);
#6285=ORIENTED_EDGE('',*,*,#4665,.F.);
#6286=ORIENTED_EDGE('',*,*,#4670,.F.);
#6287=ORIENTED_EDGE('',*,*,#4671,.T.);
#6288=ORIENTED_EDGE('',*,*,#4672,.T.);
#6289=ORIENTED_EDGE('',*,*,#4668,.F.);
#6290=ORIENTED_EDGE('',*,*,#4673,.F.);
#6291=ORIENTED_EDGE('',*,*,#4648,.T.);
#6292=ORIENTED_EDGE('',*,*,#4674,.T.);
#6293=ORIENTED_EDGE('',*,*,#4671,.F.);
#6294=ORIENTED_EDGE('',*,*,#4674,.F.);
#6295=ORIENTED_EDGE('',*,*,#4647,.F.);
#6296=ORIENTED_EDGE('',*,*,#4651,.F.);
#6297=ORIENTED_EDGE('',*,*,#4654,.F.);
#6298=ORIENTED_EDGE('',*,*,#4657,.F.);
#6299=ORIENTED_EDGE('',*,*,#4660,.F.);
#6300=ORIENTED_EDGE('',*,*,#4663,.F.);
#6301=ORIENTED_EDGE('',*,*,#4666,.F.);
#6302=ORIENTED_EDGE('',*,*,#4669,.F.);
#6303=ORIENTED_EDGE('',*,*,#4672,.F.);
#6304=ORIENTED_EDGE('',*,*,#4675,.F.);
#6305=ORIENTED_EDGE('',*,*,#4676,.T.);
#6306=ORIENTED_EDGE('',*,*,#4677,.T.);
#6307=ORIENTED_EDGE('',*,*,#4678,.F.);
#6308=ORIENTED_EDGE('',*,*,#4679,.F.);
#6309=ORIENTED_EDGE('',*,*,#4680,.T.);
#6310=ORIENTED_EDGE('',*,*,#4681,.T.);
#6311=ORIENTED_EDGE('',*,*,#4676,.F.);
#6312=ORIENTED_EDGE('',*,*,#4682,.F.);
#6313=ORIENTED_EDGE('',*,*,#4683,.T.);
#6314=ORIENTED_EDGE('',*,*,#4684,.T.);
#6315=ORIENTED_EDGE('',*,*,#4680,.F.);
#6316=ORIENTED_EDGE('',*,*,#4685,.F.);
#6317=ORIENTED_EDGE('',*,*,#4686,.T.);
#6318=ORIENTED_EDGE('',*,*,#4687,.T.);
#6319=ORIENTED_EDGE('',*,*,#4683,.F.);
#6320=ORIENTED_EDGE('',*,*,#4688,.F.);
#6321=ORIENTED_EDGE('',*,*,#4689,.T.);
#6322=ORIENTED_EDGE('',*,*,#4690,.T.);
#6323=ORIENTED_EDGE('',*,*,#4686,.F.);
#6324=ORIENTED_EDGE('',*,*,#4691,.F.);
#6325=ORIENTED_EDGE('',*,*,#4692,.T.);
#6326=ORIENTED_EDGE('',*,*,#4693,.T.);
#6327=ORIENTED_EDGE('',*,*,#4689,.F.);
#6328=ORIENTED_EDGE('',*,*,#4694,.F.);
#6329=ORIENTED_EDGE('',*,*,#4695,.T.);
#6330=ORIENTED_EDGE('',*,*,#4696,.T.);
#6331=ORIENTED_EDGE('',*,*,#4692,.F.);
#6332=ORIENTED_EDGE('',*,*,#4697,.F.);
#6333=ORIENTED_EDGE('',*,*,#4698,.T.);
#6334=ORIENTED_EDGE('',*,*,#4699,.T.);
#6335=ORIENTED_EDGE('',*,*,#4695,.F.);
#6336=ORIENTED_EDGE('',*,*,#4700,.F.);
#6337=ORIENTED_EDGE('',*,*,#4678,.T.);
#6338=ORIENTED_EDGE('',*,*,#4701,.T.);
#6339=ORIENTED_EDGE('',*,*,#4698,.F.);
#6340=ORIENTED_EDGE('',*,*,#4701,.F.);
#6341=ORIENTED_EDGE('',*,*,#4677,.F.);
#6342=ORIENTED_EDGE('',*,*,#4681,.F.);
#6343=ORIENTED_EDGE('',*,*,#4684,.F.);
#6344=ORIENTED_EDGE('',*,*,#4687,.F.);
#6345=ORIENTED_EDGE('',*,*,#4690,.F.);
#6346=ORIENTED_EDGE('',*,*,#4693,.F.);
#6347=ORIENTED_EDGE('',*,*,#4696,.F.);
#6348=ORIENTED_EDGE('',*,*,#4699,.F.);
#6349=ORIENTED_EDGE('',*,*,#4702,.F.);
#6350=ORIENTED_EDGE('',*,*,#4703,.T.);
#6351=ORIENTED_EDGE('',*,*,#4704,.T.);
#6352=ORIENTED_EDGE('',*,*,#4705,.F.);
#6353=ORIENTED_EDGE('',*,*,#4706,.F.);
#6354=ORIENTED_EDGE('',*,*,#4707,.T.);
#6355=ORIENTED_EDGE('',*,*,#4708,.T.);
#6356=ORIENTED_EDGE('',*,*,#4703,.F.);
#6357=ORIENTED_EDGE('',*,*,#4709,.F.);
#6358=ORIENTED_EDGE('',*,*,#4710,.T.);
#6359=ORIENTED_EDGE('',*,*,#4711,.T.);
#6360=ORIENTED_EDGE('',*,*,#4707,.F.);
#6361=ORIENTED_EDGE('',*,*,#4712,.F.);
#6362=ORIENTED_EDGE('',*,*,#4713,.T.);
#6363=ORIENTED_EDGE('',*,*,#4714,.T.);
#6364=ORIENTED_EDGE('',*,*,#4710,.F.);
#6365=ORIENTED_EDGE('',*,*,#4715,.F.);
#6366=ORIENTED_EDGE('',*,*,#4716,.T.);
#6367=ORIENTED_EDGE('',*,*,#4717,.T.);
#6368=ORIENTED_EDGE('',*,*,#4713,.F.);
#6369=ORIENTED_EDGE('',*,*,#4718,.F.);
#6370=ORIENTED_EDGE('',*,*,#4719,.T.);
#6371=ORIENTED_EDGE('',*,*,#4720,.T.);
#6372=ORIENTED_EDGE('',*,*,#4716,.F.);
#6373=ORIENTED_EDGE('',*,*,#4721,.F.);
#6374=ORIENTED_EDGE('',*,*,#4722,.T.);
#6375=ORIENTED_EDGE('',*,*,#4723,.T.);
#6376=ORIENTED_EDGE('',*,*,#4719,.F.);
#6377=ORIENTED_EDGE('',*,*,#4724,.F.);
#6378=ORIENTED_EDGE('',*,*,#4705,.T.);
#6379=ORIENTED_EDGE('',*,*,#4725,.T.);
#6380=ORIENTED_EDGE('',*,*,#4722,.F.);
#6381=ORIENTED_EDGE('',*,*,#4726,.F.);
#6382=ORIENTED_EDGE('',*,*,#4727,.T.);
#6383=ORIENTED_EDGE('',*,*,#4728,.T.);
#6384=ORIENTED_EDGE('',*,*,#4729,.F.);
#6385=ORIENTED_EDGE('',*,*,#4730,.F.);
#6386=ORIENTED_EDGE('',*,*,#4731,.T.);
#6387=ORIENTED_EDGE('',*,*,#4732,.T.);
#6388=ORIENTED_EDGE('',*,*,#4727,.F.);
#6389=ORIENTED_EDGE('',*,*,#4733,.F.);
#6390=ORIENTED_EDGE('',*,*,#4734,.T.);
#6391=ORIENTED_EDGE('',*,*,#4735,.T.);
#6392=ORIENTED_EDGE('',*,*,#4731,.F.);
#6393=ORIENTED_EDGE('',*,*,#4736,.F.);
#6394=ORIENTED_EDGE('',*,*,#4737,.T.);
#6395=ORIENTED_EDGE('',*,*,#4738,.T.);
#6396=ORIENTED_EDGE('',*,*,#4734,.F.);
#6397=ORIENTED_EDGE('',*,*,#4739,.F.);
#6398=ORIENTED_EDGE('',*,*,#4740,.T.);
#6399=ORIENTED_EDGE('',*,*,#4741,.T.);
#6400=ORIENTED_EDGE('',*,*,#4737,.F.);
#6401=ORIENTED_EDGE('',*,*,#4742,.F.);
#6402=ORIENTED_EDGE('',*,*,#4743,.T.);
#6403=ORIENTED_EDGE('',*,*,#4744,.T.);
#6404=ORIENTED_EDGE('',*,*,#4740,.F.);
#6405=ORIENTED_EDGE('',*,*,#4745,.F.);
#6406=ORIENTED_EDGE('',*,*,#4746,.T.);
#6407=ORIENTED_EDGE('',*,*,#4747,.T.);
#6408=ORIENTED_EDGE('',*,*,#4743,.F.);
#6409=ORIENTED_EDGE('',*,*,#4748,.F.);
#6410=ORIENTED_EDGE('',*,*,#4749,.T.);
#6411=ORIENTED_EDGE('',*,*,#4750,.T.);
#6412=ORIENTED_EDGE('',*,*,#4746,.F.);
#6413=ORIENTED_EDGE('',*,*,#4751,.F.);
#6414=ORIENTED_EDGE('',*,*,#4752,.T.);
#6415=ORIENTED_EDGE('',*,*,#4753,.T.);
#6416=ORIENTED_EDGE('',*,*,#4749,.F.);
#6417=ORIENTED_EDGE('',*,*,#4754,.F.);
#6418=ORIENTED_EDGE('',*,*,#4755,.T.);
#6419=ORIENTED_EDGE('',*,*,#4756,.T.);
#6420=ORIENTED_EDGE('',*,*,#4752,.F.);
#6421=ORIENTED_EDGE('',*,*,#4757,.F.);
#6422=ORIENTED_EDGE('',*,*,#4758,.T.);
#6423=ORIENTED_EDGE('',*,*,#4759,.T.);
#6424=ORIENTED_EDGE('',*,*,#4755,.F.);
#6425=ORIENTED_EDGE('',*,*,#4760,.F.);
#6426=ORIENTED_EDGE('',*,*,#4761,.T.);
#6427=ORIENTED_EDGE('',*,*,#4762,.T.);
#6428=ORIENTED_EDGE('',*,*,#4758,.F.);
#6429=ORIENTED_EDGE('',*,*,#4763,.F.);
#6430=ORIENTED_EDGE('',*,*,#4764,.T.);
#6431=ORIENTED_EDGE('',*,*,#4765,.T.);
#6432=ORIENTED_EDGE('',*,*,#4761,.F.);
#6433=ORIENTED_EDGE('',*,*,#4766,.F.);
#6434=ORIENTED_EDGE('',*,*,#4767,.T.);
#6435=ORIENTED_EDGE('',*,*,#4768,.T.);
#6436=ORIENTED_EDGE('',*,*,#4764,.F.);
#6437=ORIENTED_EDGE('',*,*,#4769,.F.);
#6438=ORIENTED_EDGE('',*,*,#4770,.T.);
#6439=ORIENTED_EDGE('',*,*,#4771,.T.);
#6440=ORIENTED_EDGE('',*,*,#4767,.F.);
#6441=ORIENTED_EDGE('',*,*,#4772,.F.);
#6442=ORIENTED_EDGE('',*,*,#4773,.T.);
#6443=ORIENTED_EDGE('',*,*,#4774,.T.);
#6444=ORIENTED_EDGE('',*,*,#4770,.F.);
#6445=ORIENTED_EDGE('',*,*,#4775,.F.);
#6446=ORIENTED_EDGE('',*,*,#4776,.T.);
#6447=ORIENTED_EDGE('',*,*,#4777,.T.);
#6448=ORIENTED_EDGE('',*,*,#4773,.F.);
#6449=ORIENTED_EDGE('',*,*,#4778,.F.);
#6450=ORIENTED_EDGE('',*,*,#4779,.T.);
#6451=ORIENTED_EDGE('',*,*,#4780,.T.);
#6452=ORIENTED_EDGE('',*,*,#4776,.F.);
#6453=ORIENTED_EDGE('',*,*,#4781,.F.);
#6454=ORIENTED_EDGE('',*,*,#4729,.T.);
#6455=ORIENTED_EDGE('',*,*,#4782,.T.);
#6456=ORIENTED_EDGE('',*,*,#4779,.F.);
#6457=ORIENTED_EDGE('',*,*,#4782,.F.);
#6458=ORIENTED_EDGE('',*,*,#4728,.F.);
#6459=ORIENTED_EDGE('',*,*,#4732,.F.);
#6460=ORIENTED_EDGE('',*,*,#4735,.F.);
#6461=ORIENTED_EDGE('',*,*,#4738,.F.);
#6462=ORIENTED_EDGE('',*,*,#4741,.F.);
#6463=ORIENTED_EDGE('',*,*,#4744,.F.);
#6464=ORIENTED_EDGE('',*,*,#4747,.F.);
#6465=ORIENTED_EDGE('',*,*,#4750,.F.);
#6466=ORIENTED_EDGE('',*,*,#4753,.F.);
#6467=ORIENTED_EDGE('',*,*,#4756,.F.);
#6468=ORIENTED_EDGE('',*,*,#4759,.F.);
#6469=ORIENTED_EDGE('',*,*,#4762,.F.);
#6470=ORIENTED_EDGE('',*,*,#4765,.F.);
#6471=ORIENTED_EDGE('',*,*,#4768,.F.);
#6472=ORIENTED_EDGE('',*,*,#4771,.F.);
#6473=ORIENTED_EDGE('',*,*,#4774,.F.);
#6474=ORIENTED_EDGE('',*,*,#4777,.F.);
#6475=ORIENTED_EDGE('',*,*,#4780,.F.);
#6476=ORIENTED_EDGE('',*,*,#4725,.F.);
#6477=ORIENTED_EDGE('',*,*,#4704,.F.);
#6478=ORIENTED_EDGE('',*,*,#4708,.F.);
#6479=ORIENTED_EDGE('',*,*,#4711,.F.);
#6480=ORIENTED_EDGE('',*,*,#4714,.F.);
#6481=ORIENTED_EDGE('',*,*,#4717,.F.);
#6482=ORIENTED_EDGE('',*,*,#4720,.F.);
#6483=ORIENTED_EDGE('',*,*,#4723,.F.);
#6484=ORIENTED_EDGE('',*,*,#4783,.F.);
#6485=ORIENTED_EDGE('',*,*,#4784,.T.);
#6486=ORIENTED_EDGE('',*,*,#4785,.T.);
#6487=ORIENTED_EDGE('',*,*,#4786,.F.);
#6488=ORIENTED_EDGE('',*,*,#4787,.F.);
#6489=ORIENTED_EDGE('',*,*,#4788,.T.);
#6490=ORIENTED_EDGE('',*,*,#4789,.T.);
#6491=ORIENTED_EDGE('',*,*,#4784,.F.);
#6492=ORIENTED_EDGE('',*,*,#4790,.F.);
#6493=ORIENTED_EDGE('',*,*,#4791,.T.);
#6494=ORIENTED_EDGE('',*,*,#4792,.T.);
#6495=ORIENTED_EDGE('',*,*,#4788,.F.);
#6496=ORIENTED_EDGE('',*,*,#4793,.F.);
#6497=ORIENTED_EDGE('',*,*,#4794,.T.);
#6498=ORIENTED_EDGE('',*,*,#4795,.T.);
#6499=ORIENTED_EDGE('',*,*,#4791,.F.);
#6500=ORIENTED_EDGE('',*,*,#4796,.F.);
#6501=ORIENTED_EDGE('',*,*,#4797,.T.);
#6502=ORIENTED_EDGE('',*,*,#4798,.T.);
#6503=ORIENTED_EDGE('',*,*,#4794,.F.);
#6504=ORIENTED_EDGE('',*,*,#4799,.F.);
#6505=ORIENTED_EDGE('',*,*,#4800,.T.);
#6506=ORIENTED_EDGE('',*,*,#4801,.T.);
#6507=ORIENTED_EDGE('',*,*,#4797,.F.);
#6508=ORIENTED_EDGE('',*,*,#4802,.F.);
#6509=ORIENTED_EDGE('',*,*,#4803,.T.);
#6510=ORIENTED_EDGE('',*,*,#4804,.T.);
#6511=ORIENTED_EDGE('',*,*,#4800,.F.);
#6512=ORIENTED_EDGE('',*,*,#4805,.F.);
#6513=ORIENTED_EDGE('',*,*,#4806,.T.);
#6514=ORIENTED_EDGE('',*,*,#4807,.T.);
#6515=ORIENTED_EDGE('',*,*,#4803,.F.);
#6516=ORIENTED_EDGE('',*,*,#4808,.F.);
#6517=ORIENTED_EDGE('',*,*,#4786,.T.);
#6518=ORIENTED_EDGE('',*,*,#4809,.T.);
#6519=ORIENTED_EDGE('',*,*,#4806,.F.);
#6520=ORIENTED_EDGE('',*,*,#4809,.F.);
#6521=ORIENTED_EDGE('',*,*,#4785,.F.);
#6522=ORIENTED_EDGE('',*,*,#4789,.F.);
#6523=ORIENTED_EDGE('',*,*,#4792,.F.);
#6524=ORIENTED_EDGE('',*,*,#4795,.F.);
#6525=ORIENTED_EDGE('',*,*,#4798,.F.);
#6526=ORIENTED_EDGE('',*,*,#4801,.F.);
#6527=ORIENTED_EDGE('',*,*,#4804,.F.);
#6528=ORIENTED_EDGE('',*,*,#4807,.F.);
#6529=ORIENTED_EDGE('',*,*,#4810,.F.);
#6530=ORIENTED_EDGE('',*,*,#4811,.T.);
#6531=ORIENTED_EDGE('',*,*,#4812,.T.);
#6532=ORIENTED_EDGE('',*,*,#4813,.F.);
#6533=ORIENTED_EDGE('',*,*,#4814,.F.);
#6534=ORIENTED_EDGE('',*,*,#4815,.T.);
#6535=ORIENTED_EDGE('',*,*,#4816,.T.);
#6536=ORIENTED_EDGE('',*,*,#4811,.F.);
#6537=ORIENTED_EDGE('',*,*,#4817,.F.);
#6538=ORIENTED_EDGE('',*,*,#4818,.T.);
#6539=ORIENTED_EDGE('',*,*,#4819,.T.);
#6540=ORIENTED_EDGE('',*,*,#4815,.F.);
#6541=ORIENTED_EDGE('',*,*,#4820,.F.);
#6542=ORIENTED_EDGE('',*,*,#4821,.T.);
#6543=ORIENTED_EDGE('',*,*,#4822,.T.);
#6544=ORIENTED_EDGE('',*,*,#4818,.F.);
#6545=ORIENTED_EDGE('',*,*,#4823,.F.);
#6546=ORIENTED_EDGE('',*,*,#4824,.T.);
#6547=ORIENTED_EDGE('',*,*,#4825,.T.);
#6548=ORIENTED_EDGE('',*,*,#4821,.F.);
#6549=ORIENTED_EDGE('',*,*,#4826,.F.);
#6550=ORIENTED_EDGE('',*,*,#4827,.T.);
#6551=ORIENTED_EDGE('',*,*,#4828,.T.);
#6552=ORIENTED_EDGE('',*,*,#4824,.F.);
#6553=ORIENTED_EDGE('',*,*,#4829,.F.);
#6554=ORIENTED_EDGE('',*,*,#4830,.T.);
#6555=ORIENTED_EDGE('',*,*,#4831,.T.);
#6556=ORIENTED_EDGE('',*,*,#4827,.F.);
#6557=ORIENTED_EDGE('',*,*,#4832,.F.);
#6558=ORIENTED_EDGE('',*,*,#4833,.T.);
#6559=ORIENTED_EDGE('',*,*,#4834,.T.);
#6560=ORIENTED_EDGE('',*,*,#4830,.F.);
#6561=ORIENTED_EDGE('',*,*,#4835,.F.);
#6562=ORIENTED_EDGE('',*,*,#4813,.T.);
#6563=ORIENTED_EDGE('',*,*,#4836,.T.);
#6564=ORIENTED_EDGE('',*,*,#4833,.F.);
#6565=ORIENTED_EDGE('',*,*,#4836,.F.);
#6566=ORIENTED_EDGE('',*,*,#4812,.F.);
#6567=ORIENTED_EDGE('',*,*,#4816,.F.);
#6568=ORIENTED_EDGE('',*,*,#4819,.F.);
#6569=ORIENTED_EDGE('',*,*,#4822,.F.);
#6570=ORIENTED_EDGE('',*,*,#4825,.F.);
#6571=ORIENTED_EDGE('',*,*,#4828,.F.);
#6572=ORIENTED_EDGE('',*,*,#4831,.F.);
#6573=ORIENTED_EDGE('',*,*,#4834,.F.);
#6574=ORIENTED_EDGE('',*,*,#4837,.F.);
#6575=ORIENTED_EDGE('',*,*,#4838,.T.);
#6576=ORIENTED_EDGE('',*,*,#4839,.T.);
#6577=ORIENTED_EDGE('',*,*,#4840,.F.);
#6578=ORIENTED_EDGE('',*,*,#4841,.F.);
#6579=ORIENTED_EDGE('',*,*,#4842,.T.);
#6580=ORIENTED_EDGE('',*,*,#4843,.T.);
#6581=ORIENTED_EDGE('',*,*,#4838,.F.);
#6582=ORIENTED_EDGE('',*,*,#4844,.F.);
#6583=ORIENTED_EDGE('',*,*,#4845,.T.);
#6584=ORIENTED_EDGE('',*,*,#4846,.T.);
#6585=ORIENTED_EDGE('',*,*,#4842,.F.);
#6586=ORIENTED_EDGE('',*,*,#4847,.F.);
#6587=ORIENTED_EDGE('',*,*,#4848,.T.);
#6588=ORIENTED_EDGE('',*,*,#4849,.T.);
#6589=ORIENTED_EDGE('',*,*,#4845,.F.);
#6590=ORIENTED_EDGE('',*,*,#4850,.F.);
#6591=ORIENTED_EDGE('',*,*,#4851,.T.);
#6592=ORIENTED_EDGE('',*,*,#4852,.T.);
#6593=ORIENTED_EDGE('',*,*,#4848,.F.);
#6594=ORIENTED_EDGE('',*,*,#4853,.F.);
#6595=ORIENTED_EDGE('',*,*,#4854,.T.);
#6596=ORIENTED_EDGE('',*,*,#4855,.T.);
#6597=ORIENTED_EDGE('',*,*,#4851,.F.);
#6598=ORIENTED_EDGE('',*,*,#4856,.F.);
#6599=ORIENTED_EDGE('',*,*,#4857,.T.);
#6600=ORIENTED_EDGE('',*,*,#4858,.T.);
#6601=ORIENTED_EDGE('',*,*,#4854,.F.);
#6602=ORIENTED_EDGE('',*,*,#4859,.F.);
#6603=ORIENTED_EDGE('',*,*,#4860,.T.);
#6604=ORIENTED_EDGE('',*,*,#4861,.T.);
#6605=ORIENTED_EDGE('',*,*,#4857,.F.);
#6606=ORIENTED_EDGE('',*,*,#4862,.F.);
#6607=ORIENTED_EDGE('',*,*,#4863,.T.);
#6608=ORIENTED_EDGE('',*,*,#4864,.T.);
#6609=ORIENTED_EDGE('',*,*,#4860,.F.);
#6610=ORIENTED_EDGE('',*,*,#4865,.F.);
#6611=ORIENTED_EDGE('',*,*,#4866,.T.);
#6612=ORIENTED_EDGE('',*,*,#4867,.T.);
#6613=ORIENTED_EDGE('',*,*,#4863,.F.);
#6614=ORIENTED_EDGE('',*,*,#4868,.F.);
#6615=ORIENTED_EDGE('',*,*,#4869,.T.);
#6616=ORIENTED_EDGE('',*,*,#4870,.T.);
#6617=ORIENTED_EDGE('',*,*,#4866,.F.);
#6618=ORIENTED_EDGE('',*,*,#4871,.F.);
#6619=ORIENTED_EDGE('',*,*,#4840,.T.);
#6620=ORIENTED_EDGE('',*,*,#4872,.T.);
#6621=ORIENTED_EDGE('',*,*,#4869,.F.);
#6622=ORIENTED_EDGE('',*,*,#4872,.F.);
#6623=ORIENTED_EDGE('',*,*,#4839,.F.);
#6624=ORIENTED_EDGE('',*,*,#4843,.F.);
#6625=ORIENTED_EDGE('',*,*,#4846,.F.);
#6626=ORIENTED_EDGE('',*,*,#4849,.F.);
#6627=ORIENTED_EDGE('',*,*,#4852,.F.);
#6628=ORIENTED_EDGE('',*,*,#4855,.F.);
#6629=ORIENTED_EDGE('',*,*,#4858,.F.);
#6630=ORIENTED_EDGE('',*,*,#4861,.F.);
#6631=ORIENTED_EDGE('',*,*,#4864,.F.);
#6632=ORIENTED_EDGE('',*,*,#4867,.F.);
#6633=ORIENTED_EDGE('',*,*,#4870,.F.);
#6634=ORIENTED_EDGE('',*,*,#4873,.F.);
#6635=ORIENTED_EDGE('',*,*,#4874,.T.);
#6636=ORIENTED_EDGE('',*,*,#4875,.T.);
#6637=ORIENTED_EDGE('',*,*,#4876,.F.);
#6638=ORIENTED_EDGE('',*,*,#4877,.F.);
#6639=ORIENTED_EDGE('',*,*,#4878,.T.);
#6640=ORIENTED_EDGE('',*,*,#4879,.T.);
#6641=ORIENTED_EDGE('',*,*,#4874,.F.);
#6642=ORIENTED_EDGE('',*,*,#4880,.F.);
#6643=ORIENTED_EDGE('',*,*,#4881,.T.);
#6644=ORIENTED_EDGE('',*,*,#4882,.T.);
#6645=ORIENTED_EDGE('',*,*,#4878,.F.);
#6646=ORIENTED_EDGE('',*,*,#4883,.F.);
#6647=ORIENTED_EDGE('',*,*,#4884,.T.);
#6648=ORIENTED_EDGE('',*,*,#4885,.T.);
#6649=ORIENTED_EDGE('',*,*,#4881,.F.);
#6650=ORIENTED_EDGE('',*,*,#4886,.F.);
#6651=ORIENTED_EDGE('',*,*,#4887,.T.);
#6652=ORIENTED_EDGE('',*,*,#4888,.T.);
#6653=ORIENTED_EDGE('',*,*,#4884,.F.);
#6654=ORIENTED_EDGE('',*,*,#4889,.F.);
#6655=ORIENTED_EDGE('',*,*,#4890,.T.);
#6656=ORIENTED_EDGE('',*,*,#4891,.T.);
#6657=ORIENTED_EDGE('',*,*,#4887,.F.);
#6658=ORIENTED_EDGE('',*,*,#4892,.F.);
#6659=ORIENTED_EDGE('',*,*,#4893,.T.);
#6660=ORIENTED_EDGE('',*,*,#4894,.T.);
#6661=ORIENTED_EDGE('',*,*,#4890,.F.);
#6662=ORIENTED_EDGE('',*,*,#4895,.F.);
#6663=ORIENTED_EDGE('',*,*,#4896,.T.);
#6664=ORIENTED_EDGE('',*,*,#4897,.T.);
#6665=ORIENTED_EDGE('',*,*,#4893,.F.);
#6666=ORIENTED_EDGE('',*,*,#4898,.F.);
#6667=ORIENTED_EDGE('',*,*,#4899,.T.);
#6668=ORIENTED_EDGE('',*,*,#4900,.T.);
#6669=ORIENTED_EDGE('',*,*,#4896,.F.);
#6670=ORIENTED_EDGE('',*,*,#4901,.F.);
#6671=ORIENTED_EDGE('',*,*,#4902,.T.);
#6672=ORIENTED_EDGE('',*,*,#4903,.T.);
#6673=ORIENTED_EDGE('',*,*,#4899,.F.);
#6674=ORIENTED_EDGE('',*,*,#4904,.F.);
#6675=ORIENTED_EDGE('',*,*,#4905,.T.);
#6676=ORIENTED_EDGE('',*,*,#4906,.T.);
#6677=ORIENTED_EDGE('',*,*,#4902,.F.);
#6678=ORIENTED_EDGE('',*,*,#4907,.F.);
#6679=ORIENTED_EDGE('',*,*,#4876,.T.);
#6680=ORIENTED_EDGE('',*,*,#4908,.T.);
#6681=ORIENTED_EDGE('',*,*,#4905,.F.);
#6682=ORIENTED_EDGE('',*,*,#4908,.F.);
#6683=ORIENTED_EDGE('',*,*,#4875,.F.);
#6684=ORIENTED_EDGE('',*,*,#4879,.F.);
#6685=ORIENTED_EDGE('',*,*,#4882,.F.);
#6686=ORIENTED_EDGE('',*,*,#4885,.F.);
#6687=ORIENTED_EDGE('',*,*,#4888,.F.);
#6688=ORIENTED_EDGE('',*,*,#4891,.F.);
#6689=ORIENTED_EDGE('',*,*,#4894,.F.);
#6690=ORIENTED_EDGE('',*,*,#4897,.F.);
#6691=ORIENTED_EDGE('',*,*,#4900,.F.);
#6692=ORIENTED_EDGE('',*,*,#4903,.F.);
#6693=ORIENTED_EDGE('',*,*,#4906,.F.);
#6694=ORIENTED_EDGE('',*,*,#4909,.F.);
#6695=ORIENTED_EDGE('',*,*,#4910,.T.);
#6696=ORIENTED_EDGE('',*,*,#4911,.T.);
#6697=ORIENTED_EDGE('',*,*,#4912,.F.);
#6698=ORIENTED_EDGE('',*,*,#4913,.F.);
#6699=ORIENTED_EDGE('',*,*,#4914,.T.);
#6700=ORIENTED_EDGE('',*,*,#4915,.T.);
#6701=ORIENTED_EDGE('',*,*,#4910,.F.);
#6702=ORIENTED_EDGE('',*,*,#4916,.F.);
#6703=ORIENTED_EDGE('',*,*,#4917,.T.);
#6704=ORIENTED_EDGE('',*,*,#4918,.T.);
#6705=ORIENTED_EDGE('',*,*,#4914,.F.);
#6706=ORIENTED_EDGE('',*,*,#4919,.F.);
#6707=ORIENTED_EDGE('',*,*,#4920,.T.);
#6708=ORIENTED_EDGE('',*,*,#4921,.T.);
#6709=ORIENTED_EDGE('',*,*,#4917,.F.);
#6710=ORIENTED_EDGE('',*,*,#4922,.F.);
#6711=ORIENTED_EDGE('',*,*,#4923,.T.);
#6712=ORIENTED_EDGE('',*,*,#4924,.T.);
#6713=ORIENTED_EDGE('',*,*,#4920,.F.);
#6714=ORIENTED_EDGE('',*,*,#4925,.F.);
#6715=ORIENTED_EDGE('',*,*,#4926,.T.);
#6716=ORIENTED_EDGE('',*,*,#4927,.T.);
#6717=ORIENTED_EDGE('',*,*,#4923,.F.);
#6718=ORIENTED_EDGE('',*,*,#4928,.F.);
#6719=ORIENTED_EDGE('',*,*,#4929,.T.);
#6720=ORIENTED_EDGE('',*,*,#4930,.T.);
#6721=ORIENTED_EDGE('',*,*,#4926,.F.);
#6722=ORIENTED_EDGE('',*,*,#4931,.F.);
#6723=ORIENTED_EDGE('',*,*,#4932,.T.);
#6724=ORIENTED_EDGE('',*,*,#4933,.T.);
#6725=ORIENTED_EDGE('',*,*,#4929,.F.);
#6726=ORIENTED_EDGE('',*,*,#4934,.F.);
#6727=ORIENTED_EDGE('',*,*,#4935,.T.);
#6728=ORIENTED_EDGE('',*,*,#4936,.T.);
#6729=ORIENTED_EDGE('',*,*,#4932,.F.);
#6730=ORIENTED_EDGE('',*,*,#4937,.F.);
#6731=ORIENTED_EDGE('',*,*,#4938,.T.);
#6732=ORIENTED_EDGE('',*,*,#4939,.T.);
#6733=ORIENTED_EDGE('',*,*,#4935,.F.);
#6734=ORIENTED_EDGE('',*,*,#4940,.F.);
#6735=ORIENTED_EDGE('',*,*,#4941,.T.);
#6736=ORIENTED_EDGE('',*,*,#4942,.T.);
#6737=ORIENTED_EDGE('',*,*,#4938,.F.);
#6738=ORIENTED_EDGE('',*,*,#4943,.F.);
#6739=ORIENTED_EDGE('',*,*,#4912,.T.);
#6740=ORIENTED_EDGE('',*,*,#4944,.T.);
#6741=ORIENTED_EDGE('',*,*,#4941,.F.);
#6742=ORIENTED_EDGE('',*,*,#4944,.F.);
#6743=ORIENTED_EDGE('',*,*,#4911,.F.);
#6744=ORIENTED_EDGE('',*,*,#4915,.F.);
#6745=ORIENTED_EDGE('',*,*,#4918,.F.);
#6746=ORIENTED_EDGE('',*,*,#4921,.F.);
#6747=ORIENTED_EDGE('',*,*,#4924,.F.);
#6748=ORIENTED_EDGE('',*,*,#4927,.F.);
#6749=ORIENTED_EDGE('',*,*,#4930,.F.);
#6750=ORIENTED_EDGE('',*,*,#4933,.F.);
#6751=ORIENTED_EDGE('',*,*,#4936,.F.);
#6752=ORIENTED_EDGE('',*,*,#4939,.F.);
#6753=ORIENTED_EDGE('',*,*,#4942,.F.);
#6754=ORIENTED_EDGE('',*,*,#4945,.F.);
#6755=ORIENTED_EDGE('',*,*,#4946,.T.);
#6756=ORIENTED_EDGE('',*,*,#4947,.T.);
#6757=ORIENTED_EDGE('',*,*,#4948,.F.);
#6758=ORIENTED_EDGE('',*,*,#4949,.F.);
#6759=ORIENTED_EDGE('',*,*,#4950,.T.);
#6760=ORIENTED_EDGE('',*,*,#4951,.T.);
#6761=ORIENTED_EDGE('',*,*,#4946,.F.);
#6762=ORIENTED_EDGE('',*,*,#4952,.F.);
#6763=ORIENTED_EDGE('',*,*,#4948,.T.);
#6764=ORIENTED_EDGE('',*,*,#4953,.T.);
#6765=ORIENTED_EDGE('',*,*,#4950,.F.);
#6766=ORIENTED_EDGE('',*,*,#4954,.F.);
#6767=ORIENTED_EDGE('',*,*,#4955,.T.);
#6768=ORIENTED_EDGE('',*,*,#4956,.T.);
#6769=ORIENTED_EDGE('',*,*,#4957,.F.);
#6770=ORIENTED_EDGE('',*,*,#4958,.F.);
#6771=ORIENTED_EDGE('',*,*,#4959,.T.);
#6772=ORIENTED_EDGE('',*,*,#4960,.T.);
#6773=ORIENTED_EDGE('',*,*,#4955,.F.);
#6774=ORIENTED_EDGE('',*,*,#4961,.F.);
#6775=ORIENTED_EDGE('',*,*,#4962,.T.);
#6776=ORIENTED_EDGE('',*,*,#4963,.T.);
#6777=ORIENTED_EDGE('',*,*,#4959,.F.);
#6778=ORIENTED_EDGE('',*,*,#4964,.F.);
#6779=ORIENTED_EDGE('',*,*,#4965,.T.);
#6780=ORIENTED_EDGE('',*,*,#4966,.T.);
#6781=ORIENTED_EDGE('',*,*,#4962,.F.);
#6782=ORIENTED_EDGE('',*,*,#4967,.F.);
#6783=ORIENTED_EDGE('',*,*,#4968,.T.);
#6784=ORIENTED_EDGE('',*,*,#4969,.T.);
#6785=ORIENTED_EDGE('',*,*,#4965,.F.);
#6786=ORIENTED_EDGE('',*,*,#4970,.F.);
#6787=ORIENTED_EDGE('',*,*,#4971,.T.);
#6788=ORIENTED_EDGE('',*,*,#4972,.T.);
#6789=ORIENTED_EDGE('',*,*,#4968,.F.);
#6790=ORIENTED_EDGE('',*,*,#4973,.F.);
#6791=ORIENTED_EDGE('',*,*,#4974,.T.);
#6792=ORIENTED_EDGE('',*,*,#4975,.T.);
#6793=ORIENTED_EDGE('',*,*,#4971,.F.);
#6794=ORIENTED_EDGE('',*,*,#4976,.F.);
#6795=ORIENTED_EDGE('',*,*,#4957,.T.);
#6796=ORIENTED_EDGE('',*,*,#4977,.T.);
#6797=ORIENTED_EDGE('',*,*,#4974,.F.);
#6798=ORIENTED_EDGE('',*,*,#4977,.F.);
#6799=ORIENTED_EDGE('',*,*,#4956,.F.);
#6800=ORIENTED_EDGE('',*,*,#4960,.F.);
#6801=ORIENTED_EDGE('',*,*,#4963,.F.);
#6802=ORIENTED_EDGE('',*,*,#4966,.F.);
#6803=ORIENTED_EDGE('',*,*,#4969,.F.);
#6804=ORIENTED_EDGE('',*,*,#4972,.F.);
#6805=ORIENTED_EDGE('',*,*,#4975,.F.);
#6806=ORIENTED_EDGE('',*,*,#4953,.F.);
#6807=ORIENTED_EDGE('',*,*,#4947,.F.);
#6808=ORIENTED_EDGE('',*,*,#4951,.F.);
#6809=ORIENTED_EDGE('',*,*,#4978,.F.);
#6810=ORIENTED_EDGE('',*,*,#4979,.T.);
#6811=ORIENTED_EDGE('',*,*,#4980,.T.);
#6812=ORIENTED_EDGE('',*,*,#4981,.F.);
#6813=ORIENTED_EDGE('',*,*,#4982,.F.);
#6814=ORIENTED_EDGE('',*,*,#4983,.T.);
#6815=ORIENTED_EDGE('',*,*,#4984,.T.);
#6816=ORIENTED_EDGE('',*,*,#4979,.F.);
#6817=ORIENTED_EDGE('',*,*,#4985,.F.);
#6818=ORIENTED_EDGE('',*,*,#4986,.T.);
#6819=ORIENTED_EDGE('',*,*,#4987,.T.);
#6820=ORIENTED_EDGE('',*,*,#4983,.F.);
#6821=ORIENTED_EDGE('',*,*,#4988,.F.);
#6822=ORIENTED_EDGE('',*,*,#4989,.T.);
#6823=ORIENTED_EDGE('',*,*,#4990,.T.);
#6824=ORIENTED_EDGE('',*,*,#4986,.F.);
#6825=ORIENTED_EDGE('',*,*,#4991,.F.);
#6826=ORIENTED_EDGE('',*,*,#4992,.T.);
#6827=ORIENTED_EDGE('',*,*,#4993,.T.);
#6828=ORIENTED_EDGE('',*,*,#4989,.F.);
#6829=ORIENTED_EDGE('',*,*,#4994,.F.);
#6830=ORIENTED_EDGE('',*,*,#4995,.T.);
#6831=ORIENTED_EDGE('',*,*,#4996,.T.);
#6832=ORIENTED_EDGE('',*,*,#4992,.F.);
#6833=ORIENTED_EDGE('',*,*,#4997,.F.);
#6834=ORIENTED_EDGE('',*,*,#4998,.T.);
#6835=ORIENTED_EDGE('',*,*,#4999,.T.);
#6836=ORIENTED_EDGE('',*,*,#4995,.F.);
#6837=ORIENTED_EDGE('',*,*,#5000,.F.);
#6838=ORIENTED_EDGE('',*,*,#5001,.T.);
#6839=ORIENTED_EDGE('',*,*,#5002,.T.);
#6840=ORIENTED_EDGE('',*,*,#4998,.F.);
#6841=ORIENTED_EDGE('',*,*,#5003,.F.);
#6842=ORIENTED_EDGE('',*,*,#5004,.T.);
#6843=ORIENTED_EDGE('',*,*,#5005,.T.);
#6844=ORIENTED_EDGE('',*,*,#5001,.F.);
#6845=ORIENTED_EDGE('',*,*,#5006,.F.);
#6846=ORIENTED_EDGE('',*,*,#5007,.T.);
#6847=ORIENTED_EDGE('',*,*,#5008,.T.);
#6848=ORIENTED_EDGE('',*,*,#5004,.F.);
#6849=ORIENTED_EDGE('',*,*,#5009,.F.);
#6850=ORIENTED_EDGE('',*,*,#5010,.T.);
#6851=ORIENTED_EDGE('',*,*,#5011,.T.);
#6852=ORIENTED_EDGE('',*,*,#5007,.F.);
#6853=ORIENTED_EDGE('',*,*,#5012,.F.);
#6854=ORIENTED_EDGE('',*,*,#5013,.T.);
#6855=ORIENTED_EDGE('',*,*,#5014,.T.);
#6856=ORIENTED_EDGE('',*,*,#5010,.F.);
#6857=ORIENTED_EDGE('',*,*,#5015,.F.);
#6858=ORIENTED_EDGE('',*,*,#5016,.T.);
#6859=ORIENTED_EDGE('',*,*,#5017,.T.);
#6860=ORIENTED_EDGE('',*,*,#5013,.F.);
#6861=ORIENTED_EDGE('',*,*,#5018,.F.);
#6862=ORIENTED_EDGE('',*,*,#5019,.T.);
#6863=ORIENTED_EDGE('',*,*,#5020,.T.);
#6864=ORIENTED_EDGE('',*,*,#5016,.F.);
#6865=ORIENTED_EDGE('',*,*,#5021,.F.);
#6866=ORIENTED_EDGE('',*,*,#5022,.T.);
#6867=ORIENTED_EDGE('',*,*,#5023,.T.);
#6868=ORIENTED_EDGE('',*,*,#5019,.F.);
#6869=ORIENTED_EDGE('',*,*,#5024,.F.);
#6870=ORIENTED_EDGE('',*,*,#5025,.T.);
#6871=ORIENTED_EDGE('',*,*,#5026,.T.);
#6872=ORIENTED_EDGE('',*,*,#5022,.F.);
#6873=ORIENTED_EDGE('',*,*,#5027,.F.);
#6874=ORIENTED_EDGE('',*,*,#5028,.T.);
#6875=ORIENTED_EDGE('',*,*,#5029,.T.);
#6876=ORIENTED_EDGE('',*,*,#5025,.F.);
#6877=ORIENTED_EDGE('',*,*,#5030,.F.);
#6878=ORIENTED_EDGE('',*,*,#5031,.T.);
#6879=ORIENTED_EDGE('',*,*,#5032,.T.);
#6880=ORIENTED_EDGE('',*,*,#5028,.F.);
#6881=ORIENTED_EDGE('',*,*,#5033,.F.);
#6882=ORIENTED_EDGE('',*,*,#5034,.T.);
#6883=ORIENTED_EDGE('',*,*,#5035,.T.);
#6884=ORIENTED_EDGE('',*,*,#5031,.F.);
#6885=ORIENTED_EDGE('',*,*,#5036,.F.);
#6886=ORIENTED_EDGE('',*,*,#5037,.T.);
#6887=ORIENTED_EDGE('',*,*,#5038,.T.);
#6888=ORIENTED_EDGE('',*,*,#5034,.F.);
#6889=ORIENTED_EDGE('',*,*,#5039,.F.);
#6890=ORIENTED_EDGE('',*,*,#5040,.T.);
#6891=ORIENTED_EDGE('',*,*,#5041,.T.);
#6892=ORIENTED_EDGE('',*,*,#5037,.F.);
#6893=ORIENTED_EDGE('',*,*,#5042,.F.);
#6894=ORIENTED_EDGE('',*,*,#5043,.T.);
#6895=ORIENTED_EDGE('',*,*,#5044,.T.);
#6896=ORIENTED_EDGE('',*,*,#5040,.F.);
#6897=ORIENTED_EDGE('',*,*,#5045,.F.);
#6898=ORIENTED_EDGE('',*,*,#5046,.T.);
#6899=ORIENTED_EDGE('',*,*,#5047,.T.);
#6900=ORIENTED_EDGE('',*,*,#5043,.F.);
#6901=ORIENTED_EDGE('',*,*,#5048,.F.);
#6902=ORIENTED_EDGE('',*,*,#5049,.T.);
#6903=ORIENTED_EDGE('',*,*,#5050,.T.);
#6904=ORIENTED_EDGE('',*,*,#5046,.F.);
#6905=ORIENTED_EDGE('',*,*,#5051,.F.);
#6906=ORIENTED_EDGE('',*,*,#5052,.T.);
#6907=ORIENTED_EDGE('',*,*,#5053,.T.);
#6908=ORIENTED_EDGE('',*,*,#5049,.F.);
#6909=ORIENTED_EDGE('',*,*,#5054,.F.);
#6910=ORIENTED_EDGE('',*,*,#5055,.T.);
#6911=ORIENTED_EDGE('',*,*,#5056,.T.);
#6912=ORIENTED_EDGE('',*,*,#5052,.F.);
#6913=ORIENTED_EDGE('',*,*,#5057,.F.);
#6914=ORIENTED_EDGE('',*,*,#5058,.T.);
#6915=ORIENTED_EDGE('',*,*,#5059,.T.);
#6916=ORIENTED_EDGE('',*,*,#5055,.F.);
#6917=ORIENTED_EDGE('',*,*,#5060,.F.);
#6918=ORIENTED_EDGE('',*,*,#5061,.T.);
#6919=ORIENTED_EDGE('',*,*,#5062,.T.);
#6920=ORIENTED_EDGE('',*,*,#5058,.F.);
#6921=ORIENTED_EDGE('',*,*,#5063,.F.);
#6922=ORIENTED_EDGE('',*,*,#4981,.T.);
#6923=ORIENTED_EDGE('',*,*,#5064,.T.);
#6924=ORIENTED_EDGE('',*,*,#5061,.F.);
#6925=ORIENTED_EDGE('',*,*,#5064,.F.);
#6926=ORIENTED_EDGE('',*,*,#4980,.F.);
#6927=ORIENTED_EDGE('',*,*,#4984,.F.);
#6928=ORIENTED_EDGE('',*,*,#4987,.F.);
#6929=ORIENTED_EDGE('',*,*,#4990,.F.);
#6930=ORIENTED_EDGE('',*,*,#4993,.F.);
#6931=ORIENTED_EDGE('',*,*,#4996,.F.);
#6932=ORIENTED_EDGE('',*,*,#4999,.F.);
#6933=ORIENTED_EDGE('',*,*,#5002,.F.);
#6934=ORIENTED_EDGE('',*,*,#5005,.F.);
#6935=ORIENTED_EDGE('',*,*,#5008,.F.);
#6936=ORIENTED_EDGE('',*,*,#5011,.F.);
#6937=ORIENTED_EDGE('',*,*,#5014,.F.);
#6938=ORIENTED_EDGE('',*,*,#5017,.F.);
#6939=ORIENTED_EDGE('',*,*,#5020,.F.);
#6940=ORIENTED_EDGE('',*,*,#5023,.F.);
#6941=ORIENTED_EDGE('',*,*,#5026,.F.);
#6942=ORIENTED_EDGE('',*,*,#5029,.F.);
#6943=ORIENTED_EDGE('',*,*,#5032,.F.);
#6944=ORIENTED_EDGE('',*,*,#5035,.F.);
#6945=ORIENTED_EDGE('',*,*,#5038,.F.);
#6946=ORIENTED_EDGE('',*,*,#5041,.F.);
#6947=ORIENTED_EDGE('',*,*,#5044,.F.);
#6948=ORIENTED_EDGE('',*,*,#5047,.F.);
#6949=ORIENTED_EDGE('',*,*,#5050,.F.);
#6950=ORIENTED_EDGE('',*,*,#5053,.F.);
#6951=ORIENTED_EDGE('',*,*,#5056,.F.);
#6952=ORIENTED_EDGE('',*,*,#5059,.F.);
#6953=ORIENTED_EDGE('',*,*,#5062,.F.);
#6954=ORIENTED_EDGE('',*,*,#4945,.T.);
#6955=ORIENTED_EDGE('',*,*,#4952,.T.);
#6956=ORIENTED_EDGE('',*,*,#4949,.T.);
#6957=ORIENTED_EDGE('',*,*,#4702,.T.);
#6958=ORIENTED_EDGE('',*,*,#4724,.T.);
#6959=ORIENTED_EDGE('',*,*,#4721,.T.);
#6960=ORIENTED_EDGE('',*,*,#4718,.T.);
#6961=ORIENTED_EDGE('',*,*,#4715,.T.);
#6962=ORIENTED_EDGE('',*,*,#4712,.T.);
#6963=ORIENTED_EDGE('',*,*,#4709,.T.);
#6964=ORIENTED_EDGE('',*,*,#4706,.T.);
#6965=ORIENTED_EDGE('',*,*,#5065,.F.);
#6966=ORIENTED_EDGE('',*,*,#5066,.F.);
#6967=ORIENTED_EDGE('',*,*,#5067,.F.);
#6968=ORIENTED_EDGE('',*,*,#5068,.T.);
#6969=ORIENTED_EDGE('',*,*,#5069,.F.);
#6970=ORIENTED_EDGE('',*,*,#5068,.F.);
#6971=ORIENTED_EDGE('',*,*,#5070,.F.);
#6972=ORIENTED_EDGE('',*,*,#5071,.T.);
#6973=ORIENTED_EDGE('',*,*,#5072,.F.);
#6974=ORIENTED_EDGE('',*,*,#5071,.F.);
#6975=ORIENTED_EDGE('',*,*,#5073,.F.);
#6976=ORIENTED_EDGE('',*,*,#5074,.T.);
#6977=ORIENTED_EDGE('',*,*,#5075,.F.);
#6978=ORIENTED_EDGE('',*,*,#5074,.F.);
#6979=ORIENTED_EDGE('',*,*,#5076,.F.);
#6980=ORIENTED_EDGE('',*,*,#5066,.T.);
#6981=ORIENTED_EDGE('',*,*,#5077,.F.);
#6982=ORIENTED_EDGE('',*,*,#5078,.F.);
#6983=ORIENTED_EDGE('',*,*,#5079,.F.);
#6984=ORIENTED_EDGE('',*,*,#5080,.T.);
#6985=ORIENTED_EDGE('',*,*,#5081,.F.);
#6986=ORIENTED_EDGE('',*,*,#5080,.F.);
#6987=ORIENTED_EDGE('',*,*,#5082,.F.);
#6988=ORIENTED_EDGE('',*,*,#5083,.T.);
#6989=ORIENTED_EDGE('',*,*,#5084,.F.);
#6990=ORIENTED_EDGE('',*,*,#5083,.F.);
#6991=ORIENTED_EDGE('',*,*,#5085,.F.);
#6992=ORIENTED_EDGE('',*,*,#5086,.T.);
#6993=ORIENTED_EDGE('',*,*,#5087,.F.);
#6994=ORIENTED_EDGE('',*,*,#5086,.F.);
#6995=ORIENTED_EDGE('',*,*,#5088,.F.);
#6996=ORIENTED_EDGE('',*,*,#5078,.T.);
#6997=ORIENTED_EDGE('',*,*,#5089,.F.);
#6998=ORIENTED_EDGE('',*,*,#5090,.F.);
#6999=ORIENTED_EDGE('',*,*,#5091,.F.);
#7000=ORIENTED_EDGE('',*,*,#5092,.T.);
#7001=ORIENTED_EDGE('',*,*,#5093,.F.);
#7002=ORIENTED_EDGE('',*,*,#5092,.F.);
#7003=ORIENTED_EDGE('',*,*,#5094,.F.);
#7004=ORIENTED_EDGE('',*,*,#5095,.T.);
#7005=ORIENTED_EDGE('',*,*,#5096,.F.);
#7006=ORIENTED_EDGE('',*,*,#5095,.F.);
#7007=ORIENTED_EDGE('',*,*,#5097,.F.);
#7008=ORIENTED_EDGE('',*,*,#5098,.T.);
#7009=ORIENTED_EDGE('',*,*,#5099,.F.);
#7010=ORIENTED_EDGE('',*,*,#5098,.F.);
#7011=ORIENTED_EDGE('',*,*,#5100,.F.);
#7012=ORIENTED_EDGE('',*,*,#5090,.T.);
#7013=ORIENTED_EDGE('',*,*,#5101,.F.);
#7014=ORIENTED_EDGE('',*,*,#5102,.T.);
#7015=ORIENTED_EDGE('',*,*,#5103,.F.);
#7016=ORIENTED_EDGE('',*,*,#5102,.F.);
#7017=ORIENTED_EDGE('',*,*,#5104,.F.);
#7018=ORIENTED_EDGE('',*,*,#5105,.T.);
#7019=ORIENTED_EDGE('',*,*,#5106,.F.);
#7020=ORIENTED_EDGE('',*,*,#5105,.F.);
#7021=ORIENTED_EDGE('',*,*,#5107,.F.);
#7022=ORIENTED_EDGE('',*,*,#5108,.T.);
#7023=ORIENTED_EDGE('',*,*,#5109,.F.);
#7024=ORIENTED_EDGE('',*,*,#5108,.F.);
#7025=ORIENTED_EDGE('',*,*,#5110,.F.);
#7026=ORIENTED_EDGE('',*,*,#5111,.T.);
#7027=ORIENTED_EDGE('',*,*,#5112,.F.);
#7028=ORIENTED_EDGE('',*,*,#5111,.F.);
#7029=ORIENTED_EDGE('',*,*,#5113,.F.);
#7030=ORIENTED_EDGE('',*,*,#5114,.T.);
#7031=ORIENTED_EDGE('',*,*,#5115,.F.);
#7032=ORIENTED_EDGE('',*,*,#5114,.F.);
#7033=ORIENTED_EDGE('',*,*,#5116,.F.);
#7034=ORIENTED_EDGE('',*,*,#5117,.T.);
#7035=ORIENTED_EDGE('',*,*,#5118,.F.);
#7036=ORIENTED_EDGE('',*,*,#5117,.F.);
#7037=ORIENTED_EDGE('',*,*,#5119,.T.);
#7038=ORIENTED_EDGE('',*,*,#5120,.T.);
#7039=ORIENTED_EDGE('',*,*,#5121,.T.);
#7040=ORIENTED_EDGE('',*,*,#5122,.T.);
#7041=ORIENTED_EDGE('',*,*,#5123,.T.);
#7042=ORIENTED_EDGE('',*,*,#5124,.T.);
#7043=ORIENTED_EDGE('',*,*,#5121,.F.);
#7044=ORIENTED_EDGE('',*,*,#5125,.T.);
#7045=ORIENTED_EDGE('',*,*,#5126,.T.);
#7046=ORIENTED_EDGE('',*,*,#5127,.T.);
#7047=ORIENTED_EDGE('',*,*,#5123,.F.);
#7048=ORIENTED_EDGE('',*,*,#5128,.T.);
#7049=ORIENTED_EDGE('',*,*,#5129,.T.);
#7050=ORIENTED_EDGE('',*,*,#5130,.T.);
#7051=ORIENTED_EDGE('',*,*,#5126,.F.);
#7052=ORIENTED_EDGE('',*,*,#5131,.T.);
#7053=ORIENTED_EDGE('',*,*,#5132,.T.);
#7054=ORIENTED_EDGE('',*,*,#5133,.T.);
#7055=ORIENTED_EDGE('',*,*,#5129,.F.);
#7056=ORIENTED_EDGE('',*,*,#5134,.T.);
#7057=ORIENTED_EDGE('',*,*,#5135,.T.);
#7058=ORIENTED_EDGE('',*,*,#5136,.T.);
#7059=ORIENTED_EDGE('',*,*,#5132,.F.);
#7060=ORIENTED_EDGE('',*,*,#5137,.T.);
#7061=ORIENTED_EDGE('',*,*,#5138,.T.);
#7062=ORIENTED_EDGE('',*,*,#5139,.T.);
#7063=ORIENTED_EDGE('',*,*,#5135,.F.);
#7064=ORIENTED_EDGE('',*,*,#5140,.T.);
#7065=ORIENTED_EDGE('',*,*,#5138,.F.);
#7066=ORIENTED_EDGE('',*,*,#5141,.T.);
#7067=ORIENTED_EDGE('',*,*,#5119,.F.);
#7068=ORIENTED_EDGE('',*,*,#5142,.T.);
#7069=ORIENTED_EDGE('',*,*,#5136,.F.);
#7070=ORIENTED_EDGE('',*,*,#5143,.F.);
#7071=ORIENTED_EDGE('',*,*,#5144,.F.);
#7072=ORIENTED_EDGE('',*,*,#5145,.F.);
#7073=ORIENTED_EDGE('',*,*,#5139,.F.);
#7074=ORIENTED_EDGE('',*,*,#5146,.T.);
#7075=ORIENTED_EDGE('',*,*,#5147,.T.);
#7076=ORIENTED_EDGE('',*,*,#5143,.T.);
#7077=ORIENTED_EDGE('',*,*,#5142,.F.);
#7078=ORIENTED_EDGE('',*,*,#5148,.F.);
#7079=ORIENTED_EDGE('',*,*,#5149,.F.);
#7080=ORIENTED_EDGE('',*,*,#5146,.F.);
#7081=ORIENTED_EDGE('',*,*,#5122,.F.);
#7082=ORIENTED_EDGE('',*,*,#5150,.T.);
#7083=ORIENTED_EDGE('',*,*,#5151,.T.);
#7084=ORIENTED_EDGE('',*,*,#5148,.T.);
#7085=ORIENTED_EDGE('',*,*,#5152,.F.);
#7086=ORIENTED_EDGE('',*,*,#5153,.F.);
#7087=ORIENTED_EDGE('',*,*,#5154,.F.);
#7088=ORIENTED_EDGE('',*,*,#5155,.F.);
#7089=ORIENTED_EDGE('',*,*,#5156,.F.);
#7090=ORIENTED_EDGE('',*,*,#5157,.F.);
#7091=ORIENTED_EDGE('',*,*,#5158,.F.);
#7092=ORIENTED_EDGE('',*,*,#5159,.F.);
#7093=ORIENTED_EDGE('',*,*,#5160,.F.);
#7094=ORIENTED_EDGE('',*,*,#5161,.F.);
#7095=ORIENTED_EDGE('',*,*,#5162,.F.);
#7096=ORIENTED_EDGE('',*,*,#5163,.F.);
#7097=ORIENTED_EDGE('',*,*,#5164,.F.);
#7098=ORIENTED_EDGE('',*,*,#5165,.F.);
#7099=ORIENTED_EDGE('',*,*,#5166,.F.);
#7100=ORIENTED_EDGE('',*,*,#5167,.F.);
#7101=ORIENTED_EDGE('',*,*,#5168,.F.);
#7102=ORIENTED_EDGE('',*,*,#5169,.F.);
#7103=ORIENTED_EDGE('',*,*,#5170,.F.);
#7104=ORIENTED_EDGE('',*,*,#5171,.F.);
#7105=ORIENTED_EDGE('',*,*,#5172,.F.);
#7106=ORIENTED_EDGE('',*,*,#5173,.F.);
#7107=ORIENTED_EDGE('',*,*,#5174,.F.);
#7108=ORIENTED_EDGE('',*,*,#5073,.T.);
#7109=ORIENTED_EDGE('',*,*,#5070,.T.);
#7110=ORIENTED_EDGE('',*,*,#5067,.T.);
#7111=ORIENTED_EDGE('',*,*,#5076,.T.);
#7112=ORIENTED_EDGE('',*,*,#5085,.T.);
#7113=ORIENTED_EDGE('',*,*,#5082,.T.);
#7114=ORIENTED_EDGE('',*,*,#5079,.T.);
#7115=ORIENTED_EDGE('',*,*,#5088,.T.);
#7116=ORIENTED_EDGE('',*,*,#5097,.T.);
#7117=ORIENTED_EDGE('',*,*,#5094,.T.);
#7118=ORIENTED_EDGE('',*,*,#5091,.T.);
#7119=ORIENTED_EDGE('',*,*,#5100,.T.);
#7120=ORIENTED_EDGE('',*,*,#5101,.T.);
#7121=ORIENTED_EDGE('',*,*,#5120,.F.);
#7122=ORIENTED_EDGE('',*,*,#5141,.F.);
#7123=ORIENTED_EDGE('',*,*,#5140,.F.);
#7124=ORIENTED_EDGE('',*,*,#5137,.F.);
#7125=ORIENTED_EDGE('',*,*,#5134,.F.);
#7126=ORIENTED_EDGE('',*,*,#5131,.F.);
#7127=ORIENTED_EDGE('',*,*,#5128,.F.);
#7128=ORIENTED_EDGE('',*,*,#5125,.F.);
#7129=ORIENTED_EDGE('',*,*,#5116,.T.);
#7130=ORIENTED_EDGE('',*,*,#5113,.T.);
#7131=ORIENTED_EDGE('',*,*,#5110,.T.);
#7132=ORIENTED_EDGE('',*,*,#5107,.T.);
#7133=ORIENTED_EDGE('',*,*,#5104,.T.);
#7134=ORIENTED_EDGE('',*,*,#4978,.T.);
#7135=ORIENTED_EDGE('',*,*,#5063,.T.);
#7136=ORIENTED_EDGE('',*,*,#5060,.T.);
#7137=ORIENTED_EDGE('',*,*,#5057,.T.);
#7138=ORIENTED_EDGE('',*,*,#5054,.T.);
#7139=ORIENTED_EDGE('',*,*,#5051,.T.);
#7140=ORIENTED_EDGE('',*,*,#5048,.T.);
#7141=ORIENTED_EDGE('',*,*,#5045,.T.);
#7142=ORIENTED_EDGE('',*,*,#5042,.T.);
#7143=ORIENTED_EDGE('',*,*,#5039,.T.);
#7144=ORIENTED_EDGE('',*,*,#5036,.T.);
#7145=ORIENTED_EDGE('',*,*,#5033,.T.);
#7146=ORIENTED_EDGE('',*,*,#5030,.T.);
#7147=ORIENTED_EDGE('',*,*,#5027,.T.);
#7148=ORIENTED_EDGE('',*,*,#5024,.T.);
#7149=ORIENTED_EDGE('',*,*,#5021,.T.);
#7150=ORIENTED_EDGE('',*,*,#5018,.T.);
#7151=ORIENTED_EDGE('',*,*,#5015,.T.);
#7152=ORIENTED_EDGE('',*,*,#5012,.T.);
#7153=ORIENTED_EDGE('',*,*,#5009,.T.);
#7154=ORIENTED_EDGE('',*,*,#5006,.T.);
#7155=ORIENTED_EDGE('',*,*,#5003,.T.);
#7156=ORIENTED_EDGE('',*,*,#5000,.T.);
#7157=ORIENTED_EDGE('',*,*,#4997,.T.);
#7158=ORIENTED_EDGE('',*,*,#4994,.T.);
#7159=ORIENTED_EDGE('',*,*,#4991,.T.);
#7160=ORIENTED_EDGE('',*,*,#4988,.T.);
#7161=ORIENTED_EDGE('',*,*,#4985,.T.);
#7162=ORIENTED_EDGE('',*,*,#4982,.T.);
#7163=ORIENTED_EDGE('',*,*,#4954,.T.);
#7164=ORIENTED_EDGE('',*,*,#4976,.T.);
#7165=ORIENTED_EDGE('',*,*,#4973,.T.);
#7166=ORIENTED_EDGE('',*,*,#4970,.T.);
#7167=ORIENTED_EDGE('',*,*,#4967,.T.);
#7168=ORIENTED_EDGE('',*,*,#4964,.T.);
#7169=ORIENTED_EDGE('',*,*,#4961,.T.);
#7170=ORIENTED_EDGE('',*,*,#4958,.T.);
#7171=ORIENTED_EDGE('',*,*,#4909,.T.);
#7172=ORIENTED_EDGE('',*,*,#4943,.T.);
#7173=ORIENTED_EDGE('',*,*,#4940,.T.);
#7174=ORIENTED_EDGE('',*,*,#4937,.T.);
#7175=ORIENTED_EDGE('',*,*,#4934,.T.);
#7176=ORIENTED_EDGE('',*,*,#4931,.T.);
#7177=ORIENTED_EDGE('',*,*,#4928,.T.);
#7178=ORIENTED_EDGE('',*,*,#4925,.T.);
#7179=ORIENTED_EDGE('',*,*,#4922,.T.);
#7180=ORIENTED_EDGE('',*,*,#4919,.T.);
#7181=ORIENTED_EDGE('',*,*,#4916,.T.);
#7182=ORIENTED_EDGE('',*,*,#4913,.T.);
#7183=ORIENTED_EDGE('',*,*,#4873,.T.);
#7184=ORIENTED_EDGE('',*,*,#4907,.T.);
#7185=ORIENTED_EDGE('',*,*,#4904,.T.);
#7186=ORIENTED_EDGE('',*,*,#4901,.T.);
#7187=ORIENTED_EDGE('',*,*,#4898,.T.);
#7188=ORIENTED_EDGE('',*,*,#4895,.T.);
#7189=ORIENTED_EDGE('',*,*,#4892,.T.);
#7190=ORIENTED_EDGE('',*,*,#4889,.T.);
#7191=ORIENTED_EDGE('',*,*,#4886,.T.);
#7192=ORIENTED_EDGE('',*,*,#4883,.T.);
#7193=ORIENTED_EDGE('',*,*,#4880,.T.);
#7194=ORIENTED_EDGE('',*,*,#4877,.T.);
#7195=ORIENTED_EDGE('',*,*,#4837,.T.);
#7196=ORIENTED_EDGE('',*,*,#4871,.T.);
#7197=ORIENTED_EDGE('',*,*,#4868,.T.);
#7198=ORIENTED_EDGE('',*,*,#4865,.T.);
#7199=ORIENTED_EDGE('',*,*,#4862,.T.);
#7200=ORIENTED_EDGE('',*,*,#4859,.T.);
#7201=ORIENTED_EDGE('',*,*,#4856,.T.);
#7202=ORIENTED_EDGE('',*,*,#4853,.T.);
#7203=ORIENTED_EDGE('',*,*,#4850,.T.);
#7204=ORIENTED_EDGE('',*,*,#4847,.T.);
#7205=ORIENTED_EDGE('',*,*,#4844,.T.);
#7206=ORIENTED_EDGE('',*,*,#4841,.T.);
#7207=ORIENTED_EDGE('',*,*,#4810,.T.);
#7208=ORIENTED_EDGE('',*,*,#4835,.T.);
#7209=ORIENTED_EDGE('',*,*,#4832,.T.);
#7210=ORIENTED_EDGE('',*,*,#4829,.T.);
#7211=ORIENTED_EDGE('',*,*,#4826,.T.);
#7212=ORIENTED_EDGE('',*,*,#4823,.T.);
#7213=ORIENTED_EDGE('',*,*,#4820,.T.);
#7214=ORIENTED_EDGE('',*,*,#4817,.T.);
#7215=ORIENTED_EDGE('',*,*,#4814,.T.);
#7216=ORIENTED_EDGE('',*,*,#4783,.T.);
#7217=ORIENTED_EDGE('',*,*,#4808,.T.);
#7218=ORIENTED_EDGE('',*,*,#4805,.T.);
#7219=ORIENTED_EDGE('',*,*,#4802,.T.);
#7220=ORIENTED_EDGE('',*,*,#4799,.T.);
#7221=ORIENTED_EDGE('',*,*,#4796,.T.);
#7222=ORIENTED_EDGE('',*,*,#4793,.T.);
#7223=ORIENTED_EDGE('',*,*,#4790,.T.);
#7224=ORIENTED_EDGE('',*,*,#4787,.T.);
#7225=ORIENTED_EDGE('',*,*,#4726,.T.);
#7226=ORIENTED_EDGE('',*,*,#4781,.T.);
#7227=ORIENTED_EDGE('',*,*,#4778,.T.);
#7228=ORIENTED_EDGE('',*,*,#4775,.T.);
#7229=ORIENTED_EDGE('',*,*,#4772,.T.);
#7230=ORIENTED_EDGE('',*,*,#4769,.T.);
#7231=ORIENTED_EDGE('',*,*,#4766,.T.);
#7232=ORIENTED_EDGE('',*,*,#4763,.T.);
#7233=ORIENTED_EDGE('',*,*,#4760,.T.);
#7234=ORIENTED_EDGE('',*,*,#4757,.T.);
#7235=ORIENTED_EDGE('',*,*,#4754,.T.);
#7236=ORIENTED_EDGE('',*,*,#4751,.T.);
#7237=ORIENTED_EDGE('',*,*,#4748,.T.);
#7238=ORIENTED_EDGE('',*,*,#4745,.T.);
#7239=ORIENTED_EDGE('',*,*,#4742,.T.);
#7240=ORIENTED_EDGE('',*,*,#4739,.T.);
#7241=ORIENTED_EDGE('',*,*,#4736,.T.);
#7242=ORIENTED_EDGE('',*,*,#4733,.T.);
#7243=ORIENTED_EDGE('',*,*,#4730,.T.);
#7244=ORIENTED_EDGE('',*,*,#4675,.T.);
#7245=ORIENTED_EDGE('',*,*,#4700,.T.);
#7246=ORIENTED_EDGE('',*,*,#4697,.T.);
#7247=ORIENTED_EDGE('',*,*,#4694,.T.);
#7248=ORIENTED_EDGE('',*,*,#4691,.T.);
#7249=ORIENTED_EDGE('',*,*,#4688,.T.);
#7250=ORIENTED_EDGE('',*,*,#4685,.T.);
#7251=ORIENTED_EDGE('',*,*,#4682,.T.);
#7252=ORIENTED_EDGE('',*,*,#4679,.T.);
#7253=ORIENTED_EDGE('',*,*,#4645,.T.);
#7254=ORIENTED_EDGE('',*,*,#4673,.T.);
#7255=ORIENTED_EDGE('',*,*,#4670,.T.);
#7256=ORIENTED_EDGE('',*,*,#4667,.T.);
#7257=ORIENTED_EDGE('',*,*,#4664,.T.);
#7258=ORIENTED_EDGE('',*,*,#4661,.T.);
#7259=ORIENTED_EDGE('',*,*,#4658,.T.);
#7260=ORIENTED_EDGE('',*,*,#4655,.T.);
#7261=ORIENTED_EDGE('',*,*,#4652,.T.);
#7262=ORIENTED_EDGE('',*,*,#4649,.T.);
#7263=ORIENTED_EDGE('',*,*,#4582,.T.);
#7264=ORIENTED_EDGE('',*,*,#4643,.T.);
#7265=ORIENTED_EDGE('',*,*,#4640,.T.);
#7266=ORIENTED_EDGE('',*,*,#4637,.T.);
#7267=ORIENTED_EDGE('',*,*,#4634,.T.);
#7268=ORIENTED_EDGE('',*,*,#4631,.T.);
#7269=ORIENTED_EDGE('',*,*,#4628,.T.);
#7270=ORIENTED_EDGE('',*,*,#4625,.T.);
#7271=ORIENTED_EDGE('',*,*,#4622,.T.);
#7272=ORIENTED_EDGE('',*,*,#4619,.T.);
#7273=ORIENTED_EDGE('',*,*,#4616,.T.);
#7274=ORIENTED_EDGE('',*,*,#4613,.T.);
#7275=ORIENTED_EDGE('',*,*,#4610,.T.);
#7276=ORIENTED_EDGE('',*,*,#4607,.T.);
#7277=ORIENTED_EDGE('',*,*,#4604,.T.);
#7278=ORIENTED_EDGE('',*,*,#4601,.T.);
#7279=ORIENTED_EDGE('',*,*,#4598,.T.);
#7280=ORIENTED_EDGE('',*,*,#4595,.T.);
#7281=ORIENTED_EDGE('',*,*,#4592,.T.);
#7282=ORIENTED_EDGE('',*,*,#4589,.T.);
#7283=ORIENTED_EDGE('',*,*,#4586,.T.);
#7284=ORIENTED_EDGE('',*,*,#5175,.T.);
#7285=ORIENTED_EDGE('',*,*,#5152,.T.);
#7286=ORIENTED_EDGE('',*,*,#5176,.T.);
#7287=ORIENTED_EDGE('',*,*,#5177,.T.);
#7288=ORIENTED_EDGE('',*,*,#5178,.T.);
#7289=ORIENTED_EDGE('',*,*,#5179,.T.);
#7290=ORIENTED_EDGE('',*,*,#5176,.F.);
#7291=ORIENTED_EDGE('',*,*,#5174,.T.);
#7292=ORIENTED_EDGE('',*,*,#5180,.T.);
#7293=ORIENTED_EDGE('',*,*,#5181,.T.);
#7294=ORIENTED_EDGE('',*,*,#5178,.F.);
#7295=ORIENTED_EDGE('',*,*,#5173,.T.);
#7296=ORIENTED_EDGE('',*,*,#5182,.T.);
#7297=ORIENTED_EDGE('',*,*,#5183,.T.);
#7298=ORIENTED_EDGE('',*,*,#5180,.F.);
#7299=ORIENTED_EDGE('',*,*,#5172,.T.);
#7300=ORIENTED_EDGE('',*,*,#5184,.T.);
#7301=ORIENTED_EDGE('',*,*,#5185,.T.);
#7302=ORIENTED_EDGE('',*,*,#5182,.F.);
#7303=ORIENTED_EDGE('',*,*,#5171,.T.);
#7304=ORIENTED_EDGE('',*,*,#5186,.T.);
#7305=ORIENTED_EDGE('',*,*,#5187,.T.);
#7306=ORIENTED_EDGE('',*,*,#5184,.F.);
#7307=ORIENTED_EDGE('',*,*,#5170,.T.);
#7308=ORIENTED_EDGE('',*,*,#5188,.T.);
#7309=ORIENTED_EDGE('',*,*,#5189,.T.);
#7310=ORIENTED_EDGE('',*,*,#5186,.F.);
#7311=ORIENTED_EDGE('',*,*,#5169,.T.);
#7312=ORIENTED_EDGE('',*,*,#5190,.T.);
#7313=ORIENTED_EDGE('',*,*,#5191,.T.);
#7314=ORIENTED_EDGE('',*,*,#5188,.F.);
#7315=ORIENTED_EDGE('',*,*,#5168,.T.);
#7316=ORIENTED_EDGE('',*,*,#5192,.T.);
#7317=ORIENTED_EDGE('',*,*,#5193,.T.);
#7318=ORIENTED_EDGE('',*,*,#5190,.F.);
#7319=ORIENTED_EDGE('',*,*,#5167,.T.);
#7320=ORIENTED_EDGE('',*,*,#5194,.T.);
#7321=ORIENTED_EDGE('',*,*,#5195,.T.);
#7322=ORIENTED_EDGE('',*,*,#5192,.F.);
#7323=ORIENTED_EDGE('',*,*,#5166,.T.);
#7324=ORIENTED_EDGE('',*,*,#5196,.T.);
#7325=ORIENTED_EDGE('',*,*,#5197,.T.);
#7326=ORIENTED_EDGE('',*,*,#5194,.F.);
#7327=ORIENTED_EDGE('',*,*,#5165,.T.);
#7328=ORIENTED_EDGE('',*,*,#5198,.T.);
#7329=ORIENTED_EDGE('',*,*,#5199,.T.);
#7330=ORIENTED_EDGE('',*,*,#5196,.F.);
#7331=ORIENTED_EDGE('',*,*,#5164,.T.);
#7332=ORIENTED_EDGE('',*,*,#5200,.T.);
#7333=ORIENTED_EDGE('',*,*,#5201,.T.);
#7334=ORIENTED_EDGE('',*,*,#5198,.F.);
#7335=ORIENTED_EDGE('',*,*,#5163,.T.);
#7336=ORIENTED_EDGE('',*,*,#5202,.T.);
#7337=ORIENTED_EDGE('',*,*,#5203,.T.);
#7338=ORIENTED_EDGE('',*,*,#5200,.F.);
#7339=ORIENTED_EDGE('',*,*,#5162,.T.);
#7340=ORIENTED_EDGE('',*,*,#5204,.T.);
#7341=ORIENTED_EDGE('',*,*,#5205,.T.);
#7342=ORIENTED_EDGE('',*,*,#5202,.F.);
#7343=ORIENTED_EDGE('',*,*,#5161,.T.);
#7344=ORIENTED_EDGE('',*,*,#5206,.T.);
#7345=ORIENTED_EDGE('',*,*,#5207,.T.);
#7346=ORIENTED_EDGE('',*,*,#5204,.F.);
#7347=ORIENTED_EDGE('',*,*,#5160,.T.);
#7348=ORIENTED_EDGE('',*,*,#5208,.T.);
#7349=ORIENTED_EDGE('',*,*,#5209,.T.);
#7350=ORIENTED_EDGE('',*,*,#5206,.F.);
#7351=ORIENTED_EDGE('',*,*,#5159,.T.);
#7352=ORIENTED_EDGE('',*,*,#5210,.T.);
#7353=ORIENTED_EDGE('',*,*,#5211,.T.);
#7354=ORIENTED_EDGE('',*,*,#5208,.F.);
#7355=ORIENTED_EDGE('',*,*,#5158,.T.);
#7356=ORIENTED_EDGE('',*,*,#5212,.T.);
#7357=ORIENTED_EDGE('',*,*,#5213,.T.);
#7358=ORIENTED_EDGE('',*,*,#5210,.F.);
#7359=ORIENTED_EDGE('',*,*,#5157,.T.);
#7360=ORIENTED_EDGE('',*,*,#5214,.T.);
#7361=ORIENTED_EDGE('',*,*,#5215,.T.);
#7362=ORIENTED_EDGE('',*,*,#5212,.F.);
#7363=ORIENTED_EDGE('',*,*,#5156,.T.);
#7364=ORIENTED_EDGE('',*,*,#5216,.T.);
#7365=ORIENTED_EDGE('',*,*,#5217,.T.);
#7366=ORIENTED_EDGE('',*,*,#5214,.F.);
#7367=ORIENTED_EDGE('',*,*,#5155,.T.);
#7368=ORIENTED_EDGE('',*,*,#5218,.T.);
#7369=ORIENTED_EDGE('',*,*,#5219,.T.);
#7370=ORIENTED_EDGE('',*,*,#5216,.F.);
#7371=ORIENTED_EDGE('',*,*,#5154,.T.);
#7372=ORIENTED_EDGE('',*,*,#5218,.F.);
#7373=ORIENTED_EDGE('',*,*,#5153,.T.);
#7374=ORIENTED_EDGE('',*,*,#5175,.F.);
#7375=ORIENTED_EDGE('',*,*,#5220,.T.);
#7376=ORIENTED_EDGE('',*,*,#5201,.F.);
#7377=ORIENTED_EDGE('',*,*,#5221,.T.);
#7378=ORIENTED_EDGE('',*,*,#5222,.T.);
#7379=ORIENTED_EDGE('',*,*,#5223,.T.);
#7380=ORIENTED_EDGE('',*,*,#5203,.F.);
#7381=ORIENTED_EDGE('',*,*,#5224,.F.);
#7382=ORIENTED_EDGE('',*,*,#5225,.F.);
#7383=ORIENTED_EDGE('',*,*,#5221,.F.);
#7384=ORIENTED_EDGE('',*,*,#5205,.F.);
#7385=ORIENTED_EDGE('',*,*,#5226,.T.);
#7386=ORIENTED_EDGE('',*,*,#5227,.T.);
#7387=ORIENTED_EDGE('',*,*,#5224,.T.);
#7388=ORIENTED_EDGE('',*,*,#5207,.F.);
#7389=ORIENTED_EDGE('',*,*,#5228,.F.);
#7390=ORIENTED_EDGE('',*,*,#5229,.F.);
#7391=ORIENTED_EDGE('',*,*,#5226,.F.);
#7392=ORIENTED_EDGE('',*,*,#5209,.F.);
#7393=ORIENTED_EDGE('',*,*,#5230,.T.);
#7394=ORIENTED_EDGE('',*,*,#5231,.T.);
#7395=ORIENTED_EDGE('',*,*,#5228,.T.);
#7396=ORIENTED_EDGE('',*,*,#5211,.F.);
#7397=ORIENTED_EDGE('',*,*,#5232,.F.);
#7398=ORIENTED_EDGE('',*,*,#5233,.F.);
#7399=ORIENTED_EDGE('',*,*,#5230,.F.);
#7400=ORIENTED_EDGE('',*,*,#5213,.F.);
#7401=ORIENTED_EDGE('',*,*,#5234,.T.);
#7402=ORIENTED_EDGE('',*,*,#5235,.T.);
#7403=ORIENTED_EDGE('',*,*,#5232,.T.);
#7404=ORIENTED_EDGE('',*,*,#5215,.F.);
#7405=ORIENTED_EDGE('',*,*,#5236,.F.);
#7406=ORIENTED_EDGE('',*,*,#5237,.F.);
#7407=ORIENTED_EDGE('',*,*,#5238,.F.);
#7408=ORIENTED_EDGE('',*,*,#5234,.F.);
#7409=ORIENTED_EDGE('',*,*,#5217,.F.);
#7410=ORIENTED_EDGE('',*,*,#5239,.T.);
#7411=ORIENTED_EDGE('',*,*,#5240,.F.);
#7412=ORIENTED_EDGE('',*,*,#5236,.T.);
#7413=ORIENTED_EDGE('',*,*,#5219,.F.);
#7414=ORIENTED_EDGE('',*,*,#5241,.T.);
#7415=ORIENTED_EDGE('',*,*,#5242,.T.);
#7416=ORIENTED_EDGE('',*,*,#5239,.F.);
#7417=ORIENTED_EDGE('',*,*,#5220,.F.);
#7418=ORIENTED_EDGE('',*,*,#5243,.F.);
#7419=ORIENTED_EDGE('',*,*,#5244,.F.);
#7420=ORIENTED_EDGE('',*,*,#5241,.F.);
#7421=ORIENTED_EDGE('',*,*,#5177,.F.);
#7422=ORIENTED_EDGE('',*,*,#5245,.T.);
#7423=ORIENTED_EDGE('',*,*,#5246,.T.);
#7424=ORIENTED_EDGE('',*,*,#5243,.T.);
#7425=ORIENTED_EDGE('',*,*,#5127,.F.);
#7426=ORIENTED_EDGE('',*,*,#5247,.T.);
#7427=ORIENTED_EDGE('',*,*,#5248,.T.);
#7428=ORIENTED_EDGE('',*,*,#5249,.T.);
#7429=ORIENTED_EDGE('',*,*,#5130,.F.);
#7430=ORIENTED_EDGE('',*,*,#5250,.F.);
#7431=ORIENTED_EDGE('',*,*,#5251,.F.);
#7432=ORIENTED_EDGE('',*,*,#5247,.F.);
#7433=ORIENTED_EDGE('',*,*,#5124,.F.);
#7434=ORIENTED_EDGE('',*,*,#5249,.F.);
#7435=ORIENTED_EDGE('',*,*,#5252,.F.);
#7436=ORIENTED_EDGE('',*,*,#5150,.F.);
#7437=ORIENTED_EDGE('',*,*,#5133,.F.);
#7438=ORIENTED_EDGE('',*,*,#5145,.T.);
#7439=ORIENTED_EDGE('',*,*,#5253,.T.);
#7440=ORIENTED_EDGE('',*,*,#5250,.T.);
#7441=ORIENTED_EDGE('',*,*,#5197,.F.);
#7442=ORIENTED_EDGE('',*,*,#5254,.T.);
#7443=ORIENTED_EDGE('',*,*,#5255,.T.);
#7444=ORIENTED_EDGE('',*,*,#5256,.T.);
#7445=ORIENTED_EDGE('',*,*,#5195,.F.);
#7446=ORIENTED_EDGE('',*,*,#5256,.F.);
#7447=ORIENTED_EDGE('',*,*,#5257,.F.);
#7448=ORIENTED_EDGE('',*,*,#5258,.F.);
#7449=ORIENTED_EDGE('',*,*,#5193,.F.);
#7450=ORIENTED_EDGE('',*,*,#5258,.T.);
#7451=ORIENTED_EDGE('',*,*,#5259,.T.);
#7452=ORIENTED_EDGE('',*,*,#5260,.T.);
#7453=ORIENTED_EDGE('',*,*,#5191,.F.);
#7454=ORIENTED_EDGE('',*,*,#5260,.F.);
#7455=ORIENTED_EDGE('',*,*,#5261,.F.);
#7456=ORIENTED_EDGE('',*,*,#5262,.F.);
#7457=ORIENTED_EDGE('',*,*,#5189,.F.);
#7458=ORIENTED_EDGE('',*,*,#5262,.T.);
#7459=ORIENTED_EDGE('',*,*,#5263,.T.);
#7460=ORIENTED_EDGE('',*,*,#5264,.T.);
#7461=ORIENTED_EDGE('',*,*,#5179,.F.);
#7462=ORIENTED_EDGE('',*,*,#5265,.F.);
#7463=ORIENTED_EDGE('',*,*,#5266,.F.);
#7464=ORIENTED_EDGE('',*,*,#5245,.F.);
#7465=ORIENTED_EDGE('',*,*,#5181,.F.);
#7466=ORIENTED_EDGE('',*,*,#5267,.T.);
#7467=ORIENTED_EDGE('',*,*,#5268,.T.);
#7468=ORIENTED_EDGE('',*,*,#5265,.T.);
#7469=ORIENTED_EDGE('',*,*,#5185,.F.);
#7470=ORIENTED_EDGE('',*,*,#5269,.T.);
#7471=ORIENTED_EDGE('',*,*,#5270,.T.);
#7472=ORIENTED_EDGE('',*,*,#5271,.T.);
#7473=ORIENTED_EDGE('',*,*,#5183,.F.);
#7474=ORIENTED_EDGE('',*,*,#5271,.F.);
#7475=ORIENTED_EDGE('',*,*,#5272,.F.);
#7476=ORIENTED_EDGE('',*,*,#5267,.F.);
#7477=ORIENTED_EDGE('',*,*,#5187,.F.);
#7478=ORIENTED_EDGE('',*,*,#5264,.F.);
#7479=ORIENTED_EDGE('',*,*,#5273,.F.);
#7480=ORIENTED_EDGE('',*,*,#5269,.F.);
#7481=ORIENTED_EDGE('',*,*,#5199,.F.);
#7482=ORIENTED_EDGE('',*,*,#5223,.F.);
#7483=ORIENTED_EDGE('',*,*,#5274,.F.);
#7484=ORIENTED_EDGE('',*,*,#5254,.F.);
#7485=ORIENTED_EDGE('',*,*,#5242,.F.);
#7486=ORIENTED_EDGE('',*,*,#5244,.T.);
#7487=ORIENTED_EDGE('',*,*,#5246,.F.);
#7488=ORIENTED_EDGE('',*,*,#5266,.T.);
#7489=ORIENTED_EDGE('',*,*,#5268,.F.);
#7490=ORIENTED_EDGE('',*,*,#5272,.T.);
#7491=ORIENTED_EDGE('',*,*,#5270,.F.);
#7492=ORIENTED_EDGE('',*,*,#5273,.T.);
#7493=ORIENTED_EDGE('',*,*,#5263,.F.);
#7494=ORIENTED_EDGE('',*,*,#5261,.T.);
#7495=ORIENTED_EDGE('',*,*,#5259,.F.);
#7496=ORIENTED_EDGE('',*,*,#5257,.T.);
#7497=ORIENTED_EDGE('',*,*,#5255,.F.);
#7498=ORIENTED_EDGE('',*,*,#5274,.T.);
#7499=ORIENTED_EDGE('',*,*,#5222,.F.);
#7500=ORIENTED_EDGE('',*,*,#5225,.T.);
#7501=ORIENTED_EDGE('',*,*,#5227,.F.);
#7502=ORIENTED_EDGE('',*,*,#5229,.T.);
#7503=ORIENTED_EDGE('',*,*,#5231,.F.);
#7504=ORIENTED_EDGE('',*,*,#5233,.T.);
#7505=ORIENTED_EDGE('',*,*,#5235,.F.);
#7506=ORIENTED_EDGE('',*,*,#5238,.T.);
#7507=ORIENTED_EDGE('',*,*,#5237,.T.);
#7508=ORIENTED_EDGE('',*,*,#5240,.T.);
#7509=ORIENTED_EDGE('',*,*,#5106,.T.);
#7510=ORIENTED_EDGE('',*,*,#5109,.T.);
#7511=ORIENTED_EDGE('',*,*,#5112,.T.);
#7512=ORIENTED_EDGE('',*,*,#5115,.T.);
#7513=ORIENTED_EDGE('',*,*,#5118,.T.);
#7514=ORIENTED_EDGE('',*,*,#5144,.T.);
#7515=ORIENTED_EDGE('',*,*,#5147,.F.);
#7516=ORIENTED_EDGE('',*,*,#5149,.T.);
#7517=ORIENTED_EDGE('',*,*,#5151,.F.);
#7518=ORIENTED_EDGE('',*,*,#5252,.T.);
#7519=ORIENTED_EDGE('',*,*,#5248,.F.);
#7520=ORIENTED_EDGE('',*,*,#5251,.T.);
#7521=ORIENTED_EDGE('',*,*,#5253,.F.);
#7522=ORIENTED_EDGE('',*,*,#5103,.T.);
#7523=ORIENTED_EDGE('',*,*,#5096,.T.);
#7524=ORIENTED_EDGE('',*,*,#5099,.T.);
#7525=ORIENTED_EDGE('',*,*,#5089,.T.);
#7526=ORIENTED_EDGE('',*,*,#5093,.T.);
#7527=ORIENTED_EDGE('',*,*,#5084,.T.);
#7528=ORIENTED_EDGE('',*,*,#5087,.T.);
#7529=ORIENTED_EDGE('',*,*,#5077,.T.);
#7530=ORIENTED_EDGE('',*,*,#5081,.T.);
#7531=ORIENTED_EDGE('',*,*,#5072,.T.);
#7532=ORIENTED_EDGE('',*,*,#5075,.T.);
#7533=ORIENTED_EDGE('',*,*,#5065,.T.);
#7534=ORIENTED_EDGE('',*,*,#5069,.T.);
#7535=ORIENTED_EDGE('',*,*,#5275,.F.);
#7536=ORIENTED_EDGE('',*,*,#5276,.F.);
#7537=ORIENTED_EDGE('',*,*,#5277,.T.);
#7538=ORIENTED_EDGE('',*,*,#5278,.F.);
#7539=ORIENTED_EDGE('',*,*,#5279,.F.);
#7540=ORIENTED_EDGE('',*,*,#5280,.F.);
#7541=ORIENTED_EDGE('',*,*,#5281,.T.);
#7542=ORIENTED_EDGE('',*,*,#5282,.F.);
#7543=ORIENTED_EDGE('',*,*,#5283,.F.);
#7544=ORIENTED_EDGE('',*,*,#5284,.F.);
#7545=ORIENTED_EDGE('',*,*,#5285,.F.);
#7546=ORIENTED_EDGE('',*,*,#5286,.T.);
#7547=ORIENTED_EDGE('',*,*,#5287,.F.);
#7548=ORIENTED_EDGE('',*,*,#5288,.F.);
#7549=ORIENTED_EDGE('',*,*,#5289,.F.);
#7550=ORIENTED_EDGE('',*,*,#5290,.T.);
#7551=ORIENTED_EDGE('',*,*,#5291,.T.);
#7552=ORIENTED_EDGE('',*,*,#5289,.T.);
#7553=ORIENTED_EDGE('',*,*,#5292,.T.);
#7554=ORIENTED_EDGE('',*,*,#5293,.T.);
#7555=ORIENTED_EDGE('',*,*,#5294,.F.);
#7556=ORIENTED_EDGE('',*,*,#5295,.T.);
#7557=ORIENTED_EDGE('',*,*,#5296,.T.);
#7558=ORIENTED_EDGE('',*,*,#5297,.T.);
#7559=ORIENTED_EDGE('',*,*,#5298,.F.);
#7560=ORIENTED_EDGE('',*,*,#5299,.T.);
#7561=ORIENTED_EDGE('',*,*,#5293,.F.);
#7562=ORIENTED_EDGE('',*,*,#5300,.F.);
#7563=ORIENTED_EDGE('',*,*,#5301,.F.);
#7564=ORIENTED_EDGE('',*,*,#5302,.T.);
#7565=ORIENTED_EDGE('',*,*,#5294,.T.);
#7566=ORIENTED_EDGE('',*,*,#5303,.F.);
#7567=ORIENTED_EDGE('',*,*,#5298,.T.);
#7568=ORIENTED_EDGE('',*,*,#5304,.T.);
#7569=ORIENTED_EDGE('',*,*,#5305,.T.);
#7570=ORIENTED_EDGE('',*,*,#5306,.T.);
#7571=ORIENTED_EDGE('',*,*,#5287,.T.);
#7572=ORIENTED_EDGE('',*,*,#5307,.F.);
#7573=ORIENTED_EDGE('',*,*,#5308,.F.);
#7574=ORIENTED_EDGE('',*,*,#5305,.F.);
#7575=ORIENTED_EDGE('',*,*,#5309,.T.);
#7576=ORIENTED_EDGE('',*,*,#5310,.T.);
#7577=ORIENTED_EDGE('',*,*,#5307,.T.);
#7578=ORIENTED_EDGE('',*,*,#5311,.T.);
#7579=ORIENTED_EDGE('',*,*,#5285,.T.);
#7580=ORIENTED_EDGE('',*,*,#5312,.F.);
#7581=ORIENTED_EDGE('',*,*,#5313,.F.);
#7582=ORIENTED_EDGE('',*,*,#5314,.F.);
#7583=ORIENTED_EDGE('',*,*,#5315,.T.);
#7584=ORIENTED_EDGE('',*,*,#5316,.T.);
#7585=ORIENTED_EDGE('',*,*,#5317,.T.);
#7586=ORIENTED_EDGE('',*,*,#5318,.T.);
#7587=ORIENTED_EDGE('',*,*,#5314,.T.);
#7588=ORIENTED_EDGE('',*,*,#5319,.F.);
#7589=ORIENTED_EDGE('',*,*,#5320,.F.);
#7590=ORIENTED_EDGE('',*,*,#5321,.F.);
#7591=ORIENTED_EDGE('',*,*,#5322,.T.);
#7592=ORIENTED_EDGE('',*,*,#5323,.T.);
#7593=ORIENTED_EDGE('',*,*,#5324,.T.);
#7594=ORIENTED_EDGE('',*,*,#5325,.T.);
#7595=ORIENTED_EDGE('',*,*,#5321,.T.);
#7596=ORIENTED_EDGE('',*,*,#5326,.F.);
#7597=ORIENTED_EDGE('',*,*,#5327,.F.);
#7598=ORIENTED_EDGE('',*,*,#5328,.F.);
#7599=ORIENTED_EDGE('',*,*,#5329,.T.);
#7600=ORIENTED_EDGE('',*,*,#5330,.T.);
#7601=ORIENTED_EDGE('',*,*,#5328,.T.);
#7602=ORIENTED_EDGE('',*,*,#5331,.T.);
#7603=ORIENTED_EDGE('',*,*,#5312,.T.);
#7604=ORIENTED_EDGE('',*,*,#5332,.F.);
#7605=ORIENTED_EDGE('',*,*,#5333,.T.);
#7606=ORIENTED_EDGE('',*,*,#5296,.F.);
#7607=ORIENTED_EDGE('',*,*,#5334,.F.);
#7608=ORIENTED_EDGE('',*,*,#5335,.T.);
#7609=ORIENTED_EDGE('',*,*,#5332,.T.);
#7610=ORIENTED_EDGE('',*,*,#5336,.T.);
#7611=ORIENTED_EDGE('',*,*,#5326,.T.);
#7612=ORIENTED_EDGE('',*,*,#5337,.F.);
#7613=ORIENTED_EDGE('',*,*,#5338,.T.);
#7614=ORIENTED_EDGE('',*,*,#5324,.F.);
#7615=ORIENTED_EDGE('',*,*,#5339,.F.);
#7616=ORIENTED_EDGE('',*,*,#5340,.T.);
#7617=ORIENTED_EDGE('',*,*,#5337,.T.);
#7618=ORIENTED_EDGE('',*,*,#5341,.T.);
#7619=ORIENTED_EDGE('',*,*,#5342,.T.);
#7620=ORIENTED_EDGE('',*,*,#5343,.F.);
#7621=ORIENTED_EDGE('',*,*,#5344,.T.);
#7622=ORIENTED_EDGE('',*,*,#5342,.F.);
#7623=ORIENTED_EDGE('',*,*,#5345,.F.);
#7624=ORIENTED_EDGE('',*,*,#5346,.T.);
#7625=ORIENTED_EDGE('',*,*,#5343,.T.);
#7626=ORIENTED_EDGE('',*,*,#5347,.T.);
#7627=ORIENTED_EDGE('',*,*,#5283,.T.);
#7628=ORIENTED_EDGE('',*,*,#5348,.F.);
#7629=ORIENTED_EDGE('',*,*,#5349,.F.);
#7630=ORIENTED_EDGE('',*,*,#5350,.T.);
#7631=ORIENTED_EDGE('',*,*,#5351,.F.);
#7632=ORIENTED_EDGE('',*,*,#5352,.F.);
#7633=ORIENTED_EDGE('',*,*,#5353,.T.);
#7634=ORIENTED_EDGE('',*,*,#5354,.T.);
#7635=ORIENTED_EDGE('',*,*,#5349,.T.);
#7636=ORIENTED_EDGE('',*,*,#5355,.F.);
#7637=ORIENTED_EDGE('',*,*,#5351,.T.);
#7638=ORIENTED_EDGE('',*,*,#5356,.T.);
#7639=ORIENTED_EDGE('',*,*,#5357,.F.);
#7640=ORIENTED_EDGE('',*,*,#5358,.F.);
#7641=ORIENTED_EDGE('',*,*,#5357,.T.);
#7642=ORIENTED_EDGE('',*,*,#5359,.T.);
#7643=ORIENTED_EDGE('',*,*,#5360,.T.);
#7644=ORIENTED_EDGE('',*,*,#5361,.F.);
#7645=ORIENTED_EDGE('',*,*,#5362,.F.);
#7646=ORIENTED_EDGE('',*,*,#5363,.T.);
#7647=ORIENTED_EDGE('',*,*,#5353,.F.);
#7648=ORIENTED_EDGE('',*,*,#5364,.F.);
#7649=ORIENTED_EDGE('',*,*,#5365,.T.);
#7650=ORIENTED_EDGE('',*,*,#5366,.T.);
#7651=ORIENTED_EDGE('',*,*,#5362,.T.);
#7652=ORIENTED_EDGE('',*,*,#5367,.F.);
#7653=ORIENTED_EDGE('',*,*,#5368,.T.);
#7654=ORIENTED_EDGE('',*,*,#5369,.T.);
#7655=ORIENTED_EDGE('',*,*,#5280,.T.);
#7656=ORIENTED_EDGE('',*,*,#5370,.F.);
#7657=ORIENTED_EDGE('',*,*,#5371,.F.);
#7658=ORIENTED_EDGE('',*,*,#5372,.T.);
#7659=ORIENTED_EDGE('',*,*,#5368,.F.);
#7660=ORIENTED_EDGE('',*,*,#5373,.F.);
#7661=ORIENTED_EDGE('',*,*,#5374,.T.);
#7662=ORIENTED_EDGE('',*,*,#5375,.T.);
#7663=ORIENTED_EDGE('',*,*,#5371,.T.);
#7664=ORIENTED_EDGE('',*,*,#5376,.F.);
#7665=ORIENTED_EDGE('',*,*,#5377,.F.);
#7666=ORIENTED_EDGE('',*,*,#5378,.T.);
#7667=ORIENTED_EDGE('',*,*,#5365,.F.);
#7668=ORIENTED_EDGE('',*,*,#5379,.F.);
#7669=ORIENTED_EDGE('',*,*,#5282,.T.);
#7670=ORIENTED_EDGE('',*,*,#5380,.T.);
#7671=ORIENTED_EDGE('',*,*,#5377,.T.);
#7672=ORIENTED_EDGE('',*,*,#5381,.F.);
#7673=ORIENTED_EDGE('',*,*,#5382,.T.);
#7674=ORIENTED_EDGE('',*,*,#5317,.F.);
#7675=ORIENTED_EDGE('',*,*,#5383,.F.);
#7676=ORIENTED_EDGE('',*,*,#5384,.T.);
#7677=ORIENTED_EDGE('',*,*,#5381,.T.);
#7678=ORIENTED_EDGE('',*,*,#5385,.T.);
#7679=ORIENTED_EDGE('',*,*,#5319,.T.);
#7680=ORIENTED_EDGE('',*,*,#5386,.F.);
#7681=ORIENTED_EDGE('',*,*,#5387,.F.);
#7682=ORIENTED_EDGE('',*,*,#5388,.T.);
#7683=ORIENTED_EDGE('',*,*,#5374,.F.);
#7684=ORIENTED_EDGE('',*,*,#5389,.F.);
#7685=ORIENTED_EDGE('',*,*,#5278,.T.);
#7686=ORIENTED_EDGE('',*,*,#5390,.T.);
#7687=ORIENTED_EDGE('',*,*,#5387,.T.);
#7688=ORIENTED_EDGE('',*,*,#5391,.F.);
#7689=ORIENTED_EDGE('',*,*,#5392,.F.);
#7690=ORIENTED_EDGE('',*,*,#5393,.F.);
#7691=ORIENTED_EDGE('',*,*,#5394,.F.);
#7692=ORIENTED_EDGE('',*,*,#5395,.F.);
#7693=ORIENTED_EDGE('',*,*,#5396,.F.);
#7694=ORIENTED_EDGE('',*,*,#5397,.F.);
#7695=ORIENTED_EDGE('',*,*,#5398,.F.);
#7696=ORIENTED_EDGE('',*,*,#5399,.T.);
#7697=ORIENTED_EDGE('',*,*,#5400,.F.);
#7698=ORIENTED_EDGE('',*,*,#5401,.F.);
#7699=ORIENTED_EDGE('',*,*,#5359,.F.);
#7700=ORIENTED_EDGE('',*,*,#5356,.F.);
#7701=ORIENTED_EDGE('',*,*,#5350,.F.);
#7702=ORIENTED_EDGE('',*,*,#5354,.F.);
#7703=ORIENTED_EDGE('',*,*,#5363,.F.);
#7704=ORIENTED_EDGE('',*,*,#5366,.F.);
#7705=ORIENTED_EDGE('',*,*,#5378,.F.);
#7706=ORIENTED_EDGE('',*,*,#5380,.F.);
#7707=ORIENTED_EDGE('',*,*,#5281,.F.);
#7708=ORIENTED_EDGE('',*,*,#5369,.F.);
#7709=ORIENTED_EDGE('',*,*,#5372,.F.);
#7710=ORIENTED_EDGE('',*,*,#5375,.F.);
#7711=ORIENTED_EDGE('',*,*,#5388,.F.);
#7712=ORIENTED_EDGE('',*,*,#5390,.F.);
#7713=ORIENTED_EDGE('',*,*,#5277,.F.);
#7714=ORIENTED_EDGE('',*,*,#5402,.F.);
#7715=ORIENTED_EDGE('',*,*,#5403,.F.);
#7716=ORIENTED_EDGE('',*,*,#5404,.F.);
#7717=ORIENTED_EDGE('',*,*,#5405,.F.);
#7718=ORIENTED_EDGE('',*,*,#5406,.T.);
#7719=ORIENTED_EDGE('',*,*,#5407,.T.);
#7720=ORIENTED_EDGE('',*,*,#5408,.T.);
#7721=ORIENTED_EDGE('',*,*,#5409,.T.);
#7722=ORIENTED_EDGE('',*,*,#5410,.T.);
#7723=ORIENTED_EDGE('',*,*,#5411,.T.);
#7724=ORIENTED_EDGE('',*,*,#5325,.F.);
#7725=ORIENTED_EDGE('',*,*,#5338,.F.);
#7726=ORIENTED_EDGE('',*,*,#5340,.F.);
#7727=ORIENTED_EDGE('',*,*,#5344,.F.);
#7728=ORIENTED_EDGE('',*,*,#5346,.F.);
#7729=ORIENTED_EDGE('',*,*,#5286,.F.);
#7730=ORIENTED_EDGE('',*,*,#5311,.F.);
#7731=ORIENTED_EDGE('',*,*,#5309,.F.);
#7732=ORIENTED_EDGE('',*,*,#5304,.F.);
#7733=ORIENTED_EDGE('',*,*,#5290,.F.);
#7734=ORIENTED_EDGE('',*,*,#5291,.F.);
#7735=ORIENTED_EDGE('',*,*,#5299,.F.);
#7736=ORIENTED_EDGE('',*,*,#5303,.T.);
#7737=ORIENTED_EDGE('',*,*,#5297,.F.);
#7738=ORIENTED_EDGE('',*,*,#5333,.F.);
#7739=ORIENTED_EDGE('',*,*,#5335,.F.);
#7740=ORIENTED_EDGE('',*,*,#5329,.F.);
#7741=ORIENTED_EDGE('',*,*,#5330,.F.);
#7742=ORIENTED_EDGE('',*,*,#5315,.F.);
#7743=ORIENTED_EDGE('',*,*,#5318,.F.);
#7744=ORIENTED_EDGE('',*,*,#5382,.F.);
#7745=ORIENTED_EDGE('',*,*,#5384,.F.);
#7746=ORIENTED_EDGE('',*,*,#5322,.F.);
#7747=ORIENTED_EDGE('',*,*,#5412,.T.);
#7748=ORIENTED_EDGE('',*,*,#5413,.T.);
#7749=ORIENTED_EDGE('',*,*,#5414,.F.);
#7750=ORIENTED_EDGE('',*,*,#5415,.T.);
#7751=ORIENTED_EDGE('',*,*,#5411,.F.);
#7752=ORIENTED_EDGE('',*,*,#5415,.F.);
#7753=ORIENTED_EDGE('',*,*,#5416,.F.);
#7754=ORIENTED_EDGE('',*,*,#5417,.T.);
#7755=ORIENTED_EDGE('',*,*,#5410,.F.);
#7756=ORIENTED_EDGE('',*,*,#5417,.F.);
#7757=ORIENTED_EDGE('',*,*,#5418,.F.);
#7758=ORIENTED_EDGE('',*,*,#5419,.T.);
#7759=ORIENTED_EDGE('',*,*,#5409,.F.);
#7760=ORIENTED_EDGE('',*,*,#5419,.F.);
#7761=ORIENTED_EDGE('',*,*,#5420,.F.);
#7762=ORIENTED_EDGE('',*,*,#5421,.T.);
#7763=ORIENTED_EDGE('',*,*,#5408,.F.);
#7764=ORIENTED_EDGE('',*,*,#5421,.F.);
#7765=ORIENTED_EDGE('',*,*,#5422,.F.);
#7766=ORIENTED_EDGE('',*,*,#5423,.T.);
#7767=ORIENTED_EDGE('',*,*,#5407,.F.);
#7768=ORIENTED_EDGE('',*,*,#5423,.F.);
#7769=ORIENTED_EDGE('',*,*,#5424,.F.);
#7770=ORIENTED_EDGE('',*,*,#5425,.T.);
#7771=ORIENTED_EDGE('',*,*,#5406,.F.);
#7772=ORIENTED_EDGE('',*,*,#5425,.F.);
#7773=ORIENTED_EDGE('',*,*,#5426,.F.);
#7774=ORIENTED_EDGE('',*,*,#5427,.T.);
#7775=ORIENTED_EDGE('',*,*,#5412,.F.);
#7776=ORIENTED_EDGE('',*,*,#5427,.F.);
#7777=ORIENTED_EDGE('',*,*,#5428,.F.);
#7778=ORIENTED_EDGE('',*,*,#5429,.T.);
#7779=ORIENTED_EDGE('',*,*,#5413,.F.);
#7780=ORIENTED_EDGE('',*,*,#5429,.F.);
#7781=ORIENTED_EDGE('',*,*,#5430,.F.);
#7782=ORIENTED_EDGE('',*,*,#5431,.F.);
#7783=ORIENTED_EDGE('',*,*,#5432,.F.);
#7784=ORIENTED_EDGE('',*,*,#5433,.F.);
#7785=ORIENTED_EDGE('',*,*,#5434,.F.);
#7786=ORIENTED_EDGE('',*,*,#5435,.F.);
#7787=ORIENTED_EDGE('',*,*,#5436,.F.);
#7788=ORIENTED_EDGE('',*,*,#5437,.F.);
#7789=ORIENTED_EDGE('',*,*,#5438,.F.);
#7790=ORIENTED_EDGE('',*,*,#5439,.F.);
#7791=ORIENTED_EDGE('',*,*,#5440,.F.);
#7792=ORIENTED_EDGE('',*,*,#5441,.F.);
#7793=ORIENTED_EDGE('',*,*,#5442,.F.);
#7794=ORIENTED_EDGE('',*,*,#5443,.F.);
#7795=ORIENTED_EDGE('',*,*,#5444,.F.);
#7796=ORIENTED_EDGE('',*,*,#5445,.F.);
#7797=ORIENTED_EDGE('',*,*,#5446,.F.);
#7798=ORIENTED_EDGE('',*,*,#5447,.F.);
#7799=ORIENTED_EDGE('',*,*,#5448,.F.);
#7800=ORIENTED_EDGE('',*,*,#5449,.F.);
#7801=ORIENTED_EDGE('',*,*,#5450,.F.);
#7802=ORIENTED_EDGE('',*,*,#5451,.F.);
#7803=ORIENTED_EDGE('',*,*,#5452,.F.);
#7804=ORIENTED_EDGE('',*,*,#5453,.F.);
#7805=ORIENTED_EDGE('',*,*,#5454,.F.);
#7806=ORIENTED_EDGE('',*,*,#5455,.F.);
#7807=ORIENTED_EDGE('',*,*,#5456,.F.);
#7808=ORIENTED_EDGE('',*,*,#5457,.F.);
#7809=ORIENTED_EDGE('',*,*,#5428,.T.);
#7810=ORIENTED_EDGE('',*,*,#5426,.T.);
#7811=ORIENTED_EDGE('',*,*,#5323,.F.);
#7812=ORIENTED_EDGE('',*,*,#5320,.T.);
#7813=ORIENTED_EDGE('',*,*,#5385,.F.);
#7814=ORIENTED_EDGE('',*,*,#5383,.T.);
#7815=ORIENTED_EDGE('',*,*,#5316,.F.);
#7816=ORIENTED_EDGE('',*,*,#5313,.T.);
#7817=ORIENTED_EDGE('',*,*,#5331,.F.);
#7818=ORIENTED_EDGE('',*,*,#5327,.T.);
#7819=ORIENTED_EDGE('',*,*,#5336,.F.);
#7820=ORIENTED_EDGE('',*,*,#5334,.T.);
#7821=ORIENTED_EDGE('',*,*,#5295,.F.);
#7822=ORIENTED_EDGE('',*,*,#5302,.F.);
#7823=ORIENTED_EDGE('',*,*,#5301,.T.);
#7824=ORIENTED_EDGE('',*,*,#5300,.T.);
#7825=ORIENTED_EDGE('',*,*,#5292,.F.);
#7826=ORIENTED_EDGE('',*,*,#5288,.T.);
#7827=ORIENTED_EDGE('',*,*,#5306,.F.);
#7828=ORIENTED_EDGE('',*,*,#5308,.T.);
#7829=ORIENTED_EDGE('',*,*,#5310,.F.);
#7830=ORIENTED_EDGE('',*,*,#5284,.T.);
#7831=ORIENTED_EDGE('',*,*,#5347,.F.);
#7832=ORIENTED_EDGE('',*,*,#5345,.T.);
#7833=ORIENTED_EDGE('',*,*,#5341,.F.);
#7834=ORIENTED_EDGE('',*,*,#5339,.T.);
#7835=ORIENTED_EDGE('',*,*,#5414,.T.);
#7836=ORIENTED_EDGE('',*,*,#5416,.T.);
#7837=ORIENTED_EDGE('',*,*,#5418,.T.);
#7838=ORIENTED_EDGE('',*,*,#5420,.T.);
#7839=ORIENTED_EDGE('',*,*,#5422,.T.);
#7840=ORIENTED_EDGE('',*,*,#5424,.T.);
#7841=ORIENTED_EDGE('',*,*,#5458,.F.);
#7842=ORIENTED_EDGE('',*,*,#5360,.F.);
#7843=ORIENTED_EDGE('',*,*,#5401,.T.);
#7844=ORIENTED_EDGE('',*,*,#5459,.F.);
#7845=ORIENTED_EDGE('',*,*,#5460,.F.);
#7846=ORIENTED_EDGE('',*,*,#5459,.T.);
#7847=ORIENTED_EDGE('',*,*,#5400,.T.);
#7848=ORIENTED_EDGE('',*,*,#5461,.T.);
#7849=ORIENTED_EDGE('',*,*,#5462,.F.);
#7850=ORIENTED_EDGE('',*,*,#5461,.F.);
#7851=ORIENTED_EDGE('',*,*,#5399,.F.);
#7852=ORIENTED_EDGE('',*,*,#5463,.T.);
#7853=ORIENTED_EDGE('',*,*,#5464,.F.);
#7854=ORIENTED_EDGE('',*,*,#5463,.F.);
#7855=ORIENTED_EDGE('',*,*,#5398,.T.);
#7856=ORIENTED_EDGE('',*,*,#5465,.F.);
#7857=ORIENTED_EDGE('',*,*,#5466,.F.);
#7858=ORIENTED_EDGE('',*,*,#5465,.T.);
#7859=ORIENTED_EDGE('',*,*,#5397,.T.);
#7860=ORIENTED_EDGE('',*,*,#5467,.T.);
#7861=ORIENTED_EDGE('',*,*,#5468,.F.);
#7862=ORIENTED_EDGE('',*,*,#5467,.F.);
#7863=ORIENTED_EDGE('',*,*,#5396,.T.);
#7864=ORIENTED_EDGE('',*,*,#5469,.F.);
#7865=ORIENTED_EDGE('',*,*,#5470,.F.);
#7866=ORIENTED_EDGE('',*,*,#5469,.T.);
#7867=ORIENTED_EDGE('',*,*,#5395,.T.);
#7868=ORIENTED_EDGE('',*,*,#5471,.T.);
#7869=ORIENTED_EDGE('',*,*,#5472,.F.);
#7870=ORIENTED_EDGE('',*,*,#5471,.F.);
#7871=ORIENTED_EDGE('',*,*,#5394,.T.);
#7872=ORIENTED_EDGE('',*,*,#5473,.F.);
#7873=ORIENTED_EDGE('',*,*,#5474,.F.);
#7874=ORIENTED_EDGE('',*,*,#5473,.T.);
#7875=ORIENTED_EDGE('',*,*,#5393,.T.);
#7876=ORIENTED_EDGE('',*,*,#5475,.T.);
#7877=ORIENTED_EDGE('',*,*,#5476,.F.);
#7878=ORIENTED_EDGE('',*,*,#5475,.F.);
#7879=ORIENTED_EDGE('',*,*,#5392,.T.);
#7880=ORIENTED_EDGE('',*,*,#5477,.F.);
#7881=ORIENTED_EDGE('',*,*,#5478,.F.);
#7882=ORIENTED_EDGE('',*,*,#5477,.T.);
#7883=ORIENTED_EDGE('',*,*,#5391,.T.);
#7884=ORIENTED_EDGE('',*,*,#5479,.T.);
#7885=ORIENTED_EDGE('',*,*,#5480,.F.);
#7886=ORIENTED_EDGE('',*,*,#5479,.F.);
#7887=ORIENTED_EDGE('',*,*,#5405,.T.);
#7888=ORIENTED_EDGE('',*,*,#5481,.F.);
#7889=ORIENTED_EDGE('',*,*,#5482,.F.);
#7890=ORIENTED_EDGE('',*,*,#5481,.T.);
#7891=ORIENTED_EDGE('',*,*,#5404,.T.);
#7892=ORIENTED_EDGE('',*,*,#5483,.T.);
#7893=ORIENTED_EDGE('',*,*,#5484,.F.);
#7894=ORIENTED_EDGE('',*,*,#5483,.F.);
#7895=ORIENTED_EDGE('',*,*,#5403,.T.);
#7896=ORIENTED_EDGE('',*,*,#5485,.F.);
#7897=ORIENTED_EDGE('',*,*,#5486,.F.);
#7898=ORIENTED_EDGE('',*,*,#5485,.T.);
#7899=ORIENTED_EDGE('',*,*,#5402,.T.);
#7900=ORIENTED_EDGE('',*,*,#5276,.T.);
#7901=ORIENTED_EDGE('',*,*,#5487,.F.);
#7902=ORIENTED_EDGE('',*,*,#5358,.T.);
#7903=ORIENTED_EDGE('',*,*,#5488,.F.);
#7904=ORIENTED_EDGE('',*,*,#5489,.F.);
#7905=ORIENTED_EDGE('',*,*,#5460,.T.);
#7906=ORIENTED_EDGE('',*,*,#5490,.F.);
#7907=ORIENTED_EDGE('',*,*,#5488,.T.);
#7908=ORIENTED_EDGE('',*,*,#5458,.T.);
#7909=ORIENTED_EDGE('',*,*,#5489,.T.);
#7910=ORIENTED_EDGE('',*,*,#5431,.T.);
#7911=ORIENTED_EDGE('',*,*,#5491,.F.);
#7912=ORIENTED_EDGE('',*,*,#5439,.T.);
#7913=ORIENTED_EDGE('',*,*,#5492,.F.);
#7914=ORIENTED_EDGE('',*,*,#5476,.T.);
#7915=ORIENTED_EDGE('',*,*,#5491,.T.);
#7916=ORIENTED_EDGE('',*,*,#5478,.T.);
#7917=ORIENTED_EDGE('',*,*,#5493,.F.);
#7918=ORIENTED_EDGE('',*,*,#5440,.T.);
#7919=ORIENTED_EDGE('',*,*,#5493,.T.);
#7920=ORIENTED_EDGE('',*,*,#5480,.T.);
#7921=ORIENTED_EDGE('',*,*,#5494,.F.);
#7922=ORIENTED_EDGE('',*,*,#5441,.T.);
#7923=ORIENTED_EDGE('',*,*,#5494,.T.);
#7924=ORIENTED_EDGE('',*,*,#5482,.T.);
#7925=ORIENTED_EDGE('',*,*,#5495,.F.);
#7926=ORIENTED_EDGE('',*,*,#5442,.T.);
#7927=ORIENTED_EDGE('',*,*,#5495,.T.);
#7928=ORIENTED_EDGE('',*,*,#5484,.T.);
#7929=ORIENTED_EDGE('',*,*,#5496,.F.);
#7930=ORIENTED_EDGE('',*,*,#5443,.T.);
#7931=ORIENTED_EDGE('',*,*,#5496,.T.);
#7932=ORIENTED_EDGE('',*,*,#5486,.T.);
#7933=ORIENTED_EDGE('',*,*,#5497,.F.);
#7934=ORIENTED_EDGE('',*,*,#5444,.T.);
#7935=ORIENTED_EDGE('',*,*,#5497,.T.);
#7936=ORIENTED_EDGE('',*,*,#5275,.T.);
#7937=ORIENTED_EDGE('',*,*,#5498,.F.);
#7938=ORIENTED_EDGE('',*,*,#5445,.T.);
#7939=ORIENTED_EDGE('',*,*,#5498,.T.);
#7940=ORIENTED_EDGE('',*,*,#5389,.T.);
#7941=ORIENTED_EDGE('',*,*,#5499,.F.);
#7942=ORIENTED_EDGE('',*,*,#5446,.T.);
#7943=ORIENTED_EDGE('',*,*,#5499,.T.);
#7944=ORIENTED_EDGE('',*,*,#5386,.T.);
#7945=ORIENTED_EDGE('',*,*,#5500,.F.);
#7946=ORIENTED_EDGE('',*,*,#5447,.T.);
#7947=ORIENTED_EDGE('',*,*,#5500,.T.);
#7948=ORIENTED_EDGE('',*,*,#5373,.T.);
#7949=ORIENTED_EDGE('',*,*,#5501,.F.);
#7950=ORIENTED_EDGE('',*,*,#5448,.T.);
#7951=ORIENTED_EDGE('',*,*,#5501,.T.);
#7952=ORIENTED_EDGE('',*,*,#5370,.T.);
#7953=ORIENTED_EDGE('',*,*,#5502,.F.);
#7954=ORIENTED_EDGE('',*,*,#5449,.T.);
#7955=ORIENTED_EDGE('',*,*,#5502,.T.);
#7956=ORIENTED_EDGE('',*,*,#5367,.T.);
#7957=ORIENTED_EDGE('',*,*,#5503,.F.);
#7958=ORIENTED_EDGE('',*,*,#5450,.T.);
#7959=ORIENTED_EDGE('',*,*,#5503,.T.);
#7960=ORIENTED_EDGE('',*,*,#5279,.T.);
#7961=ORIENTED_EDGE('',*,*,#5504,.F.);
#7962=ORIENTED_EDGE('',*,*,#5451,.T.);
#7963=ORIENTED_EDGE('',*,*,#5504,.T.);
#7964=ORIENTED_EDGE('',*,*,#5379,.T.);
#7965=ORIENTED_EDGE('',*,*,#5505,.F.);
#7966=ORIENTED_EDGE('',*,*,#5452,.T.);
#7967=ORIENTED_EDGE('',*,*,#5505,.T.);
#7968=ORIENTED_EDGE('',*,*,#5376,.T.);
#7969=ORIENTED_EDGE('',*,*,#5506,.F.);
#7970=ORIENTED_EDGE('',*,*,#5453,.T.);
#7971=ORIENTED_EDGE('',*,*,#5506,.T.);
#7972=ORIENTED_EDGE('',*,*,#5364,.T.);
#7973=ORIENTED_EDGE('',*,*,#5507,.F.);
#7974=ORIENTED_EDGE('',*,*,#5454,.T.);
#7975=ORIENTED_EDGE('',*,*,#5507,.T.);
#7976=ORIENTED_EDGE('',*,*,#5361,.T.);
#7977=ORIENTED_EDGE('',*,*,#5508,.F.);
#7978=ORIENTED_EDGE('',*,*,#5455,.T.);
#7979=ORIENTED_EDGE('',*,*,#5508,.T.);
#7980=ORIENTED_EDGE('',*,*,#5352,.T.);
#7981=ORIENTED_EDGE('',*,*,#5509,.F.);
#7982=ORIENTED_EDGE('',*,*,#5456,.T.);
#7983=ORIENTED_EDGE('',*,*,#5509,.T.);
#7984=ORIENTED_EDGE('',*,*,#5348,.T.);
#7985=ORIENTED_EDGE('',*,*,#5510,.F.);
#7986=ORIENTED_EDGE('',*,*,#5457,.T.);
#7987=ORIENTED_EDGE('',*,*,#5487,.T.);
#7988=ORIENTED_EDGE('',*,*,#5430,.T.);
#7989=ORIENTED_EDGE('',*,*,#5510,.T.);
#7990=ORIENTED_EDGE('',*,*,#5355,.T.);
#7991=ORIENTED_EDGE('',*,*,#5490,.T.);
#7992=ORIENTED_EDGE('',*,*,#5462,.T.);
#7993=ORIENTED_EDGE('',*,*,#5511,.F.);
#7994=ORIENTED_EDGE('',*,*,#5432,.T.);
#7995=ORIENTED_EDGE('',*,*,#5511,.T.);
#7996=ORIENTED_EDGE('',*,*,#5464,.T.);
#7997=ORIENTED_EDGE('',*,*,#5512,.F.);
#7998=ORIENTED_EDGE('',*,*,#5433,.T.);
#7999=ORIENTED_EDGE('',*,*,#5512,.T.);
#8000=ORIENTED_EDGE('',*,*,#5466,.T.);
#8001=ORIENTED_EDGE('',*,*,#5513,.F.);
#8002=ORIENTED_EDGE('',*,*,#5434,.T.);
#8003=ORIENTED_EDGE('',*,*,#5513,.T.);
#8004=ORIENTED_EDGE('',*,*,#5468,.T.);
#8005=ORIENTED_EDGE('',*,*,#5514,.F.);
#8006=ORIENTED_EDGE('',*,*,#5435,.T.);
#8007=ORIENTED_EDGE('',*,*,#5514,.T.);
#8008=ORIENTED_EDGE('',*,*,#5470,.T.);
#8009=ORIENTED_EDGE('',*,*,#5515,.F.);
#8010=ORIENTED_EDGE('',*,*,#5436,.T.);
#8011=ORIENTED_EDGE('',*,*,#5515,.T.);
#8012=ORIENTED_EDGE('',*,*,#5472,.T.);
#8013=ORIENTED_EDGE('',*,*,#5516,.F.);
#8014=ORIENTED_EDGE('',*,*,#5437,.T.);
#8015=ORIENTED_EDGE('',*,*,#5492,.T.);
#8016=ORIENTED_EDGE('',*,*,#5438,.T.);
#8017=ORIENTED_EDGE('',*,*,#5516,.T.);
#8018=ORIENTED_EDGE('',*,*,#5474,.T.);
#8019=CYLINDRICAL_SURFACE('',#8677,1.);
#8020=CYLINDRICAL_SURFACE('',#8681,1.);
#8021=CYLINDRICAL_SURFACE('',#8688,1.);
#8022=CYLINDRICAL_SURFACE('',#8691,1.);
#8023=CYLINDRICAL_SURFACE('',#8694,1.21916683035945);
#8024=CYLINDRICAL_SURFACE('',#8697,1.21916683035945);
#8025=CYLINDRICAL_SURFACE('',#8700,1.21916683035945);
#8026=CYLINDRICAL_SURFACE('',#8703,1.21916683035945);
#8027=CYLINDRICAL_SURFACE('',#8706,1.21916683035945);
#8028=CYLINDRICAL_SURFACE('',#8709,1.21916683035945);
#8029=CYLINDRICAL_SURFACE('',#8712,1.21916683035945);
#8030=CYLINDRICAL_SURFACE('',#8715,1.21916683035945);
#8031=CYLINDRICAL_SURFACE('',#8718,3.);
#8032=CYLINDRICAL_SURFACE('',#8726,1.);
#8033=CYLINDRICAL_SURFACE('',#8732,1.);
#8034=CYLINDRICAL_SURFACE('',#8738,1.);
#8035=CYLINDRICAL_SURFACE('',#8744,1.);
#8036=CYLINDRICAL_SURFACE('',#8750,1.);
#8037=CYLINDRICAL_SURFACE('',#8756,1.);
#8038=CYLINDRICAL_SURFACE('',#8762,1.);
#8039=CYLINDRICAL_SURFACE('',#8768,1.);
#8040=CYLINDRICAL_SURFACE('',#8774,1.);
#8041=CYLINDRICAL_SURFACE('',#8780,1.);
#8042=CYLINDRICAL_SURFACE('',#8786,1.);
#8043=CYLINDRICAL_SURFACE('',#8797,1.);
#8044=CYLINDRICAL_SURFACE('',#8803,1.);
#8045=CYLINDRICAL_SURFACE('',#8804,1.);
#8046=CYLINDRICAL_SURFACE('',#8811,3.);
#8047=CYLINDRICAL_SURFACE('',#8814,3.);
#8048=CYLINDRICAL_SURFACE('',#8817,3.);
#8049=CYLINDRICAL_SURFACE('',#8820,3.);
#8050=CYLINDRICAL_SURFACE('',#8823,3.);
#8051=CYLINDRICAL_SURFACE('',#8826,3.);
#8052=CYLINDRICAL_SURFACE('',#8829,1.);
#8053=CYLINDRICAL_SURFACE('',#8831,1.00000000000001);
#8054=CYLINDRICAL_SURFACE('',#8835,1.00000000000001);
#8055=CYLINDRICAL_SURFACE('',#8839,0.999999999999996);
#8056=CYLINDRICAL_SURFACE('',#8843,0.999999999999979);
#8057=CYLINDRICAL_SURFACE('',#8847,0.999999999999979);
#8058=CYLINDRICAL_SURFACE('',#8851,0.999999999999996);
#8059=CYLINDRICAL_SURFACE('',#8855,0.999999999999996);
#8060=CYLINDRICAL_SURFACE('',#8859,0.999999999999996);
#8061=CYLINDRICAL_SURFACE('',#8863,1.04999999999999);
#8062=CYLINDRICAL_SURFACE('',#8867,1.);
#8063=CYLINDRICAL_SURFACE('',#8888,1.00000000000001);
#8064=CYLINDRICAL_SURFACE('',#8890,1.05);
#8065=CYLINDRICAL_SURFACE('',#8894,1.05);
#8066=CYLINDRICAL_SURFACE('',#8898,1.05);
#8067=CYLINDRICAL_SURFACE('',#8902,1.05);
#8068=CYLINDRICAL_SURFACE('',#8906,2.5);
#8069=CYLINDRICAL_SURFACE('',#8910,2.5);
#8070=CYLINDRICAL_SURFACE('',#8914,2.50000000000002);
#8071=CYLINDRICAL_SURFACE('',#8918,2.5);
#8072=CYLINDRICAL_SURFACE('',#8922,3.);
#8073=CYLINDRICAL_SURFACE('',#8925,3.);
#8074=CYLINDRICAL_SURFACE('',#8928,3.);
#8075=CYLINDRICAL_SURFACE('',#8940,3.);
#8076=CYLINDRICAL_SURFACE('',#8943,3.);
#8077=CYLINDRICAL_SURFACE('',#8945,3.);
#8078=CYLINDRICAL_SURFACE('',#8947,3.);
#8079=CYLINDRICAL_SURFACE('',#8948,3.);
#8080=CYLINDRICAL_SURFACE('',#8950,3.);
#8081=CYLINDRICAL_SURFACE('',#8952,3.);
#8082=CYLINDRICAL_SURFACE('',#8953,3.);
#8083=CYLINDRICAL_SURFACE('',#8955,3.);
#8084=CYLINDRICAL_SURFACE('',#8956,3.);
#8085=CYLINDRICAL_SURFACE('',#8958,3.);
#8086=CYLINDRICAL_SURFACE('',#8960,3.);
#8087=CYLINDRICAL_SURFACE('',#8961,3.);
#8088=CYLINDRICAL_SURFACE('',#8963,3.);
#8089=CYLINDRICAL_SURFACE('',#9071,3.6206890804403);
#8090=CYLINDRICAL_SURFACE('',#9074,3.60555132919089);
#8091=CYLINDRICAL_SURFACE('',#9077,3.60555132919089);
#8092=CYLINDRICAL_SURFACE('',#9080,3.60555132919089);
#8093=CYLINDRICAL_SURFACE('',#9083,3.60555132919089);
#8094=CYLINDRICAL_SURFACE('',#9086,3.60555132919089);
#8095=CYLINDRICAL_SURFACE('',#9094,0.5);
#8096=CYLINDRICAL_SURFACE('',#9100,0.5);
#8097=CYLINDRICAL_SURFACE('',#9106,0.5);
#8098=CYLINDRICAL_SURFACE('',#9112,0.5);
#8099=CYLINDRICAL_SURFACE('',#9114,5.);
#8100=CYLINDRICAL_SURFACE('',#9117,5.);
#8101=CYLINDRICAL_SURFACE('',#9136,1.);
#8102=CYLINDRICAL_SURFACE('',#9141,1.);
#8103=CYLINDRICAL_SURFACE('',#9146,1.);
#8104=CYLINDRICAL_SURFACE('',#9151,1.);
#8105=CYLINDRICAL_SURFACE('',#9156,1.);
#8106=CYLINDRICAL_SURFACE('',#9161,1.);
#8107=CYLINDRICAL_SURFACE('',#9166,1.);
#8108=CYLINDRICAL_SURFACE('',#9171,1.);
#8109=CYLINDRICAL_SURFACE('',#9176,1.);
#8110=CYLINDRICAL_SURFACE('',#9181,1.);
#8111=CYLINDRICAL_SURFACE('',#9189,1.);
#8112=CYLINDRICAL_SURFACE('',#9190,3.);
#8113=CYLINDRICAL_SURFACE('',#9193,3.);
#8114=CYLINDRICAL_SURFACE('',#9196,3.);
#8115=CYLINDRICAL_SURFACE('',#9199,3.);
#8116=CYLINDRICAL_SURFACE('',#9202,3.);
#8117=CYLINDRICAL_SURFACE('',#9204,3.);
#8118=CYLINDRICAL_SURFACE('',#9207,3.);
#8119=CYLINDRICAL_SURFACE('',#9209,5.);
#8120=CYLINDRICAL_SURFACE('',#9213,5.);
#8121=CYLINDRICAL_SURFACE('',#9215,3.);
#8122=CYLINDRICAL_SURFACE('',#9218,3.);
#8123=CYLINDRICAL_SURFACE('',#9221,3.);
#8124=CYLINDRICAL_SURFACE('',#9224,3.);
#8125=CYLINDRICAL_SURFACE('',#9226,3.);
#8126=CYLINDRICAL_SURFACE('',#9236,3.);
#8127=CYLINDRICAL_SURFACE('',#9239,3.);
#8128=CYLINDRICAL_SURFACE('',#9243,3.);
#8129=CYLINDRICAL_SURFACE('',#9246,3.);
#8130=CYLINDRICAL_SURFACE('',#9250,3.);
#8131=CYLINDRICAL_SURFACE('',#9254,3.);
#8132=CYLINDRICAL_SURFACE('',#9258,3.);
#8133=CYLINDRICAL_SURFACE('',#9262,3.);
#8134=CYLINDRICAL_SURFACE('',#9266,3.);
#8135=CYLINDRICAL_SURFACE('',#9270,3.);
#8136=CYLINDRICAL_SURFACE('',#9274,3.);
#8137=CYLINDRICAL_SURFACE('',#9278,3.);
#8138=CYLINDRICAL_SURFACE('',#9281,1.);
#8139=CYLINDRICAL_SURFACE('',#9284,0.999999999999996);
#8140=CYLINDRICAL_SURFACE('',#9288,3.);
#8141=CYLINDRICAL_SURFACE('',#9291,3.);
#8142=CYLINDRICAL_SURFACE('',#9295,3.);
#8143=CYLINDRICAL_SURFACE('',#9299,3.);
#8144=CYLINDRICAL_SURFACE('',#9303,3.);
#8145=CYLINDRICAL_SURFACE('',#9307,3.);
#8146=CYLINDRICAL_SURFACE('',#9327,0.8115);
#8147=CYLINDRICAL_SURFACE('',#9329,0.8115);
#8148=CYLINDRICAL_SURFACE('',#9331,0.8115);
#8149=CYLINDRICAL_SURFACE('',#9333,0.8115);
#8150=CYLINDRICAL_SURFACE('',#9335,0.999999999999979);
#8151=CYLINDRICAL_SURFACE('',#9337,0.999999999999979);
#8152=CYLINDRICAL_SURFACE('',#9339,0.8115);
#8153=CYLINDRICAL_SURFACE('',#9341,0.8115);
#8154=CYLINDRICAL_SURFACE('',#9359,1.);
#8155=CYLINDRICAL_SURFACE('',#9361,1.00000000000001);
#8156=CYLINDRICAL_SURFACE('',#9364,3.);
#8157=CYLINDRICAL_SURFACE('',#9367,3.);
#8158=CYLINDRICAL_SURFACE('',#9370,3.);
#8159=CYLINDRICAL_SURFACE('',#9373,3.);
#8160=CYLINDRICAL_SURFACE('',#9376,3.);
#8161=CYLINDRICAL_SURFACE('',#9379,3.);
#8162=CYLINDRICAL_SURFACE('',#9387,1.);
#8163=CYLINDRICAL_SURFACE('',#9388,1.);
#8164=CYLINDRICAL_SURFACE('',#9393,1.);
#8165=CYLINDRICAL_SURFACE('',#9397,1.);
#8166=CYLINDRICAL_SURFACE('',#9401,1.);
#8167=CYLINDRICAL_SURFACE('',#9405,1.);
#8168=CYLINDRICAL_SURFACE('',#9409,1.);
#8169=CYLINDRICAL_SURFACE('',#9413,1.);
#8170=CYLINDRICAL_SURFACE('',#9417,1.);
#8171=CYLINDRICAL_SURFACE('',#9421,1.);
#8172=CYLINDRICAL_SURFACE('',#9425,1.);
#8173=CYLINDRICAL_SURFACE('',#9430,1.);
#8174=CYLINDRICAL_SURFACE('',#9434,1.);
#8175=CYLINDRICAL_SURFACE('',#9438,1.);
#8176=ADVANCED_FACE('',(#608),#8019,.F.);
#8177=ADVANCED_FACE('',(#609),#412,.F.);
#8178=ADVANCED_FACE('',(#610),#8020,.F.);
#8179=ADVANCED_FACE('',(#611),#413,.F.);
#8180=ADVANCED_FACE('',(#612),#414,.F.);
#8181=ADVANCED_FACE('',(#613),#8021,.F.);
#8182=ADVANCED_FACE('',(#614),#415,.F.);
#8183=ADVANCED_FACE('',(#615),#8022,.F.);
#8184=ADVANCED_FACE('',(#616),#416,.F.);
#8185=ADVANCED_FACE('',(#617),#8023,.F.);
#8186=ADVANCED_FACE('',(#618),#8024,.F.);
#8187=ADVANCED_FACE('',(#619),#8025,.F.);
#8188=ADVANCED_FACE('',(#620),#8026,.F.);
#8189=ADVANCED_FACE('',(#621),#8027,.F.);
#8190=ADVANCED_FACE('',(#622),#8028,.F.);
#8191=ADVANCED_FACE('',(#623),#8029,.F.);
#8192=ADVANCED_FACE('',(#624),#8030,.F.);
#8193=ADVANCED_FACE('',(#625),#8031,.F.);
#8194=ADVANCED_FACE('',(#626),#200,.T.);
#8195=ADVANCED_FACE('',(#627),#8032,.T.);
#8196=ADVANCED_FACE('',(#628),#201,.T.);
#8197=ADVANCED_FACE('',(#629),#8033,.T.);
#8198=ADVANCED_FACE('',(#630),#202,.T.);
#8199=ADVANCED_FACE('',(#631),#8034,.T.);
#8200=ADVANCED_FACE('',(#632),#203,.T.);
#8201=ADVANCED_FACE('',(#633),#8035,.T.);
#8202=ADVANCED_FACE('',(#634),#204,.T.);
#8203=ADVANCED_FACE('',(#635),#8036,.T.);
#8204=ADVANCED_FACE('',(#636),#205,.T.);
#8205=ADVANCED_FACE('',(#637),#8037,.T.);
#8206=ADVANCED_FACE('',(#638),#206,.T.);
#8207=ADVANCED_FACE('',(#639),#8038,.T.);
#8208=ADVANCED_FACE('',(#640),#207,.T.);
#8209=ADVANCED_FACE('',(#641),#8039,.T.);
#8210=ADVANCED_FACE('',(#642),#208,.T.);
#8211=ADVANCED_FACE('',(#643),#8040,.T.);
#8212=ADVANCED_FACE('',(#644),#209,.T.);
#8213=ADVANCED_FACE('',(#645),#8041,.T.);
#8214=ADVANCED_FACE('',(#646),#210,.T.);
#8215=ADVANCED_FACE('',(#647),#8042,.T.);
#8216=ADVANCED_FACE('',(#648),#211,.T.);
#8217=ADVANCED_FACE('',(#649),#212,.T.);
#8218=ADVANCED_FACE('',(#650),#8043,.T.);
#8219=ADVANCED_FACE('',(#651),#213,.T.);
#8220=ADVANCED_FACE('',(#652),#8044,.T.);
#8221=ADVANCED_FACE('',(#653),#8045,.T.);
#8222=ADVANCED_FACE('',(#654),#196,.T.);
#8223=ADVANCED_FACE('',(#655),#197,.T.);
#8224=ADVANCED_FACE('',(#656),#8046,.T.);
#8225=ADVANCED_FACE('',(#657),#417,.T.);
#8226=ADVANCED_FACE('',(#658),#8047,.F.);
#8227=ADVANCED_FACE('',(#659),#418,.T.);
#8228=ADVANCED_FACE('',(#660),#8048,.T.);
#8229=ADVANCED_FACE('',(#661),#419,.T.);
#8230=ADVANCED_FACE('',(#662),#8049,.F.);
#8231=ADVANCED_FACE('',(#663),#420,.T.);
#8232=ADVANCED_FACE('',(#664),#8050,.T.);
#8233=ADVANCED_FACE('',(#665),#421,.T.);
#8234=ADVANCED_FACE('',(#666),#8051,.T.);
#8235=ADVANCED_FACE('',(#667),#422,.T.);
#8236=ADVANCED_FACE('',(#668),#8052,.F.);
#8237=ADVANCED_FACE('',(#669),#8053,.T.);
#8238=ADVANCED_FACE('',(#670,#112),#423,.T.);
#8239=ADVANCED_FACE('',(#671),#424,.F.);
#8240=ADVANCED_FACE('',(#672),#8054,.F.);
#8241=ADVANCED_FACE('',(#673),#425,.T.);
#8242=ADVANCED_FACE('',(#674),#8055,.F.);
#8243=ADVANCED_FACE('',(#675),#426,.T.);
#8244=ADVANCED_FACE('',(#676),#8056,.F.);
#8245=ADVANCED_FACE('',(#677),#427,.T.);
#8246=ADVANCED_FACE('',(#678),#8057,.F.);
#8247=ADVANCED_FACE('',(#679),#428,.T.);
#8248=ADVANCED_FACE('',(#680),#8058,.F.);
#8249=ADVANCED_FACE('',(#681),#429,.T.);
#8250=ADVANCED_FACE('',(#682),#8059,.F.);
#8251=ADVANCED_FACE('',(#683),#430,.T.);
#8252=ADVANCED_FACE('',(#684),#8060,.F.);
#8253=ADVANCED_FACE('',(#685),#431,.T.);
#8254=ADVANCED_FACE('',(#686),#8061,.F.);
#8255=ADVANCED_FACE('',(#687),#432,.T.);
#8256=ADVANCED_FACE('',(#688),#8062,.T.);
#8257=ADVANCED_FACE('',(#689,#113,#114,#115,#116,#117,#118,#119,#120,#121),
#433,.T.);
#8258=ADVANCED_FACE('',(#690),#8063,.F.);
#8259=ADVANCED_FACE('',(#691),#434,.T.);
#8260=ADVANCED_FACE('',(#692),#8064,.F.);
#8261=ADVANCED_FACE('',(#693),#435,.T.);
#8262=ADVANCED_FACE('',(#694),#8065,.F.);
#8263=ADVANCED_FACE('',(#695),#436,.T.);
#8264=ADVANCED_FACE('',(#696),#8066,.F.);
#8265=ADVANCED_FACE('',(#697),#437,.T.);
#8266=ADVANCED_FACE('',(#698),#8067,.F.);
#8267=ADVANCED_FACE('',(#699),#438,.T.);
#8268=ADVANCED_FACE('',(#700),#8068,.T.);
#8269=ADVANCED_FACE('',(#701,#122),#439,.T.);
#8270=ADVANCED_FACE('',(#702),#8069,.T.);
#8271=ADVANCED_FACE('',(#703,#123),#440,.T.);
#8272=ADVANCED_FACE('',(#704),#8070,.T.);
#8273=ADVANCED_FACE('',(#705,#124),#441,.T.);
#8274=ADVANCED_FACE('',(#706),#8071,.T.);
#8275=ADVANCED_FACE('',(#707,#125),#442,.T.);
#8276=ADVANCED_FACE('',(#708),#8072,.F.);
#8277=ADVANCED_FACE('',(#709),#443,.F.);
#8278=ADVANCED_FACE('',(#710),#8073,.F.);
#8279=ADVANCED_FACE('',(#711),#444,.F.);
#8280=ADVANCED_FACE('',(#712),#8074,.F.);
#8281=ADVANCED_FACE('',(#713,#126,#127,#128,#129,#130,#131,#132),#445,.F.);
#8282=ADVANCED_FACE('',(#714,#133,#134,#135,#136),#446,.F.);
#8283=ADVANCED_FACE('',(#715),#8075,.T.);
#8284=ADVANCED_FACE('',(#716),#447,.F.);
#8285=ADVANCED_FACE('',(#717),#448,.F.);
#8286=ADVANCED_FACE('',(#718),#8076,.T.);
#8287=ADVANCED_FACE('',(#719),#449,.F.);
#8288=ADVANCED_FACE('',(#720),#8077,.F.);
#8289=ADVANCED_FACE('',(#721),#450,.F.);
#8290=ADVANCED_FACE('',(#722),#8078,.T.);
#8291=ADVANCED_FACE('',(#723),#8079,.T.);
#8292=ADVANCED_FACE('',(#724,#137,#138,#139,#140,#141,#142,#143,#144),#451,
 .T.);
#8293=ADVANCED_FACE('',(#725),#8080,.F.);
#8294=ADVANCED_FACE('',(#726),#452,.T.);
#8295=ADVANCED_FACE('',(#727),#8081,.T.);
#8296=ADVANCED_FACE('',(#728),#8082,.T.);
#8297=ADVANCED_FACE('',(#729),#453,.T.);
#8298=ADVANCED_FACE('',(#730),#8083,.F.);
#8299=ADVANCED_FACE('',(#731),#8084,.T.);
#8300=ADVANCED_FACE('',(#732),#454,.F.);
#8301=ADVANCED_FACE('',(#733),#8085,.F.);
#8302=ADVANCED_FACE('',(#734),#455,.F.);
#8303=ADVANCED_FACE('',(#735),#8086,.T.);
#8304=ADVANCED_FACE('',(#736),#8087,.F.);
#8305=ADVANCED_FACE('',(#737),#456,.F.);
#8306=ADVANCED_FACE('',(#738),#8088,.F.);
#8307=ADVANCED_FACE('',(#739),#457,.F.);
#8308=ADVANCED_FACE('',(#740),#458,.T.);
#8309=ADVANCED_FACE('',(#741),#459,.T.);
#8310=ADVANCED_FACE('',(#742),#460,.T.);
#8311=ADVANCED_FACE('',(#743),#18,.F.);
#8312=ADVANCED_FACE('',(#744),#19,.F.);
#8313=ADVANCED_FACE('',(#745),#20,.F.);
#8314=ADVANCED_FACE('',(#746),#21,.F.);
#8315=ADVANCED_FACE('',(#747),#22,.F.);
#8316=ADVANCED_FACE('',(#748),#23,.F.);
#8317=ADVANCED_FACE('',(#749),#24,.F.);
#8318=ADVANCED_FACE('',(#750),#25,.F.);
#8319=ADVANCED_FACE('',(#751),#461,.F.);
#8320=ADVANCED_FACE('',(#752),#26,.F.);
#8321=ADVANCED_FACE('',(#753),#27,.F.);
#8322=ADVANCED_FACE('',(#754),#28,.F.);
#8323=ADVANCED_FACE('',(#755),#29,.F.);
#8324=ADVANCED_FACE('',(#756),#30,.F.);
#8325=ADVANCED_FACE('',(#757),#31,.F.);
#8326=ADVANCED_FACE('',(#758),#32,.F.);
#8327=ADVANCED_FACE('',(#759),#33,.F.);
#8328=ADVANCED_FACE('',(#760),#34,.F.);
#8329=ADVANCED_FACE('',(#761),#35,.F.);
#8330=ADVANCED_FACE('',(#762),#462,.F.);
#8331=ADVANCED_FACE('',(#763),#36,.F.);
#8332=ADVANCED_FACE('',(#764),#463,.T.);
#8333=ADVANCED_FACE('',(#765),#464,.F.);
#8334=ADVANCED_FACE('',(#766),#465,.F.);
#8335=ADVANCED_FACE('',(#767),#466,.F.);
#8336=ADVANCED_FACE('',(#768),#467,.F.);
#8337=ADVANCED_FACE('',(#769),#468,.F.);
#8338=ADVANCED_FACE('',(#770),#469,.F.);
#8339=ADVANCED_FACE('',(#771),#470,.F.);
#8340=ADVANCED_FACE('',(#772),#471,.F.);
#8341=ADVANCED_FACE('',(#773),#472,.F.);
#8342=ADVANCED_FACE('',(#774),#473,.F.);
#8343=ADVANCED_FACE('',(#775),#474,.F.);
#8344=ADVANCED_FACE('',(#776),#37,.F.);
#8345=ADVANCED_FACE('',(#777),#38,.F.);
#8346=ADVANCED_FACE('',(#778),#39,.F.);
#8347=ADVANCED_FACE('',(#779),#475,.F.);
#8348=ADVANCED_FACE('',(#780),#40,.F.);
#8349=ADVANCED_FACE('',(#781),#41,.F.);
#8350=ADVANCED_FACE('',(#782),#42,.F.);
#8351=ADVANCED_FACE('',(#783),#43,.F.);
#8352=ADVANCED_FACE('',(#784),#476,.F.);
#8353=ADVANCED_FACE('',(#785),#477,.T.);
#8354=ADVANCED_FACE('',(#786),#478,.F.);
#8355=ADVANCED_FACE('',(#787),#44,.F.);
#8356=ADVANCED_FACE('',(#788),#45,.F.);
#8357=ADVANCED_FACE('',(#789),#46,.F.);
#8358=ADVANCED_FACE('',(#790),#47,.F.);
#8359=ADVANCED_FACE('',(#791),#48,.F.);
#8360=ADVANCED_FACE('',(#792),#479,.F.);
#8361=ADVANCED_FACE('',(#793),#480,.F.);
#8362=ADVANCED_FACE('',(#794),#481,.F.);
#8363=ADVANCED_FACE('',(#795),#482,.F.);
#8364=ADVANCED_FACE('',(#796),#49,.F.);
#8365=ADVANCED_FACE('',(#797),#50,.F.);
#8366=ADVANCED_FACE('',(#798),#483,.F.);
#8367=ADVANCED_FACE('',(#799),#484,.F.);
#8368=ADVANCED_FACE('',(#800),#485,.F.);
#8369=ADVANCED_FACE('',(#801),#51,.F.);
#8370=ADVANCED_FACE('',(#802),#52,.F.);
#8371=ADVANCED_FACE('',(#803),#53,.F.);
#8372=ADVANCED_FACE('',(#804),#54,.F.);
#8373=ADVANCED_FACE('',(#805),#55,.F.);
#8374=ADVANCED_FACE('',(#806),#56,.F.);
#8375=ADVANCED_FACE('',(#807),#57,.F.);
#8376=ADVANCED_FACE('',(#808),#58,.F.);
#8377=ADVANCED_FACE('',(#809),#59,.F.);
#8378=ADVANCED_FACE('',(#810),#486,.F.);
#8379=ADVANCED_FACE('',(#811),#487,.F.);
#8380=ADVANCED_FACE('',(#812),#488,.F.);
#8381=ADVANCED_FACE('',(#813,#145),#489,.T.);
#8382=ADVANCED_FACE('',(#814),#60,.F.);
#8383=ADVANCED_FACE('',(#815),#61,.F.);
#8384=ADVANCED_FACE('',(#816),#62,.F.);
#8385=ADVANCED_FACE('',(#817),#490,.F.);
#8386=ADVANCED_FACE('',(#818),#63,.F.);
#8387=ADVANCED_FACE('',(#819),#64,.F.);
#8388=ADVANCED_FACE('',(#820),#65,.F.);
#8389=ADVANCED_FACE('',(#821),#66,.F.);
#8390=ADVANCED_FACE('',(#822),#491,.F.);
#8391=ADVANCED_FACE('',(#823),#492,.T.);
#8392=ADVANCED_FACE('',(#824),#67,.F.);
#8393=ADVANCED_FACE('',(#825),#68,.F.);
#8394=ADVANCED_FACE('',(#826),#69,.F.);
#8395=ADVANCED_FACE('',(#827),#493,.F.);
#8396=ADVANCED_FACE('',(#828),#70,.F.);
#8397=ADVANCED_FACE('',(#829),#71,.F.);
#8398=ADVANCED_FACE('',(#830),#72,.F.);
#8399=ADVANCED_FACE('',(#831),#73,.F.);
#8400=ADVANCED_FACE('',(#832),#494,.F.);
#8401=ADVANCED_FACE('',(#833),#495,.T.);
#8402=ADVANCED_FACE('',(#834),#496,.F.);
#8403=ADVANCED_FACE('',(#835),#497,.F.);
#8404=ADVANCED_FACE('',(#836),#498,.F.);
#8405=ADVANCED_FACE('',(#837),#499,.F.);
#8406=ADVANCED_FACE('',(#838),#500,.F.);
#8407=ADVANCED_FACE('',(#839),#501,.F.);
#8408=ADVANCED_FACE('',(#840),#502,.F.);
#8409=ADVANCED_FACE('',(#841),#503,.F.);
#8410=ADVANCED_FACE('',(#842),#504,.F.);
#8411=ADVANCED_FACE('',(#843),#505,.F.);
#8412=ADVANCED_FACE('',(#844),#506,.F.);
#8413=ADVANCED_FACE('',(#845),#507,.F.);
#8414=ADVANCED_FACE('',(#846),#508,.F.);
#8415=ADVANCED_FACE('',(#847),#509,.F.);
#8416=ADVANCED_FACE('',(#848),#510,.F.);
#8417=ADVANCED_FACE('',(#849),#511,.F.);
#8418=ADVANCED_FACE('',(#850),#512,.F.);
#8419=ADVANCED_FACE('',(#851),#513,.F.);
#8420=ADVANCED_FACE('',(#852),#514,.F.);
#8421=ADVANCED_FACE('',(#853),#515,.F.);
#8422=ADVANCED_FACE('',(#854),#516,.F.);
#8423=ADVANCED_FACE('',(#855),#517,.F.);
#8424=ADVANCED_FACE('',(#856),#518,.F.);
#8425=ADVANCED_FACE('',(#857),#519,.F.);
#8426=ADVANCED_FACE('',(#858),#520,.F.);
#8427=ADVANCED_FACE('',(#859),#521,.F.);
#8428=ADVANCED_FACE('',(#860),#522,.F.);
#8429=ADVANCED_FACE('',(#861),#523,.F.);
#8430=ADVANCED_FACE('',(#862),#524,.F.);
#8431=ADVANCED_FACE('',(#863),#525,.F.);
#8432=ADVANCED_FACE('',(#864),#526,.F.);
#8433=ADVANCED_FACE('',(#865),#527,.F.);
#8434=ADVANCED_FACE('',(#866),#528,.F.);
#8435=ADVANCED_FACE('',(#867),#529,.F.);
#8436=ADVANCED_FACE('',(#868),#530,.F.);
#8437=ADVANCED_FACE('',(#869),#531,.F.);
#8438=ADVANCED_FACE('',(#870),#532,.F.);
#8439=ADVANCED_FACE('',(#871),#533,.F.);
#8440=ADVANCED_FACE('',(#872),#534,.F.);
#8441=ADVANCED_FACE('',(#873),#535,.F.);
#8442=ADVANCED_FACE('',(#874),#536,.F.);
#8443=ADVANCED_FACE('',(#875),#537,.F.);
#8444=ADVANCED_FACE('',(#876),#538,.F.);
#8445=ADVANCED_FACE('',(#877),#539,.F.);
#8446=ADVANCED_FACE('',(#878),#540,.F.);
#8447=ADVANCED_FACE('',(#879),#541,.F.);
#8448=ADVANCED_FACE('',(#880),#542,.F.);
#8449=ADVANCED_FACE('',(#881),#543,.F.);
#8450=ADVANCED_FACE('',(#882),#544,.F.);
#8451=ADVANCED_FACE('',(#883),#545,.F.);
#8452=ADVANCED_FACE('',(#884,#146),#546,.F.);
#8453=ADVANCED_FACE('',(#885),#74,.F.);
#8454=ADVANCED_FACE('',(#886),#75,.F.);
#8455=ADVANCED_FACE('',(#887),#76,.F.);
#8456=ADVANCED_FACE('',(#888),#77,.F.);
#8457=ADVANCED_FACE('',(#889),#78,.F.);
#8458=ADVANCED_FACE('',(#890),#79,.F.);
#8459=ADVANCED_FACE('',(#891),#80,.F.);
#8460=ADVANCED_FACE('',(#892),#81,.F.);
#8461=ADVANCED_FACE('',(#893),#82,.F.);
#8462=ADVANCED_FACE('',(#894),#83,.F.);
#8463=ADVANCED_FACE('',(#895),#84,.F.);
#8464=ADVANCED_FACE('',(#896),#85,.F.);
#8465=ADVANCED_FACE('',(#897),#86,.F.);
#8466=ADVANCED_FACE('',(#898),#547,.F.);
#8467=ADVANCED_FACE('',(#899),#87,.F.);
#8468=ADVANCED_FACE('',(#900),#88,.F.);
#8469=ADVANCED_FACE('',(#901),#89,.F.);
#8470=ADVANCED_FACE('',(#902),#90,.F.);
#8471=ADVANCED_FACE('',(#903),#91,.F.);
#8472=ADVANCED_FACE('',(#904),#92,.F.);
#8473=ADVANCED_FACE('',(#905),#93,.F.);
#8474=ADVANCED_FACE('',(#906),#94,.F.);
#8475=ADVANCED_FACE('',(#907),#95,.F.);
#8476=ADVANCED_FACE('',(#908),#96,.F.);
#8477=ADVANCED_FACE('',(#909),#97,.F.);
#8478=ADVANCED_FACE('',(#910),#98,.F.);
#8479=ADVANCED_FACE('',(#911),#99,.F.);
#8480=ADVANCED_FACE('',(#912),#548,.F.);
#8481=ADVANCED_FACE('',(#913),#100,.F.);
#8482=ADVANCED_FACE('',(#914),#549,.T.);
#8483=ADVANCED_FACE('',(#915),#550,.T.);
#8484=ADVANCED_FACE('',(#916),#551,.T.);
#8485=ADVANCED_FACE('',(#917),#552,.F.);
#8486=ADVANCED_FACE('',(#918),#553,.F.);
#8487=ADVANCED_FACE('',(#919),#554,.F.);
#8488=ADVANCED_FACE('',(#920),#555,.F.);
#8489=ADVANCED_FACE('',(#921),#556,.F.);
#8490=ADVANCED_FACE('',(#922),#557,.F.);
#8491=ADVANCED_FACE('',(#923),#558,.F.);
#8492=ADVANCED_FACE('',(#924),#559,.F.);
#8493=ADVANCED_FACE('',(#925),#560,.F.);
#8494=ADVANCED_FACE('',(#926),#561,.F.);
#8495=ADVANCED_FACE('',(#927),#562,.F.);
#8496=ADVANCED_FACE('',(#928),#563,.F.);
#8497=ADVANCED_FACE('',(#929),#8089,.F.);
#8498=ADVANCED_FACE('',(#930),#8090,.F.);
#8499=ADVANCED_FACE('',(#931),#8091,.F.);
#8500=ADVANCED_FACE('',(#932),#8092,.F.);
#8501=ADVANCED_FACE('',(#933),#8093,.F.);
#8502=ADVANCED_FACE('',(#934),#8094,.F.);
#8503=ADVANCED_FACE('',(#935),#214,.T.);
#8504=ADVANCED_FACE('',(#936),#8095,.T.);
#8505=ADVANCED_FACE('',(#937),#215,.T.);
#8506=ADVANCED_FACE('',(#938),#8096,.T.);
#8507=ADVANCED_FACE('',(#939),#216,.T.);
#8508=ADVANCED_FACE('',(#940),#8097,.T.);
#8509=ADVANCED_FACE('',(#941),#217,.T.);
#8510=ADVANCED_FACE('',(#942),#8098,.T.);
#8511=ADVANCED_FACE('',(#943),#564,.F.);
#8512=ADVANCED_FACE('',(#944),#8099,.F.);
#8513=ADVANCED_FACE('',(#945),#565,.F.);
#8514=ADVANCED_FACE('',(#946),#8100,.F.);
#8515=ADVANCED_FACE('',(#947,#147,#148,#149,#150,#151,#152,#153,#154,#155,
#156,#157,#158,#159,#160,#161,#162,#163,#164,#165,#166,#167),#566,.T.);
#8516=ADVANCED_FACE('',(#948),#218,.T.);
#8517=ADVANCED_FACE('',(#949),#8101,.T.);
#8518=ADVANCED_FACE('',(#950),#219,.T.);
#8519=ADVANCED_FACE('',(#951),#8102,.T.);
#8520=ADVANCED_FACE('',(#952),#220,.T.);
#8521=ADVANCED_FACE('',(#953),#8103,.T.);
#8522=ADVANCED_FACE('',(#954),#221,.T.);
#8523=ADVANCED_FACE('',(#955),#8104,.T.);
#8524=ADVANCED_FACE('',(#956),#222,.T.);
#8525=ADVANCED_FACE('',(#957),#8105,.T.);
#8526=ADVANCED_FACE('',(#958),#223,.T.);
#8527=ADVANCED_FACE('',(#959),#8106,.T.);
#8528=ADVANCED_FACE('',(#960),#224,.T.);
#8529=ADVANCED_FACE('',(#961),#8107,.T.);
#8530=ADVANCED_FACE('',(#962),#225,.T.);
#8531=ADVANCED_FACE('',(#963),#8108,.T.);
#8532=ADVANCED_FACE('',(#964),#226,.T.);
#8533=ADVANCED_FACE('',(#965),#8109,.T.);
#8534=ADVANCED_FACE('',(#966),#227,.T.);
#8535=ADVANCED_FACE('',(#967),#8110,.T.);
#8536=ADVANCED_FACE('',(#968),#228,.T.);
#8537=ADVANCED_FACE('',(#969),#229,.T.);
#8538=ADVANCED_FACE('',(#970),#8111,.T.);
#8539=ADVANCED_FACE('',(#971),#8112,.T.);
#8540=ADVANCED_FACE('',(#972),#567,.T.);
#8541=ADVANCED_FACE('',(#973),#8113,.F.);
#8542=ADVANCED_FACE('',(#974),#568,.T.);
#8543=ADVANCED_FACE('',(#975),#8114,.T.);
#8544=ADVANCED_FACE('',(#976),#569,.T.);
#8545=ADVANCED_FACE('',(#977),#8115,.T.);
#8546=ADVANCED_FACE('',(#978),#570,.T.);
#8547=ADVANCED_FACE('',(#979),#8116,.F.);
#8548=ADVANCED_FACE('',(#980),#8117,.T.);
#8549=ADVANCED_FACE('',(#981),#571,.T.);
#8550=ADVANCED_FACE('',(#982),#8118,.T.);
#8551=ADVANCED_FACE('',(#983),#8119,.F.);
#8552=ADVANCED_FACE('',(#984),#572,.F.);
#8553=ADVANCED_FACE('',(#985),#573,.F.);
#8554=ADVANCED_FACE('',(#986),#8120,.F.);
#8555=ADVANCED_FACE('',(#987),#8121,.F.);
#8556=ADVANCED_FACE('',(#988),#574,.T.);
#8557=ADVANCED_FACE('',(#989),#8122,.T.);
#8558=ADVANCED_FACE('',(#990),#575,.T.);
#8559=ADVANCED_FACE('',(#991),#8123,.T.);
#8560=ADVANCED_FACE('',(#992),#576,.T.);
#8561=ADVANCED_FACE('',(#993),#8124,.T.);
#8562=ADVANCED_FACE('',(#994),#8125,.F.);
#8563=ADVANCED_FACE('',(#995),#577,.T.);
#8564=ADVANCED_FACE('',(#996),#578,.T.);
#8565=ADVANCED_FACE('',(#997),#579,.T.);
#8566=ADVANCED_FACE('',(#998,#168,#169,#170,#171,#172,#173,#174,#175,#176,
#177),#580,.F.);
#8567=ADVANCED_FACE('',(#999),#581,.T.);
#8568=ADVANCED_FACE('',(#1000),#582,.T.);
#8569=ADVANCED_FACE('',(#1001),#583,.T.);
#8570=ADVANCED_FACE('',(#1002),#584,.T.);
#8571=ADVANCED_FACE('',(#1003),#8126,.F.);
#8572=ADVANCED_FACE('',(#1004),#8127,.T.);
#8573=ADVANCED_FACE('',(#1005),#585,.T.);
#8574=ADVANCED_FACE('',(#1006),#8128,.F.);
#8575=ADVANCED_FACE('',(#1007),#8129,.F.);
#8576=ADVANCED_FACE('',(#1008),#586,.T.);
#8577=ADVANCED_FACE('',(#1009),#8130,.T.);
#8578=ADVANCED_FACE('',(#1010),#587,.T.);
#8579=ADVANCED_FACE('',(#1011),#8131,.T.);
#8580=ADVANCED_FACE('',(#1012),#588,.T.);
#8581=ADVANCED_FACE('',(#1013),#8132,.T.);
#8582=ADVANCED_FACE('',(#1014),#589,.T.);
#8583=ADVANCED_FACE('',(#1015),#8133,.F.);
#8584=ADVANCED_FACE('',(#1016),#590,.T.);
#8585=ADVANCED_FACE('',(#1017),#8134,.F.);
#8586=ADVANCED_FACE('',(#1018),#591,.T.);
#8587=ADVANCED_FACE('',(#1019),#8135,.F.);
#8588=ADVANCED_FACE('',(#1020),#592,.T.);
#8589=ADVANCED_FACE('',(#1021),#8136,.F.);
#8590=ADVANCED_FACE('',(#1022),#593,.T.);
#8591=ADVANCED_FACE('',(#1023),#8137,.T.);
#8592=ADVANCED_FACE('',(#1024),#8138,.F.);
#8593=ADVANCED_FACE('',(#1025),#8139,.T.);
#8594=ADVANCED_FACE('',(#1026),#594,.T.);
#8595=ADVANCED_FACE('',(#1027),#8140,.T.);
#8596=ADVANCED_FACE('',(#1028),#8141,.T.);
#8597=ADVANCED_FACE('',(#1029),#595,.T.);
#8598=ADVANCED_FACE('',(#1030),#8142,.F.);
#8599=ADVANCED_FACE('',(#1031),#596,.T.);
#8600=ADVANCED_FACE('',(#1032),#8143,.F.);
#8601=ADVANCED_FACE('',(#1033),#597,.T.);
#8602=ADVANCED_FACE('',(#1034),#8144,.F.);
#8603=ADVANCED_FACE('',(#1035),#598,.T.);
#8604=ADVANCED_FACE('',(#1036),#8145,.T.);
#8605=ADVANCED_FACE('',(#1037,#178,#179,#180,#181,#182,#183,#184,#185,#186),
#599,.F.);
#8606=ADVANCED_FACE('',(#1038),#8146,.F.);
#8607=ADVANCED_FACE('',(#1039),#8147,.F.);
#8608=ADVANCED_FACE('',(#1040),#8148,.F.);
#8609=ADVANCED_FACE('',(#1041),#8149,.F.);
#8610=ADVANCED_FACE('',(#1042),#8150,.F.);
#8611=ADVANCED_FACE('',(#1043),#8151,.F.);
#8612=ADVANCED_FACE('',(#1044),#8152,.F.);
#8613=ADVANCED_FACE('',(#1045),#8153,.F.);
#8614=ADVANCED_FACE('',(#1046,#187,#188,#189,#190,#191,#192,#193,#194,#195),
#600,.T.);
#8615=ADVANCED_FACE('',(#1047),#601,.T.);
#8616=ADVANCED_FACE('',(#1048),#8154,.T.);
#8617=ADVANCED_FACE('',(#1049),#8155,.F.);
#8618=ADVANCED_FACE('',(#1050),#602,.T.);
#8619=ADVANCED_FACE('',(#1051),#8156,.F.);
#8620=ADVANCED_FACE('',(#1052),#603,.T.);
#8621=ADVANCED_FACE('',(#1053),#8157,.T.);
#8622=ADVANCED_FACE('',(#1054),#604,.T.);
#8623=ADVANCED_FACE('',(#1055),#8158,.T.);
#8624=ADVANCED_FACE('',(#1056),#605,.T.);
#8625=ADVANCED_FACE('',(#1057),#8159,.T.);
#8626=ADVANCED_FACE('',(#1058),#606,.T.);
#8627=ADVANCED_FACE('',(#1059),#8160,.F.);
#8628=ADVANCED_FACE('',(#1060),#607,.T.);
#8629=ADVANCED_FACE('',(#1061),#8161,.T.);
#8630=ADVANCED_FACE('',(#1062),#198,.T.);
#8631=ADVANCED_FACE('',(#1063),#199,.T.);
#8632=ADVANCED_FACE('',(#1064),#8162,.T.);
#8633=ADVANCED_FACE('',(#1065),#8163,.T.);
#8634=ADVANCED_FACE('',(#1066),#230,.T.);
#8635=ADVANCED_FACE('',(#1067),#8164,.T.);
#8636=ADVANCED_FACE('',(#1068),#231,.T.);
#8637=ADVANCED_FACE('',(#1069),#8165,.T.);
#8638=ADVANCED_FACE('',(#1070),#232,.T.);
#8639=ADVANCED_FACE('',(#1071),#8166,.T.);
#8640=ADVANCED_FACE('',(#1072),#233,.T.);
#8641=ADVANCED_FACE('',(#1073),#8167,.T.);
#8642=ADVANCED_FACE('',(#1074),#234,.T.);
#8643=ADVANCED_FACE('',(#1075),#8168,.T.);
#8644=ADVANCED_FACE('',(#1076),#235,.T.);
#8645=ADVANCED_FACE('',(#1077),#8169,.T.);
#8646=ADVANCED_FACE('',(#1078),#236,.T.);
#8647=ADVANCED_FACE('',(#1079),#8170,.T.);
#8648=ADVANCED_FACE('',(#1080),#237,.T.);
#8649=ADVANCED_FACE('',(#1081),#8171,.T.);
#8650=ADVANCED_FACE('',(#1082),#238,.T.);
#8651=ADVANCED_FACE('',(#1083),#8172,.T.);
#8652=ADVANCED_FACE('',(#1084),#239,.T.);
#8653=ADVANCED_FACE('',(#1085),#240,.T.);
#8654=ADVANCED_FACE('',(#1086),#8173,.T.);
#8655=ADVANCED_FACE('',(#1087),#241,.T.);
#8656=ADVANCED_FACE('',(#1088),#8174,.T.);
#8657=ADVANCED_FACE('',(#1089),#242,.T.);
#8658=ADVANCED_FACE('',(#1090),#8175,.T.);
#8659=ADVANCED_FACE('',(#1091),#243,.T.);
#8660=CLOSED_SHELL('',(#8176,#8177,#8178,#8179,#8180,#8181,#8182,#8183,
#8184,#8185,#8186,#8187,#8188,#8189,#8190,#8191,#8192,#8193,#8194,#8195,
#8196,#8197,#8198,#8199,#8200,#8201,#8202,#8203,#8204,#8205,#8206,#8207,
#8208,#8209,#8210,#8211,#8212,#8213,#8214,#8215,#8216,#8217,#8218,#8219,
#8220,#8221,#8222,#8223,#8224,#8225,#8226,#8227,#8228,#8229,#8230,#8231,
#8232,#8233,#8234,#8235,#8236,#8237,#8238,#8239,#8240,#8241,#8242,#8243,
#8244,#8245,#8246,#8247,#8248,#8249,#8250,#8251,#8252,#8253,#8254,#8255,
#8256,#8257,#8258,#8259,#8260,#8261,#8262,#8263,#8264,#8265,#8266,#8267,
#8268,#8269,#8270,#8271,#8272,#8273,#8274,#8275,#8276,#8277,#8278,#8279,
#8280,#8281,#8282,#8283,#8284,#8285,#8286,#8287,#8288,#8289,#8290,#8291,
#8292,#8293,#8294,#8295,#8296,#8297,#8298,#8299,#8300,#8301,#8302,#8303,
#8304,#8305,#8306,#8307,#8308,#8309,#8310));
#8661=CLOSED_SHELL('',(#8311,#8312,#8313,#8314,#8315,#8316,#8317,#8318,
#8319,#8320,#8321,#8322,#8323,#8324,#8325,#8326,#8327,#8328,#8329,#8330,
#8331,#8332,#8333,#8334,#8335,#8336,#8337,#8338,#8339,#8340,#8341,#8342,
#8343,#8344,#8345,#8346,#8347,#8348,#8349,#8350,#8351,#8352,#8353,#8354,
#8355,#8356,#8357,#8358,#8359,#8360,#8361,#8362,#8363,#8364,#8365,#8366,
#8367,#8368,#8369,#8370,#8371,#8372,#8373,#8374,#8375,#8376,#8377,#8378,
#8379,#8380,#8381,#8382,#8383,#8384,#8385,#8386,#8387,#8388,#8389,#8390,
#8391,#8392,#8393,#8394,#8395,#8396,#8397,#8398,#8399,#8400,#8401,#8402,
#8403,#8404,#8405,#8406,#8407,#8408,#8409,#8410,#8411,#8412,#8413,#8414,
#8415,#8416,#8417,#8418,#8419,#8420,#8421,#8422,#8423,#8424,#8425,#8426,
#8427,#8428,#8429,#8430,#8431,#8432,#8433,#8434,#8435,#8436,#8437,#8438,
#8439,#8440,#8441,#8442,#8443,#8444,#8445,#8446,#8447,#8448,#8449,#8450,
#8451,#8452,#8453,#8454,#8455,#8456,#8457,#8458,#8459,#8460,#8461,#8462,
#8463,#8464,#8465,#8466,#8467,#8468,#8469,#8470,#8471,#8472,#8473,#8474,
#8475,#8476,#8477,#8478,#8479,#8480,#8481,#8482,#8483,#8484,#8485,#8486,
#8487,#8488,#8489,#8490,#8491,#8492,#8493,#8494,#8495,#8496,#8497,#8498,
#8499,#8500,#8501,#8502,#8503,#8504,#8505,#8506,#8507,#8508,#8509,#8510,
#8511,#8512,#8513,#8514,#8515,#8516,#8517,#8518,#8519,#8520,#8521,#8522,
#8523,#8524,#8525,#8526,#8527,#8528,#8529,#8530,#8531,#8532,#8533,#8534,
#8535,#8536,#8537,#8538,#8539,#8540,#8541,#8542,#8543,#8544,#8545,#8546,
#8547,#8548,#8549,#8550,#8551,#8552,#8553,#8554,#8555,#8556,#8557,#8558,
#8559,#8560,#8561,#8562,#8563,#8564,#8565,#8566));
#8662=CLOSED_SHELL('',(#8567,#8568,#8569,#8570,#8571,#8572,#8573,#8574,
#8575,#8576,#8577,#8578,#8579,#8580,#8581,#8582,#8583,#8584,#8585,#8586,
#8587,#8588,#8589,#8590,#8591,#8592,#8593,#8594,#8595,#8596,#8597,#8598,
#8599,#8600,#8601,#8602,#8603,#8604,#8605,#8606,#8607,#8608,#8609,#8610,
#8611,#8612,#8613,#8614,#8615,#8616,#8617,#8618,#8619,#8620,#8621,#8622,
#8623,#8624,#8625,#8626,#8627,#8628,#8629,#8630,#8631,#8632,#8633,#8634,
#8635,#8636,#8637,#8638,#8639,#8640,#8641,#8642,#8643,#8644,#8645,#8646,
#8647,#8648,#8649,#8650,#8651,#8652,#8653,#8654,#8655,#8656,#8657,#8658,
#8659));
#8663=DERIVED_UNIT_ELEMENT(#8665,1.);
#8664=DERIVED_UNIT_ELEMENT(#15665,-3.);
#8665=(
MASS_UNIT()
NAMED_UNIT(*)
SI_UNIT(.KILO.,.GRAM.)
);
#8666=DERIVED_UNIT((#8663,#8664));
#8667=MEASURE_REPRESENTATION_ITEM('density measure',
POSITIVE_RATIO_MEASURE(7850.),#8666);
#8668=PROPERTY_DEFINITION_REPRESENTATION(#8673,#8670);
#8669=PROPERTY_DEFINITION_REPRESENTATION(#8674,#8671);
#8670=REPRESENTATION('material name',(#8672),#15662);
#8671=REPRESENTATION('density',(#8667),#15662);
#8672=DESCRIPTIVE_REPRESENTATION_ITEM('Steel','Steel');
#8673=PROPERTY_DEFINITION('material property','material name',#15677);
#8674=PROPERTY_DEFINITION('material property','density of part',#15677);
#8675=AXIS2_PLACEMENT_3D('',#11699,#9443,#9444);
#8676=AXIS2_PLACEMENT_3D('',#11700,#9445,#9446);
#8677=AXIS2_PLACEMENT_3D('',#11701,#9447,#9448);
#8678=AXIS2_PLACEMENT_3D('',#11704,#9449,#9450);
#8679=AXIS2_PLACEMENT_3D('',#11708,#9452,#9453);
#8680=AXIS2_PLACEMENT_3D('',#11710,#9455,#9456);
#8681=AXIS2_PLACEMENT_3D('',#11716,#9460,#9461);
#8682=AXIS2_PLACEMENT_3D('',#11719,#9462,#9463);
#8683=AXIS2_PLACEMENT_3D('',#11723,#9465,#9466);
#8684=AXIS2_PLACEMENT_3D('',#11725,#9468,#9469);
#8685=AXIS2_PLACEMENT_3D('',#11730,#9472,#9473);
#8686=AXIS2_PLACEMENT_3D('',#11733,#9475,#9476);
#8687=AXIS2_PLACEMENT_3D('',#11734,#9477,#9478);
#8688=AXIS2_PLACEMENT_3D('',#11738,#9481,#9482);
#8689=AXIS2_PLACEMENT_3D('',#11740,#9483,#9484);
#8690=AXIS2_PLACEMENT_3D('',#11742,#9486,#9487);
#8691=AXIS2_PLACEMENT_3D('',#11746,#9490,#9491);
#8692=AXIS2_PLACEMENT_3D('',#11747,#9492,#9493);
#8693=AXIS2_PLACEMENT_3D('',#11748,#9494,#9495);
#8694=AXIS2_PLACEMENT_3D('',#11750,#9497,#9498);
#8695=AXIS2_PLACEMENT_3D('',#11752,#9499,#9500);
#8696=AXIS2_PLACEMENT_3D('',#11755,#9502,#9503);
#8697=AXIS2_PLACEMENT_3D('',#11756,#9504,#9505);
#8698=AXIS2_PLACEMENT_3D('',#11758,#9506,#9507);
#8699=AXIS2_PLACEMENT_3D('',#11761,#9509,#9510);
#8700=AXIS2_PLACEMENT_3D('',#11762,#9511,#9512);
#8701=AXIS2_PLACEMENT_3D('',#11764,#9513,#9514);
#8702=AXIS2_PLACEMENT_3D('',#11767,#9516,#9517);
#8703=AXIS2_PLACEMENT_3D('',#11768,#9518,#9519);
#8704=AXIS2_PLACEMENT_3D('',#11770,#9520,#9521);
#8705=AXIS2_PLACEMENT_3D('',#11773,#9523,#9524);
#8706=AXIS2_PLACEMENT_3D('',#11774,#9525,#9526);
#8707=AXIS2_PLACEMENT_3D('',#11776,#9527,#9528);
#8708=AXIS2_PLACEMENT_3D('',#11779,#9530,#9531);
#8709=AXIS2_PLACEMENT_3D('',#11780,#9532,#9533);
#8710=AXIS2_PLACEMENT_3D('',#11782,#9534,#9535);
#8711=AXIS2_PLACEMENT_3D('',#11785,#9537,#9538);
#8712=AXIS2_PLACEMENT_3D('',#11786,#9539,#9540);
#8713=AXIS2_PLACEMENT_3D('',#11788,#9541,#9542);
#8714=AXIS2_PLACEMENT_3D('',#11791,#9544,#9545);
#8715=AXIS2_PLACEMENT_3D('',#11792,#9546,#9547);
#8716=AXIS2_PLACEMENT_3D('',#11794,#9548,#9549);
#8717=AXIS2_PLACEMENT_3D('',#11803,#9551,#9552);
#8718=AXIS2_PLACEMENT_3D('',#11808,#9553,#9554);
#8719=AXIS2_PLACEMENT_3D('',#11812,#9556,#9557);
#8720=AXIS2_PLACEMENT_3D('',#11816,#9559,#9560);
#8721=AXIS2_PLACEMENT_3D('',#11818,#9562,#9563);
#8722=AXIS2_PLACEMENT_3D('',#11821,#9564,#9565);
#8723=AXIS2_PLACEMENT_3D('',#11823,#9566,#9567);
#8724=AXIS2_PLACEMENT_3D('',#11825,#9568,#9569);
#8725=AXIS2_PLACEMENT_3D('',#11826,#9570,#9571);
#8726=AXIS2_PLACEMENT_3D('',#11827,#9572,#9573);
#8727=AXIS2_PLACEMENT_3D('',#11830,#9574,#9575);
#8728=AXIS2_PLACEMENT_3D('',#11833,#9578,#9579);
#8729=AXIS2_PLACEMENT_3D('',#11836,#9580,#9581);
#8730=AXIS2_PLACEMENT_3D('',#11837,#9582,#9583);
#8731=AXIS2_PLACEMENT_3D('',#11838,#9584,#9585);
#8732=AXIS2_PLACEMENT_3D('',#11839,#9586,#9587);
#8733=AXIS2_PLACEMENT_3D('',#11842,#9588,#9589);
#8734=AXIS2_PLACEMENT_3D('',#11845,#9592,#9593);
#8735=AXIS2_PLACEMENT_3D('',#11848,#9594,#9595);
#8736=AXIS2_PLACEMENT_3D('',#11849,#9596,#9597);
#8737=AXIS2_PLACEMENT_3D('',#11850,#9598,#9599);
#8738=AXIS2_PLACEMENT_3D('',#11851,#9600,#9601);
#8739=AXIS2_PLACEMENT_3D('',#11854,#9602,#9603);
#8740=AXIS2_PLACEMENT_3D('',#11857,#9606,#9607);
#8741=AXIS2_PLACEMENT_3D('',#11860,#9608,#9609);
#8742=AXIS2_PLACEMENT_3D('',#11861,#9610,#9611);
#8743=AXIS2_PLACEMENT_3D('',#11862,#9612,#9613);
#8744=AXIS2_PLACEMENT_3D('',#11863,#9614,#9615);
#8745=AXIS2_PLACEMENT_3D('',#11866,#9616,#9617);
#8746=AXIS2_PLACEMENT_3D('',#11869,#9620,#9621);
#8747=AXIS2_PLACEMENT_3D('',#11872,#9622,#9623);
#8748=AXIS2_PLACEMENT_3D('',#11873,#9624,#9625);
#8749=AXIS2_PLACEMENT_3D('',#11874,#9626,#9627);
#8750=AXIS2_PLACEMENT_3D('',#11875,#9628,#9629);
#8751=AXIS2_PLACEMENT_3D('',#11878,#9630,#9631);
#8752=AXIS2_PLACEMENT_3D('',#11881,#9634,#9635);
#8753=AXIS2_PLACEMENT_3D('',#11884,#9636,#9637);
#8754=AXIS2_PLACEMENT_3D('',#11885,#9638,#9639);
#8755=AXIS2_PLACEMENT_3D('',#11886,#9640,#9641);
#8756=AXIS2_PLACEMENT_3D('',#11887,#9642,#9643);
#8757=AXIS2_PLACEMENT_3D('',#11890,#9644,#9645);
#8758=AXIS2_PLACEMENT_3D('',#11893,#9648,#9649);
#8759=AXIS2_PLACEMENT_3D('',#11896,#9650,#9651);
#8760=AXIS2_PLACEMENT_3D('',#11897,#9652,#9653);
#8761=AXIS2_PLACEMENT_3D('',#11898,#9654,#9655);
#8762=AXIS2_PLACEMENT_3D('',#11899,#9656,#9657);
#8763=AXIS2_PLACEMENT_3D('',#11902,#9658,#9659);
#8764=AXIS2_PLACEMENT_3D('',#11905,#9662,#9663);
#8765=AXIS2_PLACEMENT_3D('',#11908,#9664,#9665);
#8766=AXIS2_PLACEMENT_3D('',#11909,#9666,#9667);
#8767=AXIS2_PLACEMENT_3D('',#11910,#9668,#9669);
#8768=AXIS2_PLACEMENT_3D('',#11911,#9670,#9671);
#8769=AXIS2_PLACEMENT_3D('',#11914,#9672,#9673);
#8770=AXIS2_PLACEMENT_3D('',#11917,#9676,#9677);
#8771=AXIS2_PLACEMENT_3D('',#11920,#9678,#9679);
#8772=AXIS2_PLACEMENT_3D('',#11921,#9680,#9681);
#8773=AXIS2_PLACEMENT_3D('',#11922,#9682,#9683);
#8774=AXIS2_PLACEMENT_3D('',#11923,#9684,#9685);
#8775=AXIS2_PLACEMENT_3D('',#11926,#9686,#9687);
#8776=AXIS2_PLACEMENT_3D('',#11929,#9690,#9691);
#8777=AXIS2_PLACEMENT_3D('',#11932,#9692,#9693);
#8778=AXIS2_PLACEMENT_3D('',#11933,#9694,#9695);
#8779=AXIS2_PLACEMENT_3D('',#11934,#9696,#9697);
#8780=AXIS2_PLACEMENT_3D('',#11935,#9698,#9699);
#8781=AXIS2_PLACEMENT_3D('',#11938,#9700,#9701);
#8782=AXIS2_PLACEMENT_3D('',#11941,#9704,#9705);
#8783=AXIS2_PLACEMENT_3D('',#11944,#9706,#9707);
#8784=AXIS2_PLACEMENT_3D('',#11945,#9708,#9709);
#8785=AXIS2_PLACEMENT_3D('',#11946,#9710,#9711);
#8786=AXIS2_PLACEMENT_3D('',#11947,#9712,#9713);
#8787=AXIS2_PLACEMENT_3D('',#11950,#9714,#9715);
#8788=AXIS2_PLACEMENT_3D('',#11953,#9718,#9719);
#8789=AXIS2_PLACEMENT_3D('',#11956,#9720,#9721);
#8790=AXIS2_PLACEMENT_3D('',#11957,#9722,#9723);
#8791=AXIS2_PLACEMENT_3D('',#11958,#9724,#9725);
#8792=AXIS2_PLACEMENT_3D('',#11959,#9726,#9727);
#8793=AXIS2_PLACEMENT_3D('',#11962,#9728,#9729);
#8794=AXIS2_PLACEMENT_3D('',#11964,#9730,#9731);
#8795=AXIS2_PLACEMENT_3D('',#11966,#9732,#9733);
#8796=AXIS2_PLACEMENT_3D('',#11967,#9734,#9735);
#8797=AXIS2_PLACEMENT_3D('',#11968,#9736,#9737);
#8798=AXIS2_PLACEMENT_3D('',#11971,#9738,#9739);
#8799=AXIS2_PLACEMENT_3D('',#11974,#9742,#9743);
#8800=AXIS2_PLACEMENT_3D('',#11977,#9744,#9745);
#8801=AXIS2_PLACEMENT_3D('',#11978,#9746,#9747);
#8802=AXIS2_PLACEMENT_3D('',#11979,#9748,#9749);
#8803=AXIS2_PLACEMENT_3D('',#11980,#9750,#9751);
#8804=AXIS2_PLACEMENT_3D('',#11983,#9754,#9755);
#8805=AXIS2_PLACEMENT_3D('',#11985,#9756,#9757);
#8806=AXIS2_PLACEMENT_3D('',#11988,#9759,#9760);
#8807=AXIS2_PLACEMENT_3D('',#11990,#9762,#9763);
#8808=AXIS2_PLACEMENT_3D('',#11991,#9764,#9765);
#8809=AXIS2_PLACEMENT_3D('',#11992,#9766,#9767);
#8810=AXIS2_PLACEMENT_3D('',#11993,#9768,#9769);
#8811=AXIS2_PLACEMENT_3D('',#11994,#9770,#9771);
#8812=AXIS2_PLACEMENT_3D('',#11998,#9773,#9774);
#8813=AXIS2_PLACEMENT_3D('',#12000,#9776,#9777);
#8814=AXIS2_PLACEMENT_3D('',#12004,#9780,#9781);
#8815=AXIS2_PLACEMENT_3D('',#12007,#9783,#9784);
#8816=AXIS2_PLACEMENT_3D('',#12008,#9785,#9786);
#8817=AXIS2_PLACEMENT_3D('',#12012,#9789,#9790);
#8818=AXIS2_PLACEMENT_3D('',#12015,#9792,#9793);
#8819=AXIS2_PLACEMENT_3D('',#12016,#9794,#9795);
#8820=AXIS2_PLACEMENT_3D('',#12020,#9798,#9799);
#8821=AXIS2_PLACEMENT_3D('',#12023,#9801,#9802);
#8822=AXIS2_PLACEMENT_3D('',#12024,#9803,#9804);
#8823=AXIS2_PLACEMENT_3D('',#12028,#9807,#9808);
#8824=AXIS2_PLACEMENT_3D('',#12031,#9810,#9811);
#8825=AXIS2_PLACEMENT_3D('',#12032,#9812,#9813);
#8826=AXIS2_PLACEMENT_3D('',#12036,#9816,#9817);
#8827=AXIS2_PLACEMENT_3D('',#12039,#9819,#9820);
#8828=AXIS2_PLACEMENT_3D('',#12040,#9821,#9822);
#8829=AXIS2_PLACEMENT_3D('',#12044,#9825,#9826);
#8830=AXIS2_PLACEMENT_3D('',#12047,#9828,#9829);
#8831=AXIS2_PLACEMENT_3D('',#12048,#9830,#9831);
#8832=AXIS2_PLACEMENT_3D('',#12051,#9833,#9834);
#8833=AXIS2_PLACEMENT_3D('',#12052,#9835,#9836);
#8834=AXIS2_PLACEMENT_3D('',#12056,#9839,#9840);
#8835=AXIS2_PLACEMENT_3D('',#12057,#9841,#9842);
#8836=AXIS2_PLACEMENT_3D('',#12059,#9843,#9844);
#8837=AXIS2_PLACEMENT_3D('',#12062,#9846,#9847);
#8838=AXIS2_PLACEMENT_3D('',#12063,#9848,#9849);
#8839=AXIS2_PLACEMENT_3D('',#12064,#9850,#9851);
#8840=AXIS2_PLACEMENT_3D('',#12066,#9852,#9853);
#8841=AXIS2_PLACEMENT_3D('',#12069,#9855,#9856);
#8842=AXIS2_PLACEMENT_3D('',#12070,#9857,#9858);
#8843=AXIS2_PLACEMENT_3D('',#12071,#9859,#9860);
#8844=AXIS2_PLACEMENT_3D('',#12073,#9861,#9862);
#8845=AXIS2_PLACEMENT_3D('',#12076,#9864,#9865);
#8846=AXIS2_PLACEMENT_3D('',#12077,#9866,#9867);
#8847=AXIS2_PLACEMENT_3D('',#12078,#9868,#9869);
#8848=AXIS2_PLACEMENT_3D('',#12080,#9870,#9871);
#8849=AXIS2_PLACEMENT_3D('',#12083,#9873,#9874);
#8850=AXIS2_PLACEMENT_3D('',#12084,#9875,#9876);
#8851=AXIS2_PLACEMENT_3D('',#12085,#9877,#9878);
#8852=AXIS2_PLACEMENT_3D('',#12087,#9879,#9880);
#8853=AXIS2_PLACEMENT_3D('',#12090,#9882,#9883);
#8854=AXIS2_PLACEMENT_3D('',#12091,#9884,#9885);
#8855=AXIS2_PLACEMENT_3D('',#12092,#9886,#9887);
#8856=AXIS2_PLACEMENT_3D('',#12094,#9888,#9889);
#8857=AXIS2_PLACEMENT_3D('',#12097,#9891,#9892);
#8858=AXIS2_PLACEMENT_3D('',#12098,#9893,#9894);
#8859=AXIS2_PLACEMENT_3D('',#12099,#9895,#9896);
#8860=AXIS2_PLACEMENT_3D('',#12101,#9897,#9898);
#8861=AXIS2_PLACEMENT_3D('',#12104,#9900,#9901);
#8862=AXIS2_PLACEMENT_3D('',#12105,#9902,#9903);
#8863=AXIS2_PLACEMENT_3D('',#12106,#9904,#9905);
#8864=AXIS2_PLACEMENT_3D('',#12108,#9906,#9907);
#8865=AXIS2_PLACEMENT_3D('',#12111,#9909,#9910);
#8866=AXIS2_PLACEMENT_3D('',#12112,#9911,#9912);
#8867=AXIS2_PLACEMENT_3D('',#12113,#9913,#9914);
#8868=AXIS2_PLACEMENT_3D('',#12116,#9916,#9917);
#8869=AXIS2_PLACEMENT_3D('',#12117,#9918,#9919);
#8870=AXIS2_PLACEMENT_3D('',#12119,#9920,#9921);
#8871=AXIS2_PLACEMENT_3D('',#12123,#9923,#9924);
#8872=AXIS2_PLACEMENT_3D('',#12127,#9926,#9927);
#8873=AXIS2_PLACEMENT_3D('',#12131,#9929,#9930);
#8874=AXIS2_PLACEMENT_3D('',#12135,#9932,#9933);
#8875=AXIS2_PLACEMENT_3D('',#12139,#9935,#9936);
#8876=AXIS2_PLACEMENT_3D('',#12143,#9938,#9939);
#8877=AXIS2_PLACEMENT_3D('',#12150,#9943,#9944);
#8878=AXIS2_PLACEMENT_3D('',#12154,#9946,#9947);
#8879=AXIS2_PLACEMENT_3D('',#12158,#9949,#9950);
#8880=AXIS2_PLACEMENT_3D('',#12162,#9952,#9953);
#8881=AXIS2_PLACEMENT_3D('',#12166,#9955,#9956);
#8882=AXIS2_PLACEMENT_3D('',#12170,#9958,#9959);
#8883=AXIS2_PLACEMENT_3D('',#12174,#9961,#9962);
#8884=AXIS2_PLACEMENT_3D('',#12178,#9964,#9965);
#8885=AXIS2_PLACEMENT_3D('',#12182,#9967,#9968);
#8886=AXIS2_PLACEMENT_3D('',#12186,#9970,#9971);
#8887=AXIS2_PLACEMENT_3D('',#12187,#9972,#9973);
#8888=AXIS2_PLACEMENT_3D('',#12188,#9974,#9975);
#8889=AXIS2_PLACEMENT_3D('',#12190,#9977,#9978);
#8890=AXIS2_PLACEMENT_3D('',#12192,#9980,#9981);
#8891=AXIS2_PLACEMENT_3D('',#12194,#9982,#9983);
#8892=AXIS2_PLACEMENT_3D('',#12197,#9985,#9986);
#8893=AXIS2_PLACEMENT_3D('',#12198,#9987,#9988);
#8894=AXIS2_PLACEMENT_3D('',#12199,#9989,#9990);
#8895=AXIS2_PLACEMENT_3D('',#12201,#9991,#9992);
#8896=AXIS2_PLACEMENT_3D('',#12204,#9994,#9995);
#8897=AXIS2_PLACEMENT_3D('',#12205,#9996,#9997);
#8898=AXIS2_PLACEMENT_3D('',#12206,#9998,#9999);
#8899=AXIS2_PLACEMENT_3D('',#12208,#10000,#10001);
#8900=AXIS2_PLACEMENT_3D('',#12211,#10003,#10004);
#8901=AXIS2_PLACEMENT_3D('',#12212,#10005,#10006);
#8902=AXIS2_PLACEMENT_3D('',#12213,#10007,#10008);
#8903=AXIS2_PLACEMENT_3D('',#12215,#10009,#10010);
#8904=AXIS2_PLACEMENT_3D('',#12218,#10012,#10013);
#8905=AXIS2_PLACEMENT_3D('',#12219,#10014,#10015);
#8906=AXIS2_PLACEMENT_3D('',#12220,#10016,#10017);
#8907=AXIS2_PLACEMENT_3D('',#12222,#10018,#10019);
#8908=AXIS2_PLACEMENT_3D('',#12225,#10021,#10022);
#8909=AXIS2_PLACEMENT_3D('',#12226,#10023,#10024);
#8910=AXIS2_PLACEMENT_3D('',#12227,#10025,#10026);
#8911=AXIS2_PLACEMENT_3D('',#12229,#10027,#10028);
#8912=AXIS2_PLACEMENT_3D('',#12232,#10030,#10031);
#8913=AXIS2_PLACEMENT_3D('',#12233,#10032,#10033);
#8914=AXIS2_PLACEMENT_3D('',#12234,#10034,#10035);
#8915=AXIS2_PLACEMENT_3D('',#12236,#10036,#10037);
#8916=AXIS2_PLACEMENT_3D('',#12239,#10039,#10040);
#8917=AXIS2_PLACEMENT_3D('',#12240,#10041,#10042);
#8918=AXIS2_PLACEMENT_3D('',#12241,#10043,#10044);
#8919=AXIS2_PLACEMENT_3D('',#12243,#10045,#10046);
#8920=AXIS2_PLACEMENT_3D('',#12246,#10048,#10049);
#8921=AXIS2_PLACEMENT_3D('',#12247,#10050,#10051);
#8922=AXIS2_PLACEMENT_3D('',#12248,#10052,#10053);
#8923=AXIS2_PLACEMENT_3D('',#12251,#10054,#10055);
#8924=AXIS2_PLACEMENT_3D('',#12254,#10058,#10059);
#8925=AXIS2_PLACEMENT_3D('',#12258,#10062,#10063);
#8926=AXIS2_PLACEMENT_3D('',#12260,#10064,#10065);
#8927=AXIS2_PLACEMENT_3D('',#12262,#10067,#10068);
#8928=AXIS2_PLACEMENT_3D('',#12266,#10071,#10072);
#8929=AXIS2_PLACEMENT_3D('',#12270,#10074,#10075);
#8930=AXIS2_PLACEMENT_3D('',#12272,#10077,#10078);
#8931=AXIS2_PLACEMENT_3D('',#12274,#10080,#10081);
#8932=AXIS2_PLACEMENT_3D('',#12278,#10083,#10084);
#8933=AXIS2_PLACEMENT_3D('',#12282,#10086,#10087);
#8934=AXIS2_PLACEMENT_3D('',#12285,#10089,#10090);
#8935=AXIS2_PLACEMENT_3D('',#12289,#10092,#10093);
#8936=AXIS2_PLACEMENT_3D('',#12293,#10095,#10096);
#8937=AXIS2_PLACEMENT_3D('',#12297,#10098,#10099);
#8938=AXIS2_PLACEMENT_3D('',#12301,#10101,#10102);
#8939=AXIS2_PLACEMENT_3D('',#12304,#10104,#10105);
#8940=AXIS2_PLACEMENT_3D('',#12305,#10106,#10107);
#8941=AXIS2_PLACEMENT_3D('',#12307,#10109,#10110);
#8942=AXIS2_PLACEMENT_3D('',#12309,#10112,#10113);
#8943=AXIS2_PLACEMENT_3D('',#12311,#10115,#10116);
#8944=AXIS2_PLACEMENT_3D('',#12314,#10119,#10120);
#8945=AXIS2_PLACEMENT_3D('',#12315,#10121,#10122);
#8946=AXIS2_PLACEMENT_3D('',#12317,#10124,#10125);
#8947=AXIS2_PLACEMENT_3D('',#12318,#10126,#10127);
#8948=AXIS2_PLACEMENT_3D('',#12320,#10129,#10130);
#8949=AXIS2_PLACEMENT_3D('',#12323,#10133,#10134);
#8950=AXIS2_PLACEMENT_3D('',#12325,#10136,#10137);
#8951=AXIS2_PLACEMENT_3D('',#12328,#10140,#10141);
#8952=AXIS2_PLACEMENT_3D('',#12329,#10142,#10143);
#8953=AXIS2_PLACEMENT_3D('',#12331,#10145,#10146);
#8954=AXIS2_PLACEMENT_3D('',#12334,#10149,#10150);
#8955=AXIS2_PLACEMENT_3D('',#12336,#10152,#10153);
#8956=AXIS2_PLACEMENT_3D('',#12338,#10155,#10156);
#8957=AXIS2_PLACEMENT_3D('',#12341,#10159,#10160);
#8958=AXIS2_PLACEMENT_3D('',#12343,#10162,#10163);
#8959=AXIS2_PLACEMENT_3D('',#12345,#10165,#10166);
#8960=AXIS2_PLACEMENT_3D('',#12347,#10168,#10169);
#8961=AXIS2_PLACEMENT_3D('',#12348,#10170,#10171);
#8962=AXIS2_PLACEMENT_3D('',#12351,#10174,#10175);
#8963=AXIS2_PLACEMENT_3D('',#12352,#10176,#10177);
#8964=AXIS2_PLACEMENT_3D('',#12354,#10179,#10180);
#8965=AXIS2_PLACEMENT_3D('',#12355,#10181,#10182);
#8966=AXIS2_PLACEMENT_3D('',#12356,#10183,#10184);
#8967=AXIS2_PLACEMENT_3D('',#12357,#10185,#10186);
#8968=AXIS2_PLACEMENT_3D('',#12545,#10196,#10197);
#8969=AXIS2_PLACEMENT_3D('',#12781,#10211,#10212);
#8970=AXIS2_PLACEMENT_3D('',#12807,#10216,#10217);
#8971=AXIS2_PLACEMENT_3D('',#12808,#10218,#10219);
#8972=AXIS2_PLACEMENT_3D('',#12817,#10224,#10225);
#8973=AXIS2_PLACEMENT_3D('',#12823,#10229,#10230);
#8974=AXIS2_PLACEMENT_3D('',#12829,#10234,#10235);
#8975=AXIS2_PLACEMENT_3D('',#12835,#10239,#10240);
#8976=AXIS2_PLACEMENT_3D('',#12841,#10244,#10245);
#8977=AXIS2_PLACEMENT_3D('',#12847,#10249,#10250);
#8978=AXIS2_PLACEMENT_3D('',#12853,#10254,#10255);
#8979=AXIS2_PLACEMENT_3D('',#12859,#10259,#10260);
#8980=AXIS2_PLACEMENT_3D('',#12865,#10264,#10265);
#8981=AXIS2_PLACEMENT_3D('',#12868,#10268,#10269);
#8982=AXIS2_PLACEMENT_3D('',#12941,#10274,#10275);
#8983=AXIS2_PLACEMENT_3D('',#13039,#10283,#10284);
#8984=AXIS2_PLACEMENT_3D('',#13042,#10287,#10288);
#8985=AXIS2_PLACEMENT_3D('',#13043,#10289,#10290);
#8986=AXIS2_PLACEMENT_3D('',#13167,#10300,#10301);
#8987=AXIS2_PLACEMENT_3D('',#13173,#10305,#10306);
#8988=AXIS2_PLACEMENT_3D('',#13176,#10309,#10310);
#8989=AXIS2_PLACEMENT_3D('',#13185,#10315,#10316);
#8990=AXIS2_PLACEMENT_3D('',#13237,#10322,#10323);
#8991=AXIS2_PLACEMENT_3D('',#13243,#10327,#10328);
#8992=AXIS2_PLACEMENT_3D('',#13249,#10332,#10333);
#8993=AXIS2_PLACEMENT_3D('',#13462,#10346,#10347);
#8994=AXIS2_PLACEMENT_3D('',#13468,#10351,#10352);
#8995=AXIS2_PLACEMENT_3D('',#13474,#10356,#10357);
#8996=AXIS2_PLACEMENT_3D('',#13477,#10360,#10361);
#8997=AXIS2_PLACEMENT_3D('',#13550,#10366,#10367);
#8998=AXIS2_PLACEMENT_3D('',#13648,#10375,#10376);
#8999=AXIS2_PLACEMENT_3D('',#13651,#10379,#10380);
#9000=AXIS2_PLACEMENT_3D('',#13724,#10385,#10386);
#9001=AXIS2_PLACEMENT_3D('',#13822,#10394,#10395);
#9002=AXIS2_PLACEMENT_3D('',#13825,#10398,#10399);
#9003=AXIS2_PLACEMENT_3D('',#13826,#10400,#10401);
#9004=AXIS2_PLACEMENT_3D('',#13835,#10406,#10407);
#9005=AXIS2_PLACEMENT_3D('',#13841,#10411,#10412);
#9006=AXIS2_PLACEMENT_3D('',#13847,#10416,#10417);
#9007=AXIS2_PLACEMENT_3D('',#13853,#10421,#10422);
#9008=AXIS2_PLACEMENT_3D('',#13859,#10426,#10427);
#9009=AXIS2_PLACEMENT_3D('',#13865,#10431,#10432);
#9010=AXIS2_PLACEMENT_3D('',#13871,#10436,#10437);
#9011=AXIS2_PLACEMENT_3D('',#13877,#10441,#10442);
#9012=AXIS2_PLACEMENT_3D('',#13883,#10446,#10447);
#9013=AXIS2_PLACEMENT_3D('',#13889,#10451,#10452);
#9014=AXIS2_PLACEMENT_3D('',#13895,#10456,#10457);
#9015=AXIS2_PLACEMENT_3D('',#13898,#10460,#10461);
#9016=AXIS2_PLACEMENT_3D('',#13899,#10462,#10463);
#9017=AXIS2_PLACEMENT_3D('',#13908,#10468,#10469);
#9018=AXIS2_PLACEMENT_3D('',#13914,#10473,#10474);
#9019=AXIS2_PLACEMENT_3D('',#13920,#10478,#10479);
#9020=AXIS2_PLACEMENT_3D('',#13926,#10483,#10484);
#9021=AXIS2_PLACEMENT_3D('',#13932,#10488,#10489);
#9022=AXIS2_PLACEMENT_3D('',#13938,#10493,#10494);
#9023=AXIS2_PLACEMENT_3D('',#13944,#10498,#10499);
#9024=AXIS2_PLACEMENT_3D('',#13950,#10503,#10504);
#9025=AXIS2_PLACEMENT_3D('',#13956,#10508,#10509);
#9026=AXIS2_PLACEMENT_3D('',#13962,#10513,#10514);
#9027=AXIS2_PLACEMENT_3D('',#13968,#10518,#10519);
#9028=AXIS2_PLACEMENT_3D('',#13971,#10522,#10523);
#9029=AXIS2_PLACEMENT_3D('',#13972,#10524,#10525);
#9030=AXIS2_PLACEMENT_3D('',#13981,#10530,#10531);
#9031=AXIS2_PLACEMENT_3D('',#13987,#10535,#10536);
#9032=AXIS2_PLACEMENT_3D('',#13993,#10540,#10541);
#9033=AXIS2_PLACEMENT_3D('',#13999,#10545,#10546);
#9034=AXIS2_PLACEMENT_3D('',#14005,#10550,#10551);
#9035=AXIS2_PLACEMENT_3D('',#14011,#10555,#10556);
#9036=AXIS2_PLACEMENT_3D('',#14017,#10560,#10561);
#9037=AXIS2_PLACEMENT_3D('',#14023,#10565,#10566);
#9038=AXIS2_PLACEMENT_3D('',#14029,#10570,#10571);
#9039=AXIS2_PLACEMENT_3D('',#14035,#10575,#10576);
#9040=AXIS2_PLACEMENT_3D('',#14041,#10580,#10581);
#9041=AXIS2_PLACEMENT_3D('',#14044,#10584,#10585);
#9042=AXIS2_PLACEMENT_3D('',#14045,#10586,#10587);
#9043=AXIS2_PLACEMENT_3D('',#14054,#10592,#10593);
#9044=AXIS2_PLACEMENT_3D('',#14060,#10597,#10598);
#9045=AXIS2_PLACEMENT_3D('',#14063,#10601,#10602);
#9046=AXIS2_PLACEMENT_3D('',#14072,#10607,#10608);
#9047=AXIS2_PLACEMENT_3D('',#14078,#10612,#10613);
#9048=AXIS2_PLACEMENT_3D('',#14084,#10617,#10618);
#9049=AXIS2_PLACEMENT_3D('',#14090,#10622,#10623);
#9050=AXIS2_PLACEMENT_3D('',#14096,#10627,#10628);
#9051=AXIS2_PLACEMENT_3D('',#14102,#10632,#10633);
#9052=AXIS2_PLACEMENT_3D('',#14108,#10637,#10638);
#9053=AXIS2_PLACEMENT_3D('',#14111,#10641,#10642);
#9054=AXIS2_PLACEMENT_3D('',#14414,#10657,#10658);
#9055=AXIS2_PLACEMENT_3D('',#14719,#10675,#10676);
#9056=AXIS2_PLACEMENT_3D('',#14745,#10680,#10681);
#9057=AXIS2_PLACEMENT_3D('',#14746,#10682,#10683);
#9058=AXIS2_PLACEMENT_3D('',#14747,#10684,#10685);
#9059=AXIS2_PLACEMENT_3D('',#14748,#10686,#10687);
#9060=AXIS2_PLACEMENT_3D('',#14757,#10692,#10693);
#9061=AXIS2_PLACEMENT_3D('',#14763,#10697,#10698);
#9062=AXIS2_PLACEMENT_3D('',#14769,#10702,#10703);
#9063=AXIS2_PLACEMENT_3D('',#14772,#10706,#10707);
#9064=AXIS2_PLACEMENT_3D('',#14781,#10712,#10713);
#9065=AXIS2_PLACEMENT_3D('',#14787,#10717,#10718);
#9066=AXIS2_PLACEMENT_3D('',#14793,#10722,#10723);
#9067=AXIS2_PLACEMENT_3D('',#14796,#10726,#10727);
#9068=AXIS2_PLACEMENT_3D('',#14805,#10732,#10733);
#9069=AXIS2_PLACEMENT_3D('',#14811,#10737,#10738);
#9070=AXIS2_PLACEMENT_3D('',#14817,#10742,#10743);
#9071=AXIS2_PLACEMENT_3D('',#14820,#10746,#10747);
#9072=AXIS2_PLACEMENT_3D('',#14822,#10748,#10749);
#9073=AXIS2_PLACEMENT_3D('',#14825,#10751,#10752);
#9074=AXIS2_PLACEMENT_3D('',#14826,#10753,#10754);
#9075=AXIS2_PLACEMENT_3D('',#14828,#10755,#10756);
#9076=AXIS2_PLACEMENT_3D('',#14831,#10758,#10759);
#9077=AXIS2_PLACEMENT_3D('',#14832,#10760,#10761);
#9078=AXIS2_PLACEMENT_3D('',#14834,#10762,#10763);
#9079=AXIS2_PLACEMENT_3D('',#14837,#10765,#10766);
#9080=AXIS2_PLACEMENT_3D('',#14838,#10767,#10768);
#9081=AXIS2_PLACEMENT_3D('',#14840,#10769,#10770);
#9082=AXIS2_PLACEMENT_3D('',#14843,#10772,#10773);
#9083=AXIS2_PLACEMENT_3D('',#14844,#10774,#10775);
#9084=AXIS2_PLACEMENT_3D('',#14846,#10776,#10777);
#9085=AXIS2_PLACEMENT_3D('',#14849,#10779,#10780);
#9086=AXIS2_PLACEMENT_3D('',#14850,#10781,#10782);
#9087=AXIS2_PLACEMENT_3D('',#14852,#10783,#10784);
#9088=AXIS2_PLACEMENT_3D('',#14855,#10786,#10787);
#9089=AXIS2_PLACEMENT_3D('',#14856,#10788,#10789);
#9090=AXIS2_PLACEMENT_3D('',#14859,#10790,#10791);
#9091=AXIS2_PLACEMENT_3D('',#14861,#10792,#10793);
#9092=AXIS2_PLACEMENT_3D('',#14863,#10794,#10795);
#9093=AXIS2_PLACEMENT_3D('',#14864,#10796,#10797);
#9094=AXIS2_PLACEMENT_3D('',#14865,#10798,#10799);
#9095=AXIS2_PLACEMENT_3D('',#14868,#10800,#10801);
#9096=AXIS2_PLACEMENT_3D('',#14871,#10804,#10805);
#9097=AXIS2_PLACEMENT_3D('',#14874,#10806,#10807);
#9098=AXIS2_PLACEMENT_3D('',#14875,#10808,#10809);
#9099=AXIS2_PLACEMENT_3D('',#14876,#10810,#10811);
#9100=AXIS2_PLACEMENT_3D('',#14877,#10812,#10813);
#9101=AXIS2_PLACEMENT_3D('',#14880,#10814,#10815);
#9102=AXIS2_PLACEMENT_3D('',#14883,#10818,#10819);
#9103=AXIS2_PLACEMENT_3D('',#14886,#10820,#10821);
#9104=AXIS2_PLACEMENT_3D('',#14887,#10822,#10823);
#9105=AXIS2_PLACEMENT_3D('',#14888,#10824,#10825);
#9106=AXIS2_PLACEMENT_3D('',#14889,#10826,#10827);
#9107=AXIS2_PLACEMENT_3D('',#14892,#10828,#10829);
#9108=AXIS2_PLACEMENT_3D('',#14895,#10832,#10833);
#9109=AXIS2_PLACEMENT_3D('',#14898,#10834,#10835);
#9110=AXIS2_PLACEMENT_3D('',#14899,#10836,#10837);
#9111=AXIS2_PLACEMENT_3D('',#14900,#10838,#10839);
#9112=AXIS2_PLACEMENT_3D('',#14901,#10840,#10841);
#9113=AXIS2_PLACEMENT_3D('',#14904,#10844,#10845);
#9114=AXIS2_PLACEMENT_3D('',#14910,#10849,#10850);
#9115=AXIS2_PLACEMENT_3D('',#14913,#10852,#10853);
#9116=AXIS2_PLACEMENT_3D('',#14914,#10854,#10855);
#9117=AXIS2_PLACEMENT_3D('',#14918,#10858,#10859);
#9118=AXIS2_PLACEMENT_3D('',#14921,#10861,#10862);
#9119=AXIS2_PLACEMENT_3D('',#14922,#10863,#10864);
#9120=AXIS2_PLACEMENT_3D('',#14925,#10865,#10866);
#9121=AXIS2_PLACEMENT_3D('',#14929,#10868,#10869);
#9122=AXIS2_PLACEMENT_3D('',#14931,#10870,#10871);
#9123=AXIS2_PLACEMENT_3D('',#14935,#10873,#10874);
#9124=AXIS2_PLACEMENT_3D('',#14939,#10876,#10877);
#9125=AXIS2_PLACEMENT_3D('',#14943,#10879,#10880);
#9126=AXIS2_PLACEMENT_3D('',#14947,#10882,#10883);
#9127=AXIS2_PLACEMENT_3D('',#14951,#10885,#10886);
#9128=AXIS2_PLACEMENT_3D('',#14955,#10888,#10889);
#9129=AXIS2_PLACEMENT_3D('',#14959,#10891,#10892);
#9130=AXIS2_PLACEMENT_3D('',#14963,#10894,#10895);
#9131=AXIS2_PLACEMENT_3D('',#14967,#10897,#10898);
#9132=AXIS2_PLACEMENT_3D('',#14969,#10900,#10901);
#9133=AXIS2_PLACEMENT_3D('',#14971,#10902,#10903);
#9134=AXIS2_PLACEMENT_3D('',#14973,#10904,#10905);
#9135=AXIS2_PLACEMENT_3D('',#14974,#10906,#10907);
#9136=AXIS2_PLACEMENT_3D('',#14975,#10908,#10909);
#9137=AXIS2_PLACEMENT_3D('',#14977,#10910,#10911);
#9138=AXIS2_PLACEMENT_3D('',#14979,#10913,#10914);
#9139=AXIS2_PLACEMENT_3D('',#14981,#10915,#10916);
#9140=AXIS2_PLACEMENT_3D('',#14982,#10917,#10918);
#9141=AXIS2_PLACEMENT_3D('',#14983,#10919,#10920);
#9142=AXIS2_PLACEMENT_3D('',#14985,#10921,#10922);
#9143=AXIS2_PLACEMENT_3D('',#14987,#10924,#10925);
#9144=AXIS2_PLACEMENT_3D('',#14989,#10926,#10927);
#9145=AXIS2_PLACEMENT_3D('',#14990,#10928,#10929);
#9146=AXIS2_PLACEMENT_3D('',#14991,#10930,#10931);
#9147=AXIS2_PLACEMENT_3D('',#14993,#10932,#10933);
#9148=AXIS2_PLACEMENT_3D('',#14995,#10935,#10936);
#9149=AXIS2_PLACEMENT_3D('',#14997,#10937,#10938);
#9150=AXIS2_PLACEMENT_3D('',#14998,#10939,#10940);
#9151=AXIS2_PLACEMENT_3D('',#14999,#10941,#10942);
#9152=AXIS2_PLACEMENT_3D('',#15001,#10943,#10944);
#9153=AXIS2_PLACEMENT_3D('',#15003,#10946,#10947);
#9154=AXIS2_PLACEMENT_3D('',#15005,#10948,#10949);
#9155=AXIS2_PLACEMENT_3D('',#15006,#10950,#10951);
#9156=AXIS2_PLACEMENT_3D('',#15007,#10952,#10953);
#9157=AXIS2_PLACEMENT_3D('',#15009,#10954,#10955);
#9158=AXIS2_PLACEMENT_3D('',#15011,#10957,#10958);
#9159=AXIS2_PLACEMENT_3D('',#15013,#10959,#10960);
#9160=AXIS2_PLACEMENT_3D('',#15014,#10961,#10962);
#9161=AXIS2_PLACEMENT_3D('',#15015,#10963,#10964);
#9162=AXIS2_PLACEMENT_3D('',#15017,#10965,#10966);
#9163=AXIS2_PLACEMENT_3D('',#15019,#10968,#10969);
#9164=AXIS2_PLACEMENT_3D('',#15021,#10970,#10971);
#9165=AXIS2_PLACEMENT_3D('',#15022,#10972,#10973);
#9166=AXIS2_PLACEMENT_3D('',#15023,#10974,#10975);
#9167=AXIS2_PLACEMENT_3D('',#15025,#10976,#10977);
#9168=AXIS2_PLACEMENT_3D('',#15027,#10979,#10980);
#9169=AXIS2_PLACEMENT_3D('',#15029,#10981,#10982);
#9170=AXIS2_PLACEMENT_3D('',#15030,#10983,#10984);
#9171=AXIS2_PLACEMENT_3D('',#15031,#10985,#10986);
#9172=AXIS2_PLACEMENT_3D('',#15033,#10987,#10988);
#9173=AXIS2_PLACEMENT_3D('',#15035,#10990,#10991);
#9174=AXIS2_PLACEMENT_3D('',#15037,#10992,#10993);
#9175=AXIS2_PLACEMENT_3D('',#15038,#10994,#10995);
#9176=AXIS2_PLACEMENT_3D('',#15039,#10996,#10997);
#9177=AXIS2_PLACEMENT_3D('',#15041,#10998,#10999);
#9178=AXIS2_PLACEMENT_3D('',#15043,#11001,#11002);
#9179=AXIS2_PLACEMENT_3D('',#15045,#11003,#11004);
#9180=AXIS2_PLACEMENT_3D('',#15046,#11005,#11006);
#9181=AXIS2_PLACEMENT_3D('',#15047,#11007,#11008);
#9182=AXIS2_PLACEMENT_3D('',#15049,#11009,#11010);
#9183=AXIS2_PLACEMENT_3D('',#15051,#11012,#11013);
#9184=AXIS2_PLACEMENT_3D('',#15053,#11014,#11015);
#9185=AXIS2_PLACEMENT_3D('',#15054,#11016,#11017);
#9186=AXIS2_PLACEMENT_3D('',#15055,#11018,#11019);
#9187=AXIS2_PLACEMENT_3D('',#15057,#11020,#11021);
#9188=AXIS2_PLACEMENT_3D('',#15058,#11022,#11023);
#9189=AXIS2_PLACEMENT_3D('',#15059,#11024,#11025);
#9190=AXIS2_PLACEMENT_3D('',#15061,#11027,#11028);
#9191=AXIS2_PLACEMENT_3D('',#15065,#11030,#11031);
#9192=AXIS2_PLACEMENT_3D('',#15067,#11033,#11034);
#9193=AXIS2_PLACEMENT_3D('',#15071,#11037,#11038);
#9194=AXIS2_PLACEMENT_3D('',#15074,#11040,#11041);
#9195=AXIS2_PLACEMENT_3D('',#15075,#11042,#11043);
#9196=AXIS2_PLACEMENT_3D('',#15079,#11046,#11047);
#9197=AXIS2_PLACEMENT_3D('',#15082,#11049,#11050);
#9198=AXIS2_PLACEMENT_3D('',#15083,#11051,#11052);
#9199=AXIS2_PLACEMENT_3D('',#15087,#11055,#11056);
#9200=AXIS2_PLACEMENT_3D('',#15090,#11058,#11059);
#9201=AXIS2_PLACEMENT_3D('',#15091,#11060,#11061);
#9202=AXIS2_PLACEMENT_3D('',#15097,#11065,#11066);
#9203=AXIS2_PLACEMENT_3D('',#15100,#11068,#11069);
#9204=AXIS2_PLACEMENT_3D('',#15101,#11070,#11071);
#9205=AXIS2_PLACEMENT_3D('',#15104,#11073,#11074);
#9206=AXIS2_PLACEMENT_3D('',#15105,#11075,#11076);
#9207=AXIS2_PLACEMENT_3D('',#15109,#11079,#11080);
#9208=AXIS2_PLACEMENT_3D('',#15112,#11082,#11083);
#9209=AXIS2_PLACEMENT_3D('',#15113,#11084,#11085);
#9210=AXIS2_PLACEMENT_3D('',#15117,#11087,#11088);
#9211=AXIS2_PLACEMENT_3D('',#15119,#11090,#11091);
#9212=AXIS2_PLACEMENT_3D('',#15123,#11094,#11095);
#9213=AXIS2_PLACEMENT_3D('',#15125,#11097,#11098);
#9214=AXIS2_PLACEMENT_3D('',#15126,#11099,#11100);
#9215=AXIS2_PLACEMENT_3D('',#15127,#11101,#11102);
#9216=AXIS2_PLACEMENT_3D('',#15131,#11104,#11105);
#9217=AXIS2_PLACEMENT_3D('',#15133,#11107,#11108);
#9218=AXIS2_PLACEMENT_3D('',#15137,#11111,#11112);
#9219=AXIS2_PLACEMENT_3D('',#15139,#11113,#11114);
#9220=AXIS2_PLACEMENT_3D('',#15141,#11116,#11117);
#9221=AXIS2_PLACEMENT_3D('',#15145,#11120,#11121);
#9222=AXIS2_PLACEMENT_3D('',#15147,#11122,#11123);
#9223=AXIS2_PLACEMENT_3D('',#15149,#11125,#11126);
#9224=AXIS2_PLACEMENT_3D('',#15153,#11129,#11130);
#9225=AXIS2_PLACEMENT_3D('',#15156,#11132,#11133);
#9226=AXIS2_PLACEMENT_3D('',#15157,#11134,#11135);
#9227=AXIS2_PLACEMENT_3D('',#15161,#11137,#11138);
#9228=AXIS2_PLACEMENT_3D('',#15163,#11140,#11141);
#9229=AXIS2_PLACEMENT_3D('',#15165,#11143,#11144);
#9230=AXIS2_PLACEMENT_3D('',#15167,#11146,#11147);
#9231=AXIS2_PLACEMENT_3D('',#15169,#11149,#11150);
#9232=AXIS2_PLACEMENT_3D('',#15170,#11151,#11152);
#9233=AXIS2_PLACEMENT_3D('',#15179,#11157,#11158);
#9234=AXIS2_PLACEMENT_3D('',#15188,#11163,#11164);
#9235=AXIS2_PLACEMENT_3D('',#15197,#11169,#11170);
#9236=AXIS2_PLACEMENT_3D('',#15206,#11175,#11176);
#9237=AXIS2_PLACEMENT_3D('',#15208,#11177,#11178);
#9238=AXIS2_PLACEMENT_3D('',#15210,#11179,#11180);
#9239=AXIS2_PLACEMENT_3D('',#15212,#11182,#11183);
#9240=AXIS2_PLACEMENT_3D('',#15217,#11185,#11186);
#9241=AXIS2_PLACEMENT_3D('',#15220,#11188,#11189);
#9242=AXIS2_PLACEMENT_3D('',#15221,#11190,#11191);
#9243=AXIS2_PLACEMENT_3D('',#15229,#11196,#11197);
#9244=AXIS2_PLACEMENT_3D('',#15230,#11198,#11199);
#9245=AXIS2_PLACEMENT_3D('',#15231,#11200,#11201);
#9246=AXIS2_PLACEMENT_3D('',#15232,#11202,#11203);
#9247=AXIS2_PLACEMENT_3D('',#15234,#11204,#11205);
#9248=AXIS2_PLACEMENT_3D('',#15237,#11207,#11208);
#9249=AXIS2_PLACEMENT_3D('',#15238,#11209,#11210);
#9250=AXIS2_PLACEMENT_3D('',#15244,#11214,#11215);
#9251=AXIS2_PLACEMENT_3D('',#15245,#11216,#11217);
#9252=AXIS2_PLACEMENT_3D('',#15246,#11218,#11219);
#9253=AXIS2_PLACEMENT_3D('',#15247,#11220,#11221);
#9254=AXIS2_PLACEMENT_3D('',#15256,#11226,#11227);
#9255=AXIS2_PLACEMENT_3D('',#15258,#11228,#11229);
#9256=AXIS2_PLACEMENT_3D('',#15261,#11231,#11232);
#9257=AXIS2_PLACEMENT_3D('',#15262,#11233,#11234);
#9258=AXIS2_PLACEMENT_3D('',#15271,#11239,#11240);
#9259=AXIS2_PLACEMENT_3D('',#15273,#11241,#11242);
#9260=AXIS2_PLACEMENT_3D('',#15276,#11244,#11245);
#9261=AXIS2_PLACEMENT_3D('',#15277,#11246,#11247);
#9262=AXIS2_PLACEMENT_3D('',#15286,#11252,#11253);
#9263=AXIS2_PLACEMENT_3D('',#15287,#11254,#11255);
#9264=AXIS2_PLACEMENT_3D('',#15288,#11256,#11257);
#9265=AXIS2_PLACEMENT_3D('',#15289,#11258,#11259);
#9266=AXIS2_PLACEMENT_3D('',#15295,#11263,#11264);
#9267=AXIS2_PLACEMENT_3D('',#15296,#11265,#11266);
#9268=AXIS2_PLACEMENT_3D('',#15297,#11267,#11268);
#9269=AXIS2_PLACEMENT_3D('',#15298,#11269,#11270);
#9270=AXIS2_PLACEMENT_3D('',#15304,#11274,#11275);
#9271=AXIS2_PLACEMENT_3D('',#15306,#11276,#11277);
#9272=AXIS2_PLACEMENT_3D('',#15308,#11278,#11279);
#9273=AXIS2_PLACEMENT_3D('',#15310,#11281,#11282);
#9274=AXIS2_PLACEMENT_3D('',#15316,#11286,#11287);
#9275=AXIS2_PLACEMENT_3D('',#15317,#11288,#11289);
#9276=AXIS2_PLACEMENT_3D('',#15318,#11290,#11291);
#9277=AXIS2_PLACEMENT_3D('',#15319,#11292,#11293);
#9278=AXIS2_PLACEMENT_3D('',#15328,#11298,#11299);
#9279=AXIS2_PLACEMENT_3D('',#15330,#11300,#11301);
#9280=AXIS2_PLACEMENT_3D('',#15333,#11303,#11304);
#9281=AXIS2_PLACEMENT_3D('',#15334,#11305,#11306);
#9282=AXIS2_PLACEMENT_3D('',#15336,#11307,#11308);
#9283=AXIS2_PLACEMENT_3D('',#15338,#11309,#11310);
#9284=AXIS2_PLACEMENT_3D('',#15340,#11312,#11313);
#9285=AXIS2_PLACEMENT_3D('',#15342,#11314,#11315);
#9286=AXIS2_PLACEMENT_3D('',#15344,#11316,#11317);
#9287=AXIS2_PLACEMENT_3D('',#15346,#11319,#11320);
#9288=AXIS2_PLACEMENT_3D('',#15352,#11324,#11325);
#9289=AXIS2_PLACEMENT_3D('',#15354,#11326,#11327);
#9290=AXIS2_PLACEMENT_3D('',#15357,#11329,#11330);
#9291=AXIS2_PLACEMENT_3D('',#15358,#11331,#11332);
#9292=AXIS2_PLACEMENT_3D('',#15360,#11333,#11334);
#9293=AXIS2_PLACEMENT_3D('',#15363,#11336,#11337);
#9294=AXIS2_PLACEMENT_3D('',#15364,#11338,#11339);
#9295=AXIS2_PLACEMENT_3D('',#15370,#11343,#11344);
#9296=AXIS2_PLACEMENT_3D('',#15372,#11345,#11346);
#9297=AXIS2_PLACEMENT_3D('',#15375,#11348,#11349);
#9298=AXIS2_PLACEMENT_3D('',#15376,#11350,#11351);
#9299=AXIS2_PLACEMENT_3D('',#15382,#11355,#11356);
#9300=AXIS2_PLACEMENT_3D('',#15383,#11357,#11358);
#9301=AXIS2_PLACEMENT_3D('',#15384,#11359,#11360);
#9302=AXIS2_PLACEMENT_3D('',#15385,#11361,#11362);
#9303=AXIS2_PLACEMENT_3D('',#15391,#11366,#11367);
#9304=AXIS2_PLACEMENT_3D('',#15392,#11368,#11369);
#9305=AXIS2_PLACEMENT_3D('',#15393,#11370,#11371);
#9306=AXIS2_PLACEMENT_3D('',#15394,#11372,#11373);
#9307=AXIS2_PLACEMENT_3D('',#15400,#11377,#11378);
#9308=AXIS2_PLACEMENT_3D('',#15401,#11379,#11380);
#9309=AXIS2_PLACEMENT_3D('',#15402,#11381,#11382);
#9310=AXIS2_PLACEMENT_3D('',#15403,#11383,#11384);
#9311=AXIS2_PLACEMENT_3D('',#15406,#11385,#11386);
#9312=AXIS2_PLACEMENT_3D('',#15410,#11388,#11389);
#9313=AXIS2_PLACEMENT_3D('',#15414,#11391,#11392);
#9314=AXIS2_PLACEMENT_3D('',#15418,#11394,#11395);
#9315=AXIS2_PLACEMENT_3D('',#15422,#11397,#11398);
#9316=AXIS2_PLACEMENT_3D('',#15424,#11399,#11400);
#9317=AXIS2_PLACEMENT_3D('',#15427,#11402,#11403);
#9318=AXIS2_PLACEMENT_3D('',#15431,#11405,#11406);
#9319=AXIS2_PLACEMENT_3D('',#15434,#11408,#11409);
#9320=AXIS2_PLACEMENT_3D('',#15436,#11410,#11411);
#9321=AXIS2_PLACEMENT_3D('',#15438,#11412,#11413);
#9322=AXIS2_PLACEMENT_3D('',#15440,#11414,#11415);
#9323=AXIS2_PLACEMENT_3D('',#15442,#11416,#11417);
#9324=AXIS2_PLACEMENT_3D('',#15444,#11418,#11419);
#9325=AXIS2_PLACEMENT_3D('',#15446,#11420,#11421);
#9326=AXIS2_PLACEMENT_3D('',#15448,#11422,#11423);
#9327=AXIS2_PLACEMENT_3D('',#15449,#11424,#11425);
#9328=AXIS2_PLACEMENT_3D('',#15451,#11426,#11427);
#9329=AXIS2_PLACEMENT_3D('',#15453,#11429,#11430);
#9330=AXIS2_PLACEMENT_3D('',#15455,#11431,#11432);
#9331=AXIS2_PLACEMENT_3D('',#15457,#11434,#11435);
#9332=AXIS2_PLACEMENT_3D('',#15459,#11436,#11437);
#9333=AXIS2_PLACEMENT_3D('',#15461,#11439,#11440);
#9334=AXIS2_PLACEMENT_3D('',#15463,#11441,#11442);
#9335=AXIS2_PLACEMENT_3D('',#15465,#11444,#11445);
#9336=AXIS2_PLACEMENT_3D('',#15467,#11446,#11447);
#9337=AXIS2_PLACEMENT_3D('',#15469,#11449,#11450);
#9338=AXIS2_PLACEMENT_3D('',#15471,#11451,#11452);
#9339=AXIS2_PLACEMENT_3D('',#15473,#11454,#11455);
#9340=AXIS2_PLACEMENT_3D('',#15475,#11456,#11457);
#9341=AXIS2_PLACEMENT_3D('',#15477,#11459,#11460);
#9342=AXIS2_PLACEMENT_3D('',#15479,#11461,#11462);
#9343=AXIS2_PLACEMENT_3D('',#15481,#11464,#11465);
#9344=AXIS2_PLACEMENT_3D('',#15484,#11466,#11467);
#9345=AXIS2_PLACEMENT_3D('',#15488,#11469,#11470);
#9346=AXIS2_PLACEMENT_3D('',#15492,#11472,#11473);
#9347=AXIS2_PLACEMENT_3D('',#15496,#11475,#11476);
#9348=AXIS2_PLACEMENT_3D('',#15500,#11478,#11479);
#9349=AXIS2_PLACEMENT_3D('',#15504,#11481,#11482);
#9350=AXIS2_PLACEMENT_3D('',#15508,#11484,#11485);
#9351=AXIS2_PLACEMENT_3D('',#15512,#11487,#11488);
#9352=AXIS2_PLACEMENT_3D('',#15516,#11490,#11491);
#9353=AXIS2_PLACEMENT_3D('',#15520,#11493,#11494);
#9354=AXIS2_PLACEMENT_3D('',#15524,#11496,#11497);
#9355=AXIS2_PLACEMENT_3D('',#15528,#11499,#11500);
#9356=AXIS2_PLACEMENT_3D('',#15532,#11502,#11503);
#9357=AXIS2_PLACEMENT_3D('',#15536,#11505,#11506);
#9358=AXIS2_PLACEMENT_3D('',#15538,#11508,#11509);
#9359=AXIS2_PLACEMENT_3D('',#15542,#11512,#11513);
#9360=AXIS2_PLACEMENT_3D('',#15544,#11514,#11515);
#9361=AXIS2_PLACEMENT_3D('',#15546,#11517,#11518);
#9362=AXIS2_PLACEMENT_3D('',#15548,#11519,#11520);
#9363=AXIS2_PLACEMENT_3D('',#15550,#11522,#11523);
#9364=AXIS2_PLACEMENT_3D('',#15554,#11526,#11527);
#9365=AXIS2_PLACEMENT_3D('',#15556,#11528,#11529);
#9366=AXIS2_PLACEMENT_3D('',#15558,#11531,#11532);
#9367=AXIS2_PLACEMENT_3D('',#15562,#11535,#11536);
#9368=AXIS2_PLACEMENT_3D('',#15564,#11537,#11538);
#9369=AXIS2_PLACEMENT_3D('',#15566,#11540,#11541);
#9370=AXIS2_PLACEMENT_3D('',#15570,#11544,#11545);
#9371=AXIS2_PLACEMENT_3D('',#15572,#11546,#11547);
#9372=AXIS2_PLACEMENT_3D('',#15574,#11549,#11550);
#9373=AXIS2_PLACEMENT_3D('',#15578,#11553,#11554);
#9374=AXIS2_PLACEMENT_3D('',#15580,#11555,#11556);
#9375=AXIS2_PLACEMENT_3D('',#15582,#11558,#11559);
#9376=AXIS2_PLACEMENT_3D('',#15586,#11562,#11563);
#9377=AXIS2_PLACEMENT_3D('',#15588,#11564,#11565);
#9378=AXIS2_PLACEMENT_3D('',#15590,#11567,#11568);
#9379=AXIS2_PLACEMENT_3D('',#15594,#11571,#11572);
#9380=AXIS2_PLACEMENT_3D('',#15595,#11573,#11574);
#9381=AXIS2_PLACEMENT_3D('',#15596,#11575,#11576);
#9382=AXIS2_PLACEMENT_3D('',#15597,#11577,#11578);
#9383=AXIS2_PLACEMENT_3D('',#15598,#11579,#11580);
#9384=AXIS2_PLACEMENT_3D('',#15599,#11581,#11582);
#9385=AXIS2_PLACEMENT_3D('',#15600,#11583,#11584);
#9386=AXIS2_PLACEMENT_3D('',#15601,#11585,#11586);
#9387=AXIS2_PLACEMENT_3D('',#15602,#11587,#11588);
#9388=AXIS2_PLACEMENT_3D('',#15603,#11589,#11590);
#9389=AXIS2_PLACEMENT_3D('',#15604,#11591,#11592);
#9390=AXIS2_PLACEMENT_3D('',#15605,#11593,#11594);
#9391=AXIS2_PLACEMENT_3D('',#15606,#11595,#11596);
#9392=AXIS2_PLACEMENT_3D('',#15607,#11597,#11598);
#9393=AXIS2_PLACEMENT_3D('',#15608,#11599,#11600);
#9394=AXIS2_PLACEMENT_3D('',#15609,#11601,#11602);
#9395=AXIS2_PLACEMENT_3D('',#15610,#11603,#11604);
#9396=AXIS2_PLACEMENT_3D('',#15611,#11605,#11606);
#9397=AXIS2_PLACEMENT_3D('',#15612,#11607,#11608);
#9398=AXIS2_PLACEMENT_3D('',#15613,#11609,#11610);
#9399=AXIS2_PLACEMENT_3D('',#15614,#11611,#11612);
#9400=AXIS2_PLACEMENT_3D('',#15615,#11613,#11614);
#9401=AXIS2_PLACEMENT_3D('',#15616,#11615,#11616);
#9402=AXIS2_PLACEMENT_3D('',#15617,#11617,#11618);
#9403=AXIS2_PLACEMENT_3D('',#15618,#11619,#11620);
#9404=AXIS2_PLACEMENT_3D('',#15619,#11621,#11622);
#9405=AXIS2_PLACEMENT_3D('',#15620,#11623,#11624);
#9406=AXIS2_PLACEMENT_3D('',#15621,#11625,#11626);
#9407=AXIS2_PLACEMENT_3D('',#15622,#11627,#11628);
#9408=AXIS2_PLACEMENT_3D('',#15623,#11629,#11630);
#9409=AXIS2_PLACEMENT_3D('',#15624,#11631,#11632);
#9410=AXIS2_PLACEMENT_3D('',#15625,#11633,#11634);
#9411=AXIS2_PLACEMENT_3D('',#15626,#11635,#11636);
#9412=AXIS2_PLACEMENT_3D('',#15627,#11637,#11638);
#9413=AXIS2_PLACEMENT_3D('',#15628,#11639,#11640);
#9414=AXIS2_PLACEMENT_3D('',#15629,#11641,#11642);
#9415=AXIS2_PLACEMENT_3D('',#15630,#11643,#11644);
#9416=AXIS2_PLACEMENT_3D('',#15631,#11645,#11646);
#9417=AXIS2_PLACEMENT_3D('',#15632,#11647,#11648);
#9418=AXIS2_PLACEMENT_3D('',#15633,#11649,#11650);
#9419=AXIS2_PLACEMENT_3D('',#15634,#11651,#11652);
#9420=AXIS2_PLACEMENT_3D('',#15635,#11653,#11654);
#9421=AXIS2_PLACEMENT_3D('',#15636,#11655,#11656);
#9422=AXIS2_PLACEMENT_3D('',#15637,#11657,#11658);
#9423=AXIS2_PLACEMENT_3D('',#15638,#11659,#11660);
#9424=AXIS2_PLACEMENT_3D('',#15639,#11661,#11662);
#9425=AXIS2_PLACEMENT_3D('',#15640,#11663,#11664);
#9426=AXIS2_PLACEMENT_3D('',#15641,#11665,#11666);
#9427=AXIS2_PLACEMENT_3D('',#15642,#11667,#11668);
#9428=AXIS2_PLACEMENT_3D('',#15643,#11669,#11670);
#9429=AXIS2_PLACEMENT_3D('',#15644,#11671,#11672);
#9430=AXIS2_PLACEMENT_3D('',#15645,#11673,#11674);
#9431=AXIS2_PLACEMENT_3D('',#15646,#11675,#11676);
#9432=AXIS2_PLACEMENT_3D('',#15647,#11677,#11678);
#9433=AXIS2_PLACEMENT_3D('',#15648,#11679,#11680);
#9434=AXIS2_PLACEMENT_3D('',#15649,#11681,#11682);
#9435=AXIS2_PLACEMENT_3D('',#15650,#11683,#11684);
#9436=AXIS2_PLACEMENT_3D('',#15651,#11685,#11686);
#9437=AXIS2_PLACEMENT_3D('',#15652,#11687,#11688);
#9438=AXIS2_PLACEMENT_3D('',#15653,#11689,#11690);
#9439=AXIS2_PLACEMENT_3D('',#15654,#11691,#11692);
#9440=AXIS2_PLACEMENT_3D('',#15655,#11693,#11694);
#9441=AXIS2_PLACEMENT_3D('',#15656,#11695,#11696);
#9442=AXIS2_PLACEMENT_3D('',#15657,#11697,#11698);
#9443=DIRECTION('axis',(0.,0.,1.));
#9444=DIRECTION('refdir',(1.,0.,0.));
#9445=DIRECTION('axis',(0.,0.,1.));
#9446=DIRECTION('refdir',(1.,0.,0.));
#9447=DIRECTION('center_axis',(-1.,0.,0.));
#9448=DIRECTION('ref_axis',(0.,-0.707106781186554,-0.707106781186541));
#9449=DIRECTION('center_axis',(1.,0.,0.));
#9450=DIRECTION('ref_axis',(0.,-0.707106781186554,-0.707106781186541));
#9451=DIRECTION('',(1.,0.,0.));
#9452=DIRECTION('center_axis',(1.,0.,0.));
#9453=DIRECTION('ref_axis',(0.,-0.707106781186554,-0.707106781186541));
#9454=DIRECTION('',(-1.,0.,0.));
#9455=DIRECTION('center_axis',(0.,-1.,0.));
#9456=DIRECTION('ref_axis',(0.,0.,1.));
#9457=DIRECTION('',(0.,0.,1.));
#9458=DIRECTION('',(-1.,0.,0.));
#9459=DIRECTION('',(0.,0.,1.));
#9460=DIRECTION('center_axis',(-1.,0.,0.));
#9461=DIRECTION('ref_axis',(0.,0.707106781186554,-0.707106781186541));
#9462=DIRECTION('center_axis',(1.,0.,0.));
#9463=DIRECTION('ref_axis',(0.,0.707106781186554,-0.707106781186541));
#9464=DIRECTION('',(1.,0.,0.));
#9465=DIRECTION('center_axis',(1.,0.,0.));
#9466=DIRECTION('ref_axis',(0.,0.707106781186554,-0.707106781186541));
#9467=DIRECTION('',(-1.,0.,0.));
#9468=DIRECTION('center_axis',(-1.,0.,0.));
#9469=DIRECTION('ref_axis',(0.,0.,1.));
#9470=DIRECTION('',(0.,-1.,0.));
#9471=DIRECTION('',(0.,0.,-1.));
#9472=DIRECTION('center_axis',(1.,0.,0.));
#9473=DIRECTION('ref_axis',(0.,0.707106781186554,0.707106781186541));
#9474=DIRECTION('',(0.,1.,0.));
#9475=DIRECTION('center_axis',(1.,0.,0.));
#9476=DIRECTION('ref_axis',(0.,-0.707106781186554,0.707106781186541));
#9477=DIRECTION('center_axis',(0.,1.,0.));
#9478=DIRECTION('ref_axis',(0.,0.,-1.));
#9479=DIRECTION('',(0.,0.,-1.));
#9480=DIRECTION('',(1.,0.,0.));
#9481=DIRECTION('center_axis',(-1.,0.,0.));
#9482=DIRECTION('ref_axis',(0.,0.707106781186554,0.707106781186541));
#9483=DIRECTION('center_axis',(1.,0.,0.));
#9484=DIRECTION('ref_axis',(0.,0.707106781186554,0.707106781186541));
#9485=DIRECTION('',(-1.,0.,0.));
#9486=DIRECTION('center_axis',(0.,0.,1.));
#9487=DIRECTION('ref_axis',(0.,1.,0.));
#9488=DIRECTION('',(0.,1.,0.));
#9489=DIRECTION('',(1.,0.,0.));
#9490=DIRECTION('center_axis',(-1.,0.,0.));
#9491=DIRECTION('ref_axis',(0.,-0.707106781186554,0.707106781186541));
#9492=DIRECTION('center_axis',(1.,0.,0.));
#9493=DIRECTION('ref_axis',(0.,-0.707106781186554,0.707106781186541));
#9494=DIRECTION('center_axis',(0.,0.,-1.));
#9495=DIRECTION('ref_axis',(0.,-1.,0.));
#9496=DIRECTION('',(0.,-1.,0.));
#9497=DIRECTION('center_axis',(0.,-1.,0.));
#9498=DIRECTION('ref_axis',(-1.,0.,0.));
#9499=DIRECTION('center_axis',(0.,-1.,0.));
#9500=DIRECTION('ref_axis',(-1.,0.,0.));
#9501=DIRECTION('',(0.,-1.,0.));
#9502=DIRECTION('center_axis',(0.,1.,0.));
#9503=DIRECTION('ref_axis',(-1.,0.,0.));
#9504=DIRECTION('center_axis',(0.,-1.,0.));
#9505=DIRECTION('ref_axis',(-1.,0.,0.));
#9506=DIRECTION('center_axis',(0.,-1.,0.));
#9507=DIRECTION('ref_axis',(-1.,0.,0.));
#9508=DIRECTION('',(0.,-1.,0.));
#9509=DIRECTION('center_axis',(0.,1.,0.));
#9510=DIRECTION('ref_axis',(-1.,0.,0.));
#9511=DIRECTION('center_axis',(0.,-1.,0.));
#9512=DIRECTION('ref_axis',(-1.,0.,0.));
#9513=DIRECTION('center_axis',(0.,-1.,0.));
#9514=DIRECTION('ref_axis',(-1.,0.,0.));
#9515=DIRECTION('',(0.,-1.,0.));
#9516=DIRECTION('center_axis',(0.,1.,0.));
#9517=DIRECTION('ref_axis',(-1.,0.,0.));
#9518=DIRECTION('center_axis',(0.,-1.,0.));
#9519=DIRECTION('ref_axis',(-1.,0.,0.));
#9520=DIRECTION('center_axis',(0.,-1.,0.));
#9521=DIRECTION('ref_axis',(-1.,0.,0.));
#9522=DIRECTION('',(0.,-1.,0.));
#9523=DIRECTION('center_axis',(0.,1.,0.));
#9524=DIRECTION('ref_axis',(-1.,0.,0.));
#9525=DIRECTION('center_axis',(0.,-1.,0.));
#9526=DIRECTION('ref_axis',(-1.,0.,0.));
#9527=DIRECTION('center_axis',(0.,-1.,0.));
#9528=DIRECTION('ref_axis',(-1.,0.,0.));
#9529=DIRECTION('',(0.,-1.,0.));
#9530=DIRECTION('center_axis',(0.,1.,0.));
#9531=DIRECTION('ref_axis',(-1.,0.,0.));
#9532=DIRECTION('center_axis',(0.,-1.,0.));
#9533=DIRECTION('ref_axis',(-1.,0.,0.));
#9534=DIRECTION('center_axis',(0.,-1.,0.));
#9535=DIRECTION('ref_axis',(-1.,0.,0.));
#9536=DIRECTION('',(0.,-1.,0.));
#9537=DIRECTION('center_axis',(0.,1.,0.));
#9538=DIRECTION('ref_axis',(-1.,0.,0.));
#9539=DIRECTION('center_axis',(0.,-1.,0.));
#9540=DIRECTION('ref_axis',(-1.,0.,0.));
#9541=DIRECTION('center_axis',(0.,-1.,0.));
#9542=DIRECTION('ref_axis',(-1.,0.,0.));
#9543=DIRECTION('',(0.,-1.,0.));
#9544=DIRECTION('center_axis',(0.,1.,0.));
#9545=DIRECTION('ref_axis',(-1.,0.,0.));
#9546=DIRECTION('center_axis',(0.,-1.,0.));
#9547=DIRECTION('ref_axis',(-1.,0.,0.));
#9548=DIRECTION('center_axis',(0.,-1.,0.));
#9549=DIRECTION('ref_axis',(-1.,0.,0.));
#9550=DIRECTION('',(0.,-1.,0.));
#9551=DIRECTION('center_axis',(0.,1.,0.));
#9552=DIRECTION('ref_axis',(-1.,0.,0.));
#9553=DIRECTION('center_axis',(0.,0.,-1.));
#9554=DIRECTION('ref_axis',(0.707106781186554,0.707106781186541,0.));
#9555=DIRECTION('',(0.,0.,-1.));
#9556=DIRECTION('center_axis',(0.,0.,1.));
#9557=DIRECTION('ref_axis',(0.707106781186554,0.707106781186541,0.));
#9558=DIRECTION('',(0.,0.,1.));
#9559=DIRECTION('center_axis',(0.,0.,1.));
#9560=DIRECTION('ref_axis',(0.707106781186554,0.707106781186541,0.));
#9561=DIRECTION('',(0.,0.,-1.));
#9562=DIRECTION('center_axis',(0.,0.,1.));
#9563=DIRECTION('ref_axis',(1.,0.,0.));
#9564=DIRECTION('center_axis',(1.,0.,0.));
#9565=DIRECTION('ref_axis',(0.,-1.,0.));
#9566=DIRECTION('center_axis',(0.,0.,1.));
#9567=DIRECTION('ref_axis',(0.707106781186548,-0.707106781186548,0.));
#9568=DIRECTION('center_axis',(0.,-1.,0.));
#9569=DIRECTION('ref_axis',(0.,0.,-1.));
#9570=DIRECTION('center_axis',(0.,0.,-1.));
#9571=DIRECTION('ref_axis',(0.707106781186548,-0.707106781186548,0.));
#9572=DIRECTION('center_axis',(0.,-1.,0.));
#9573=DIRECTION('ref_axis',(0.707106781186553,0.,-0.707106781186543));
#9574=DIRECTION('center_axis',(0.,-1.,0.));
#9575=DIRECTION('ref_axis',(0.,0.,-1.));
#9576=DIRECTION('',(0.,-1.,0.));
#9577=DIRECTION('',(0.,1.,0.));
#9578=DIRECTION('center_axis',(0.,0.,1.));
#9579=DIRECTION('ref_axis',(1.,0.,0.));
#9580=DIRECTION('center_axis',(1.,0.,0.));
#9581=DIRECTION('ref_axis',(0.,0.,-1.));
#9582=DIRECTION('center_axis',(0.,0.,-1.));
#9583=DIRECTION('ref_axis',(0.707106781186548,0.707106781186548,0.));
#9584=DIRECTION('center_axis',(0.,0.,1.));
#9585=DIRECTION('ref_axis',(0.707106781186548,0.707106781186548,0.));
#9586=DIRECTION('center_axis',(1.,0.,0.));
#9587=DIRECTION('ref_axis',(0.,0.707106781186546,-0.707106781186549));
#9588=DIRECTION('center_axis',(1.,0.,0.));
#9589=DIRECTION('ref_axis',(0.,0.,-1.));
#9590=DIRECTION('',(1.,0.,0.));
#9591=DIRECTION('',(-1.,0.,0.));
#9592=DIRECTION('center_axis',(0.,0.,1.));
#9593=DIRECTION('ref_axis',(1.,0.,0.));
#9594=DIRECTION('center_axis',(0.,1.,0.));
#9595=DIRECTION('ref_axis',(0.,0.,-1.));
#9596=DIRECTION('center_axis',(0.,0.,-1.));
#9597=DIRECTION('ref_axis',(-0.707106781186546,0.707106781186549,0.));
#9598=DIRECTION('center_axis',(0.,0.,1.));
#9599=DIRECTION('ref_axis',(-0.707106781186546,0.707106781186549,0.));
#9600=DIRECTION('center_axis',(0.,-1.,0.));
#9601=DIRECTION('ref_axis',(-0.70710678118654,0.,-0.707106781186555));
#9602=DIRECTION('center_axis',(0.,1.,0.));
#9603=DIRECTION('ref_axis',(0.,0.,-1.));
#9604=DIRECTION('',(0.,1.,0.));
#9605=DIRECTION('',(0.,-1.,0.));
#9606=DIRECTION('center_axis',(0.,0.,-1.));
#9607=DIRECTION('ref_axis',(-1.,0.,0.));
#9608=DIRECTION('center_axis',(1.,0.,0.));
#9609=DIRECTION('ref_axis',(0.,0.,-1.));
#9610=DIRECTION('center_axis',(0.,0.,1.));
#9611=DIRECTION('ref_axis',(0.707106781186546,-0.707106781186549,0.));
#9612=DIRECTION('center_axis',(0.,0.,-1.));
#9613=DIRECTION('ref_axis',(0.707106781186546,-0.707106781186549,0.));
#9614=DIRECTION('center_axis',(-1.,-3.33694356014522E-16,0.));
#9615=DIRECTION('ref_axis',(0.,0.707106781186546,-0.707106781186549));
#9616=DIRECTION('center_axis',(1.,0.,0.));
#9617=DIRECTION('ref_axis',(0.,0.,-1.));
#9618=DIRECTION('',(1.,3.33694356014522E-16,0.));
#9619=DIRECTION('',(-1.,-3.33694356014522E-16,0.));
#9620=DIRECTION('center_axis',(0.,0.,1.));
#9621=DIRECTION('ref_axis',(1.,0.,0.));
#9622=DIRECTION('center_axis',(0.,1.,0.));
#9623=DIRECTION('ref_axis',(0.,0.,-1.));
#9624=DIRECTION('center_axis',(0.,0.,-1.));
#9625=DIRECTION('ref_axis',(-0.707106781186546,0.707106781186549,0.));
#9626=DIRECTION('center_axis',(0.,0.,1.));
#9627=DIRECTION('ref_axis',(-0.707106781186546,0.707106781186549,0.));
#9628=DIRECTION('center_axis',(0.,-1.,0.));
#9629=DIRECTION('ref_axis',(-0.70710678118654,0.,-0.707106781186555));
#9630=DIRECTION('center_axis',(0.,1.,0.));
#9631=DIRECTION('ref_axis',(0.,0.,-1.));
#9632=DIRECTION('',(0.,1.,0.));
#9633=DIRECTION('',(0.,-1.,0.));
#9634=DIRECTION('center_axis',(0.,0.,1.));
#9635=DIRECTION('ref_axis',(1.,0.,0.));
#9636=DIRECTION('center_axis',(-1.,0.,0.));
#9637=DIRECTION('ref_axis',(0.,0.,-1.));
#9638=DIRECTION('center_axis',(0.,0.,-1.));
#9639=DIRECTION('ref_axis',(-0.707106781186548,-0.707106781186548,0.));
#9640=DIRECTION('center_axis',(0.,0.,1.));
#9641=DIRECTION('ref_axis',(-0.707106781186548,-0.707106781186548,0.));
#9642=DIRECTION('center_axis',(1.,-3.67148956778478E-16,0.));
#9643=DIRECTION('ref_axis',(0.,-0.707106781186553,-0.707106781186543));
#9644=DIRECTION('center_axis',(-1.,0.,0.));
#9645=DIRECTION('ref_axis',(0.,0.,-1.));
#9646=DIRECTION('',(-1.,3.67148956778478E-16,0.));
#9647=DIRECTION('',(1.,-3.67148956778478E-16,0.));
#9648=DIRECTION('center_axis',(0.,0.,-1.));
#9649=DIRECTION('ref_axis',(-1.,0.,0.));
#9650=DIRECTION('center_axis',(0.,1.,0.));
#9651=DIRECTION('ref_axis',(0.,0.,-1.));
#9652=DIRECTION('center_axis',(0.,0.,1.));
#9653=DIRECTION('ref_axis',(0.707106781186548,0.707106781186548,0.));
#9654=DIRECTION('center_axis',(0.,0.,-1.));
#9655=DIRECTION('ref_axis',(0.707106781186548,0.707106781186548,0.));
#9656=DIRECTION('center_axis',(0.,1.,0.));
#9657=DIRECTION('ref_axis',(-0.70710678118654,0.,-0.707106781186555));
#9658=DIRECTION('center_axis',(0.,1.,0.));
#9659=DIRECTION('ref_axis',(0.,0.,-1.));
#9660=DIRECTION('',(0.,1.,0.));
#9661=DIRECTION('',(0.,-1.,0.));
#9662=DIRECTION('center_axis',(0.,0.,1.));
#9663=DIRECTION('ref_axis',(1.,0.,0.));
#9664=DIRECTION('center_axis',(-1.,0.,0.));
#9665=DIRECTION('ref_axis',(0.,0.,-1.));
#9666=DIRECTION('center_axis',(0.,0.,-1.));
#9667=DIRECTION('ref_axis',(-0.707106781186548,-0.707106781186548,0.));
#9668=DIRECTION('center_axis',(0.,0.,1.));
#9669=DIRECTION('ref_axis',(-0.707106781186548,-0.707106781186548,0.));
#9670=DIRECTION('center_axis',(-1.,0.,0.));
#9671=DIRECTION('ref_axis',(0.,-0.70710678118654,-0.707106781186555));
#9672=DIRECTION('center_axis',(-1.,0.,0.));
#9673=DIRECTION('ref_axis',(0.,0.,-1.));
#9674=DIRECTION('',(-1.,0.,0.));
#9675=DIRECTION('',(1.,0.,0.));
#9676=DIRECTION('center_axis',(0.,0.,-1.));
#9677=DIRECTION('ref_axis',(-1.,0.,0.));
#9678=DIRECTION('center_axis',(0.,1.,0.));
#9679=DIRECTION('ref_axis',(0.,0.,-1.));
#9680=DIRECTION('center_axis',(0.,0.,1.));
#9681=DIRECTION('ref_axis',(0.707106781186548,0.707106781186548,0.));
#9682=DIRECTION('center_axis',(0.,0.,-1.));
#9683=DIRECTION('ref_axis',(0.707106781186548,0.707106781186548,0.));
#9684=DIRECTION('center_axis',(-4.57196789304815E-16,1.,0.));
#9685=DIRECTION('ref_axis',(-0.70710678118654,0.,-0.707106781186555));
#9686=DIRECTION('center_axis',(0.,1.,0.));
#9687=DIRECTION('ref_axis',(0.,0.,-1.));
#9688=DIRECTION('',(-4.57196789304815E-16,1.,0.));
#9689=DIRECTION('',(4.57196789304815E-16,-1.,0.));
#9690=DIRECTION('center_axis',(0.,0.,1.));
#9691=DIRECTION('ref_axis',(1.,0.,0.));
#9692=DIRECTION('center_axis',(-1.,0.,0.));
#9693=DIRECTION('ref_axis',(0.,0.,-1.));
#9694=DIRECTION('center_axis',(0.,0.,-1.));
#9695=DIRECTION('ref_axis',(-0.70710678118655,-0.707106781186545,0.));
#9696=DIRECTION('center_axis',(0.,0.,1.));
#9697=DIRECTION('ref_axis',(-0.70710678118655,-0.707106781186545,0.));
#9698=DIRECTION('center_axis',(-1.,0.,0.));
#9699=DIRECTION('ref_axis',(0.,-0.707106781186553,-0.707106781186543));
#9700=DIRECTION('center_axis',(-1.,0.,0.));
#9701=DIRECTION('ref_axis',(0.,0.,-1.));
#9702=DIRECTION('',(-1.,0.,0.));
#9703=DIRECTION('',(1.,0.,0.));
#9704=DIRECTION('center_axis',(0.,0.,1.));
#9705=DIRECTION('ref_axis',(1.,0.,0.));
#9706=DIRECTION('center_axis',(0.,-1.,0.));
#9707=DIRECTION('ref_axis',(0.,0.,-1.));
#9708=DIRECTION('center_axis',(0.,0.,-1.));
#9709=DIRECTION('ref_axis',(0.707106781186548,-0.707106781186548,0.));
#9710=DIRECTION('center_axis',(0.,0.,1.));
#9711=DIRECTION('ref_axis',(0.707106781186548,-0.707106781186548,0.));
#9712=DIRECTION('center_axis',(0.,-1.,0.));
#9713=DIRECTION('ref_axis',(0.707106781186553,0.,-0.707106781186543));
#9714=DIRECTION('center_axis',(0.,-1.,0.));
#9715=DIRECTION('ref_axis',(0.,0.,-1.));
#9716=DIRECTION('',(0.,-1.,0.));
#9717=DIRECTION('',(0.,1.,0.));
#9718=DIRECTION('center_axis',(0.,0.,-1.));
#9719=DIRECTION('ref_axis',(-1.,0.,0.));
#9720=DIRECTION('center_axis',(-0.871920373972973,-0.489647691152353,0.));
#9721=DIRECTION('ref_axis',(0.,0.,-1.));
#9722=DIRECTION('center_axis',(0.,0.,1.));
#9723=DIRECTION('ref_axis',(-0.863031775530993,0.505149635676224,0.));
#9724=DIRECTION('center_axis',(0.,0.,-1.));
#9725=DIRECTION('ref_axis',(-0.863031775530993,0.505149635676224,0.));
#9726=DIRECTION('center_axis',(0.,0.,1.));
#9727=DIRECTION('ref_axis',(1.,0.,0.));
#9728=DIRECTION('center_axis',(0.,-1.,0.));
#9729=DIRECTION('ref_axis',(0.,0.,-1.));
#9730=DIRECTION('center_axis',(0.,0.,1.));
#9731=DIRECTION('ref_axis',(-0.884809142794366,-0.465953625189782,0.));
#9732=DIRECTION('center_axis',(-0.824560055372206,0.565774438344986,0.));
#9733=DIRECTION('ref_axis',(0.565774438344986,0.824560055372206,0.));
#9734=DIRECTION('center_axis',(0.,0.,-1.));
#9735=DIRECTION('ref_axis',(-0.884809142794365,-0.465953625189782,0.));
#9736=DIRECTION('center_axis',(0.,-1.,0.));
#9737=DIRECTION('ref_axis',(0.707106781186553,0.,-0.707106781186543));
#9738=DIRECTION('center_axis',(0.,-1.,0.));
#9739=DIRECTION('ref_axis',(0.,0.,-1.));
#9740=DIRECTION('',(0.,-1.,0.));
#9741=DIRECTION('',(0.,1.,0.));
#9742=DIRECTION('center_axis',(0.,0.,-1.));
#9743=DIRECTION('ref_axis',(-1.,0.,0.));
#9744=DIRECTION('center_axis',(-1.,0.,0.));
#9745=DIRECTION('ref_axis',(0.,0.,-1.));
#9746=DIRECTION('center_axis',(0.,0.,1.));
#9747=DIRECTION('ref_axis',(-0.707106781186547,0.707106781186547,0.));
#9748=DIRECTION('center_axis',(0.,0.,-1.));
#9749=DIRECTION('ref_axis',(-0.707106781186548,0.707106781186548,0.));
#9750=DIRECTION('center_axis',(-1.,0.,0.));
#9751=DIRECTION('ref_axis',(0.,-0.707106781186553,-0.707106781186543));
#9752=DIRECTION('',(1.,0.,0.));
#9753=DIRECTION('',(-1.,0.,0.));
#9754=DIRECTION('center_axis',(0.,-1.,0.));
#9755=DIRECTION('ref_axis',(0.707106781186553,0.,-0.707106781186543));
#9756=DIRECTION('center_axis',(0.,-1.,0.));
#9757=DIRECTION('ref_axis',(0.,0.,-1.));
#9758=DIRECTION('',(0.,-1.,0.));
#9759=DIRECTION('center_axis',(0.,1.,0.));
#9760=DIRECTION('ref_axis',(1.,0.,0.));
#9761=DIRECTION('',(0.,1.,0.));
#9762=DIRECTION('center_axis',(-0.432637038520541,0.253231049638033,-0.865274077041139));
#9763=DIRECTION('ref_axis',(0.746759023029749,-0.437092884777406,-0.501299083981429));
#9764=DIRECTION('center_axis',(0.,0.,-1.));
#9765=DIRECTION('ref_axis',(-1.,0.,0.));
#9766=DIRECTION('center_axis',(-0.43530449739555,-0.229237808260337,-0.87060899479112));
#9767=DIRECTION('ref_axis',(0.770322798390194,0.405663417245761,-0.49197558698455));
#9768=DIRECTION('center_axis',(0.,0.,-1.));
#9769=DIRECTION('ref_axis',(0.884809142794365,0.465953625189782,0.));
#9770=DIRECTION('center_axis',(0.,0.,1.));
#9771=DIRECTION('ref_axis',(-0.707106781186548,-0.707106781186548,0.));
#9772=DIRECTION('',(0.,0.,1.));
#9773=DIRECTION('center_axis',(0.,0.,-1.));
#9774=DIRECTION('ref_axis',(-0.707106781186548,-0.707106781186548,0.));
#9775=DIRECTION('',(0.,0.,-1.));
#9776=DIRECTION('center_axis',(-3.67148956778478E-16,-1.,0.));
#9777=DIRECTION('ref_axis',(1.,-3.67148956778478E-16,0.));
#9778=DIRECTION('',(0.,0.,-1.));
#9779=DIRECTION('',(1.,-3.67148956778478E-16,0.));
#9780=DIRECTION('center_axis',(0.,0.,1.));
#9781=DIRECTION('ref_axis',(0.707106781186548,0.707106781186548,0.));
#9782=DIRECTION('',(0.,0.,1.));
#9783=DIRECTION('center_axis',(0.,0.,1.));
#9784=DIRECTION('ref_axis',(0.707106781186548,0.707106781186548,0.));
#9785=DIRECTION('center_axis',(-1.,0.,0.));
#9786=DIRECTION('ref_axis',(0.,-1.,0.));
#9787=DIRECTION('',(0.,0.,-1.));
#9788=DIRECTION('',(0.,-1.,0.));
#9789=DIRECTION('center_axis',(0.,0.,1.));
#9790=DIRECTION('ref_axis',(-0.707106781186548,-0.707106781186548,0.));
#9791=DIRECTION('',(0.,0.,1.));
#9792=DIRECTION('center_axis',(0.,0.,-1.));
#9793=DIRECTION('ref_axis',(-0.707106781186548,-0.707106781186548,0.));
#9794=DIRECTION('center_axis',(0.,-1.,0.));
#9795=DIRECTION('ref_axis',(1.,0.,0.));
#9796=DIRECTION('',(0.,0.,-1.));
#9797=DIRECTION('',(1.,0.,0.));
#9798=DIRECTION('center_axis',(0.,0.,1.));
#9799=DIRECTION('ref_axis',(0.707106781186548,0.707106781186548,0.));
#9800=DIRECTION('',(0.,0.,1.));
#9801=DIRECTION('center_axis',(0.,0.,1.));
#9802=DIRECTION('ref_axis',(0.707106781186548,0.707106781186548,0.));
#9803=DIRECTION('center_axis',(-1.,-4.57196789304815E-16,0.));
#9804=DIRECTION('ref_axis',(4.57196789304815E-16,-1.,0.));
#9805=DIRECTION('',(0.,0.,-1.));
#9806=DIRECTION('',(4.57196789304815E-16,-1.,0.));
#9807=DIRECTION('center_axis',(0.,0.,1.));
#9808=DIRECTION('ref_axis',(-0.707106781186543,-0.707106781186552,0.));
#9809=DIRECTION('',(0.,0.,1.));
#9810=DIRECTION('center_axis',(0.,0.,-1.));
#9811=DIRECTION('ref_axis',(-0.707106781186543,-0.707106781186552,0.));
#9812=DIRECTION('center_axis',(0.,-1.,0.));
#9813=DIRECTION('ref_axis',(1.,0.,0.));
#9814=DIRECTION('',(0.,0.,-1.));
#9815=DIRECTION('',(1.,0.,0.));
#9816=DIRECTION('center_axis',(0.,0.,1.));
#9817=DIRECTION('ref_axis',(0.707106781186556,-0.707106781186539,0.));
#9818=DIRECTION('',(0.,0.,1.));
#9819=DIRECTION('center_axis',(0.,0.,-1.));
#9820=DIRECTION('ref_axis',(0.707106781186556,-0.707106781186539,0.));
#9821=DIRECTION('center_axis',(1.,0.,0.));
#9822=DIRECTION('ref_axis',(0.,1.,0.));
#9823=DIRECTION('',(0.,0.,-1.));
#9824=DIRECTION('',(0.,1.,0.));
#9825=DIRECTION('center_axis',(0.,0.,1.));
#9826=DIRECTION('ref_axis',(-0.707106781186548,0.707106781186548,0.));
#9827=DIRECTION('',(0.,0.,-1.));
#9828=DIRECTION('center_axis',(0.,0.,1.));
#9829=DIRECTION('ref_axis',(-0.707106781186548,0.707106781186548,0.));
#9830=DIRECTION('center_axis',(0.,0.,-1.));
#9831=DIRECTION('ref_axis',(-1.,0.,0.));
#9832=DIRECTION('',(0.,0.,1.));
#9833=DIRECTION('center_axis',(0.,0.,-1.));
#9834=DIRECTION('ref_axis',(-1.,0.,0.));
#9835=DIRECTION('center_axis',(1.,0.,0.));
#9836=DIRECTION('ref_axis',(0.,1.,0.));
#9837=DIRECTION('',(0.,0.,-1.));
#9838=DIRECTION('',(0.,1.,0.));
#9839=DIRECTION('center_axis',(0.,0.,1.));
#9840=DIRECTION('ref_axis',(1.,0.,0.));
#9841=DIRECTION('center_axis',(0.,0.,-1.));
#9842=DIRECTION('ref_axis',(-1.,0.,0.));
#9843=DIRECTION('center_axis',(0.,0.,-1.));
#9844=DIRECTION('ref_axis',(-1.,0.,0.));
#9845=DIRECTION('',(0.,0.,-1.));
#9846=DIRECTION('center_axis',(0.,0.,-1.));
#9847=DIRECTION('ref_axis',(-1.,0.,0.));
#9848=DIRECTION('center_axis',(0.,0.,1.));
#9849=DIRECTION('ref_axis',(-1.,0.,0.));
#9850=DIRECTION('center_axis',(0.,0.,-1.));
#9851=DIRECTION('ref_axis',(-1.,0.,0.));
#9852=DIRECTION('center_axis',(0.,0.,-1.));
#9853=DIRECTION('ref_axis',(-1.,0.,0.));
#9854=DIRECTION('',(0.,0.,-1.));
#9855=DIRECTION('center_axis',(0.,0.,-1.));
#9856=DIRECTION('ref_axis',(-1.,0.,0.));
#9857=DIRECTION('center_axis',(0.,0.,1.));
#9858=DIRECTION('ref_axis',(-1.,0.,0.));
#9859=DIRECTION('center_axis',(0.,0.,-1.));
#9860=DIRECTION('ref_axis',(-1.,0.,0.));
#9861=DIRECTION('center_axis',(0.,0.,-1.));
#9862=DIRECTION('ref_axis',(-1.,0.,0.));
#9863=DIRECTION('',(0.,0.,-1.));
#9864=DIRECTION('center_axis',(0.,0.,-1.));
#9865=DIRECTION('ref_axis',(-1.,0.,0.));
#9866=DIRECTION('center_axis',(0.,0.,1.));
#9867=DIRECTION('ref_axis',(-1.,0.,0.));
#9868=DIRECTION('center_axis',(0.,0.,-1.));
#9869=DIRECTION('ref_axis',(-1.,0.,0.));
#9870=DIRECTION('center_axis',(0.,0.,-1.));
#9871=DIRECTION('ref_axis',(-1.,0.,0.));
#9872=DIRECTION('',(0.,0.,-1.));
#9873=DIRECTION('center_axis',(0.,0.,-1.));
#9874=DIRECTION('ref_axis',(-1.,0.,0.));
#9875=DIRECTION('center_axis',(0.,0.,1.));
#9876=DIRECTION('ref_axis',(-1.,0.,0.));
#9877=DIRECTION('center_axis',(0.,0.,-1.));
#9878=DIRECTION('ref_axis',(-1.,0.,0.));
#9879=DIRECTION('center_axis',(0.,0.,-1.));
#9880=DIRECTION('ref_axis',(-1.,0.,0.));
#9881=DIRECTION('',(0.,0.,-1.));
#9882=DIRECTION('center_axis',(0.,0.,-1.));
#9883=DIRECTION('ref_axis',(-1.,0.,0.));
#9884=DIRECTION('center_axis',(0.,0.,1.));
#9885=DIRECTION('ref_axis',(-1.,0.,0.));
#9886=DIRECTION('center_axis',(0.,0.,-1.));
#9887=DIRECTION('ref_axis',(-1.,0.,0.));
#9888=DIRECTION('center_axis',(0.,0.,-1.));
#9889=DIRECTION('ref_axis',(-1.,0.,0.));
#9890=DIRECTION('',(0.,0.,-1.));
#9891=DIRECTION('center_axis',(0.,0.,-1.));
#9892=DIRECTION('ref_axis',(-1.,0.,0.));
#9893=DIRECTION('center_axis',(0.,0.,1.));
#9894=DIRECTION('ref_axis',(-1.,0.,0.));
#9895=DIRECTION('center_axis',(0.,0.,-1.));
#9896=DIRECTION('ref_axis',(-1.,0.,0.));
#9897=DIRECTION('center_axis',(0.,0.,-1.));
#9898=DIRECTION('ref_axis',(-1.,0.,0.));
#9899=DIRECTION('',(0.,0.,-1.));
#9900=DIRECTION('center_axis',(0.,0.,-1.));
#9901=DIRECTION('ref_axis',(-1.,0.,0.));
#9902=DIRECTION('center_axis',(0.,0.,1.));
#9903=DIRECTION('ref_axis',(-1.,0.,0.));
#9904=DIRECTION('center_axis',(0.,0.,-1.));
#9905=DIRECTION('ref_axis',(-1.,0.,0.));
#9906=DIRECTION('center_axis',(0.,0.,-1.));
#9907=DIRECTION('ref_axis',(-1.,0.,0.));
#9908=DIRECTION('',(0.,0.,-1.));
#9909=DIRECTION('center_axis',(0.,0.,-1.));
#9910=DIRECTION('ref_axis',(-1.,0.,0.));
#9911=DIRECTION('center_axis',(0.,0.,1.));
#9912=DIRECTION('ref_axis',(-1.,0.,0.));
#9913=DIRECTION('center_axis',(0.,0.,1.));
#9914=DIRECTION('ref_axis',(0.884809142794371,0.465953625189772,0.));
#9915=DIRECTION('',(0.,0.,1.));
#9916=DIRECTION('center_axis',(0.,0.,-1.));
#9917=DIRECTION('ref_axis',(0.884809142794371,0.465953625189772,0.));
#9918=DIRECTION('center_axis',(0.,0.,1.));
#9919=DIRECTION('ref_axis',(1.,0.,0.));
#9920=DIRECTION('center_axis',(0.,0.,1.));
#9921=DIRECTION('ref_axis',(-0.131548876689961,-0.991309685739835,0.));
#9922=DIRECTION('',(0.,1.,0.));
#9923=DIRECTION('center_axis',(0.,0.,1.));
#9924=DIRECTION('ref_axis',(-0.707106781186543,0.707106781186552,0.));
#9925=DIRECTION('',(1.,0.,0.));
#9926=DIRECTION('center_axis',(0.,0.,-1.));
#9927=DIRECTION('ref_axis',(0.707106781186543,-0.707106781186552,0.));
#9928=DIRECTION('',(0.,1.,0.));
#9929=DIRECTION('center_axis',(0.,0.,-1.));
#9930=DIRECTION('ref_axis',(0.707106781186545,0.70710678118655,0.));
#9931=DIRECTION('',(-1.,0.,0.));
#9932=DIRECTION('center_axis',(0.,0.,-1.));
#9933=DIRECTION('ref_axis',(-0.707106781186548,0.707106781186548,0.));
#9934=DIRECTION('',(0.,-1.,0.));
#9935=DIRECTION('center_axis',(0.,0.,1.));
#9936=DIRECTION('ref_axis',(0.707106781186548,-0.707106781186548,0.));
#9937=DIRECTION('',(-1.,-3.33694356014522E-16,0.));
#9938=DIRECTION('center_axis',(0.,0.,-1.));
#9939=DIRECTION('ref_axis',(-0.707106781186548,0.707106781186548,0.));
#9940=DIRECTION('',(0.,-1.,0.));
#9941=DIRECTION('',(1.,0.,0.));
#9942=DIRECTION('',(0.,-1.,0.));
#9943=DIRECTION('center_axis',(0.,0.,1.));
#9944=DIRECTION('ref_axis',(0.707106781186552,-0.707106781186543,0.));
#9945=DIRECTION('',(-1.,0.,0.));
#9946=DIRECTION('center_axis',(0.,0.,-1.));
#9947=DIRECTION('ref_axis',(-0.707106781186543,0.707106781186552,0.));
#9948=DIRECTION('',(0.,-1.,0.));
#9949=DIRECTION('center_axis',(0.,0.,1.));
#9950=DIRECTION('ref_axis',(0.711961881023946,-0.702218114241469,0.));
#9951=DIRECTION('',(-0.999905059008888,-0.0137794400623305,0.));
#9952=DIRECTION('center_axis',(0.,0.,1.));
#9953=DIRECTION('ref_axis',(-0.702218114241464,-0.711961881023951,0.));
#9954=DIRECTION('',(0.,1.,0.));
#9955=DIRECTION('center_axis',(0.,0.,-1.));
#9956=DIRECTION('ref_axis',(0.707106781186548,0.707106781186548,0.));
#9957=DIRECTION('',(-1.,0.,0.));
#9958=DIRECTION('center_axis',(0.,0.,1.));
#9959=DIRECTION('ref_axis',(-0.707106781186548,-0.707106781186548,0.));
#9960=DIRECTION('',(0.,1.,0.));
#9961=DIRECTION('center_axis',(0.,0.,-1.));
#9962=DIRECTION('ref_axis',(0.707106781186548,0.707106781186548,0.));
#9963=DIRECTION('',(-1.,0.,0.));
#9964=DIRECTION('center_axis',(0.,0.,1.));
#9965=DIRECTION('ref_axis',(-0.707106781186548,-0.707106781186548,0.));
#9966=DIRECTION('',(0.,1.,0.));
#9967=DIRECTION('center_axis',(0.,0.,1.));
#9968=DIRECTION('ref_axis',(-0.70710678118655,0.707106781186545,0.));
#9969=DIRECTION('',(1.,0.,0.));
#9970=DIRECTION('center_axis',(0.,0.,-1.));
#9971=DIRECTION('ref_axis',(0.707106781186552,-0.707106781186543,0.));
#9972=DIRECTION('center_axis',(0.,0.,1.));
#9973=DIRECTION('ref_axis',(0.,-1.,0.));
#9974=DIRECTION('center_axis',(0.,0.,-1.));
#9975=DIRECTION('ref_axis',(-0.131548876689961,-0.991309685739835,0.));
#9976=DIRECTION('',(0.,0.,1.));
#9977=DIRECTION('center_axis',(-1.,0.,0.));
#9978=DIRECTION('ref_axis',(0.,-1.,0.));
#9979=DIRECTION('',(0.,0.,1.));
#9980=DIRECTION('center_axis',(0.,0.,-1.));
#9981=DIRECTION('ref_axis',(-1.,0.,0.));
#9982=DIRECTION('center_axis',(0.,0.,-1.));
#9983=DIRECTION('ref_axis',(-1.,0.,0.));
#9984=DIRECTION('',(0.,0.,-1.));
#9985=DIRECTION('center_axis',(0.,0.,-1.));
#9986=DIRECTION('ref_axis',(-1.,0.,0.));
#9987=DIRECTION('center_axis',(0.,0.,1.));
#9988=DIRECTION('ref_axis',(-1.,0.,0.));
#9989=DIRECTION('center_axis',(0.,0.,-1.));
#9990=DIRECTION('ref_axis',(-1.,0.,0.));
#9991=DIRECTION('center_axis',(0.,0.,-1.));
#9992=DIRECTION('ref_axis',(-1.,0.,0.));
#9993=DIRECTION('',(0.,0.,-1.));
#9994=DIRECTION('center_axis',(0.,0.,-1.));
#9995=DIRECTION('ref_axis',(-1.,0.,0.));
#9996=DIRECTION('center_axis',(0.,0.,1.));
#9997=DIRECTION('ref_axis',(-1.,0.,0.));
#9998=DIRECTION('center_axis',(0.,0.,-1.));
#9999=DIRECTION('ref_axis',(-1.,0.,0.));
#10000=DIRECTION('center_axis',(0.,0.,-1.));
#10001=DIRECTION('ref_axis',(-1.,0.,0.));
#10002=DIRECTION('',(0.,0.,-1.));
#10003=DIRECTION('center_axis',(0.,0.,-1.));
#10004=DIRECTION('ref_axis',(-1.,0.,0.));
#10005=DIRECTION('center_axis',(0.,0.,1.));
#10006=DIRECTION('ref_axis',(-1.,0.,0.));
#10007=DIRECTION('center_axis',(0.,0.,-1.));
#10008=DIRECTION('ref_axis',(-1.,0.,0.));
#10009=DIRECTION('center_axis',(0.,0.,-1.));
#10010=DIRECTION('ref_axis',(-1.,0.,0.));
#10011=DIRECTION('',(0.,0.,-1.));
#10012=DIRECTION('center_axis',(0.,0.,-1.));
#10013=DIRECTION('ref_axis',(-1.,0.,0.));
#10014=DIRECTION('center_axis',(0.,0.,1.));
#10015=DIRECTION('ref_axis',(-1.,0.,0.));
#10016=DIRECTION('center_axis',(0.,0.,1.));
#10017=DIRECTION('ref_axis',(-1.,0.,0.));
#10018=DIRECTION('center_axis',(0.,0.,1.));
#10019=DIRECTION('ref_axis',(-1.,0.,0.));
#10020=DIRECTION('',(0.,0.,-1.));
#10021=DIRECTION('center_axis',(0.,0.,-1.));
#10022=DIRECTION('ref_axis',(-1.,0.,0.));
#10023=DIRECTION('center_axis',(0.,0.,1.));
#10024=DIRECTION('ref_axis',(-1.,0.,0.));
#10025=DIRECTION('center_axis',(0.,0.,1.));
#10026=DIRECTION('ref_axis',(-1.,0.,0.));
#10027=DIRECTION('center_axis',(0.,0.,1.));
#10028=DIRECTION('ref_axis',(-1.,0.,0.));
#10029=DIRECTION('',(0.,0.,-1.));
#10030=DIRECTION('center_axis',(0.,0.,-1.));
#10031=DIRECTION('ref_axis',(-1.,0.,0.));
#10032=DIRECTION('center_axis',(0.,0.,1.));
#10033=DIRECTION('ref_axis',(-1.,0.,0.));
#10034=DIRECTION('center_axis',(0.,0.,1.));
#10035=DIRECTION('ref_axis',(-1.,0.,0.));
#10036=DIRECTION('center_axis',(0.,0.,1.));
#10037=DIRECTION('ref_axis',(-1.,0.,0.));
#10038=DIRECTION('',(0.,0.,-1.));
#10039=DIRECTION('center_axis',(0.,0.,-1.));
#10040=DIRECTION('ref_axis',(-1.,0.,0.));
#10041=DIRECTION('center_axis',(0.,0.,1.));
#10042=DIRECTION('ref_axis',(-1.,0.,0.));
#10043=DIRECTION('center_axis',(0.,0.,1.));
#10044=DIRECTION('ref_axis',(-1.,0.,0.));
#10045=DIRECTION('center_axis',(0.,0.,1.));
#10046=DIRECTION('ref_axis',(-1.,0.,0.));
#10047=DIRECTION('',(0.,0.,-1.));
#10048=DIRECTION('center_axis',(0.,0.,-1.));
#10049=DIRECTION('ref_axis',(-1.,0.,0.));
#10050=DIRECTION('center_axis',(0.,0.,1.));
#10051=DIRECTION('ref_axis',(-1.,0.,0.));
#10052=DIRECTION('center_axis',(0.,0.,-1.));
#10053=DIRECTION('ref_axis',(0.711961881023946,-0.702218114241469,0.));
#10054=DIRECTION('center_axis',(0.,0.,1.));
#10055=DIRECTION('ref_axis',(0.711961881023946,-0.702218114241469,0.));
#10056=DIRECTION('',(0.,0.,1.));
#10057=DIRECTION('',(0.,0.,-1.));
#10058=DIRECTION('center_axis',(0.0137794400623305,-0.999905059008888,0.));
#10059=DIRECTION('ref_axis',(-0.999905059008888,-0.0137794400623305,0.));
#10060=DIRECTION('',(-0.999905059008888,-0.0137794400623305,0.));
#10061=DIRECTION('',(0.,0.,-1.));
#10062=DIRECTION('center_axis',(0.,0.,-1.));
#10063=DIRECTION('ref_axis',(-0.702218114241464,-0.711961881023951,0.));
#10064=DIRECTION('center_axis',(0.,0.,1.));
#10065=DIRECTION('ref_axis',(-0.702218114241464,-0.711961881023951,0.));
#10066=DIRECTION('',(0.,0.,1.));
#10067=DIRECTION('center_axis',(-1.,0.,0.));
#10068=DIRECTION('ref_axis',(0.,1.,0.));
#10069=DIRECTION('',(0.,1.,0.));
#10070=DIRECTION('',(0.,0.,-1.));
#10071=DIRECTION('center_axis',(0.,0.,1.));
#10072=DIRECTION('ref_axis',(0.,-1.,0.));
#10073=DIRECTION('',(0.,0.,-1.));
#10074=DIRECTION('center_axis',(0.,0.,1.));
#10075=DIRECTION('ref_axis',(0.,-1.,0.));
#10076=DIRECTION('',(0.,0.,1.));
#10077=DIRECTION('center_axis',(0.,1.,0.));
#10078=DIRECTION('ref_axis',(1.,0.,0.));
#10079=DIRECTION('',(1.,0.,0.));
#10080=DIRECTION('center_axis',(0.,0.,-1.));
#10081=DIRECTION('ref_axis',(-1.,0.,0.));
#10082=DIRECTION('',(0.,-1.,0.));
#10083=DIRECTION('center_axis',(0.,0.,-1.));
#10084=DIRECTION('ref_axis',(-0.707106781186543,0.707106781186552,0.));
#10085=DIRECTION('',(-1.,0.,0.));
#10086=DIRECTION('center_axis',(0.,0.,1.));
#10087=DIRECTION('ref_axis',(0.707106781186552,-0.707106781186543,0.));
#10088=DIRECTION('',(0.,-1.,0.));
#10089=DIRECTION('center_axis',(0.,0.,-1.));
#10090=DIRECTION('ref_axis',(0.707106781186552,-0.707106781186543,0.));
#10091=DIRECTION('',(1.,0.,0.));
#10092=DIRECTION('center_axis',(0.,0.,1.));
#10093=DIRECTION('ref_axis',(-0.70710678118655,0.707106781186545,0.));
#10094=DIRECTION('',(0.,1.,0.));
#10095=DIRECTION('center_axis',(0.,0.,1.));
#10096=DIRECTION('ref_axis',(-0.707106781186548,-0.707106781186548,0.));
#10097=DIRECTION('',(-1.,0.,0.));
#10098=DIRECTION('center_axis',(0.,0.,-1.));
#10099=DIRECTION('ref_axis',(0.707106781186548,0.707106781186548,0.));
#10100=DIRECTION('',(0.,1.,0.));
#10101=DIRECTION('center_axis',(0.,0.,1.));
#10102=DIRECTION('ref_axis',(-0.707106781186548,-0.707106781186548,0.));
#10103=DIRECTION('',(-1.,0.,0.));
#10104=DIRECTION('center_axis',(0.,0.,-1.));
#10105=DIRECTION('ref_axis',(0.707106781186548,0.707106781186548,0.));
#10106=DIRECTION('center_axis',(0.,0.,-1.));
#10107=DIRECTION('ref_axis',(0.707106781186552,-0.707106781186543,0.));
#10108=DIRECTION('',(0.,0.,-1.));
#10109=DIRECTION('center_axis',(0.,1.,0.));
#10110=DIRECTION('ref_axis',(1.,0.,0.));
#10111=DIRECTION('',(0.,0.,1.));
#10112=DIRECTION('center_axis',(1.,0.,0.));
#10113=DIRECTION('ref_axis',(0.,-1.,0.));
#10114=DIRECTION('',(0.,0.,-1.));
#10115=DIRECTION('center_axis',(0.,0.,-1.));
#10116=DIRECTION('ref_axis',(-0.707106781186543,0.707106781186552,0.));
#10117=DIRECTION('',(0.,0.,-1.));
#10118=DIRECTION('',(0.,0.,1.));
#10119=DIRECTION('center_axis',(1.,0.,0.));
#10120=DIRECTION('ref_axis',(0.,-1.,0.));
#10121=DIRECTION('center_axis',(0.,0.,-1.));
#10122=DIRECTION('ref_axis',(0.707106781186552,-0.707106781186543,0.));
#10123=DIRECTION('',(0.,0.,1.));
#10124=DIRECTION('center_axis',(0.,-1.,0.));
#10125=DIRECTION('ref_axis',(-1.,0.,0.));
#10126=DIRECTION('center_axis',(0.,0.,1.));
#10127=DIRECTION('ref_axis',(-0.707106781186548,0.707106781186548,0.));
#10128=DIRECTION('',(0.,0.,-1.));
#10129=DIRECTION('center_axis',(0.,0.,1.));
#10130=DIRECTION('ref_axis',(-0.707106781186548,0.707106781186548,0.));
#10131=DIRECTION('',(0.,0.,1.));
#10132=DIRECTION('',(0.,0.,-1.));
#10133=DIRECTION('center_axis',(0.,1.,0.));
#10134=DIRECTION('ref_axis',(-1.,0.,0.));
#10135=DIRECTION('',(0.,0.,1.));
#10136=DIRECTION('center_axis',(0.,0.,1.));
#10137=DIRECTION('ref_axis',(0.707106781186548,-0.707106781186548,0.));
#10138=DIRECTION('',(0.,0.,1.));
#10139=DIRECTION('',(0.,0.,-1.));
#10140=DIRECTION('center_axis',(-3.33694356014522E-16,1.,0.));
#10141=DIRECTION('ref_axis',(-1.,-3.33694356014522E-16,0.));
#10142=DIRECTION('center_axis',(0.,0.,1.));
#10143=DIRECTION('ref_axis',(0.707106781186545,0.70710678118655,0.));
#10144=DIRECTION('',(0.,0.,-1.));
#10145=DIRECTION('center_axis',(0.,0.,1.));
#10146=DIRECTION('ref_axis',(0.707106781186543,-0.707106781186552,0.));
#10147=DIRECTION('',(0.,0.,1.));
#10148=DIRECTION('',(0.,0.,-1.));
#10149=DIRECTION('center_axis',(0.,-1.,0.));
#10150=DIRECTION('ref_axis',(1.,0.,0.));
#10151=DIRECTION('',(0.,0.,1.));
#10152=DIRECTION('center_axis',(0.,0.,1.));
#10153=DIRECTION('ref_axis',(-0.707106781186543,0.707106781186552,0.));
#10154=DIRECTION('',(0.,0.,-1.));
#10155=DIRECTION('center_axis',(0.,0.,-1.));
#10156=DIRECTION('ref_axis',(0.707106781186548,0.707106781186548,0.));
#10157=DIRECTION('',(0.,0.,-1.));
#10158=DIRECTION('',(0.,0.,1.));
#10159=DIRECTION('center_axis',(-1.,0.,0.));
#10160=DIRECTION('ref_axis',(0.,1.,0.));
#10161=DIRECTION('',(0.,0.,1.));
#10162=DIRECTION('center_axis',(0.,0.,-1.));
#10163=DIRECTION('ref_axis',(-0.707106781186548,-0.707106781186548,0.));
#10164=DIRECTION('',(0.,0.,-1.));
#10165=DIRECTION('center_axis',(0.,-1.,0.));
#10166=DIRECTION('ref_axis',(-1.,0.,0.));
#10167=DIRECTION('',(0.,0.,1.));
#10168=DIRECTION('center_axis',(0.,0.,-1.));
#10169=DIRECTION('ref_axis',(0.707106781186548,0.707106781186548,0.));
#10170=DIRECTION('center_axis',(0.,0.,-1.));
#10171=DIRECTION('ref_axis',(-0.707106781186548,-0.707106781186548,0.));
#10172=DIRECTION('',(0.,0.,1.));
#10173=DIRECTION('',(0.,0.,-1.));
#10174=DIRECTION('center_axis',(0.,-1.,0.));
#10175=DIRECTION('ref_axis',(-1.,0.,0.));
#10176=DIRECTION('center_axis',(0.,0.,-1.));
#10177=DIRECTION('ref_axis',(-0.70710678118655,0.707106781186545,0.));
#10178=DIRECTION('',(0.,0.,-1.));
#10179=DIRECTION('center_axis',(-1.,0.,0.));
#10180=DIRECTION('ref_axis',(0.,1.,0.));
#10181=DIRECTION('center_axis',(1.,0.,0.));
#10182=DIRECTION('ref_axis',(0.,1.,0.));
#10183=DIRECTION('center_axis',(1.,0.,0.));
#10184=DIRECTION('ref_axis',(0.,1.,0.));
#10185=DIRECTION('center_axis',(-1.,0.,0.));
#10186=DIRECTION('ref_axis',(0.,-1.,0.));
#10187=DIRECTION('',(0.,0.,-1.));
#10188=DIRECTION('',(0.,0.,-1.));
#10189=DIRECTION('',(0.,0.,-1.));
#10190=DIRECTION('',(0.,0.,-1.));
#10191=DIRECTION('',(0.,0.,-1.));
#10192=DIRECTION('',(0.,0.,-1.));
#10193=DIRECTION('',(0.,0.,-1.));
#10194=DIRECTION('',(0.,0.,-1.));
#10195=DIRECTION('',(0.,0.,-1.));
#10196=DIRECTION('center_axis',(0.200831089575665,-0.979625884437448,0.));
#10197=DIRECTION('ref_axis',(-0.979625884437448,-0.200831089575665,0.));
#10198=DIRECTION('',(-0.979625884437448,-0.200831089575665,0.));
#10199=DIRECTION('',(0.,0.,-1.));
#10200=DIRECTION('',(-0.979625884437448,-0.200831089575665,0.));
#10201=DIRECTION('',(0.,0.,-1.));
#10202=DIRECTION('',(0.,0.,-1.));
#10203=DIRECTION('',(0.,0.,-1.));
#10204=DIRECTION('',(0.,0.,-1.));
#10205=DIRECTION('',(0.,0.,-1.));
#10206=DIRECTION('',(0.,0.,-1.));
#10207=DIRECTION('',(0.,0.,-1.));
#10208=DIRECTION('',(0.,0.,-1.));
#10209=DIRECTION('',(0.,0.,-1.));
#10210=DIRECTION('',(0.,0.,-1.));
#10211=DIRECTION('center_axis',(0.305309704195711,0.95225310948504,0.));
#10212=DIRECTION('ref_axis',(0.95225310948504,-0.305309704195711,0.));
#10213=DIRECTION('',(0.95225310948504,-0.305309704195711,0.));
#10214=DIRECTION('',(0.,0.,-1.));
#10215=DIRECTION('',(0.95225310948504,-0.305309704195711,0.));
#10216=DIRECTION('center_axis',(0.,0.,1.));
#10217=DIRECTION('ref_axis',(-1.,0.,0.));
#10218=DIRECTION('center_axis',(-0.0167266527447301,-0.99986009975794,0.));
#10219=DIRECTION('ref_axis',(-0.99986009975794,0.0167266527447301,0.));
#10220=DIRECTION('',(-0.99986009975794,0.0167266527447301,0.));
#10221=DIRECTION('',(0.,0.,-1.));
#10222=DIRECTION('',(-0.99986009975794,0.0167266527447301,0.));
#10223=DIRECTION('',(0.,0.,-1.));
#10224=DIRECTION('center_axis',(0.99986009975794,-0.0167266527447322,0.));
#10225=DIRECTION('ref_axis',(-0.0167266527447322,-0.99986009975794,0.));
#10226=DIRECTION('',(-0.0167266527447322,-0.99986009975794,0.));
#10227=DIRECTION('',(0.,0.,-1.));
#10228=DIRECTION('',(-0.0167266527447322,-0.99986009975794,0.));
#10229=DIRECTION('center_axis',(-0.835450976884535,-0.549564978162434,0.));
#10230=DIRECTION('ref_axis',(-0.549564978162434,0.835450976884535,0.));
#10231=DIRECTION('',(-0.549564978162434,0.835450976884535,0.));
#10232=DIRECTION('',(0.,0.,-1.));
#10233=DIRECTION('',(-0.549564978162434,0.835450976884535,0.));
#10234=DIRECTION('center_axis',(-0.0167266527447341,-0.99986009975794,0.));
#10235=DIRECTION('ref_axis',(-0.99986009975794,0.0167266527447341,0.));
#10236=DIRECTION('',(-0.99986009975794,0.0167266527447341,0.));
#10237=DIRECTION('',(0.,0.,-1.));
#10238=DIRECTION('',(-0.99986009975794,0.0167266527447341,0.));
#10239=DIRECTION('center_axis',(0.99986009975794,-0.0167266527447355,0.));
#10240=DIRECTION('ref_axis',(-0.0167266527447355,-0.99986009975794,0.));
#10241=DIRECTION('',(-0.0167266527447355,-0.99986009975794,0.));
#10242=DIRECTION('',(0.,0.,-1.));
#10243=DIRECTION('',(-0.0167266527447355,-0.99986009975794,0.));
#10244=DIRECTION('center_axis',(0.0167266527447341,0.99986009975794,0.));
#10245=DIRECTION('ref_axis',(0.99986009975794,-0.0167266527447341,0.));
#10246=DIRECTION('',(0.99986009975794,-0.0167266527447341,0.));
#10247=DIRECTION('',(0.,0.,-1.));
#10248=DIRECTION('',(0.99986009975794,-0.0167266527447341,0.));
#10249=DIRECTION('center_axis',(-0.99986009975794,0.0167266527447343,0.));
#10250=DIRECTION('ref_axis',(0.0167266527447343,0.99986009975794,0.));
#10251=DIRECTION('',(0.0167266527447343,0.99986009975794,0.));
#10252=DIRECTION('',(0.,0.,-1.));
#10253=DIRECTION('',(0.0167266527447343,0.99986009975794,0.));
#10254=DIRECTION('center_axis',(0.835995363039409,0.548736505963114,0.));
#10255=DIRECTION('ref_axis',(0.548736505963114,-0.835995363039409,0.));
#10256=DIRECTION('',(0.548736505963114,-0.835995363039409,0.));
#10257=DIRECTION('',(0.,0.,-1.));
#10258=DIRECTION('',(0.548736505963114,-0.835995363039409,0.));
#10259=DIRECTION('center_axis',(0.0167266527447332,0.99986009975794,0.));
#10260=DIRECTION('ref_axis',(0.99986009975794,-0.0167266527447332,0.));
#10261=DIRECTION('',(0.99986009975794,-0.0167266527447332,0.));
#10262=DIRECTION('',(0.,0.,-1.));
#10263=DIRECTION('',(0.99986009975794,-0.0167266527447332,0.));
#10264=DIRECTION('center_axis',(-0.99986009975794,0.0167266527447355,0.));
#10265=DIRECTION('ref_axis',(0.0167266527447355,0.99986009975794,0.));
#10266=DIRECTION('',(0.0167266527447355,0.99986009975794,0.));
#10267=DIRECTION('',(0.0167266527447355,0.99986009975794,0.));
#10268=DIRECTION('center_axis',(0.,0.,-1.));
#10269=DIRECTION('ref_axis',(-1.,0.,0.));
#10270=DIRECTION('',(0.,0.,-1.));
#10271=DIRECTION('',(0.,0.,-1.));
#10272=DIRECTION('',(0.,0.,-1.));
#10273=DIRECTION('',(0.,0.,-1.));
#10274=DIRECTION('center_axis',(-0.016726652744721,-0.99986009975794,0.));
#10275=DIRECTION('ref_axis',(-0.99986009975794,0.016726652744721,0.));
#10276=DIRECTION('',(-0.99986009975794,0.016726652744721,0.));
#10277=DIRECTION('',(0.,0.,-1.));
#10278=DIRECTION('',(-0.99986009975794,0.016726652744721,0.));
#10279=DIRECTION('',(0.,0.,-1.));
#10280=DIRECTION('',(0.,0.,-1.));
#10281=DIRECTION('',(0.,0.,-1.));
#10282=DIRECTION('',(0.,0.,-1.));
#10283=DIRECTION('center_axis',(0.016726652744721,0.99986009975794,0.));
#10284=DIRECTION('ref_axis',(0.99986009975794,-0.016726652744721,0.));
#10285=DIRECTION('',(0.99986009975794,-0.016726652744721,0.));
#10286=DIRECTION('',(0.99986009975794,-0.016726652744721,0.));
#10287=DIRECTION('center_axis',(0.,0.,1.));
#10288=DIRECTION('ref_axis',(-1.,0.,0.));
#10289=DIRECTION('center_axis',(-0.0167266527447237,-0.99986009975794,0.));
#10290=DIRECTION('ref_axis',(-0.99986009975794,0.0167266527447237,0.));
#10291=DIRECTION('',(-0.99986009975794,0.0167266527447237,0.));
#10292=DIRECTION('',(0.,0.,-1.));
#10293=DIRECTION('',(-0.99986009975794,0.0167266527447237,0.));
#10294=DIRECTION('',(0.,0.,-1.));
#10295=DIRECTION('',(0.,0.,-1.));
#10296=DIRECTION('',(0.,0.,-1.));
#10297=DIRECTION('',(0.,0.,-1.));
#10298=DIRECTION('',(0.,0.,-1.));
#10299=DIRECTION('',(0.,0.,-1.));
#10300=DIRECTION('center_axis',(0.0167266527447198,0.99986009975794,0.));
#10301=DIRECTION('ref_axis',(0.99986009975794,-0.0167266527447198,0.));
#10302=DIRECTION('',(0.99986009975794,-0.0167266527447198,0.));
#10303=DIRECTION('',(0.,0.,-1.));
#10304=DIRECTION('',(0.99986009975794,-0.0167266527447198,0.));
#10305=DIRECTION('center_axis',(0.99986009975794,-0.0167266527447355,0.));
#10306=DIRECTION('ref_axis',(-0.0167266527447355,-0.99986009975794,0.));
#10307=DIRECTION('',(-0.0167266527447355,-0.99986009975794,0.));
#10308=DIRECTION('',(-0.0167266527447355,-0.99986009975794,0.));
#10309=DIRECTION('center_axis',(0.99986009975794,-0.0167266527447398,0.));
#10310=DIRECTION('ref_axis',(-0.0167266527447398,-0.999860099757939,0.));
#10311=DIRECTION('',(-0.0167266527447398,-0.999860099757939,0.));
#10312=DIRECTION('',(0.,0.,-1.));
#10313=DIRECTION('',(-0.0167266527447398,-0.999860099757939,0.));
#10314=DIRECTION('',(0.,0.,-1.));
#10315=DIRECTION('center_axis',(-0.0167266527447119,-0.99986009975794,0.));
#10316=DIRECTION('ref_axis',(-0.99986009975794,0.0167266527447119,0.));
#10317=DIRECTION('',(-0.99986009975794,0.0167266527447119,0.));
#10318=DIRECTION('',(0.,0.,-1.));
#10319=DIRECTION('',(-0.99986009975794,0.0167266527447119,0.));
#10320=DIRECTION('',(0.,0.,-1.));
#10321=DIRECTION('',(0.,0.,-1.));
#10322=DIRECTION('center_axis',(-0.887554223129711,-0.460703267846686,0.));
#10323=DIRECTION('ref_axis',(-0.460703267846686,0.887554223129711,0.));
#10324=DIRECTION('',(-0.460703267846686,0.887554223129711,0.));
#10325=DIRECTION('',(0.,0.,-1.));
#10326=DIRECTION('',(-0.460703267846686,0.887554223129711,0.));
#10327=DIRECTION('center_axis',(-0.0167266527447327,-0.99986009975794,0.));
#10328=DIRECTION('ref_axis',(-0.99986009975794,0.0167266527447327,0.));
#10329=DIRECTION('',(-0.99986009975794,0.0167266527447327,0.));
#10330=DIRECTION('',(0.,0.,-1.));
#10331=DIRECTION('',(-0.99986009975794,0.0167266527447327,0.));
#10332=DIRECTION('center_axis',(0.896065056655948,0.443922757064979,0.));
#10333=DIRECTION('ref_axis',(0.443922757064979,-0.896065056655948,0.));
#10334=DIRECTION('',(0.443922757064979,-0.896065056655948,0.));
#10335=DIRECTION('',(0.,0.,-1.));
#10336=DIRECTION('',(0.443922757064979,-0.896065056655948,0.));
#10337=DIRECTION('',(0.,0.,-1.));
#10338=DIRECTION('',(0.,0.,-1.));
#10339=DIRECTION('',(0.,0.,-1.));
#10340=DIRECTION('',(0.,0.,-1.));
#10341=DIRECTION('',(0.,0.,-1.));
#10342=DIRECTION('',(0.,0.,-1.));
#10343=DIRECTION('',(0.,0.,-1.));
#10344=DIRECTION('',(0.,0.,-1.));
#10345=DIRECTION('',(0.,0.,-1.));
#10346=DIRECTION('center_axis',(0.0167266527447308,0.99986009975794,0.));
#10347=DIRECTION('ref_axis',(0.99986009975794,-0.0167266527447308,0.));
#10348=DIRECTION('',(0.99986009975794,-0.0167266527447308,0.));
#10349=DIRECTION('',(0.,0.,-1.));
#10350=DIRECTION('',(0.99986009975794,-0.0167266527447308,0.));
#10351=DIRECTION('center_axis',(-0.99986009975794,0.0167266527447355,0.));
#10352=DIRECTION('ref_axis',(0.0167266527447355,0.99986009975794,0.));
#10353=DIRECTION('',(0.0167266527447355,0.99986009975794,0.));
#10354=DIRECTION('',(0.,0.,-1.));
#10355=DIRECTION('',(0.0167266527447355,0.99986009975794,0.));
#10356=DIRECTION('center_axis',(-0.0167266527447299,-0.99986009975794,0.));
#10357=DIRECTION('ref_axis',(-0.99986009975794,0.0167266527447299,0.));
#10358=DIRECTION('',(-0.99986009975794,0.0167266527447299,0.));
#10359=DIRECTION('',(-0.99986009975794,0.0167266527447299,0.));
#10360=DIRECTION('center_axis',(0.,0.,1.));
#10361=DIRECTION('ref_axis',(-1.,0.,0.));
#10362=DIRECTION('',(0.,0.,-1.));
#10363=DIRECTION('',(0.,0.,-1.));
#10364=DIRECTION('',(0.,0.,-1.));
#10365=DIRECTION('',(0.,0.,-1.));
#10366=DIRECTION('center_axis',(-0.0167266527447381,-0.99986009975794,0.));
#10367=DIRECTION('ref_axis',(-0.99986009975794,0.0167266527447381,0.));
#10368=DIRECTION('',(-0.99986009975794,0.0167266527447381,0.));
#10369=DIRECTION('',(0.,0.,-1.));
#10370=DIRECTION('',(-0.99986009975794,0.0167266527447381,0.));
#10371=DIRECTION('',(0.,0.,-1.));
#10372=DIRECTION('',(0.,0.,-1.));
#10373=DIRECTION('',(0.,0.,-1.));
#10374=DIRECTION('',(0.,0.,-1.));
#10375=DIRECTION('center_axis',(0.0167266527447381,0.99986009975794,0.));
#10376=DIRECTION('ref_axis',(0.99986009975794,-0.0167266527447381,0.));
#10377=DIRECTION('',(0.99986009975794,-0.0167266527447381,0.));
#10378=DIRECTION('',(0.99986009975794,-0.0167266527447381,0.));
#10379=DIRECTION('center_axis',(0.,0.,1.));
#10380=DIRECTION('ref_axis',(-1.,0.,0.));
#10381=DIRECTION('',(0.,0.,-1.));
#10382=DIRECTION('',(0.,0.,-1.));
#10383=DIRECTION('',(0.,0.,-1.));
#10384=DIRECTION('',(0.,0.,-1.));
#10385=DIRECTION('center_axis',(-0.0167266527447297,-0.99986009975794,0.));
#10386=DIRECTION('ref_axis',(-0.99986009975794,0.0167266527447297,0.));
#10387=DIRECTION('',(-0.99986009975794,0.0167266527447297,0.));
#10388=DIRECTION('',(0.,0.,-1.));
#10389=DIRECTION('',(-0.99986009975794,0.0167266527447297,0.));
#10390=DIRECTION('',(0.,0.,-1.));
#10391=DIRECTION('',(0.,0.,-1.));
#10392=DIRECTION('',(0.,0.,-1.));
#10393=DIRECTION('',(0.,0.,-1.));
#10394=DIRECTION('center_axis',(0.0167266527447297,0.99986009975794,0.));
#10395=DIRECTION('ref_axis',(0.99986009975794,-0.0167266527447297,0.));
#10396=DIRECTION('',(0.99986009975794,-0.0167266527447297,0.));
#10397=DIRECTION('',(0.99986009975794,-0.0167266527447297,0.));
#10398=DIRECTION('center_axis',(0.,0.,1.));
#10399=DIRECTION('ref_axis',(-1.,0.,0.));
#10400=DIRECTION('center_axis',(-0.0167266527447314,-0.99986009975794,0.));
#10401=DIRECTION('ref_axis',(-0.99986009975794,0.0167266527447314,0.));
#10402=DIRECTION('',(-0.99986009975794,0.0167266527447314,0.));
#10403=DIRECTION('',(0.,0.,-1.));
#10404=DIRECTION('',(-0.99986009975794,0.0167266527447314,0.));
#10405=DIRECTION('',(0.,0.,-1.));
#10406=DIRECTION('center_axis',(0.99986009975794,-0.0167266527447277,0.));
#10407=DIRECTION('ref_axis',(-0.0167266527447277,-0.99986009975794,0.));
#10408=DIRECTION('',(-0.0167266527447277,-0.99986009975794,0.));
#10409=DIRECTION('',(0.,0.,-1.));
#10410=DIRECTION('',(-0.0167266527447277,-0.99986009975794,0.));
#10411=DIRECTION('center_axis',(0.0167266527447317,0.99986009975794,0.));
#10412=DIRECTION('ref_axis',(0.99986009975794,-0.0167266527447317,0.));
#10413=DIRECTION('',(0.99986009975794,-0.0167266527447317,0.));
#10414=DIRECTION('',(0.,0.,-1.));
#10415=DIRECTION('',(0.99986009975794,-0.0167266527447317,0.));
#10416=DIRECTION('center_axis',(0.99986009975794,-0.0167266527447348,0.));
#10417=DIRECTION('ref_axis',(-0.0167266527447348,-0.99986009975794,0.));
#10418=DIRECTION('',(-0.0167266527447348,-0.99986009975794,0.));
#10419=DIRECTION('',(0.,0.,-1.));
#10420=DIRECTION('',(-0.0167266527447348,-0.99986009975794,0.));
#10421=DIRECTION('center_axis',(-0.0167266527447291,-0.99986009975794,0.));
#10422=DIRECTION('ref_axis',(-0.99986009975794,0.0167266527447291,0.));
#10423=DIRECTION('',(-0.99986009975794,0.0167266527447291,0.));
#10424=DIRECTION('',(0.,0.,-1.));
#10425=DIRECTION('',(-0.99986009975794,0.0167266527447291,0.));
#10426=DIRECTION('center_axis',(0.99986009975794,-0.0167266527447265,0.));
#10427=DIRECTION('ref_axis',(-0.0167266527447265,-0.99986009975794,0.));
#10428=DIRECTION('',(-0.0167266527447265,-0.99986009975794,0.));
#10429=DIRECTION('',(0.,0.,-1.));
#10430=DIRECTION('',(-0.0167266527447265,-0.99986009975794,0.));
#10431=DIRECTION('center_axis',(0.0167266527447291,0.99986009975794,0.));
#10432=DIRECTION('ref_axis',(0.99986009975794,-0.0167266527447291,0.));
#10433=DIRECTION('',(0.99986009975794,-0.0167266527447291,0.));
#10434=DIRECTION('',(0.,0.,-1.));
#10435=DIRECTION('',(0.99986009975794,-0.0167266527447291,0.));
#10436=DIRECTION('center_axis',(0.99986009975794,-0.0167266527447331,0.));
#10437=DIRECTION('ref_axis',(-0.0167266527447331,-0.99986009975794,0.));
#10438=DIRECTION('',(-0.0167266527447331,-0.99986009975794,0.));
#10439=DIRECTION('',(0.,0.,-1.));
#10440=DIRECTION('',(-0.0167266527447331,-0.99986009975794,0.));
#10441=DIRECTION('center_axis',(-0.0167266527447364,-0.99986009975794,0.));
#10442=DIRECTION('ref_axis',(-0.99986009975794,0.0167266527447364,0.));
#10443=DIRECTION('',(-0.99986009975794,0.0167266527447364,0.));
#10444=DIRECTION('',(0.,0.,-1.));
#10445=DIRECTION('',(-0.99986009975794,0.0167266527447364,0.));
#10446=DIRECTION('center_axis',(0.99986009975794,-0.0167266527447342,0.));
#10447=DIRECTION('ref_axis',(-0.0167266527447342,-0.99986009975794,0.));
#10448=DIRECTION('',(-0.0167266527447342,-0.99986009975794,0.));
#10449=DIRECTION('',(0.,0.,-1.));
#10450=DIRECTION('',(-0.0167266527447342,-0.99986009975794,0.));
#10451=DIRECTION('center_axis',(0.0167266527447343,0.99986009975794,0.));
#10452=DIRECTION('ref_axis',(0.99986009975794,-0.0167266527447343,0.));
#10453=DIRECTION('',(0.99986009975794,-0.0167266527447343,0.));
#10454=DIRECTION('',(0.,0.,-1.));
#10455=DIRECTION('',(0.99986009975794,-0.0167266527447343,0.));
#10456=DIRECTION('center_axis',(-0.99986009975794,0.0167266527447355,0.));
#10457=DIRECTION('ref_axis',(0.0167266527447355,0.99986009975794,0.));
#10458=DIRECTION('',(0.0167266527447355,0.99986009975794,0.));
#10459=DIRECTION('',(0.0167266527447355,0.99986009975794,0.));
#10460=DIRECTION('center_axis',(0.,0.,-1.));
#10461=DIRECTION('ref_axis',(-1.,0.,0.));
#10462=DIRECTION('center_axis',(-0.0167266527447314,-0.99986009975794,0.));
#10463=DIRECTION('ref_axis',(-0.99986009975794,0.0167266527447314,0.));
#10464=DIRECTION('',(-0.99986009975794,0.0167266527447314,0.));
#10465=DIRECTION('',(0.,0.,-1.));
#10466=DIRECTION('',(-0.99986009975794,0.0167266527447314,0.));
#10467=DIRECTION('',(0.,0.,-1.));
#10468=DIRECTION('center_axis',(0.99986009975794,-0.0167266527447277,0.));
#10469=DIRECTION('ref_axis',(-0.0167266527447277,-0.99986009975794,0.));
#10470=DIRECTION('',(-0.0167266527447277,-0.99986009975794,0.));
#10471=DIRECTION('',(0.,0.,-1.));
#10472=DIRECTION('',(-0.0167266527447277,-0.99986009975794,0.));
#10473=DIRECTION('center_axis',(0.0167266527447317,0.99986009975794,0.));
#10474=DIRECTION('ref_axis',(0.99986009975794,-0.0167266527447317,0.));
#10475=DIRECTION('',(0.99986009975794,-0.0167266527447317,0.));
#10476=DIRECTION('',(0.,0.,-1.));
#10477=DIRECTION('',(0.99986009975794,-0.0167266527447317,0.));
#10478=DIRECTION('center_axis',(0.99986009975794,-0.0167266527447348,0.));
#10479=DIRECTION('ref_axis',(-0.0167266527447348,-0.99986009975794,0.));
#10480=DIRECTION('',(-0.0167266527447348,-0.99986009975794,0.));
#10481=DIRECTION('',(0.,0.,-1.));
#10482=DIRECTION('',(-0.0167266527447348,-0.99986009975794,0.));
#10483=DIRECTION('center_axis',(-0.0167266527447291,-0.99986009975794,0.));
#10484=DIRECTION('ref_axis',(-0.99986009975794,0.0167266527447291,0.));
#10485=DIRECTION('',(-0.99986009975794,0.0167266527447291,0.));
#10486=DIRECTION('',(0.,0.,-1.));
#10487=DIRECTION('',(-0.99986009975794,0.0167266527447291,0.));
#10488=DIRECTION('center_axis',(0.99986009975794,-0.0167266527447265,0.));
#10489=DIRECTION('ref_axis',(-0.0167266527447265,-0.99986009975794,0.));
#10490=DIRECTION('',(-0.0167266527447265,-0.99986009975794,0.));
#10491=DIRECTION('',(0.,0.,-1.));
#10492=DIRECTION('',(-0.0167266527447265,-0.99986009975794,0.));
#10493=DIRECTION('center_axis',(0.0167266527447291,0.99986009975794,0.));
#10494=DIRECTION('ref_axis',(0.99986009975794,-0.0167266527447291,0.));
#10495=DIRECTION('',(0.99986009975794,-0.0167266527447291,0.));
#10496=DIRECTION('',(0.,0.,-1.));
#10497=DIRECTION('',(0.99986009975794,-0.0167266527447291,0.));
#10498=DIRECTION('center_axis',(0.99986009975794,-0.0167266527447331,0.));
#10499=DIRECTION('ref_axis',(-0.0167266527447331,-0.99986009975794,0.));
#10500=DIRECTION('',(-0.0167266527447331,-0.99986009975794,0.));
#10501=DIRECTION('',(0.,0.,-1.));
#10502=DIRECTION('',(-0.0167266527447331,-0.99986009975794,0.));
#10503=DIRECTION('center_axis',(-0.0167266527447364,-0.99986009975794,0.));
#10504=DIRECTION('ref_axis',(-0.99986009975794,0.0167266527447364,0.));
#10505=DIRECTION('',(-0.99986009975794,0.0167266527447364,0.));
#10506=DIRECTION('',(0.,0.,-1.));
#10507=DIRECTION('',(-0.99986009975794,0.0167266527447364,0.));
#10508=DIRECTION('center_axis',(0.99986009975794,-0.0167266527447342,0.));
#10509=DIRECTION('ref_axis',(-0.0167266527447342,-0.99986009975794,0.));
#10510=DIRECTION('',(-0.0167266527447342,-0.99986009975794,0.));
#10511=DIRECTION('',(0.,0.,-1.));
#10512=DIRECTION('',(-0.0167266527447342,-0.99986009975794,0.));
#10513=DIRECTION('center_axis',(0.0167266527447343,0.99986009975794,0.));
#10514=DIRECTION('ref_axis',(0.99986009975794,-0.0167266527447343,0.));
#10515=DIRECTION('',(0.99986009975794,-0.0167266527447343,0.));
#10516=DIRECTION('',(0.,0.,-1.));
#10517=DIRECTION('',(0.99986009975794,-0.0167266527447343,0.));
#10518=DIRECTION('center_axis',(-0.99986009975794,0.0167266527447355,0.));
#10519=DIRECTION('ref_axis',(0.0167266527447355,0.99986009975794,0.));
#10520=DIRECTION('',(0.0167266527447355,0.99986009975794,0.));
#10521=DIRECTION('',(0.0167266527447355,0.99986009975794,0.));
#10522=DIRECTION('center_axis',(0.,0.,-1.));
#10523=DIRECTION('ref_axis',(-1.,0.,0.));
#10524=DIRECTION('center_axis',(-0.0167266527447271,-0.99986009975794,0.));
#10525=DIRECTION('ref_axis',(-0.99986009975794,0.0167266527447271,0.));
#10526=DIRECTION('',(-0.99986009975794,0.0167266527447271,0.));
#10527=DIRECTION('',(0.,0.,-1.));
#10528=DIRECTION('',(-0.99986009975794,0.0167266527447271,0.));
#10529=DIRECTION('',(0.,0.,-1.));
#10530=DIRECTION('center_axis',(0.99986009975794,-0.0167266527447305,0.));
#10531=DIRECTION('ref_axis',(-0.0167266527447305,-0.99986009975794,0.));
#10532=DIRECTION('',(-0.0167266527447305,-0.99986009975794,0.));
#10533=DIRECTION('',(0.,0.,-1.));
#10534=DIRECTION('',(-0.0167266527447305,-0.99986009975794,0.));
#10535=DIRECTION('center_axis',(-0.0167266527447325,-0.99986009975794,0.));
#10536=DIRECTION('ref_axis',(-0.99986009975794,0.0167266527447325,0.));
#10537=DIRECTION('',(-0.99986009975794,0.0167266527447325,0.));
#10538=DIRECTION('',(0.,0.,-1.));
#10539=DIRECTION('',(-0.99986009975794,0.0167266527447325,0.));
#10540=DIRECTION('center_axis',(-0.99986009975794,0.0167266527447305,0.));
#10541=DIRECTION('ref_axis',(0.0167266527447305,0.99986009975794,0.));
#10542=DIRECTION('',(0.0167266527447305,0.99986009975794,0.));
#10543=DIRECTION('',(0.,0.,-1.));
#10544=DIRECTION('',(0.0167266527447305,0.99986009975794,0.));
#10545=DIRECTION('center_axis',(-0.0167266527447299,-0.99986009975794,0.));
#10546=DIRECTION('ref_axis',(-0.99986009975794,0.0167266527447299,0.));
#10547=DIRECTION('',(-0.99986009975794,0.0167266527447299,0.));
#10548=DIRECTION('',(0.,0.,-1.));
#10549=DIRECTION('',(-0.99986009975794,0.0167266527447299,0.));
#10550=DIRECTION('center_axis',(0.99986009975794,-0.0167266527447355,0.));
#10551=DIRECTION('ref_axis',(-0.0167266527447355,-0.99986009975794,0.));
#10552=DIRECTION('',(-0.0167266527447355,-0.99986009975794,0.));
#10553=DIRECTION('',(0.,0.,-1.));
#10554=DIRECTION('',(-0.0167266527447355,-0.99986009975794,0.));
#10555=DIRECTION('center_axis',(0.0167266527447299,0.99986009975794,0.));
#10556=DIRECTION('ref_axis',(0.99986009975794,-0.0167266527447299,0.));
#10557=DIRECTION('',(0.99986009975794,-0.0167266527447299,0.));
#10558=DIRECTION('',(0.,0.,-1.));
#10559=DIRECTION('',(0.99986009975794,-0.0167266527447299,0.));
#10560=DIRECTION('center_axis',(-0.99986009975794,0.0167266527447334,0.));
#10561=DIRECTION('ref_axis',(0.0167266527447334,0.99986009975794,0.));
#10562=DIRECTION('',(0.0167266527447334,0.99986009975794,0.));
#10563=DIRECTION('',(0.,0.,-1.));
#10564=DIRECTION('',(0.0167266527447334,0.99986009975794,0.));
#10565=DIRECTION('center_axis',(0.0167266527447325,0.99986009975794,0.));
#10566=DIRECTION('ref_axis',(0.99986009975794,-0.0167266527447325,0.));
#10567=DIRECTION('',(0.99986009975794,-0.0167266527447325,0.));
#10568=DIRECTION('',(0.,0.,-1.));
#10569=DIRECTION('',(0.99986009975794,-0.0167266527447325,0.));
#10570=DIRECTION('center_axis',(0.99986009975794,-0.0167266527447334,0.));
#10571=DIRECTION('ref_axis',(-0.0167266527447334,-0.99986009975794,0.));
#10572=DIRECTION('',(-0.0167266527447334,-0.99986009975794,0.));
#10573=DIRECTION('',(0.,0.,-1.));
#10574=DIRECTION('',(-0.0167266527447334,-0.99986009975794,0.));
#10575=DIRECTION('center_axis',(0.0167266527447271,0.99986009975794,0.));
#10576=DIRECTION('ref_axis',(0.99986009975794,-0.0167266527447271,0.));
#10577=DIRECTION('',(0.99986009975794,-0.0167266527447271,0.));
#10578=DIRECTION('',(0.,0.,-1.));
#10579=DIRECTION('',(0.99986009975794,-0.0167266527447271,0.));
#10580=DIRECTION('center_axis',(-0.99986009975794,0.0167266527447355,0.));
#10581=DIRECTION('ref_axis',(0.0167266527447355,0.99986009975794,0.));
#10582=DIRECTION('',(0.0167266527447355,0.99986009975794,0.));
#10583=DIRECTION('',(0.0167266527447355,0.99986009975794,0.));
#10584=DIRECTION('center_axis',(0.,0.,-1.));
#10585=DIRECTION('ref_axis',(-1.,0.,0.));
#10586=DIRECTION('center_axis',(0.951811817586197,-0.306682676235976,0.));
#10587=DIRECTION('ref_axis',(-0.306682676235976,-0.951811817586197,0.));
#10588=DIRECTION('',(-0.306682676235976,-0.951811817586197,0.));
#10589=DIRECTION('',(0.,0.,-1.));
#10590=DIRECTION('',(-0.306682676235976,-0.951811817586197,0.));
#10591=DIRECTION('',(0.,0.,-1.));
#10592=DIRECTION('center_axis',(-0.960728613204521,-0.277489696691818,0.));
#10593=DIRECTION('ref_axis',(-0.277489696691818,0.960728613204521,0.));
#10594=DIRECTION('',(-0.277489696691818,0.960728613204521,0.));
#10595=DIRECTION('',(0.,0.,-1.));
#10596=DIRECTION('',(-0.277489696691818,0.960728613204521,0.));
#10597=DIRECTION('center_axis',(0.0167266527447415,0.99986009975794,0.));
#10598=DIRECTION('ref_axis',(0.999860099757939,-0.0167266527447415,0.));
#10599=DIRECTION('',(0.999860099757939,-0.0167266527447415,0.));
#10600=DIRECTION('',(0.999860099757939,-0.0167266527447415,0.));
#10601=DIRECTION('center_axis',(-0.0167266527447312,-0.99986009975794,0.));
#10602=DIRECTION('ref_axis',(-0.99986009975794,0.0167266527447312,0.));
#10603=DIRECTION('',(-0.99986009975794,0.0167266527447312,0.));
#10604=DIRECTION('',(0.,0.,-1.));
#10605=DIRECTION('',(-0.99986009975794,0.0167266527447312,0.));
#10606=DIRECTION('',(0.,0.,-1.));
#10607=DIRECTION('center_axis',(0.941845494738263,0.336046223072417,0.));
#10608=DIRECTION('ref_axis',(0.336046223072417,-0.941845494738263,0.));
#10609=DIRECTION('',(0.336046223072417,-0.941845494738263,0.));
#10610=DIRECTION('',(0.,0.,-1.));
#10611=DIRECTION('',(0.336046223072417,-0.941845494738263,0.));
#10612=DIRECTION('center_axis',(0.0167266527447294,0.99986009975794,0.));
#10613=DIRECTION('ref_axis',(0.99986009975794,-0.0167266527447294,0.));
#10614=DIRECTION('',(0.99986009975794,-0.0167266527447294,0.));
#10615=DIRECTION('',(0.,0.,-1.));
#10616=DIRECTION('',(0.99986009975794,-0.0167266527447294,0.));
#10617=DIRECTION('center_axis',(-0.930050702232677,0.367431206182197,0.));
#10618=DIRECTION('ref_axis',(0.367431206182197,0.930050702232677,0.));
#10619=DIRECTION('',(0.367431206182197,0.930050702232677,0.));
#10620=DIRECTION('',(0.,0.,-1.));
#10621=DIRECTION('',(0.367431206182197,0.930050702232677,0.));
#10622=DIRECTION('center_axis',(-0.0167266527447366,-0.99986009975794,0.));
#10623=DIRECTION('ref_axis',(-0.99986009975794,0.0167266527447366,0.));
#10624=DIRECTION('',(-0.99986009975794,0.0167266527447366,0.));
#10625=DIRECTION('',(0.,0.,-1.));
#10626=DIRECTION('',(-0.99986009975794,0.0167266527447366,0.));
#10627=DIRECTION('center_axis',(0.954197664441728,-0.299176899465771,0.));
#10628=DIRECTION('ref_axis',(-0.299176899465771,-0.954197664441727,0.));
#10629=DIRECTION('',(-0.299176899465771,-0.954197664441727,0.));
#10630=DIRECTION('',(0.,0.,-1.));
#10631=DIRECTION('',(-0.299176899465771,-0.954197664441727,0.));
#10632=DIRECTION('center_axis',(-0.0167266527447367,-0.99986009975794,0.));
#10633=DIRECTION('ref_axis',(-0.99986009975794,0.0167266527447367,0.));
#10634=DIRECTION('',(-0.99986009975794,0.0167266527447367,0.));
#10635=DIRECTION('',(0.,0.,-1.));
#10636=DIRECTION('',(-0.99986009975794,0.0167266527447367,0.));
#10637=DIRECTION('center_axis',(-0.961730263412308,-0.273997993490632,0.));
#10638=DIRECTION('ref_axis',(-0.273997993490632,0.961730263412308,0.));
#10639=DIRECTION('',(-0.273997993490632,0.961730263412308,0.));
#10640=DIRECTION('',(-0.273997993490632,0.961730263412308,0.));
#10641=DIRECTION('center_axis',(0.,0.,-1.));
#10642=DIRECTION('ref_axis',(-1.,0.,0.));
#10643=DIRECTION('',(0.,0.,-1.));
#10644=DIRECTION('',(0.,0.,-1.));
#10645=DIRECTION('',(0.,0.,-1.));
#10646=DIRECTION('',(0.,0.,-1.));
#10647=DIRECTION('',(0.,0.,-1.));
#10648=DIRECTION('',(0.,0.,-1.));
#10649=DIRECTION('',(0.,0.,-1.));
#10650=DIRECTION('',(0.,0.,-1.));
#10651=DIRECTION('',(0.,0.,-1.));
#10652=DIRECTION('',(0.,0.,-1.));
#10653=DIRECTION('',(0.,0.,-1.));
#10654=DIRECTION('',(0.,0.,-1.));
#10655=DIRECTION('',(0.,0.,-1.));
#10656=DIRECTION('',(0.,0.,-1.));
#10657=DIRECTION('center_axis',(0.0417416355133931,-0.99912843812228,0.));
#10658=DIRECTION('ref_axis',(-0.99912843812228,-0.0417416355133931,0.));
#10659=DIRECTION('',(-0.99912843812228,-0.0417416355133931,0.));
#10660=DIRECTION('',(0.,0.,-1.));
#10661=DIRECTION('',(-0.99912843812228,-0.0417416355133931,0.));
#10662=DIRECTION('',(0.,0.,-1.));
#10663=DIRECTION('',(0.,0.,-1.));
#10664=DIRECTION('',(0.,0.,-1.));
#10665=DIRECTION('',(0.,0.,-1.));
#10666=DIRECTION('',(0.,0.,-1.));
#10667=DIRECTION('',(0.,0.,-1.));
#10668=DIRECTION('',(0.,0.,-1.));
#10669=DIRECTION('',(0.,0.,-1.));
#10670=DIRECTION('',(0.,0.,-1.));
#10671=DIRECTION('',(0.,0.,-1.));
#10672=DIRECTION('',(0.,0.,-1.));
#10673=DIRECTION('',(0.,0.,-1.));
#10674=DIRECTION('',(0.,0.,-1.));
#10675=DIRECTION('center_axis',(-0.0458200256002375,0.998949711073582,0.));
#10676=DIRECTION('ref_axis',(0.998949711073582,0.0458200256002375,0.));
#10677=DIRECTION('',(0.998949711073582,0.0458200256002375,0.));
#10678=DIRECTION('',(0.,0.,-1.));
#10679=DIRECTION('',(0.998949711073582,0.0458200256002375,0.));
#10680=DIRECTION('center_axis',(0.,0.,1.));
#10681=DIRECTION('ref_axis',(-1.,0.,0.));
#10682=DIRECTION('center_axis',(0.,0.,1.));
#10683=DIRECTION('ref_axis',(1.,0.,0.));
#10684=DIRECTION('center_axis',(0.,0.,1.));
#10685=DIRECTION('ref_axis',(1.,0.,0.));
#10686=DIRECTION('center_axis',(-1.,0.,0.));
#10687=DIRECTION('ref_axis',(0.,1.,0.));
#10688=DIRECTION('',(0.,-1.,0.));
#10689=DIRECTION('',(0.,0.,-1.));
#10690=DIRECTION('',(0.,1.,0.));
#10691=DIRECTION('',(0.,0.,-1.));
#10692=DIRECTION('center_axis',(0.,-1.,0.));
#10693=DIRECTION('ref_axis',(-1.,0.,0.));
#10694=DIRECTION('',(1.,0.,0.));
#10695=DIRECTION('',(-1.,0.,0.));
#10696=DIRECTION('',(0.,0.,-1.));
#10697=DIRECTION('center_axis',(1.,0.,0.));
#10698=DIRECTION('ref_axis',(0.,-1.,0.));
#10699=DIRECTION('',(0.,1.,0.));
#10700=DIRECTION('',(0.,-1.,0.));
#10701=DIRECTION('',(0.,0.,-1.));
#10702=DIRECTION('center_axis',(0.,1.,0.));
#10703=DIRECTION('ref_axis',(1.,0.,0.));
#10704=DIRECTION('',(-1.,0.,0.));
#10705=DIRECTION('',(1.,0.,0.));
#10706=DIRECTION('center_axis',(-1.,0.,0.));
#10707=DIRECTION('ref_axis',(0.,1.,0.));
#10708=DIRECTION('',(0.,-1.,0.));
#10709=DIRECTION('',(0.,0.,-1.));
#10710=DIRECTION('',(0.,1.,0.));
#10711=DIRECTION('',(0.,0.,-1.));
#10712=DIRECTION('center_axis',(0.,-1.,0.));
#10713=DIRECTION('ref_axis',(-1.,0.,0.));
#10714=DIRECTION('',(1.,0.,0.));
#10715=DIRECTION('',(-1.,0.,0.));
#10716=DIRECTION('',(0.,0.,-1.));
#10717=DIRECTION('center_axis',(1.,0.,0.));
#10718=DIRECTION('ref_axis',(0.,-1.,0.));
#10719=DIRECTION('',(0.,1.,0.));
#10720=DIRECTION('',(0.,-1.,0.));
#10721=DIRECTION('',(0.,0.,-1.));
#10722=DIRECTION('center_axis',(0.,1.,0.));
#10723=DIRECTION('ref_axis',(1.,0.,0.));
#10724=DIRECTION('',(-1.,0.,0.));
#10725=DIRECTION('',(1.,0.,0.));
#10726=DIRECTION('center_axis',(-1.,0.,0.));
#10727=DIRECTION('ref_axis',(0.,1.,0.));
#10728=DIRECTION('',(0.,-1.,0.));
#10729=DIRECTION('',(0.,0.,-1.));
#10730=DIRECTION('',(0.,1.,0.));
#10731=DIRECTION('',(0.,0.,-1.));
#10732=DIRECTION('center_axis',(0.,-1.,0.));
#10733=DIRECTION('ref_axis',(-1.,0.,0.));
#10734=DIRECTION('',(1.,0.,0.));
#10735=DIRECTION('',(-1.,0.,0.));
#10736=DIRECTION('',(0.,0.,-1.));
#10737=DIRECTION('center_axis',(1.,0.,0.));
#10738=DIRECTION('ref_axis',(0.,-1.,0.));
#10739=DIRECTION('',(0.,1.,0.));
#10740=DIRECTION('',(0.,-1.,0.));
#10741=DIRECTION('',(0.,0.,-1.));
#10742=DIRECTION('center_axis',(0.,1.,0.));
#10743=DIRECTION('ref_axis',(1.,0.,0.));
#10744=DIRECTION('',(-1.,0.,0.));
#10745=DIRECTION('',(1.,0.,0.));
#10746=DIRECTION('center_axis',(0.,0.,-1.));
#10747=DIRECTION('ref_axis',(-1.,0.,0.));
#10748=DIRECTION('center_axis',(0.,0.,-1.));
#10749=DIRECTION('ref_axis',(-1.,0.,0.));
#10750=DIRECTION('',(0.,0.,-1.));
#10751=DIRECTION('center_axis',(0.,0.,1.));
#10752=DIRECTION('ref_axis',(-1.,0.,0.));
#10753=DIRECTION('center_axis',(0.,0.,-1.));
#10754=DIRECTION('ref_axis',(-1.,0.,0.));
#10755=DIRECTION('center_axis',(0.,0.,-1.));
#10756=DIRECTION('ref_axis',(-1.,0.,0.));
#10757=DIRECTION('',(0.,0.,-1.));
#10758=DIRECTION('center_axis',(0.,0.,1.));
#10759=DIRECTION('ref_axis',(-1.,0.,0.));
#10760=DIRECTION('center_axis',(0.,0.,-1.));
#10761=DIRECTION('ref_axis',(-1.,0.,0.));
#10762=DIRECTION('center_axis',(0.,0.,-1.));
#10763=DIRECTION('ref_axis',(-1.,0.,0.));
#10764=DIRECTION('',(0.,0.,-1.));
#10765=DIRECTION('center_axis',(0.,0.,1.));
#10766=DIRECTION('ref_axis',(-1.,0.,0.));
#10767=DIRECTION('center_axis',(0.,0.,-1.));
#10768=DIRECTION('ref_axis',(-1.,0.,0.));
#10769=DIRECTION('center_axis',(0.,0.,-1.));
#10770=DIRECTION('ref_axis',(-1.,0.,0.));
#10771=DIRECTION('',(0.,0.,-1.));
#10772=DIRECTION('center_axis',(0.,0.,1.));
#10773=DIRECTION('ref_axis',(-1.,0.,0.));
#10774=DIRECTION('center_axis',(0.,0.,-1.));
#10775=DIRECTION('ref_axis',(-1.,0.,0.));
#10776=DIRECTION('center_axis',(0.,0.,-1.));
#10777=DIRECTION('ref_axis',(-1.,0.,0.));
#10778=DIRECTION('',(0.,0.,-1.));
#10779=DIRECTION('center_axis',(0.,0.,1.));
#10780=DIRECTION('ref_axis',(-1.,0.,0.));
#10781=DIRECTION('center_axis',(0.,0.,-1.));
#10782=DIRECTION('ref_axis',(-1.,0.,0.));
#10783=DIRECTION('center_axis',(0.,0.,-1.));
#10784=DIRECTION('ref_axis',(-1.,0.,0.));
#10785=DIRECTION('',(0.,0.,-1.));
#10786=DIRECTION('center_axis',(0.,0.,1.));
#10787=DIRECTION('ref_axis',(-1.,0.,0.));
#10788=DIRECTION('center_axis',(0.,0.,1.));
#10789=DIRECTION('ref_axis',(1.,0.,0.));
#10790=DIRECTION('center_axis',(-1.,0.,0.));
#10791=DIRECTION('ref_axis',(0.,-1.,0.));
#10792=DIRECTION('center_axis',(0.,0.,1.));
#10793=DIRECTION('ref_axis',(-0.707106781186548,0.707106781186547,0.));
#10794=DIRECTION('center_axis',(0.,1.,0.));
#10795=DIRECTION('ref_axis',(0.,0.,1.));
#10796=DIRECTION('center_axis',(0.,0.,-1.));
#10797=DIRECTION('ref_axis',(-0.707106781186548,0.707106781186547,0.));
#10798=DIRECTION('center_axis',(0.,1.,0.));
#10799=DIRECTION('ref_axis',(0.707106781186554,0.,0.707106781186541));
#10800=DIRECTION('center_axis',(0.,1.,0.));
#10801=DIRECTION('ref_axis',(0.,0.,1.));
#10802=DIRECTION('',(0.,1.,0.));
#10803=DIRECTION('',(0.,-1.,0.));
#10804=DIRECTION('center_axis',(0.,0.,1.));
#10805=DIRECTION('ref_axis',(1.,0.,0.));
#10806=DIRECTION('center_axis',(-1.,0.,0.));
#10807=DIRECTION('ref_axis',(0.,0.,1.));
#10808=DIRECTION('center_axis',(0.,0.,-1.));
#10809=DIRECTION('ref_axis',(-0.707106781186547,-0.707106781186547,0.));
#10810=DIRECTION('center_axis',(0.,0.,1.));
#10811=DIRECTION('ref_axis',(-0.707106781186548,-0.707106781186548,0.));
#10812=DIRECTION('center_axis',(-1.,0.,0.));
#10813=DIRECTION('ref_axis',(0.,0.707106781186554,0.707106781186541));
#10814=DIRECTION('center_axis',(-1.,0.,0.));
#10815=DIRECTION('ref_axis',(0.,0.,1.));
#10816=DIRECTION('',(-1.,0.,0.));
#10817=DIRECTION('',(1.,0.,0.));
#10818=DIRECTION('center_axis',(0.,0.,1.));
#10819=DIRECTION('ref_axis',(1.,0.,0.));
#10820=DIRECTION('center_axis',(0.,-1.,0.));
#10821=DIRECTION('ref_axis',(0.,0.,1.));
#10822=DIRECTION('center_axis',(0.,0.,-1.));
#10823=DIRECTION('ref_axis',(0.707106781186547,-0.707106781186547,0.));
#10824=DIRECTION('center_axis',(0.,0.,1.));
#10825=DIRECTION('ref_axis',(0.707106781186548,-0.707106781186548,0.));
#10826=DIRECTION('center_axis',(0.,-1.,0.));
#10827=DIRECTION('ref_axis',(-0.707106781186529,0.,0.707106781186566));
#10828=DIRECTION('center_axis',(0.,-1.,0.));
#10829=DIRECTION('ref_axis',(0.,0.,1.));
#10830=DIRECTION('',(0.,-1.,0.));
#10831=DIRECTION('',(0.,1.,0.));
#10832=DIRECTION('center_axis',(0.,0.,1.));
#10833=DIRECTION('ref_axis',(1.,0.,0.));
#10834=DIRECTION('center_axis',(1.,0.,0.));
#10835=DIRECTION('ref_axis',(0.,0.,1.));
#10836=DIRECTION('center_axis',(0.,0.,-1.));
#10837=DIRECTION('ref_axis',(0.707106781186547,0.707106781186548,0.));
#10838=DIRECTION('center_axis',(0.,0.,1.));
#10839=DIRECTION('ref_axis',(0.707106781186547,0.707106781186548,0.));
#10840=DIRECTION('center_axis',(1.,0.,0.));
#10841=DIRECTION('ref_axis',(0.,-0.707106781186541,0.707106781186554));
#10842=DIRECTION('',(-1.,0.,0.));
#10843=DIRECTION('',(1.,0.,0.));
#10844=DIRECTION('center_axis',(1.,0.,0.));
#10845=DIRECTION('ref_axis',(0.,-1.,0.));
#10846=DIRECTION('',(0.,0.,1.));
#10847=DIRECTION('',(0.,1.,0.));
#10848=DIRECTION('',(0.,0.,-1.));
#10849=DIRECTION('center_axis',(0.,0.,-1.));
#10850=DIRECTION('ref_axis',(0.707106781186547,0.707106781186547,0.));
#10851=DIRECTION('',(0.,0.,-1.));
#10852=DIRECTION('center_axis',(0.,0.,-1.));
#10853=DIRECTION('ref_axis',(0.707106781186547,0.707106781186547,0.));
#10854=DIRECTION('center_axis',(0.,1.,0.));
#10855=DIRECTION('ref_axis',(1.,0.,0.));
#10856=DIRECTION('',(0.,0.,1.));
#10857=DIRECTION('',(-1.,0.,0.));
#10858=DIRECTION('center_axis',(0.,0.,-1.));
#10859=DIRECTION('ref_axis',(-0.707106781186549,0.707106781186546,0.));
#10860=DIRECTION('',(0.,0.,-1.));
#10861=DIRECTION('center_axis',(0.,0.,-1.));
#10862=DIRECTION('ref_axis',(-0.707106781186549,0.707106781186546,0.));
#10863=DIRECTION('center_axis',(0.,0.,1.));
#10864=DIRECTION('ref_axis',(1.,0.,0.));
#10865=DIRECTION('center_axis',(0.,0.,-1.));
#10866=DIRECTION('ref_axis',(0.707106781186546,0.707106781186549,0.));
#10867=DIRECTION('',(1.,0.,0.));
#10868=DIRECTION('center_axis',(0.,0.,-1.));
#10869=DIRECTION('ref_axis',(-0.672728786360372,0.739889167377183,0.));
#10870=DIRECTION('center_axis',(0.,0.,1.));
#10871=DIRECTION('ref_axis',(0.672728786360372,-0.739889167377183,0.));
#10872=DIRECTION('',(1.,0.,0.));
#10873=DIRECTION('center_axis',(0.,0.,-1.));
#10874=DIRECTION('ref_axis',(-0.707106781186548,0.707106781186548,0.));
#10875=DIRECTION('',(0.,1.,0.));
#10876=DIRECTION('center_axis',(0.,0.,-1.));
#10877=DIRECTION('ref_axis',(-0.707106781186548,-0.707106781186548,0.));
#10878=DIRECTION('',(-1.,0.,0.));
#10879=DIRECTION('center_axis',(0.,0.,1.));
#10880=DIRECTION('ref_axis',(0.707106781186548,0.707106781186548,0.));
#10881=DIRECTION('',(0.,1.,0.));
#10882=DIRECTION('center_axis',(0.,0.,-1.));
#10883=DIRECTION('ref_axis',(-0.707106781186548,-0.707106781186548,0.));
#10884=DIRECTION('',(-1.,0.,0.));
#10885=DIRECTION('center_axis',(0.,0.,1.));
#10886=DIRECTION('ref_axis',(0.707106781186548,0.707106781186548,0.));
#10887=DIRECTION('',(0.,1.,0.));
#10888=DIRECTION('center_axis',(0.,0.,-1.));
#10889=DIRECTION('ref_axis',(-0.702218114241457,-0.711961881023958,0.));
#10890=DIRECTION('',(-0.999905059008888,-0.0137794400623305,0.));
#10891=DIRECTION('center_axis',(0.,0.,-1.));
#10892=DIRECTION('ref_axis',(0.711961881023954,-0.70221811424146,0.));
#10893=DIRECTION('',(0.,-1.,0.));
#10894=DIRECTION('center_axis',(0.,0.,1.));
#10895=DIRECTION('ref_axis',(-0.707106781186548,0.707106781186548,0.));
#10896=DIRECTION('',(-1.,0.,0.));
#10897=DIRECTION('center_axis',(0.,0.,-1.));
#10898=DIRECTION('ref_axis',(0.707106781186548,-0.707106781186548,0.));
#10899=DIRECTION('',(0.,-1.,0.));
#10900=DIRECTION('center_axis',(0.,0.,-1.));
#10901=DIRECTION('ref_axis',(-1.,0.,0.));
#10902=DIRECTION('center_axis',(1.,0.,0.));
#10903=DIRECTION('ref_axis',(0.,1.,0.));
#10904=DIRECTION('center_axis',(0.,1.,0.));
#10905=DIRECTION('ref_axis',(0.,0.,1.));
#10906=DIRECTION('center_axis',(0.,0.,1.));
#10907=DIRECTION('ref_axis',(0.707106781186546,0.707106781186549,0.));
#10908=DIRECTION('center_axis',(0.,1.,0.));
#10909=DIRECTION('ref_axis',(0.707106781186551,0.,0.707106781186544));
#10910=DIRECTION('center_axis',(0.,1.,0.));
#10911=DIRECTION('ref_axis',(0.,0.,1.));
#10912=DIRECTION('',(0.,1.,0.));
#10913=DIRECTION('center_axis',(0.,0.,-1.));
#10914=DIRECTION('ref_axis',(-1.,0.,0.));
#10915=DIRECTION('center_axis',(1.,0.,0.));
#10916=DIRECTION('ref_axis',(0.,0.,1.));
#10917=DIRECTION('center_axis',(0.,0.,1.));
#10918=DIRECTION('ref_axis',(0.707106781186548,-0.707106781186548,0.));
#10919=DIRECTION('center_axis',(1.,0.,0.));
#10920=DIRECTION('ref_axis',(0.,-0.707106781186538,0.707106781186557));
#10921=DIRECTION('center_axis',(1.,0.,0.));
#10922=DIRECTION('ref_axis',(0.,0.,1.));
#10923=DIRECTION('',(1.,0.,0.));
#10924=DIRECTION('center_axis',(0.,0.,1.));
#10925=DIRECTION('ref_axis',(1.,0.,0.));
#10926=DIRECTION('center_axis',(0.,1.,0.));
#10927=DIRECTION('ref_axis',(0.,0.,1.));
#10928=DIRECTION('center_axis',(0.,0.,-1.));
#10929=DIRECTION('ref_axis',(-0.707106781186548,0.707106781186548,0.));
#10930=DIRECTION('center_axis',(0.,1.,0.));
#10931=DIRECTION('ref_axis',(0.707106781186551,0.,0.707106781186544));
#10932=DIRECTION('center_axis',(0.,1.,0.));
#10933=DIRECTION('ref_axis',(0.,0.,1.));
#10934=DIRECTION('',(0.,1.,0.));
#10935=DIRECTION('center_axis',(0.,0.,-1.));
#10936=DIRECTION('ref_axis',(-1.,0.,0.));
#10937=DIRECTION('center_axis',(0.999905059008888,0.0137794400623289,0.));
#10938=DIRECTION('ref_axis',(0.,0.,1.));
#10939=DIRECTION('center_axis',(0.,0.,1.));
#10940=DIRECTION('ref_axis',(0.711961881023955,-0.70221811424146,0.));
#10941=DIRECTION('center_axis',(0.999905059008888,0.0137794400623305,0.));
#10942=DIRECTION('ref_axis',(0.00974353550905157,-0.707039647767925,0.707106781186542));
#10943=DIRECTION('center_axis',(0.999905059008888,0.0137794400623294,0.));
#10944=DIRECTION('ref_axis',(0.,0.,1.));
#10945=DIRECTION('',(0.999905059008888,0.0137794400623305,0.));
#10946=DIRECTION('center_axis',(0.,0.,-1.));
#10947=DIRECTION('ref_axis',(-1.,0.,0.));
#10948=DIRECTION('center_axis',(0.,-1.,0.));
#10949=DIRECTION('ref_axis',(0.,0.,1.));
#10950=DIRECTION('center_axis',(0.,0.,1.));
#10951=DIRECTION('ref_axis',(-0.702218114241457,-0.711961881023957,0.));
#10952=DIRECTION('center_axis',(0.,-1.,0.));
#10953=DIRECTION('ref_axis',(-0.707106781186538,0.,0.707106781186557));
#10954=DIRECTION('center_axis',(0.,-1.,0.));
#10955=DIRECTION('ref_axis',(0.,0.,1.));
#10956=DIRECTION('',(0.,-1.,0.));
#10957=DIRECTION('center_axis',(0.,0.,1.));
#10958=DIRECTION('ref_axis',(1.,0.,0.));
#10959=DIRECTION('center_axis',(1.,0.,0.));
#10960=DIRECTION('ref_axis',(0.,0.,1.));
#10961=DIRECTION('center_axis',(0.,0.,-1.));
#10962=DIRECTION('ref_axis',(0.707106781186547,0.707106781186547,0.));
#10963=DIRECTION('center_axis',(1.,0.,0.));
#10964=DIRECTION('ref_axis',(0.,-0.707106781186538,0.707106781186557));
#10965=DIRECTION('center_axis',(1.,0.,0.));
#10966=DIRECTION('ref_axis',(0.,0.,1.));
#10967=DIRECTION('',(1.,0.,0.));
#10968=DIRECTION('center_axis',(0.,0.,-1.));
#10969=DIRECTION('ref_axis',(-1.,0.,0.));
#10970=DIRECTION('center_axis',(0.,-1.,0.));
#10971=DIRECTION('ref_axis',(0.,0.,1.));
#10972=DIRECTION('center_axis',(0.,0.,1.));
#10973=DIRECTION('ref_axis',(-0.707106781186548,-0.707106781186548,0.));
#10974=DIRECTION('center_axis',(0.,-1.,0.));
#10975=DIRECTION('ref_axis',(-0.707106781186538,0.,0.707106781186557));
#10976=DIRECTION('center_axis',(0.,-1.,0.));
#10977=DIRECTION('ref_axis',(0.,0.,1.));
#10978=DIRECTION('',(0.,-1.,0.));
#10979=DIRECTION('center_axis',(0.,0.,1.));
#10980=DIRECTION('ref_axis',(1.,0.,0.));
#10981=DIRECTION('center_axis',(1.,0.,0.));
#10982=DIRECTION('ref_axis',(0.,0.,1.));
#10983=DIRECTION('center_axis',(0.,0.,-1.));
#10984=DIRECTION('ref_axis',(0.707106781186547,0.707106781186547,0.));
#10985=DIRECTION('center_axis',(1.,0.,0.));
#10986=DIRECTION('ref_axis',(0.,-0.707106781186538,0.707106781186557));
#10987=DIRECTION('center_axis',(1.,0.,0.));
#10988=DIRECTION('ref_axis',(0.,0.,1.));
#10989=DIRECTION('',(1.,0.,0.));
#10990=DIRECTION('center_axis',(0.,0.,-1.));
#10991=DIRECTION('ref_axis',(-1.,0.,0.));
#10992=DIRECTION('center_axis',(0.,-1.,0.));
#10993=DIRECTION('ref_axis',(0.,0.,1.));
#10994=DIRECTION('center_axis',(0.,0.,1.));
#10995=DIRECTION('ref_axis',(-0.707106781186548,-0.707106781186548,0.));
#10996=DIRECTION('center_axis',(0.,-1.,0.));
#10997=DIRECTION('ref_axis',(-0.707106781186538,0.,0.707106781186557));
#10998=DIRECTION('center_axis',(0.,-1.,0.));
#10999=DIRECTION('ref_axis',(0.,0.,1.));
#11000=DIRECTION('',(0.,-1.,0.));
#11001=DIRECTION('center_axis',(0.,0.,-1.));
#11002=DIRECTION('ref_axis',(-1.,0.,0.));
#11003=DIRECTION('center_axis',(-1.,0.,0.));
#11004=DIRECTION('ref_axis',(0.,0.,1.));
#11005=DIRECTION('center_axis',(0.,0.,1.));
#11006=DIRECTION('ref_axis',(-0.707106781186548,0.707106781186548,0.));
#11007=DIRECTION('center_axis',(-1.,0.,0.));
#11008=DIRECTION('ref_axis',(0.,0.707106781186544,0.707106781186551));
#11009=DIRECTION('center_axis',(-1.,0.,0.));
#11010=DIRECTION('ref_axis',(0.,0.,1.));
#11011=DIRECTION('',(-1.,0.,0.));
#11012=DIRECTION('center_axis',(0.,0.,1.));
#11013=DIRECTION('ref_axis',(1.,0.,0.));
#11014=DIRECTION('center_axis',(-0.0948719600042051,-0.995489483221677,
0.));
#11015=DIRECTION('ref_axis',(0.,0.,1.));
#11016=DIRECTION('center_axis',(0.,0.,-1.));
#11017=DIRECTION('ref_axis',(0.672728786360371,-0.739889167377183,0.));
#11018=DIRECTION('center_axis',(0.,0.,-1.));
#11019=DIRECTION('ref_axis',(-1.,0.,0.));
#11020=DIRECTION('center_axis',(-1.,0.,0.));
#11021=DIRECTION('ref_axis',(0.,0.,1.));
#11022=DIRECTION('center_axis',(0.,0.,1.));
#11023=DIRECTION('ref_axis',(-0.672728786360372,0.739889167377183,0.));
#11024=DIRECTION('center_axis',(-1.,0.,0.));
#11025=DIRECTION('ref_axis',(0.,0.707106781186544,0.707106781186551));
#11026=DIRECTION('',(-1.,0.,0.));
#11027=DIRECTION('center_axis',(0.,0.,1.));
#11028=DIRECTION('ref_axis',(-0.707106781186546,-0.707106781186549,0.));
#11029=DIRECTION('',(0.,0.,-1.));
#11030=DIRECTION('center_axis',(0.,0.,1.));
#11031=DIRECTION('ref_axis',(-0.707106781186547,-0.707106781186548,0.));
#11032=DIRECTION('',(0.,0.,1.));
#11033=DIRECTION('center_axis',(-1.,0.,0.));
#11034=DIRECTION('ref_axis',(0.,-1.,0.));
#11035=DIRECTION('',(0.,0.,1.));
#11036=DIRECTION('',(0.,1.,0.));
#11037=DIRECTION('center_axis',(0.,0.,1.));
#11038=DIRECTION('ref_axis',(0.707106781186546,0.707106781186549,0.));
#11039=DIRECTION('',(0.,0.,-1.));
#11040=DIRECTION('center_axis',(0.,0.,-1.));
#11041=DIRECTION('ref_axis',(0.707106781186546,0.707106781186549,0.));
#11042=DIRECTION('center_axis',(0.,-1.,0.));
#11043=DIRECTION('ref_axis',(1.,0.,0.));
#11044=DIRECTION('',(0.,0.,1.));
#11045=DIRECTION('',(-1.,0.,0.));
#11046=DIRECTION('center_axis',(0.,0.,1.));
#11047=DIRECTION('ref_axis',(-0.707106781186548,-0.707106781186548,0.));
#11048=DIRECTION('',(0.,0.,-1.));
#11049=DIRECTION('center_axis',(0.,0.,1.));
#11050=DIRECTION('ref_axis',(-0.707106781186545,-0.70710678118655,0.));
#11051=DIRECTION('center_axis',(-1.,0.,0.));
#11052=DIRECTION('ref_axis',(0.,-1.,0.));
#11053=DIRECTION('',(0.,0.,1.));
#11054=DIRECTION('',(0.,1.,0.));
#11055=DIRECTION('center_axis',(0.,0.,1.));
#11056=DIRECTION('ref_axis',(-0.707106781186545,0.70710678118655,0.));
#11057=DIRECTION('',(0.,0.,-1.));
#11058=DIRECTION('center_axis',(0.,0.,1.));
#11059=DIRECTION('ref_axis',(-0.707106781186548,0.707106781186548,0.));
#11060=DIRECTION('center_axis',(0.,1.,0.));
#11061=DIRECTION('ref_axis',(-1.,0.,0.));
#11062=DIRECTION('',(0.,0.,1.));
#11063=DIRECTION('',(1.,0.,0.));
#11064=DIRECTION('',(1.,0.,0.));
#11065=DIRECTION('center_axis',(0.,0.,1.));
#11066=DIRECTION('ref_axis',(0.,1.,0.));
#11067=DIRECTION('',(0.,0.,-1.));
#11068=DIRECTION('center_axis',(0.,0.,-1.));
#11069=DIRECTION('ref_axis',(0.,1.,0.));
#11070=DIRECTION('center_axis',(0.,0.,1.));
#11071=DIRECTION('ref_axis',(-0.707106781186547,0.707106781186548,0.));
#11072=DIRECTION('',(0.,0.,-1.));
#11073=DIRECTION('center_axis',(0.,0.,1.));
#11074=DIRECTION('ref_axis',(-0.707106781186547,0.707106781186548,0.));
#11075=DIRECTION('center_axis',(0.,1.,0.));
#11076=DIRECTION('ref_axis',(-1.,0.,0.));
#11077=DIRECTION('',(0.,0.,1.));
#11078=DIRECTION('',(1.,0.,0.));
#11079=DIRECTION('center_axis',(0.,0.,1.));
#11080=DIRECTION('ref_axis',(0.70710678118655,0.707106781186545,0.));
#11081=DIRECTION('',(0.,0.,-1.));
#11082=DIRECTION('center_axis',(0.,0.,1.));
#11083=DIRECTION('ref_axis',(0.707106781186548,0.707106781186548,0.));
#11084=DIRECTION('center_axis',(0.,0.,-1.));
#11085=DIRECTION('ref_axis',(-0.707106781186547,-0.707106781186547,0.));
#11086=DIRECTION('',(0.,0.,-1.));
#11087=DIRECTION('center_axis',(0.,0.,-1.));
#11088=DIRECTION('ref_axis',(-0.707106781186547,-0.707106781186547,0.));
#11089=DIRECTION('',(0.,0.,1.));
#11090=DIRECTION('center_axis',(0.,-1.,0.));
#11091=DIRECTION('ref_axis',(-1.,0.,0.));
#11092=DIRECTION('',(0.,0.,1.));
#11093=DIRECTION('',(1.,0.,0.));
#11094=DIRECTION('center_axis',(-1.,0.,0.));
#11095=DIRECTION('ref_axis',(0.,1.,0.));
#11096=DIRECTION('',(0.,-1.,0.));
#11097=DIRECTION('center_axis',(0.,0.,-1.));
#11098=DIRECTION('ref_axis',(0.707106781186547,-0.707106781186547,0.));
#11099=DIRECTION('center_axis',(0.,0.,-1.));
#11100=DIRECTION('ref_axis',(0.707106781186547,-0.707106781186547,0.));
#11101=DIRECTION('center_axis',(0.,0.,1.));
#11102=DIRECTION('ref_axis',(0.707106781186547,0.707106781186548,0.));
#11103=DIRECTION('',(0.,0.,-1.));
#11104=DIRECTION('center_axis',(0.,0.,-1.));
#11105=DIRECTION('ref_axis',(0.707106781186546,0.707106781186549,0.));
#11106=DIRECTION('',(0.,0.,1.));
#11107=DIRECTION('center_axis',(-1.,0.,0.));
#11108=DIRECTION('ref_axis',(0.,-1.,0.));
#11109=DIRECTION('',(0.,1.,0.));
#11110=DIRECTION('',(0.,0.,-1.));
#11111=DIRECTION('center_axis',(0.,0.,1.));
#11112=DIRECTION('ref_axis',(-0.702218114241463,-0.711961881023952,0.));
#11113=DIRECTION('center_axis',(0.,0.,1.));
#11114=DIRECTION('ref_axis',(-0.702218114241462,-0.711961881023952,0.));
#11115=DIRECTION('',(0.,0.,1.));
#11116=DIRECTION('center_axis',(0.0137794400623305,-0.999905059008888,0.));
#11117=DIRECTION('ref_axis',(0.999905059008888,0.0137794400623305,0.));
#11118=DIRECTION('',(-0.999905059008888,-0.0137794400623305,0.));
#11119=DIRECTION('',(0.,0.,-1.));
#11120=DIRECTION('center_axis',(0.,0.,1.));
#11121=DIRECTION('ref_axis',(0.711961881023944,-0.702218114241471,0.));
#11122=DIRECTION('center_axis',(0.,0.,1.));
#11123=DIRECTION('ref_axis',(0.711961881023946,-0.702218114241469,0.));
#11124=DIRECTION('',(0.,0.,1.));
#11125=DIRECTION('center_axis',(1.,0.,0.));
#11126=DIRECTION('ref_axis',(0.,1.,0.));
#11127=DIRECTION('',(0.,0.,1.));
#11128=DIRECTION('',(0.,-1.,0.));
#11129=DIRECTION('center_axis',(0.,0.,1.));
#11130=DIRECTION('ref_axis',(0.707106781186548,-0.707106781186548,0.));
#11131=DIRECTION('',(0.,0.,-1.));
#11132=DIRECTION('center_axis',(0.,0.,1.));
#11133=DIRECTION('ref_axis',(0.707106781186548,-0.707106781186548,0.));
#11134=DIRECTION('center_axis',(0.,0.,1.));
#11135=DIRECTION('ref_axis',(-0.707106781186548,0.707106781186548,0.));
#11136=DIRECTION('',(0.,0.,-1.));
#11137=DIRECTION('center_axis',(0.,0.,-1.));
#11138=DIRECTION('ref_axis',(-0.707106781186545,0.70710678118655,0.));
#11139=DIRECTION('',(0.,0.,1.));
#11140=DIRECTION('center_axis',(0.,-1.,0.));
#11141=DIRECTION('ref_axis',(1.,0.,0.));
#11142=DIRECTION('',(-1.,0.,0.));
#11143=DIRECTION('center_axis',(1.,0.,0.));
#11144=DIRECTION('ref_axis',(0.,1.,0.));
#11145=DIRECTION('',(0.,-1.,0.));
#11146=DIRECTION('center_axis',(0.,-1.,0.));
#11147=DIRECTION('ref_axis',(1.,0.,0.));
#11148=DIRECTION('',(-1.,0.,0.));
#11149=DIRECTION('center_axis',(0.,0.,1.));
#11150=DIRECTION('ref_axis',(-1.,0.,0.));
#11151=DIRECTION('center_axis',(-1.,0.,0.));
#11152=DIRECTION('ref_axis',(0.,-1.,0.));
#11153=DIRECTION('',(0.,-1.,0.));
#11154=DIRECTION('',(0.,0.,1.));
#11155=DIRECTION('',(0.,-1.,0.));
#11156=DIRECTION('',(0.,0.,-1.));
#11157=DIRECTION('center_axis',(0.,-1.,0.));
#11158=DIRECTION('ref_axis',(1.,0.,0.));
#11159=DIRECTION('',(1.,0.,0.));
#11160=DIRECTION('',(0.,0.,1.));
#11161=DIRECTION('',(1.,0.,0.));
#11162=DIRECTION('',(0.,0.,-1.));
#11163=DIRECTION('center_axis',(-1.,0.,0.));
#11164=DIRECTION('ref_axis',(0.,-1.,0.));
#11165=DIRECTION('',(0.,0.,-1.));
#11166=DIRECTION('',(0.,-1.,0.));
#11167=DIRECTION('',(0.,0.,1.));
#11168=DIRECTION('',(0.,-1.,0.));
#11169=DIRECTION('center_axis',(-1.,0.,0.));
#11170=DIRECTION('ref_axis',(0.,-1.,0.));
#11171=DIRECTION('',(0.,0.,-1.));
#11172=DIRECTION('',(0.,-1.,0.));
#11173=DIRECTION('',(0.,0.,1.));
#11174=DIRECTION('',(0.,-1.,0.));
#11175=DIRECTION('center_axis',(0.,0.,1.));
#11176=DIRECTION('ref_axis',(0.707106781186548,0.707106781186548,0.));
#11177=DIRECTION('center_axis',(0.,0.,-1.));
#11178=DIRECTION('ref_axis',(0.707106781186548,0.707106781186548,0.));
#11179=DIRECTION('center_axis',(0.,0.,1.));
#11180=DIRECTION('ref_axis',(0.707106781186548,0.707106781186548,0.));
#11181=DIRECTION('',(0.,0.,-1.));
#11182=DIRECTION('center_axis',(0.,0.,1.));
#11183=DIRECTION('ref_axis',(0.707106781186547,-0.707106781186548,0.));
#11184=DIRECTION('',(0.,0.,-1.));
#11185=DIRECTION('center_axis',(0.,0.,-1.));
#11186=DIRECTION('ref_axis',(0.707106781186547,-0.707106781186548,0.));
#11187=DIRECTION('',(0.,0.,-1.));
#11188=DIRECTION('center_axis',(0.,0.,1.));
#11189=DIRECTION('ref_axis',(0.707106781186547,-0.707106781186548,0.));
#11190=DIRECTION('center_axis',(0.,-1.,0.));
#11191=DIRECTION('ref_axis',(1.,0.,0.));
#11192=DIRECTION('',(0.,0.,1.));
#11193=DIRECTION('',(1.,0.,0.));
#11194=DIRECTION('',(1.,0.,0.));
#11195=DIRECTION('',(1.,0.,0.));
#11196=DIRECTION('center_axis',(0.,0.,1.));
#11197=DIRECTION('ref_axis',(0.,-1.,0.));
#11198=DIRECTION('center_axis',(0.,0.,1.));
#11199=DIRECTION('ref_axis',(0.,-1.,0.));
#11200=DIRECTION('center_axis',(0.,0.,-1.));
#11201=DIRECTION('ref_axis',(0.,-1.,0.));
#11202=DIRECTION('center_axis',(0.,0.,1.));
#11203=DIRECTION('ref_axis',(0.707106781186548,-0.707106781186548,0.));
#11204=DIRECTION('center_axis',(0.,0.,-1.));
#11205=DIRECTION('ref_axis',(0.707106781186548,-0.707106781186548,0.));
#11206=DIRECTION('',(0.,0.,1.));
#11207=DIRECTION('center_axis',(0.,0.,1.));
#11208=DIRECTION('ref_axis',(0.707106781186548,-0.707106781186548,0.));
#11209=DIRECTION('center_axis',(0.,1.,0.));
#11210=DIRECTION('ref_axis',(-1.,0.,0.));
#11211=DIRECTION('',(0.,0.,-1.));
#11212=DIRECTION('',(-1.,0.,0.));
#11213=DIRECTION('',(-1.,0.,0.));
#11214=DIRECTION('center_axis',(0.,0.,1.));
#11215=DIRECTION('ref_axis',(-0.707106781186545,0.70710678118655,0.));
#11216=DIRECTION('center_axis',(0.,0.,-1.));
#11217=DIRECTION('ref_axis',(-0.707106781186545,0.70710678118655,0.));
#11218=DIRECTION('center_axis',(0.,0.,1.));
#11219=DIRECTION('ref_axis',(-0.707106781186545,0.70710678118655,0.));
#11220=DIRECTION('center_axis',(0.,1.,0.));
#11221=DIRECTION('ref_axis',(-1.,0.,0.));
#11222=DIRECTION('',(0.,0.,-1.));
#11223=DIRECTION('',(-1.,0.,0.));
#11224=DIRECTION('',(0.,0.,1.));
#11225=DIRECTION('',(-1.,0.,0.));
#11226=DIRECTION('center_axis',(0.,0.,1.));
#11227=DIRECTION('ref_axis',(0.707106781186546,0.707106781186549,0.));
#11228=DIRECTION('center_axis',(0.,0.,-1.));
#11229=DIRECTION('ref_axis',(0.707106781186546,0.707106781186549,0.));
#11230=DIRECTION('',(0.,0.,-1.));
#11231=DIRECTION('center_axis',(0.,0.,1.));
#11232=DIRECTION('ref_axis',(0.707106781186546,0.707106781186549,0.));
#11233=DIRECTION('center_axis',(0.,1.,0.));
#11234=DIRECTION('ref_axis',(-1.,0.,0.));
#11235=DIRECTION('',(0.,0.,-1.));
#11236=DIRECTION('',(-1.,0.,0.));
#11237=DIRECTION('',(0.,0.,1.));
#11238=DIRECTION('',(-1.,0.,0.));
#11239=DIRECTION('center_axis',(0.,0.,1.));
#11240=DIRECTION('ref_axis',(0.707106781186546,0.707106781186549,0.));
#11241=DIRECTION('center_axis',(0.,0.,-1.));
#11242=DIRECTION('ref_axis',(0.707106781186546,0.707106781186549,0.));
#11243=DIRECTION('',(0.,0.,-1.));
#11244=DIRECTION('center_axis',(0.,0.,1.));
#11245=DIRECTION('ref_axis',(0.707106781186546,0.707106781186549,0.));
#11246=DIRECTION('center_axis',(1.,0.,0.));
#11247=DIRECTION('ref_axis',(0.,1.,0.));
#11248=DIRECTION('',(0.,0.,-1.));
#11249=DIRECTION('',(0.,1.,0.));
#11250=DIRECTION('',(0.,0.,1.));
#11251=DIRECTION('',(0.,1.,0.));
#11252=DIRECTION('center_axis',(0.,0.,1.));
#11253=DIRECTION('ref_axis',(-0.707106781186545,-0.70710678118655,0.));
#11254=DIRECTION('center_axis',(0.,0.,-1.));
#11255=DIRECTION('ref_axis',(-0.707106781186545,-0.70710678118655,0.));
#11256=DIRECTION('center_axis',(0.,0.,1.));
#11257=DIRECTION('ref_axis',(-0.707106781186545,-0.70710678118655,0.));
#11258=DIRECTION('center_axis',(0.,-1.,0.));
#11259=DIRECTION('ref_axis',(1.,0.,0.));
#11260=DIRECTION('',(0.,0.,1.));
#11261=DIRECTION('',(1.,0.,0.));
#11262=DIRECTION('',(1.,0.,0.));
#11263=DIRECTION('center_axis',(0.,0.,1.));
#11264=DIRECTION('ref_axis',(-0.707106781186548,0.707106781186548,0.));
#11265=DIRECTION('center_axis',(0.,0.,-1.));
#11266=DIRECTION('ref_axis',(-0.707106781186548,0.707106781186548,0.));
#11267=DIRECTION('center_axis',(0.,0.,1.));
#11268=DIRECTION('ref_axis',(-0.707106781186548,0.707106781186548,0.));
#11269=DIRECTION('center_axis',(1.,0.,0.));
#11270=DIRECTION('ref_axis',(0.,1.,0.));
#11271=DIRECTION('',(0.,0.,1.));
#11272=DIRECTION('',(0.,1.,0.));
#11273=DIRECTION('',(0.,1.,0.));
#11274=DIRECTION('center_axis',(0.,0.,1.));
#11275=DIRECTION('ref_axis',(-0.702218114241462,-0.711961881023952,0.));
#11276=DIRECTION('center_axis',(0.,0.,-1.));
#11277=DIRECTION('ref_axis',(-0.702218114241462,-0.711961881023952,0.));
#11278=DIRECTION('center_axis',(0.,0.,1.));
#11279=DIRECTION('ref_axis',(-0.702218114241462,-0.711961881023952,0.));
#11280=DIRECTION('',(0.,0.,-1.));
#11281=DIRECTION('center_axis',(-0.0137794400623305,0.999905059008888,0.));
#11282=DIRECTION('ref_axis',(-0.999905059008888,-0.0137794400623305,0.));
#11283=DIRECTION('',(0.,0.,1.));
#11284=DIRECTION('',(-0.999905059008888,-0.0137794400623305,0.));
#11285=DIRECTION('',(-0.999905059008888,-0.0137794400623305,0.));
#11286=DIRECTION('center_axis',(0.,0.,1.));
#11287=DIRECTION('ref_axis',(0.711961881023946,-0.702218114241469,0.));
#11288=DIRECTION('center_axis',(0.,0.,-1.));
#11289=DIRECTION('ref_axis',(0.711961881023946,-0.702218114241469,0.));
#11290=DIRECTION('center_axis',(0.,0.,1.));
#11291=DIRECTION('ref_axis',(0.711961881023946,-0.702218114241469,0.));
#11292=DIRECTION('center_axis',(1.,0.,0.));
#11293=DIRECTION('ref_axis',(0.,1.,0.));
#11294=DIRECTION('',(0.,1.,0.));
#11295=DIRECTION('',(0.,0.,1.));
#11296=DIRECTION('',(0.,1.,0.));
#11297=DIRECTION('',(0.,0.,-1.));
#11298=DIRECTION('center_axis',(0.,0.,1.));
#11299=DIRECTION('ref_axis',(0.707106781186552,-0.707106781186543,0.));
#11300=DIRECTION('center_axis',(0.,0.,1.));
#11301=DIRECTION('ref_axis',(0.707106781186548,-0.707106781186548,0.));
#11302=DIRECTION('',(0.,0.,-1.));
#11303=DIRECTION('center_axis',(0.,0.,1.));
#11304=DIRECTION('ref_axis',(0.707106781186552,-0.707106781186543,0.));
#11305=DIRECTION('center_axis',(0.,0.,1.));
#11306=DIRECTION('ref_axis',(-0.707106781186548,0.707106781186548,0.));
#11307=DIRECTION('center_axis',(0.,0.,-1.));
#11308=DIRECTION('ref_axis',(-0.863031775530993,0.505149635676224,0.));
#11309=DIRECTION('center_axis',(0.,0.,-1.));
#11310=DIRECTION('ref_axis',(-0.707106781186548,0.707106781186548,0.));
#11311=DIRECTION('',(0.,0.,-1.));
#11312=DIRECTION('center_axis',(0.,0.,-1.));
#11313=DIRECTION('ref_axis',(-1.,0.,0.));
#11314=DIRECTION('center_axis',(0.,0.,1.));
#11315=DIRECTION('ref_axis',(-1.,0.,0.));
#11316=DIRECTION('center_axis',(0.,0.,1.));
#11317=DIRECTION('ref_axis',(-1.,0.,0.));
#11318=DIRECTION('',(0.,0.,1.));
#11319=DIRECTION('center_axis',(0.,-1.,0.));
#11320=DIRECTION('ref_axis',(1.,0.,0.));
#11321=DIRECTION('',(1.,0.,0.));
#11322=DIRECTION('',(0.,0.,1.));
#11323=DIRECTION('',(1.,0.,0.));
#11324=DIRECTION('center_axis',(0.,0.,1.));
#11325=DIRECTION('ref_axis',(-0.707106781186542,-0.707106781186553,0.));
#11326=DIRECTION('center_axis',(0.,0.,1.));
#11327=DIRECTION('ref_axis',(-0.707106781186542,-0.707106781186553,0.));
#11328=DIRECTION('',(0.,0.,-1.));
#11329=DIRECTION('center_axis',(0.,0.,1.));
#11330=DIRECTION('ref_axis',(-0.707106781186542,-0.707106781186553,0.));
#11331=DIRECTION('center_axis',(0.,0.,1.));
#11332=DIRECTION('ref_axis',(-0.707106781186546,-0.707106781186549,0.));
#11333=DIRECTION('center_axis',(0.,0.,1.));
#11334=DIRECTION('ref_axis',(-0.707106781186548,-0.707106781186548,0.));
#11335=DIRECTION('',(0.,0.,-1.));
#11336=DIRECTION('center_axis',(0.,0.,1.));
#11337=DIRECTION('ref_axis',(-0.707106781186546,-0.707106781186549,0.));
#11338=DIRECTION('center_axis',(-1.,0.,0.));
#11339=DIRECTION('ref_axis',(0.,-1.,0.));
#11340=DIRECTION('',(0.,-1.,0.));
#11341=DIRECTION('',(0.,0.,1.));
#11342=DIRECTION('',(0.,-1.,0.));
#11343=DIRECTION('center_axis',(0.,0.,1.));
#11344=DIRECTION('ref_axis',(0.707106781186546,0.707106781186549,0.));
#11345=DIRECTION('center_axis',(0.,0.,-1.));
#11346=DIRECTION('ref_axis',(0.707106781186547,0.707106781186547,0.));
#11347=DIRECTION('',(0.,0.,-1.));
#11348=DIRECTION('center_axis',(0.,0.,-1.));
#11349=DIRECTION('ref_axis',(0.707106781186546,0.707106781186549,0.));
#11350=DIRECTION('center_axis',(-1.,-4.57196789304815E-16,0.));
#11351=DIRECTION('ref_axis',(4.57196789304815E-16,-1.,0.));
#11352=DIRECTION('',(4.57196789304815E-16,-1.,0.));
#11353=DIRECTION('',(0.,0.,1.));
#11354=DIRECTION('',(4.57196789304815E-16,-1.,0.));
#11355=DIRECTION('center_axis',(0.,0.,1.));
#11356=DIRECTION('ref_axis',(0.707106781186546,0.707106781186549,0.));
#11357=DIRECTION('center_axis',(0.,0.,-1.));
#11358=DIRECTION('ref_axis',(0.707106781186547,0.707106781186547,0.));
#11359=DIRECTION('center_axis',(0.,0.,-1.));
#11360=DIRECTION('ref_axis',(0.707106781186546,0.707106781186549,0.));
#11361=DIRECTION('center_axis',(1.,0.,0.));
#11362=DIRECTION('ref_axis',(0.,1.,0.));
#11363=DIRECTION('',(0.,0.,1.));
#11364=DIRECTION('',(0.,1.,0.));
#11365=DIRECTION('',(0.,1.,0.));
#11366=DIRECTION('center_axis',(0.,0.,1.));
#11367=DIRECTION('ref_axis',(-0.707106781186547,-0.707106781186548,0.));
#11368=DIRECTION('center_axis',(0.,0.,-1.));
#11369=DIRECTION('ref_axis',(-0.707106781186547,-0.707106781186548,0.));
#11370=DIRECTION('center_axis',(0.,0.,1.));
#11371=DIRECTION('ref_axis',(-0.707106781186547,-0.707106781186548,0.));
#11372=DIRECTION('center_axis',(-3.67148956778478E-16,-1.,0.));
#11373=DIRECTION('ref_axis',(1.,-3.67148956778478E-16,0.));
#11374=DIRECTION('',(1.,-3.67148956778478E-16,0.));
#11375=DIRECTION('',(0.,0.,1.));
#11376=DIRECTION('',(1.,-3.67148956778478E-16,0.));
#11377=DIRECTION('center_axis',(0.,0.,1.));
#11378=DIRECTION('ref_axis',(-0.707106781186548,-0.707106781186548,0.));
#11379=DIRECTION('center_axis',(0.,0.,1.));
#11380=DIRECTION('ref_axis',(-0.707106781186548,-0.707106781186548,0.));
#11381=DIRECTION('center_axis',(0.,0.,1.));
#11382=DIRECTION('ref_axis',(-0.707106781186548,-0.707106781186548,0.));
#11383=DIRECTION('center_axis',(0.,0.,1.));
#11384=DIRECTION('ref_axis',(-1.,0.,0.));
#11385=DIRECTION('center_axis',(0.,0.,1.));
#11386=DIRECTION('ref_axis',(-0.707106781186547,0.707106781186548,0.));
#11387=DIRECTION('',(-1.,0.,0.));
#11388=DIRECTION('center_axis',(0.,0.,1.));
#11389=DIRECTION('ref_axis',(0.70710678118655,0.707106781186545,0.));
#11390=DIRECTION('',(0.,1.,0.));
#11391=DIRECTION('center_axis',(0.,0.,1.));
#11392=DIRECTION('ref_axis',(0.707106781186548,-0.707106781186548,0.));
#11393=DIRECTION('',(1.,0.,0.));
#11394=DIRECTION('center_axis',(0.,0.,-1.));
#11395=DIRECTION('ref_axis',(-0.707106781186548,0.707106781186548,0.));
#11396=DIRECTION('',(0.,1.,0.));
#11397=DIRECTION('center_axis',(0.,0.,-1.));
#11398=DIRECTION('ref_axis',(-0.131548876689978,-0.991309685739832,0.));
#11399=DIRECTION('center_axis',(0.,0.,1.));
#11400=DIRECTION('ref_axis',(0.884809142794367,0.46595362518978,0.));
#11401=DIRECTION('',(0.,1.,0.));
#11402=DIRECTION('center_axis',(0.,0.,1.));
#11403=DIRECTION('ref_axis',(-0.707106781186545,0.70710678118655,0.));
#11404=DIRECTION('',(-1.,-3.33694356014522E-16,0.));
#11405=DIRECTION('center_axis',(0.,0.,-1.));
#11406=DIRECTION('ref_axis',(0.707106781186546,-0.707106781186549,0.));
#11407=DIRECTION('',(0.,-1.,0.));
#11408=DIRECTION('center_axis',(0.,0.,1.));
#11409=DIRECTION('ref_axis',(-1.,0.,0.));
#11410=DIRECTION('center_axis',(0.,0.,1.));
#11411=DIRECTION('ref_axis',(-1.,0.,0.));
#11412=DIRECTION('center_axis',(0.,0.,-1.));
#11413=DIRECTION('ref_axis',(-1.,0.,0.));
#11414=DIRECTION('center_axis',(0.,0.,-1.));
#11415=DIRECTION('ref_axis',(-1.,0.,0.));
#11416=DIRECTION('center_axis',(0.,0.,-1.));
#11417=DIRECTION('ref_axis',(-1.,0.,0.));
#11418=DIRECTION('center_axis',(0.,0.,-1.));
#11419=DIRECTION('ref_axis',(-1.,0.,0.));
#11420=DIRECTION('center_axis',(0.,0.,-1.));
#11421=DIRECTION('ref_axis',(-1.,0.,0.));
#11422=DIRECTION('center_axis',(0.,0.,-1.));
#11423=DIRECTION('ref_axis',(-1.,0.,0.));
#11424=DIRECTION('center_axis',(0.,0.,-1.));
#11425=DIRECTION('ref_axis',(-1.,0.,0.));
#11426=DIRECTION('center_axis',(0.,0.,-1.));
#11427=DIRECTION('ref_axis',(-1.,0.,0.));
#11428=DIRECTION('',(0.,0.,-1.));
#11429=DIRECTION('center_axis',(0.,0.,-1.));
#11430=DIRECTION('ref_axis',(-1.,0.,0.));
#11431=DIRECTION('center_axis',(0.,0.,-1.));
#11432=DIRECTION('ref_axis',(-1.,0.,0.));
#11433=DIRECTION('',(0.,0.,-1.));
#11434=DIRECTION('center_axis',(0.,0.,-1.));
#11435=DIRECTION('ref_axis',(-1.,0.,0.));
#11436=DIRECTION('center_axis',(0.,0.,-1.));
#11437=DIRECTION('ref_axis',(-1.,0.,0.));
#11438=DIRECTION('',(0.,0.,-1.));
#11439=DIRECTION('center_axis',(0.,0.,-1.));
#11440=DIRECTION('ref_axis',(-1.,0.,0.));
#11441=DIRECTION('center_axis',(0.,0.,-1.));
#11442=DIRECTION('ref_axis',(-1.,0.,0.));
#11443=DIRECTION('',(0.,0.,-1.));
#11444=DIRECTION('center_axis',(0.,0.,-1.));
#11445=DIRECTION('ref_axis',(-1.,0.,0.));
#11446=DIRECTION('center_axis',(0.,0.,-1.));
#11447=DIRECTION('ref_axis',(-1.,0.,0.));
#11448=DIRECTION('',(0.,0.,-1.));
#11449=DIRECTION('center_axis',(0.,0.,-1.));
#11450=DIRECTION('ref_axis',(-1.,0.,0.));
#11451=DIRECTION('center_axis',(0.,0.,-1.));
#11452=DIRECTION('ref_axis',(-1.,0.,0.));
#11453=DIRECTION('',(0.,0.,-1.));
#11454=DIRECTION('center_axis',(0.,0.,-1.));
#11455=DIRECTION('ref_axis',(-1.,0.,0.));
#11456=DIRECTION('center_axis',(0.,0.,-1.));
#11457=DIRECTION('ref_axis',(-1.,0.,0.));
#11458=DIRECTION('',(0.,0.,-1.));
#11459=DIRECTION('center_axis',(0.,0.,-1.));
#11460=DIRECTION('ref_axis',(-1.,0.,0.));
#11461=DIRECTION('center_axis',(0.,0.,-1.));
#11462=DIRECTION('ref_axis',(-1.,0.,0.));
#11463=DIRECTION('',(0.,0.,-1.));
#11464=DIRECTION('center_axis',(0.,0.,1.));
#11465=DIRECTION('ref_axis',(1.,0.,0.));
#11466=DIRECTION('center_axis',(0.,0.,1.));
#11467=DIRECTION('ref_axis',(-0.863031775530993,0.505149635676224,0.));
#11468=DIRECTION('',(0.,-1.,0.));
#11469=DIRECTION('center_axis',(0.,0.,1.));
#11470=DIRECTION('ref_axis',(-0.884809142794351,-0.46595362518981,0.));
#11471=DIRECTION('',(0.,-1.,0.));
#11472=DIRECTION('center_axis',(0.,0.,1.));
#11473=DIRECTION('ref_axis',(-0.707106781186548,0.707106781186548,0.));
#11474=DIRECTION('',(-1.,0.,0.));
#11475=DIRECTION('center_axis',(0.,0.,-1.));
#11476=DIRECTION('ref_axis',(0.707106781186548,-0.707106781186548,0.));
#11477=DIRECTION('',(0.,-1.,0.));
#11478=DIRECTION('center_axis',(0.,0.,-1.));
#11479=DIRECTION('ref_axis',(0.707106781186546,0.707106781186549,0.));
#11480=DIRECTION('',(1.,0.,0.));
#11481=DIRECTION('center_axis',(0.,0.,-1.));
#11482=DIRECTION('ref_axis',(-0.707106781186546,0.707106781186549,0.));
#11483=DIRECTION('',(0.,1.,0.));
#11484=DIRECTION('center_axis',(0.,0.,1.));
#11485=DIRECTION('ref_axis',(0.707106781186546,-0.707106781186549,0.));
#11486=DIRECTION('',(1.,3.33694356014522E-16,0.));
#11487=DIRECTION('center_axis',(0.,0.,-1.));
#11488=DIRECTION('ref_axis',(-0.707106781186548,0.707106781186548,0.));
#11489=DIRECTION('',(0.,1.,0.));
#11490=DIRECTION('center_axis',(0.,0.,-1.));
#11491=DIRECTION('ref_axis',(-0.707106781186548,-0.707106781186548,0.));
#11492=DIRECTION('',(-1.,3.67148956778478E-16,0.));
#11493=DIRECTION('center_axis',(0.,0.,1.));
#11494=DIRECTION('ref_axis',(0.707106781186548,0.707106781186548,0.));
#11495=DIRECTION('',(0.,1.,0.));
#11496=DIRECTION('center_axis',(0.,0.,-1.));
#11497=DIRECTION('ref_axis',(-0.707106781186548,-0.707106781186548,0.));
#11498=DIRECTION('',(-1.,0.,0.));
#11499=DIRECTION('center_axis',(0.,0.,1.));
#11500=DIRECTION('ref_axis',(0.707106781186548,0.707106781186548,0.));
#11501=DIRECTION('',(-4.57196789304815E-16,1.,0.));
#11502=DIRECTION('center_axis',(0.,0.,-1.));
#11503=DIRECTION('ref_axis',(-0.707106781186542,-0.707106781186554,0.));
#11504=DIRECTION('',(-1.,0.,0.));
#11505=DIRECTION('center_axis',(0.,0.,-1.));
#11506=DIRECTION('ref_axis',(0.707106781186548,-0.707106781186548,0.));
#11507=DIRECTION('',(0.,-1.,0.));
#11508=DIRECTION('center_axis',(1.,0.,0.));
#11509=DIRECTION('ref_axis',(0.,1.,0.));
#11510=DIRECTION('',(0.,1.,0.));
#11511=DIRECTION('',(0.,0.,-1.));
#11512=DIRECTION('center_axis',(0.,0.,1.));
#11513=DIRECTION('ref_axis',(0.884809142794367,0.46595362518978,0.));
#11514=DIRECTION('center_axis',(0.,0.,1.));
#11515=DIRECTION('ref_axis',(0.884809142794365,0.465953625189782,0.));
#11516=DIRECTION('',(0.,0.,1.));
#11517=DIRECTION('center_axis',(0.,0.,-1.));
#11518=DIRECTION('ref_axis',(-0.131548876689978,-0.991309685739832,0.));
#11519=DIRECTION('center_axis',(0.,0.,-1.));
#11520=DIRECTION('ref_axis',(-0.884809142794351,-0.46595362518981,0.));
#11521=DIRECTION('',(0.,0.,1.));
#11522=DIRECTION('center_axis',(1.,0.,0.));
#11523=DIRECTION('ref_axis',(0.,1.,0.));
#11524=DIRECTION('',(0.,1.,0.));
#11525=DIRECTION('',(0.,0.,-1.));
#11526=DIRECTION('center_axis',(0.,0.,1.));
#11527=DIRECTION('ref_axis',(-0.707106781186548,0.707106781186548,0.));
#11528=DIRECTION('center_axis',(0.,0.,-1.));
#11529=DIRECTION('ref_axis',(-0.707106781186548,0.707106781186548,0.));
#11530=DIRECTION('',(0.,0.,1.));
#11531=DIRECTION('center_axis',(0.,-1.,0.));
#11532=DIRECTION('ref_axis',(1.,0.,0.));
#11533=DIRECTION('',(1.,0.,0.));
#11534=DIRECTION('',(0.,0.,-1.));
#11535=DIRECTION('center_axis',(0.,0.,1.));
#11536=DIRECTION('ref_axis',(0.707106781186548,-0.707106781186548,0.));
#11537=DIRECTION('center_axis',(0.,0.,1.));
#11538=DIRECTION('ref_axis',(0.707106781186548,-0.707106781186548,0.));
#11539=DIRECTION('',(0.,0.,1.));
#11540=DIRECTION('center_axis',(1.,0.,0.));
#11541=DIRECTION('ref_axis',(0.,1.,0.));
#11542=DIRECTION('',(0.,1.,0.));
#11543=DIRECTION('',(0.,0.,-1.));
#11544=DIRECTION('center_axis',(0.,0.,1.));
#11545=DIRECTION('ref_axis',(0.70710678118655,0.707106781186545,0.));
#11546=DIRECTION('center_axis',(0.,0.,1.));
#11547=DIRECTION('ref_axis',(0.707106781186546,0.707106781186549,0.));
#11548=DIRECTION('',(0.,0.,1.));
#11549=DIRECTION('center_axis',(0.,1.,0.));
#11550=DIRECTION('ref_axis',(-1.,0.,0.));
#11551=DIRECTION('',(-1.,0.,0.));
#11552=DIRECTION('',(0.,0.,-1.));
#11553=DIRECTION('center_axis',(0.,0.,1.));
#11554=DIRECTION('ref_axis',(-0.707106781186547,0.707106781186548,0.));
#11555=DIRECTION('center_axis',(0.,0.,1.));
#11556=DIRECTION('ref_axis',(-0.707106781186546,0.707106781186549,0.));
#11557=DIRECTION('',(0.,0.,1.));
#11558=DIRECTION('center_axis',(-1.,0.,0.));
#11559=DIRECTION('ref_axis',(0.,-1.,0.));
#11560=DIRECTION('',(0.,-1.,0.));
#11561=DIRECTION('',(0.,0.,-1.));
#11562=DIRECTION('center_axis',(0.,0.,1.));
#11563=DIRECTION('ref_axis',(0.707106781186546,-0.707106781186549,0.));
#11564=DIRECTION('center_axis',(0.,0.,-1.));
#11565=DIRECTION('ref_axis',(0.707106781186546,-0.707106781186549,0.));
#11566=DIRECTION('',(0.,0.,1.));
#11567=DIRECTION('center_axis',(-3.33694356014522E-16,1.,0.));
#11568=DIRECTION('ref_axis',(-1.,-3.33694356014522E-16,0.));
#11569=DIRECTION('',(-1.,-3.33694356014522E-16,0.));
#11570=DIRECTION('',(0.,0.,-1.));
#11571=DIRECTION('center_axis',(0.,0.,1.));
#11572=DIRECTION('ref_axis',(-0.707106781186545,0.70710678118655,0.));
#11573=DIRECTION('center_axis',(0.,0.,1.));
#11574=DIRECTION('ref_axis',(-0.707106781186548,0.707106781186548,0.));
#11575=DIRECTION('center_axis',(0.432637038520569,-0.253231049638061,-0.865274077041117));
#11576=DIRECTION('ref_axis',(0.746759023029739,-0.437092884777399,0.50129908398145));
#11577=DIRECTION('center_axis',(-0.871920373972973,-0.489647691152353,0.));
#11578=DIRECTION('ref_axis',(0.489647691152353,-0.871920373972973,0.));
#11579=DIRECTION('center_axis',(0.,1.,0.));
#11580=DIRECTION('ref_axis',(0.,0.,1.));
#11581=DIRECTION('center_axis',(0.435304497395564,0.229237808260337,-0.870608994791113));
#11582=DIRECTION('ref_axis',(0.770322798390186,0.405663417245764,0.491975586984561));
#11583=DIRECTION('center_axis',(0.,-1.,0.));
#11584=DIRECTION('ref_axis',(1.,0.,0.));
#11585=DIRECTION('center_axis',(-0.824560055372206,0.565774438344986,0.));
#11586=DIRECTION('ref_axis',(0.,0.,1.));
#11587=DIRECTION('center_axis',(0.,1.,0.));
#11588=DIRECTION('ref_axis',(0.707106781186554,0.,0.707106781186541));
#11589=DIRECTION('center_axis',(-1.,0.,0.));
#11590=DIRECTION('ref_axis',(0.,0.707106781186548,0.707106781186548));
#11591=DIRECTION('center_axis',(-1.,0.,0.));
#11592=DIRECTION('ref_axis',(0.,0.,1.));
#11593=DIRECTION('center_axis',(1.,0.,0.));
#11594=DIRECTION('ref_axis',(0.,1.,0.));
#11595=DIRECTION('center_axis',(0.,0.,-1.));
#11596=DIRECTION('ref_axis',(-1.,0.,0.));
#11597=DIRECTION('center_axis',(0.,-1.,0.));
#11598=DIRECTION('ref_axis',(0.,0.,1.));
#11599=DIRECTION('center_axis',(0.,-1.,0.));
#11600=DIRECTION('ref_axis',(-0.707106781186541,0.,0.707106781186554));
#11601=DIRECTION('center_axis',(0.,-1.,0.));
#11602=DIRECTION('ref_axis',(0.,0.,1.));
#11603=DIRECTION('center_axis',(0.,0.,1.));
#11604=DIRECTION('ref_axis',(1.,0.,0.));
#11605=DIRECTION('center_axis',(-1.,0.,0.));
#11606=DIRECTION('ref_axis',(0.,0.,1.));
#11607=DIRECTION('center_axis',(-1.,-3.33694356014522E-16,0.));
#11608=DIRECTION('ref_axis',(0.,0.707106781186548,0.707106781186548));
#11609=DIRECTION('center_axis',(-1.,0.,0.));
#11610=DIRECTION('ref_axis',(0.,0.,1.));
#11611=DIRECTION('center_axis',(0.,0.,-1.));
#11612=DIRECTION('ref_axis',(-1.,0.,0.));
#11613=DIRECTION('center_axis',(0.,-1.,0.));
#11614=DIRECTION('ref_axis',(0.,0.,1.));
#11615=DIRECTION('center_axis',(0.,-1.,0.));
#11616=DIRECTION('ref_axis',(-0.707106781186554,0.,0.707106781186541));
#11617=DIRECTION('center_axis',(0.,-1.,0.));
#11618=DIRECTION('ref_axis',(0.,0.,1.));
#11619=DIRECTION('center_axis',(0.,0.,-1.));
#11620=DIRECTION('ref_axis',(-1.,0.,0.));
#11621=DIRECTION('center_axis',(1.,0.,0.));
#11622=DIRECTION('ref_axis',(0.,0.,1.));
#11623=DIRECTION('center_axis',(1.,-3.67148956778478E-16,0.));
#11624=DIRECTION('ref_axis',(0.,-0.707106781186554,0.707106781186541));
#11625=DIRECTION('center_axis',(1.,0.,0.));
#11626=DIRECTION('ref_axis',(0.,0.,1.));
#11627=DIRECTION('center_axis',(0.,0.,1.));
#11628=DIRECTION('ref_axis',(1.,0.,0.));
#11629=DIRECTION('center_axis',(0.,-1.,0.));
#11630=DIRECTION('ref_axis',(0.,0.,1.));
#11631=DIRECTION('center_axis',(0.,-1.,0.));
#11632=DIRECTION('ref_axis',(-0.707106781186541,0.,0.707106781186554));
#11633=DIRECTION('center_axis',(0.,-1.,0.));
#11634=DIRECTION('ref_axis',(0.,0.,1.));
#11635=DIRECTION('center_axis',(0.,0.,-1.));
#11636=DIRECTION('ref_axis',(-1.,0.,0.));
#11637=DIRECTION('center_axis',(1.,0.,0.));
#11638=DIRECTION('ref_axis',(0.,0.,1.));
#11639=DIRECTION('center_axis',(1.,0.,0.));
#11640=DIRECTION('ref_axis',(0.,-0.707106781186541,0.707106781186554));
#11641=DIRECTION('center_axis',(1.,0.,0.));
#11642=DIRECTION('ref_axis',(0.,0.,1.));
#11643=DIRECTION('center_axis',(0.,0.,1.));
#11644=DIRECTION('ref_axis',(1.,0.,0.));
#11645=DIRECTION('center_axis',(0.,-1.,0.));
#11646=DIRECTION('ref_axis',(0.,0.,1.));
#11647=DIRECTION('center_axis',(4.57196789304815E-16,-1.,0.));
#11648=DIRECTION('ref_axis',(-0.707106781186541,0.,0.707106781186554));
#11649=DIRECTION('center_axis',(0.,-1.,0.));
#11650=DIRECTION('ref_axis',(0.,0.,1.));
#11651=DIRECTION('center_axis',(0.,0.,-1.));
#11652=DIRECTION('ref_axis',(-1.,0.,0.));
#11653=DIRECTION('center_axis',(1.,0.,0.));
#11654=DIRECTION('ref_axis',(0.,0.,1.));
#11655=DIRECTION('center_axis',(1.,0.,0.));
#11656=DIRECTION('ref_axis',(0.,-0.707106781186554,0.707106781186541));
#11657=DIRECTION('center_axis',(1.,0.,0.));
#11658=DIRECTION('ref_axis',(0.,0.,1.));
#11659=DIRECTION('center_axis',(0.,0.,-1.));
#11660=DIRECTION('ref_axis',(-1.,0.,0.));
#11661=DIRECTION('center_axis',(0.,1.,0.));
#11662=DIRECTION('ref_axis',(0.,0.,1.));
#11663=DIRECTION('center_axis',(0.,1.,0.));
#11664=DIRECTION('ref_axis',(0.707106781186554,0.,0.707106781186541));
#11665=DIRECTION('center_axis',(0.,1.,0.));
#11666=DIRECTION('ref_axis',(0.,0.,1.));
#11667=DIRECTION('center_axis',(0.,0.,1.));
#11668=DIRECTION('ref_axis',(1.,0.,0.));
#11669=DIRECTION('center_axis',(0.,0.,1.));
#11670=DIRECTION('ref_axis',(1.,0.,0.));
#11671=DIRECTION('center_axis',(0.,1.,0.));
#11672=DIRECTION('ref_axis',(0.,0.,1.));
#11673=DIRECTION('center_axis',(0.,1.,0.));
#11674=DIRECTION('ref_axis',(0.707106781186554,0.,0.707106781186541));
#11675=DIRECTION('center_axis',(0.,1.,0.));
#11676=DIRECTION('ref_axis',(0.,0.,1.));
#11677=DIRECTION('center_axis',(0.,0.,1.));
#11678=DIRECTION('ref_axis',(1.,0.,0.));
#11679=DIRECTION('center_axis',(1.,0.,0.));
#11680=DIRECTION('ref_axis',(0.,0.,1.));
#11681=DIRECTION('center_axis',(1.,0.,0.));
#11682=DIRECTION('ref_axis',(0.,-0.707106781186541,0.707106781186554));
#11683=DIRECTION('center_axis',(1.,0.,0.));
#11684=DIRECTION('ref_axis',(0.,0.,1.));
#11685=DIRECTION('center_axis',(0.,0.,-1.));
#11686=DIRECTION('ref_axis',(-1.,0.,0.));
#11687=DIRECTION('center_axis',(0.,1.,0.));
#11688=DIRECTION('ref_axis',(0.,0.,1.));
#11689=DIRECTION('center_axis',(0.,1.,0.));
#11690=DIRECTION('ref_axis',(0.707106781186554,0.,0.707106781186541));
#11691=DIRECTION('center_axis',(0.,1.,0.));
#11692=DIRECTION('ref_axis',(0.,0.,1.));
#11693=DIRECTION('center_axis',(0.,0.,-1.));
#11694=DIRECTION('ref_axis',(-1.,0.,0.));
#11695=DIRECTION('',(0.,0.,1.));
#11696=DIRECTION('',(1.,0.,0.));
#11697=DIRECTION('center_axis',(0.,0.,1.));
#11698=DIRECTION('ref_axis',(1.,0.,0.));
#11699=CARTESIAN_POINT('',(0.,0.,0.));
#11700=CARTESIAN_POINT('',(0.,0.,0.));
#11701=CARTESIAN_POINT('Origin',(243.543243197431,-194.035271442002,-50.0481699061613));
#11702=CARTESIAN_POINT('',(239.543243197431,-195.035271442002,-50.0481699061613));
#11703=CARTESIAN_POINT('',(239.543243197431,-194.035271442002,-51.0481699061613));
#11704=CARTESIAN_POINT('Origin',(239.543243197431,-194.035271442002,-50.0481699061613));
#11705=CARTESIAN_POINT('',(243.543243197431,-195.035271442002,-50.0481699061613));
#11706=CARTESIAN_POINT('',(243.543243197431,-195.035271442002,-50.0481699061613));
#11707=CARTESIAN_POINT('',(243.543243197431,-194.035271442002,-51.0481699061613));
#11708=CARTESIAN_POINT('Origin',(243.543243197431,-194.035271442002,-50.0481699061613));
#11709=CARTESIAN_POINT('',(243.543243197431,-194.035271442002,-51.0481699061613));
#11710=CARTESIAN_POINT('Origin',(243.543243197431,-195.035271442002,-51.0481699061613));
#11711=CARTESIAN_POINT('',(239.543243197431,-195.035271442002,-48.5481698540072));
#11712=CARTESIAN_POINT('',(239.543243197431,-195.035271442002,-51.0481699061613));
#11713=CARTESIAN_POINT('',(243.543243197431,-195.035271442002,-48.5481698540072));
#11714=CARTESIAN_POINT('',(243.543243197431,-195.035271442002,-48.5481698540072));
#11715=CARTESIAN_POINT('',(243.543243197431,-195.035271442002,-55.5240849530806));
#11716=CARTESIAN_POINT('Origin',(243.543243197431,-186.785532285377,-50.0481699061613));
#11717=CARTESIAN_POINT('',(239.543243197431,-186.785532285377,-51.0481699061613));
#11718=CARTESIAN_POINT('',(239.543243197431,-185.785532285377,-50.0481699061613));
#11719=CARTESIAN_POINT('Origin',(239.543243197431,-186.785532285377,-50.0481699061613));
#11720=CARTESIAN_POINT('',(243.543243197431,-186.785532285377,-51.0481699061613));
#11721=CARTESIAN_POINT('',(243.543243197431,-186.785532285377,-51.0481699061613));
#11722=CARTESIAN_POINT('',(243.543243197431,-185.785532285377,-50.0481699061613));
#11723=CARTESIAN_POINT('Origin',(243.543243197431,-186.785532285377,-50.0481699061613));
#11724=CARTESIAN_POINT('',(243.543243197431,-185.785532285377,-50.0481699061613));
#11725=CARTESIAN_POINT('Origin',(239.543243197431,-190.410401863689,-49.2981698800843));
#11726=CARTESIAN_POINT('',(239.543243197431,-185.785532285377,-51.0481699061613));
#11727=CARTESIAN_POINT('',(239.543243197431,-185.785532285377,-48.5481698540072));
#11728=CARTESIAN_POINT('',(239.543243197431,-185.785532285377,-47.5481698540072));
#11729=CARTESIAN_POINT('',(239.543243197431,-186.785532285377,-47.5481698540072));
#11730=CARTESIAN_POINT('Origin',(239.543243197431,-186.785532285377,-48.5481698540072));
#11731=CARTESIAN_POINT('',(239.543243197431,-194.035271442002,-47.5481698540072));
#11732=CARTESIAN_POINT('',(239.543243197431,-195.035271442002,-47.5481698540072));
#11733=CARTESIAN_POINT('Origin',(239.543243197431,-194.035271442002,-48.5481698540072));
#11734=CARTESIAN_POINT('Origin',(243.543243197431,-185.785532285377,-47.5481698540072));
#11735=CARTESIAN_POINT('',(243.543243197431,-185.785532285377,-48.5481698540072));
#11736=CARTESIAN_POINT('',(243.543243197431,-185.785532285377,-53.7740849270036));
#11737=CARTESIAN_POINT('',(243.543243197431,-185.785532285377,-48.5481698540072));
#11738=CARTESIAN_POINT('Origin',(243.543243197431,-186.785532285377,-48.5481698540072));
#11739=CARTESIAN_POINT('',(243.543243197431,-186.785532285377,-47.5481698540072));
#11740=CARTESIAN_POINT('Origin',(243.543243197431,-186.785532285377,-48.5481698540072));
#11741=CARTESIAN_POINT('',(243.543243197431,-186.785532285377,-47.5481698540072));
#11742=CARTESIAN_POINT('Origin',(243.543243197431,-195.035271442002,-47.5481698540072));
#11743=CARTESIAN_POINT('',(243.543243197431,-194.035271442002,-47.5481698540072));
#11744=CARTESIAN_POINT('',(243.543243197431,-196.017637188765,-47.5481698540072));
#11745=CARTESIAN_POINT('',(243.543243197431,-194.035271442002,-47.5481698540072));
#11746=CARTESIAN_POINT('Origin',(243.543243197431,-194.035271442002,-48.5481698540072));
#11747=CARTESIAN_POINT('Origin',(243.543243197431,-194.035271442002,-48.5481698540072));
#11748=CARTESIAN_POINT('Origin',(243.543243197431,-185.785532285377,-51.0481699061613));
#11749=CARTESIAN_POINT('',(243.543243197431,-191.392767610453,-51.0481699061613));
#11750=CARTESIAN_POINT('Origin',(222.396563969349,-63.3391557370662,-49.0581015319163));
#11751=CARTESIAN_POINT('',(223.615730799709,-63.3391557370662,-49.0581015319163));
#11752=CARTESIAN_POINT('Origin',(222.396563969349,-63.3391557370662,-49.0581015319163));
#11753=CARTESIAN_POINT('',(223.615730799709,-67.0000009983778,-49.0581015319163));
#11754=CARTESIAN_POINT('',(223.615730799709,-63.3391557370662,-49.0581015319163));
#11755=CARTESIAN_POINT('Origin',(222.396563969349,-67.0000009983778,-49.0581015319163));
#11756=CARTESIAN_POINT('Origin',(167.667715033107,-63.3391557370662,-49.1843210705991));
#11757=CARTESIAN_POINT('',(168.886881863467,-63.3391557370662,-49.1843210705991));
#11758=CARTESIAN_POINT('Origin',(167.667715033107,-63.3391557370662,-49.1843210705991));
#11759=CARTESIAN_POINT('',(168.886881863467,-67.0000009983778,-49.1843210705991));
#11760=CARTESIAN_POINT('',(168.886881863467,-63.3391557370662,-49.1843210705991));
#11761=CARTESIAN_POINT('Origin',(167.667715033107,-67.0000009983778,-49.1843210705991));
#11762=CARTESIAN_POINT('Origin',(176.461895623075,-63.3391557370662,-49.1843210705991));
#11763=CARTESIAN_POINT('',(177.681062453435,-63.3391557370662,-49.1843210705991));
#11764=CARTESIAN_POINT('Origin',(176.461895623075,-63.3391557370662,-49.1843210705991));
#11765=CARTESIAN_POINT('',(177.681062453435,-67.0000009983778,-49.1843210705991));
#11766=CARTESIAN_POINT('',(177.681062453435,-63.3391557370662,-49.1843210705991));
#11767=CARTESIAN_POINT('Origin',(176.461895623075,-67.0000009983778,-49.1843210705991));
#11768=CARTESIAN_POINT('Origin',(231.396563969349,-63.3391557370662,-49.0581015319163));
#11769=CARTESIAN_POINT('',(232.615730799709,-63.3391557370662,-49.0581015319163));
#11770=CARTESIAN_POINT('Origin',(231.396563969349,-63.3391557370662,-49.0581015319163));
#11771=CARTESIAN_POINT('',(232.615730799709,-67.0000009983778,-49.0581015319163));
#11772=CARTESIAN_POINT('',(232.615730799709,-63.3391557370662,-49.0581015319163));
#11773=CARTESIAN_POINT('Origin',(231.396563969349,-67.0000009983778,-49.0581015319163));
#11774=CARTESIAN_POINT('Origin',(210.161895623075,-63.3391557370662,-49.1843210705991));
#11775=CARTESIAN_POINT('',(211.381062453435,-63.3391557370662,-49.1843210705991));
#11776=CARTESIAN_POINT('Origin',(210.161895623075,-63.3391557370662,-49.1843210705991));
#11777=CARTESIAN_POINT('',(211.381062453435,-67.0000009983778,-49.1843210705991));
#11778=CARTESIAN_POINT('',(211.381062453435,-63.3391557370662,-49.1843210705991));
#11779=CARTESIAN_POINT('Origin',(210.161895623075,-67.0000009983778,-49.1843210705991));
#11780=CARTESIAN_POINT('Origin',(155.461895623075,-63.3391557370662,-49.1843210705991));
#11781=CARTESIAN_POINT('',(156.681062453435,-63.3391557370662,-49.1843210705991));
#11782=CARTESIAN_POINT('Origin',(155.461895623075,-63.3391557370662,-49.1843210705991));
#11783=CARTESIAN_POINT('',(156.681062453435,-67.0000009983778,-49.1843210705991));
#11784=CARTESIAN_POINT('',(156.681062453435,-63.3391557370662,-49.1843210705991));
#11785=CARTESIAN_POINT('Origin',(155.461895623075,-67.0000009983778,-49.1843210705991));
#11786=CARTESIAN_POINT('Origin',(188.599995784462,-63.3391557370662,-49.1000004671514));
#11787=CARTESIAN_POINT('',(189.819162614821,-63.3391557370662,-49.1000004671514));
#11788=CARTESIAN_POINT('Origin',(188.599995784462,-63.3391557370662,-49.1000004671514));
#11789=CARTESIAN_POINT('',(189.819162614821,-67.0000009983778,-49.1000004671514));
#11790=CARTESIAN_POINT('',(189.819162614821,-63.3391557370662,-49.1000004671514));
#11791=CARTESIAN_POINT('Origin',(188.599995784462,-67.0000009983778,-49.1000004671514));
#11792=CARTESIAN_POINT('Origin',(243.796563969349,-63.3391557370662,-49.0581015319163));
#11793=CARTESIAN_POINT('',(245.015730799709,-63.3391557370662,-49.0581015319163));
#11794=CARTESIAN_POINT('Origin',(243.796563969349,-63.3391557370662,-49.0581015319163));
#11795=CARTESIAN_POINT('',(245.015730799709,-67.0000422220612,-49.0581015319163));
#11796=CARTESIAN_POINT('',(245.015730799709,-63.3391557370662,-49.0581015319163));
#11797=CARTESIAN_POINT('',(245.000003740191,-67.0000009983778,-48.8629080940042));
#11798=CARTESIAN_POINT('Ctrl Pts',(245.000003740191,-67.0000009983778,-48.8629080940042));
#11799=CARTESIAN_POINT('Ctrl Pts',(245.010659401795,-67.0000009983778,-48.9286041906327));
#11800=CARTESIAN_POINT('Ctrl Pts',(245.015730799709,-67.0000422220612,-48.9942565229564));
#11801=CARTESIAN_POINT('Ctrl Pts',(245.015730799709,-67.0000422220612,-49.0581015319163));
#11802=CARTESIAN_POINT('',(245.000003740191,-67.0000009983778,-49.2532949698284));
#11803=CARTESIAN_POINT('Origin',(243.796563969349,-67.0000009983778,-49.0581015319163));
#11804=CARTESIAN_POINT('Ctrl Pts',(245.015730799709,-67.0000422220612,-49.0581015319163));
#11805=CARTESIAN_POINT('Ctrl Pts',(245.015730799709,-67.0000422220612,-49.1219465408762));
#11806=CARTESIAN_POINT('Ctrl Pts',(245.010659401795,-67.0000009983778,-49.1875988731999));
#11807=CARTESIAN_POINT('Ctrl Pts',(245.000003740191,-67.0000009983778,-49.2532949698284));
#11808=CARTESIAN_POINT('Origin',(245.000003740191,-70.0000009983778,-40.));
#11809=CARTESIAN_POINT('',(245.000003740191,-67.0000009983778,-57.));
#11810=CARTESIAN_POINT('',(245.000003740191,-67.0000009983778,-40.));
#11811=CARTESIAN_POINT('',(248.000003740191,-70.0000009983778,-57.));
#11812=CARTESIAN_POINT('Origin',(245.000003740191,-70.0000009983778,-57.));
#11813=CARTESIAN_POINT('',(248.000003740191,-70.0000009983778,-40.));
#11814=CARTESIAN_POINT('',(248.000003740191,-70.0000009983778,-40.));
#11815=CARTESIAN_POINT('',(245.000003740191,-67.0000009983778,-40.));
#11816=CARTESIAN_POINT('Origin',(245.000003740191,-70.0000009983778,-40.));
#11817=CARTESIAN_POINT('',(245.000003740191,-67.0000009983778,-40.));
#11818=CARTESIAN_POINT('Origin',(248.258088603985,-131.754077996738,-59.));
#11819=CARTESIAN_POINT('',(248.258088603985,-134.754077996738,-59.));
#11820=CARTESIAN_POINT('',(248.258088603985,-133.754077996737,-60.));
#11821=CARTESIAN_POINT('Origin',(248.258088603985,-133.754077996737,-59.));
#11822=CARTESIAN_POINT('',(250.258088603985,-131.754077996738,-60.));
#11823=CARTESIAN_POINT('Origin',(248.258088603985,-131.754077996738,-60.));
#11824=CARTESIAN_POINT('',(251.258088603985,-131.754077996738,-59.));
#11825=CARTESIAN_POINT('Origin',(250.258088603985,-131.754077996738,-59.));
#11826=CARTESIAN_POINT('Origin',(248.258088603985,-131.754077996738,-59.));
#11827=CARTESIAN_POINT('Origin',(250.258088603985,-67.3770389983688,-59.));
#11828=CARTESIAN_POINT('',(250.258088603985,-66.3391557370662,-60.));
#11829=CARTESIAN_POINT('',(251.258088603985,-66.3391557370662,-59.));
#11830=CARTESIAN_POINT('Origin',(250.258088603985,-66.3391557370662,-59.));
#11831=CARTESIAN_POINT('',(251.258088603985,-67.3770389983688,-59.));
#11832=CARTESIAN_POINT('',(250.258088603985,-67.3770389983688,-60.));
#11833=CARTESIAN_POINT('Origin',(248.258088603985,-66.3391557370662,-59.));
#11834=CARTESIAN_POINT('',(248.258088603985,-64.3391557370662,-60.));
#11835=CARTESIAN_POINT('',(248.258088603985,-63.3391557370662,-59.));
#11836=CARTESIAN_POINT('Origin',(248.258088603985,-64.3391557370662,-59.));
#11837=CARTESIAN_POINT('Origin',(248.258088603985,-66.3391557370662,-59.));
#11838=CARTESIAN_POINT('Origin',(248.258088603985,-66.3391557370662,-60.));
#11839=CARTESIAN_POINT('Origin',(124.129044301993,-64.3391557370662,-59.));
#11840=CARTESIAN_POINT('',(150.,-64.3391557370662,-60.));
#11841=CARTESIAN_POINT('',(150.,-63.3391557370662,-59.));
#11842=CARTESIAN_POINT('Origin',(150.,-64.3391557370662,-59.));
#11843=CARTESIAN_POINT('',(124.129044301993,-63.3391557370662,-59.));
#11844=CARTESIAN_POINT('',(124.129044301993,-64.3391557370662,-60.));
#11845=CARTESIAN_POINT('Origin',(150.,-66.3391557370662,-59.));
#11846=CARTESIAN_POINT('',(148.,-66.3391557370662,-60.));
#11847=CARTESIAN_POINT('',(147.,-66.3391557370662,-59.));
#11848=CARTESIAN_POINT('Origin',(148.,-66.3391557370662,-59.));
#11849=CARTESIAN_POINT('Origin',(150.,-66.3391557370662,-59.));
#11850=CARTESIAN_POINT('Origin',(150.,-66.3391557370662,-60.));
#11851=CARTESIAN_POINT('Origin',(148.,-31.6695778685331,-59.));
#11852=CARTESIAN_POINT('',(148.,-66.6420487205274,-60.));
#11853=CARTESIAN_POINT('',(147.,-66.6420487205274,-59.));
#11854=CARTESIAN_POINT('Origin',(148.,-66.6420487205274,-59.));
#11855=CARTESIAN_POINT('',(147.,-31.6695778685331,-59.));
#11856=CARTESIAN_POINT('',(148.,-31.6695778685331,-60.));
#11857=CARTESIAN_POINT('Origin',(144.,-66.6420487205274,-59.));
#11858=CARTESIAN_POINT('',(144.,-70.6420487205274,-60.));
#11859=CARTESIAN_POINT('',(144.,-69.6420487205274,-59.));
#11860=CARTESIAN_POINT('Origin',(144.,-70.6420487205274,-59.));
#11861=CARTESIAN_POINT('Origin',(144.,-66.6420487205274,-59.));
#11862=CARTESIAN_POINT('Origin',(144.,-66.6420487205274,-60.));
#11863=CARTESIAN_POINT('Origin',(72.,-70.6420487205274,-59.));
#11864=CARTESIAN_POINT('',(96.7669498334893,-70.6420487205274,-60.));
#11865=CARTESIAN_POINT('',(96.7669498334893,-69.6420487205274,-59.));
#11866=CARTESIAN_POINT('Origin',(96.7669498334893,-70.6420487205274,-59.));
#11867=CARTESIAN_POINT('',(72.,-69.6420487205274,-59.));
#11868=CARTESIAN_POINT('',(72.,-70.6420487205274,-60.));
#11869=CARTESIAN_POINT('Origin',(96.7669498334893,-72.6420487205274,-59.));
#11870=CARTESIAN_POINT('',(94.7669498334893,-72.6420487205274,-60.));
#11871=CARTESIAN_POINT('',(93.7669498334894,-72.6420487205274,-59.));
#11872=CARTESIAN_POINT('Origin',(94.7669498334893,-72.6420487205274,-59.));
#11873=CARTESIAN_POINT('Origin',(96.7669498334893,-72.6420487205274,-59.));
#11874=CARTESIAN_POINT('Origin',(96.7669498334893,-72.6420487205274,-60.));
#11875=CARTESIAN_POINT('Origin',(94.7669498334894,-34.8210243602637,-59.));
#11876=CARTESIAN_POINT('',(94.7669498334894,-129.918431524141,-60.));
#11877=CARTESIAN_POINT('',(93.7669498334894,-129.918431524141,-59.));
#11878=CARTESIAN_POINT('Origin',(94.7669498334894,-129.918431524141,-59.));
#11879=CARTESIAN_POINT('',(93.7669498334894,-34.8210243602637,-59.));
#11880=CARTESIAN_POINT('',(94.7669498334894,-34.8210243602637,-60.));
#11881=CARTESIAN_POINT('Origin',(96.7669498334894,-129.918431524141,-59.));
#11882=CARTESIAN_POINT('',(96.7669498334894,-131.918431524141,-60.));
#11883=CARTESIAN_POINT('',(96.7669498334894,-132.918431524141,-59.));
#11884=CARTESIAN_POINT('Origin',(96.7669498334894,-131.918431524141,-59.));
#11885=CARTESIAN_POINT('Origin',(96.7669498334894,-129.918431524141,-59.));
#11886=CARTESIAN_POINT('Origin',(96.7669498334894,-129.918431524141,-60.));
#11887=CARTESIAN_POINT('Origin',(45.3834749167446,-131.918431524141,-59.));
#11888=CARTESIAN_POINT('',(139.149406234476,-131.918431524141,-60.));
#11889=CARTESIAN_POINT('',(139.149406234476,-132.918431524141,-59.));
#11890=CARTESIAN_POINT('Origin',(139.149406234476,-131.918431524141,-59.));
#11891=CARTESIAN_POINT('',(45.3834749167446,-132.918431524141,-59.));
#11892=CARTESIAN_POINT('',(45.3834749167446,-131.918431524141,-60.));
#11893=CARTESIAN_POINT('Origin',(139.149406234476,-135.918431524141,-59.));
#11894=CARTESIAN_POINT('',(143.149406234476,-135.918431524141,-60.));
#11895=CARTESIAN_POINT('',(142.149406234476,-135.918431524141,-59.));
#11896=CARTESIAN_POINT('Origin',(143.149406234476,-135.918431524141,-59.));
#11897=CARTESIAN_POINT('Origin',(139.149406234476,-135.918431524141,-59.));
#11898=CARTESIAN_POINT('Origin',(139.149406234476,-135.918431524141,-60.));
#11899=CARTESIAN_POINT('Origin',(143.149406234476,-66.4592157620707,-59.));
#11900=CARTESIAN_POINT('',(143.149406234476,-135.926018020383,-60.));
#11901=CARTESIAN_POINT('',(142.149406234476,-135.926018020383,-59.));
#11902=CARTESIAN_POINT('Origin',(143.149406234476,-135.926018020383,-59.));
#11903=CARTESIAN_POINT('',(142.149406234476,-66.4592157620707,-59.));
#11904=CARTESIAN_POINT('',(143.149406234476,-66.4592157620707,-60.));
#11905=CARTESIAN_POINT('Origin',(145.149406234476,-135.926018020383,-59.));
#11906=CARTESIAN_POINT('',(145.149406234476,-137.926018020383,-60.));
#11907=CARTESIAN_POINT('',(145.149406234476,-138.926018020383,-59.));
#11908=CARTESIAN_POINT('Origin',(145.149406234476,-137.926018020383,-59.));
#11909=CARTESIAN_POINT('Origin',(145.149406234476,-135.926018020383,-59.));
#11910=CARTESIAN_POINT('Origin',(145.149406234476,-135.926018020383,-60.));
#11911=CARTESIAN_POINT('Origin',(69.5747031172381,-137.926018020383,-59.));
#11912=CARTESIAN_POINT('',(146.261945651458,-137.926018020383,-60.));
#11913=CARTESIAN_POINT('',(146.261945651458,-138.926018020383,-59.));
#11914=CARTESIAN_POINT('Origin',(146.261945651458,-137.926018020383,-59.));
#11915=CARTESIAN_POINT('',(69.5747031172381,-138.926018020383,-59.));
#11916=CARTESIAN_POINT('',(69.5747031172381,-137.926018020383,-60.));
#11917=CARTESIAN_POINT('Origin',(146.261945651458,-141.926018020383,-59.));
#11918=CARTESIAN_POINT('',(150.261945651458,-141.926018020383,-60.));
#11919=CARTESIAN_POINT('',(149.261945651458,-141.926018020383,-59.));
#11920=CARTESIAN_POINT('Origin',(150.261945651458,-141.926018020383,-59.));
#11921=CARTESIAN_POINT('Origin',(146.261945651458,-141.926018020383,-59.));
#11922=CARTESIAN_POINT('Origin',(146.261945651458,-141.926018020383,-60.));
#11923=CARTESIAN_POINT('Origin',(150.261945651458,-69.4630090101916,-59.));
#11924=CARTESIAN_POINT('',(150.261945651458,-213.632462201729,-60.));
#11925=CARTESIAN_POINT('',(149.261945651458,-213.632462201729,-59.));
#11926=CARTESIAN_POINT('Origin',(150.261945651458,-213.632462201729,-59.));
#11927=CARTESIAN_POINT('',(149.261945651458,-69.4630090101916,-59.));
#11928=CARTESIAN_POINT('',(150.261945651458,-69.4630090101916,-60.));
#11929=CARTESIAN_POINT('Origin',(152.261945651458,-213.632462201729,-59.));
#11930=CARTESIAN_POINT('',(152.261945651458,-215.632462201729,-60.));
#11931=CARTESIAN_POINT('',(152.261945651458,-216.632462201729,-59.));
#11932=CARTESIAN_POINT('Origin',(152.261945651458,-215.632462201729,-59.));
#11933=CARTESIAN_POINT('Origin',(152.261945651458,-213.632462201729,-59.));
#11934=CARTESIAN_POINT('Origin',(152.261945651458,-213.632462201729,-60.));
#11935=CARTESIAN_POINT('Origin',(73.130972825729,-215.632462201729,-59.));
#11936=CARTESIAN_POINT('',(239.522538579736,-215.632462201729,-60.));
#11937=CARTESIAN_POINT('',(239.522538579736,-216.632462201729,-59.));
#11938=CARTESIAN_POINT('Origin',(239.522538579736,-215.632462201729,-59.));
#11939=CARTESIAN_POINT('',(73.130972825729,-216.632462201729,-59.));
#11940=CARTESIAN_POINT('',(73.130972825729,-215.632462201729,-60.));
#11941=CARTESIAN_POINT('Origin',(239.522538579736,-213.632462201729,-59.));
#11942=CARTESIAN_POINT('',(241.522538579736,-213.632462201729,-60.));
#11943=CARTESIAN_POINT('',(242.522538579736,-213.632462201729,-59.));
#11944=CARTESIAN_POINT('Origin',(241.522538579736,-213.632462201729,-59.));
#11945=CARTESIAN_POINT('Origin',(239.522538579736,-213.632462201729,-59.));
#11946=CARTESIAN_POINT('Origin',(239.522538579736,-213.632462201729,-60.));
#11947=CARTESIAN_POINT('Origin',(241.522538579736,-108.316231100864,-59.));
#11948=CARTESIAN_POINT('',(241.522538579736,-198.000002935529,-60.));
#11949=CARTESIAN_POINT('',(242.522538579736,-198.000002935529,-59.));
#11950=CARTESIAN_POINT('Origin',(241.522538579736,-198.000002935529,-59.));
#11951=CARTESIAN_POINT('',(242.522538579736,-108.316231100864,-59.));
#11952=CARTESIAN_POINT('',(241.522538579736,-108.316231100864,-60.));
#11953=CARTESIAN_POINT('Origin',(243.522538579736,-198.000002935529,-59.));
#11954=CARTESIAN_POINT('',(242.543243197431,-196.256162187583,-60.));
#11955=CARTESIAN_POINT('',(243.032890888583,-197.128082561556,-59.));
#11956=CARTESIAN_POINT('Origin',(242.543243197431,-196.256162187583,-59.));
#11957=CARTESIAN_POINT('Origin',(243.522538579736,-198.000002935529,-59.));
#11958=CARTESIAN_POINT('Origin',(243.522538579736,-198.000002935529,-60.));
#11959=CARTESIAN_POINT('Origin',(243.674792074121,-183.008693056074,-59.));
#11960=CARTESIAN_POINT('',(241.674792074121,-183.008693056074,-60.));
#11961=CARTESIAN_POINT('',(242.674792074121,-183.008693056074,-59.));
#11962=CARTESIAN_POINT('Origin',(241.674792074121,-183.008693056074,-59.));
#11963=CARTESIAN_POINT('',(243.109017635776,-183.833253111446,-59.));
#11964=CARTESIAN_POINT('Origin',(243.674792074121,-183.008693056074,-59.));
#11965=CARTESIAN_POINT('',(242.543243197431,-184.657813166818,-60.));
#11966=CARTESIAN_POINT('Origin',(242.543243197431,-184.657813166818,-59.));
#11967=CARTESIAN_POINT('Origin',(243.674792074121,-183.008693056074,-60.));
#11968=CARTESIAN_POINT('Origin',(241.674792074121,-92.0000013709068,-59.));
#11969=CARTESIAN_POINT('',(241.674792074121,-137.754077996738,-60.));
#11970=CARTESIAN_POINT('',(242.674792074121,-137.754077996738,-59.));
#11971=CARTESIAN_POINT('Origin',(241.674792074121,-137.754077996738,-59.));
#11972=CARTESIAN_POINT('',(242.674792074121,-92.0000013709068,-59.));
#11973=CARTESIAN_POINT('',(241.674792074121,-92.0000013709068,-60.));
#11974=CARTESIAN_POINT('Origin',(245.674792074121,-137.754077996738,-59.));
#11975=CARTESIAN_POINT('',(245.674792074121,-133.754077996738,-60.));
#11976=CARTESIAN_POINT('',(245.674792074121,-134.754077996738,-59.));
#11977=CARTESIAN_POINT('Origin',(245.674792074121,-133.754077996738,-59.));
#11978=CARTESIAN_POINT('Origin',(245.674792074121,-137.754077996738,-59.));
#11979=CARTESIAN_POINT('Origin',(245.674792074121,-137.754077996738,-60.));
#11980=CARTESIAN_POINT('Origin',(119.837396037061,-133.754077996738,-59.));
#11981=CARTESIAN_POINT('',(119.837396037061,-133.754077996738,-60.));
#11982=CARTESIAN_POINT('',(119.837396037061,-134.754077996738,-59.));
#11983=CARTESIAN_POINT('Origin',(242.543243197431,-98.5000014677644,-59.));
#11984=CARTESIAN_POINT('',(243.543243197431,-184.657813166818,-59.));
#11985=CARTESIAN_POINT('Origin',(242.543243197431,-184.657813166818,-59.));
#11986=CARTESIAN_POINT('',(243.543243197431,-196.256162187583,-59.));
#11987=CARTESIAN_POINT('',(243.543243197431,-98.5000014677644,-59.));
#11988=CARTESIAN_POINT('Origin',(242.543243197431,-196.256162187583,-59.));
#11989=CARTESIAN_POINT('',(242.543243197431,-98.5000014677644,-60.));
#11990=CARTESIAN_POINT('Origin',(242.543243197431,-196.256162187583,-59.));
#11991=CARTESIAN_POINT('Origin',(242.543243197431,-196.256162187583,-59.));
#11992=CARTESIAN_POINT('Origin',(242.543243197431,-184.657813166818,-59.));
#11993=CARTESIAN_POINT('Origin',(242.543243197431,-184.657813166818,-59.));
#11994=CARTESIAN_POINT('Origin',(96.7669498334894,-129.918431524141,-60.));
#11995=CARTESIAN_POINT('',(96.7669498334894,-132.918431524141,-40.));
#11996=CARTESIAN_POINT('',(96.7669498334894,-132.918431524141,-60.));
#11997=CARTESIAN_POINT('',(93.7669498334894,-129.918431524141,-40.));
#11998=CARTESIAN_POINT('Origin',(96.7669498334894,-129.918431524141,-40.));
#11999=CARTESIAN_POINT('',(93.7669498334894,-129.918431524141,-60.));
#12000=CARTESIAN_POINT('Origin',(93.7669498334894,-132.918431524141,-60.));
#12001=CARTESIAN_POINT('',(139.149406234476,-132.918431524141,-40.));
#12002=CARTESIAN_POINT('',(139.149406234476,-132.918431524141,-60.));
#12003=CARTESIAN_POINT('',(93.7669498334894,-132.918431524141,-40.));
#12004=CARTESIAN_POINT('Origin',(139.149406234476,-135.918431524141,-60.));
#12005=CARTESIAN_POINT('',(142.149406234476,-135.918431524141,-40.));
#12006=CARTESIAN_POINT('',(142.149406234476,-135.918431524141,-60.));
#12007=CARTESIAN_POINT('Origin',(139.149406234476,-135.918431524141,-40.));
#12008=CARTESIAN_POINT('Origin',(142.149406234476,-132.918431524141,-60.));
#12009=CARTESIAN_POINT('',(142.149406234476,-135.926018020383,-40.));
#12010=CARTESIAN_POINT('',(142.149406234476,-135.926018020383,-60.));
#12011=CARTESIAN_POINT('',(142.149406234476,-138.926018020383,-40.));
#12012=CARTESIAN_POINT('Origin',(145.149406234476,-135.926018020383,-60.));
#12013=CARTESIAN_POINT('',(145.149406234476,-138.926018020383,-40.));
#12014=CARTESIAN_POINT('',(145.149406234476,-138.926018020383,-60.));
#12015=CARTESIAN_POINT('Origin',(145.149406234476,-135.926018020383,-40.));
#12016=CARTESIAN_POINT('Origin',(142.149406234476,-138.926018020383,-60.));
#12017=CARTESIAN_POINT('',(146.261945651458,-138.926018020383,-40.));
#12018=CARTESIAN_POINT('',(146.261945651458,-138.926018020383,-60.));
#12019=CARTESIAN_POINT('',(149.261945651458,-138.926018020383,-40.));
#12020=CARTESIAN_POINT('Origin',(146.261945651458,-141.926018020383,-60.));
#12021=CARTESIAN_POINT('',(149.261945651458,-141.926018020383,-40.));
#12022=CARTESIAN_POINT('',(149.261945651458,-141.926018020383,-60.));
#12023=CARTESIAN_POINT('Origin',(146.261945651458,-141.926018020383,-40.));
#12024=CARTESIAN_POINT('Origin',(149.261945651458,-138.926018020383,-60.));
#12025=CARTESIAN_POINT('',(149.261945651458,-213.632462201729,-40.));
#12026=CARTESIAN_POINT('',(149.261945651458,-213.632462201729,-60.));
#12027=CARTESIAN_POINT('',(149.261945651458,-216.632462201729,-40.));
#12028=CARTESIAN_POINT('Origin',(152.261945651458,-213.632462201729,-60.));
#12029=CARTESIAN_POINT('',(152.261945651458,-216.632462201729,-40.));
#12030=CARTESIAN_POINT('',(152.261945651458,-216.632462201729,-60.));
#12031=CARTESIAN_POINT('Origin',(152.261945651458,-213.632462201729,-40.));
#12032=CARTESIAN_POINT('Origin',(149.261945651458,-216.632462201729,-60.));
#12033=CARTESIAN_POINT('',(239.522538579736,-216.632462201729,-40.));
#12034=CARTESIAN_POINT('',(239.522538579736,-216.632462201729,-60.));
#12035=CARTESIAN_POINT('',(242.522538579736,-216.632462201729,-40.));
#12036=CARTESIAN_POINT('Origin',(239.522538579736,-213.632462201729,-60.));
#12037=CARTESIAN_POINT('',(242.522538579736,-213.632462201729,-40.));
#12038=CARTESIAN_POINT('',(242.522538579736,-213.632462201729,-60.));
#12039=CARTESIAN_POINT('Origin',(239.522538579736,-213.632462201729,-40.));
#12040=CARTESIAN_POINT('Origin',(242.522538579736,-216.632462201729,-60.));
#12041=CARTESIAN_POINT('',(242.522538579736,-198.000002935529,-40.));
#12042=CARTESIAN_POINT('',(242.522538579736,-198.000002935529,-60.));
#12043=CARTESIAN_POINT('',(242.522538579736,-197.000002935529,-40.));
#12044=CARTESIAN_POINT('Origin',(243.522538579736,-198.000002935529,-60.));
#12045=CARTESIAN_POINT('',(243.032890888583,-197.128082561556,-40.));
#12046=CARTESIAN_POINT('',(243.032890888583,-197.128082561556,-60.));
#12047=CARTESIAN_POINT('Origin',(243.522538579736,-198.000002935529,-40.));
#12048=CARTESIAN_POINT('Origin',(242.543243197431,-196.256162187583,-60.));
#12049=CARTESIAN_POINT('',(243.543243197431,-196.256162187583,-40.));
#12050=CARTESIAN_POINT('',(243.543243197431,-196.256162187583,-60.));
#12051=CARTESIAN_POINT('Origin',(242.543243197431,-196.256162187583,-40.));
#12052=CARTESIAN_POINT('Origin',(243.543243197431,-197.000002935529,-60.));
#12053=CARTESIAN_POINT('',(243.543243197431,-184.657813166818,-40.));
#12054=CARTESIAN_POINT('',(243.543243197431,-184.657813166818,-60.));
#12055=CARTESIAN_POINT('',(243.543243197431,-184.000002741814,-40.));
#12056=CARTESIAN_POINT('Origin',(-3.00000000000001,0.,-60.));
#12057=CARTESIAN_POINT('Origin',(239.840326644406,-213.758728452968,-36.0000000000003));
#12058=CARTESIAN_POINT('',(240.840326644406,-213.758728452968,-40.));
#12059=CARTESIAN_POINT('Origin',(239.840326644406,-213.758728452968,-40.));
#12060=CARTESIAN_POINT('',(240.840326644406,-213.758728452968,-44.0000000000003));
#12061=CARTESIAN_POINT('',(240.840326644406,-213.758728452968,-36.0000000000003));
#12062=CARTESIAN_POINT('Origin',(239.840326644406,-213.758728452968,-44.0000000000003));
#12063=CARTESIAN_POINT('Origin',(239.840326644406,-213.758728452968,-44.0000000000003));
#12064=CARTESIAN_POINT('Origin',(151.774956295605,-214.153946948206,-36.0000000000003));
#12065=CARTESIAN_POINT('',(152.774956295605,-214.153946948206,-40.));
#12066=CARTESIAN_POINT('Origin',(151.774956295605,-214.153946948206,-40.));
#12067=CARTESIAN_POINT('',(152.774956295605,-214.153946948206,-44.0000000000003));
#12068=CARTESIAN_POINT('',(152.774956295605,-214.153946948206,-36.0000000000003));
#12069=CARTESIAN_POINT('Origin',(151.774956295605,-214.153946948206,-44.0000000000003));
#12070=CARTESIAN_POINT('Origin',(151.774956295605,-214.153946948206,-44.0000000000003));
#12071=CARTESIAN_POINT('Origin',(248.953949353746,-132.46721530904,-36.0000000000003));
#12072=CARTESIAN_POINT('',(249.953949353746,-132.46721530904,-40.));
#12073=CARTESIAN_POINT('Origin',(248.953949353746,-132.46721530904,-40.));
#12074=CARTESIAN_POINT('',(249.953949353746,-132.46721530904,-44.0000000000003));
#12075=CARTESIAN_POINT('',(249.953949353746,-132.46721530904,-36.0000000000003));
#12076=CARTESIAN_POINT('Origin',(248.953949353746,-132.46721530904,-44.0000000000003));
#12077=CARTESIAN_POINT('Origin',(248.953949353746,-132.46721530904,-44.0000000000003));
#12078=CARTESIAN_POINT('Origin',(248.716268097757,-66.0133699231766,-36.0000000000003));
#12079=CARTESIAN_POINT('',(249.716268097757,-66.0133699231766,-40.));
#12080=CARTESIAN_POINT('Origin',(248.716268097757,-66.0133699231766,-40.));
#12081=CARTESIAN_POINT('',(249.716268097757,-66.0133699231766,-44.0000000000003));
#12082=CARTESIAN_POINT('',(249.716268097757,-66.0133699231766,-36.0000000000003));
#12083=CARTESIAN_POINT('Origin',(248.716268097757,-66.0133699231766,-44.0000000000003));
#12084=CARTESIAN_POINT('Origin',(248.716268097757,-66.0133699231766,-44.0000000000003));
#12085=CARTESIAN_POINT('Origin',(96.000001475215,-72.0000010728836,-36.0000000000003));
#12086=CARTESIAN_POINT('',(97.0000014752149,-72.0000010728836,-40.));
#12087=CARTESIAN_POINT('Origin',(96.000001475215,-72.0000010728836,-40.));
#12088=CARTESIAN_POINT('',(97.0000014752149,-72.0000010728836,-44.0000000000003));
#12089=CARTESIAN_POINT('',(97.0000014752149,-72.0000010728836,-36.0000000000003));
#12090=CARTESIAN_POINT('Origin',(96.000001475215,-72.0000010728836,-44.0000000000003));
#12091=CARTESIAN_POINT('Origin',(96.000001475215,-72.0000010728836,-44.0000000000003));
#12092=CARTESIAN_POINT('Origin',(96.1354523267903,-130.510041705555,-36.0000000000003));
#12093=CARTESIAN_POINT('',(97.1354523267903,-130.510041705555,-40.));
#12094=CARTESIAN_POINT('Origin',(96.1354523267903,-130.510041705555,-40.));
#12095=CARTESIAN_POINT('',(97.1354523267903,-130.510041705555,-44.0000000000003));
#12096=CARTESIAN_POINT('',(97.1354523267903,-130.510041705555,-36.0000000000003));
#12097=CARTESIAN_POINT('Origin',(96.1354523267903,-130.510041705555,-44.0000000000003));
#12098=CARTESIAN_POINT('Origin',(96.1354523267903,-130.510041705555,-44.0000000000003));
#12099=CARTESIAN_POINT('Origin',(144.571793531362,-136.644221172559,-36.0000000000003));
#12100=CARTESIAN_POINT('',(145.571793531362,-136.644221172559,-40.));
#12101=CARTESIAN_POINT('Origin',(144.571793531362,-136.644221172559,-40.));
#12102=CARTESIAN_POINT('',(145.571793531362,-136.644221172559,-44.0000000000003));
#12103=CARTESIAN_POINT('',(145.571793531362,-136.644221172559,-36.0000000000003));
#12104=CARTESIAN_POINT('Origin',(144.571793531362,-136.644221172559,-44.0000000000003));
#12105=CARTESIAN_POINT('Origin',(144.571793531362,-136.644221172559,-44.0000000000003));
#12106=CARTESIAN_POINT('Origin',(149.478627525948,-65.6645126654367,-36.0000000000003));
#12107=CARTESIAN_POINT('',(150.528627525948,-65.6645126654367,-40.));
#12108=CARTESIAN_POINT('Origin',(149.478627525948,-65.6645126654367,-40.));
#12109=CARTESIAN_POINT('',(150.528627525948,-65.6645126654367,-44.0000000000003));
#12110=CARTESIAN_POINT('',(150.528627525948,-65.6645126654367,-36.0000000000003));
#12111=CARTESIAN_POINT('Origin',(149.478627525948,-65.6645126654367,-44.0000000000003));
#12112=CARTESIAN_POINT('Origin',(149.478627525948,-65.6645126654367,-44.0000000000003));
#12113=CARTESIAN_POINT('Origin',(242.543243197431,-184.657813166818,-60.));
#12114=CARTESIAN_POINT('',(243.109017635776,-183.833253111446,-40.));
#12115=CARTESIAN_POINT('',(243.109017635776,-183.833253111446,-60.));
#12116=CARTESIAN_POINT('Origin',(242.543243197431,-184.657813166818,-40.));
#12117=CARTESIAN_POINT('Origin',(172.512519218737,-139.985808969397,-40.));
#12118=CARTESIAN_POINT('',(242.674792074121,-183.008693056074,-40.));
#12119=CARTESIAN_POINT('Origin',(243.674792074121,-183.008693056074,-40.));
#12120=CARTESIAN_POINT('',(242.674792074121,-137.754077996738,-40.));
#12121=CARTESIAN_POINT('',(242.674792074121,-134.754077996738,-40.));
#12122=CARTESIAN_POINT('',(245.674792074121,-134.754077996738,-40.));
#12123=CARTESIAN_POINT('Origin',(245.674792074121,-137.754077996738,-40.));
#12124=CARTESIAN_POINT('',(248.258088603985,-134.754077996738,-40.));
#12125=CARTESIAN_POINT('',(251.258088603985,-134.754077996738,-40.));
#12126=CARTESIAN_POINT('',(251.258088603985,-131.754077996738,-40.));
#12127=CARTESIAN_POINT('Origin',(248.258088603985,-131.754077996738,-40.));
#12128=CARTESIAN_POINT('',(251.258088603985,-66.3391557370662,-40.));
#12129=CARTESIAN_POINT('',(251.258088603985,-63.3391557370662,-40.));
#12130=CARTESIAN_POINT('',(248.258088603985,-63.3391557370662,-40.));
#12131=CARTESIAN_POINT('Origin',(248.258088603985,-66.3391557370662,-40.));
#12132=CARTESIAN_POINT('',(150.,-63.3391557370662,-40.));
#12133=CARTESIAN_POINT('',(147.,-63.3391557370662,-40.));
#12134=CARTESIAN_POINT('',(147.,-66.3391557370662,-40.));
#12135=CARTESIAN_POINT('Origin',(150.,-66.3391557370662,-40.));
#12136=CARTESIAN_POINT('',(147.,-66.6420487205274,-40.));
#12137=CARTESIAN_POINT('',(147.,-63.3391557370662,-40.));
#12138=CARTESIAN_POINT('',(144.,-69.6420487205274,-40.));
#12139=CARTESIAN_POINT('Origin',(144.,-66.6420487205274,-40.));
#12140=CARTESIAN_POINT('',(96.7669498334893,-69.6420487205274,-40.));
#12141=CARTESIAN_POINT('',(147.,-69.6420487205274,-40.));
#12142=CARTESIAN_POINT('',(93.7669498334894,-72.6420487205274,-40.));
#12143=CARTESIAN_POINT('Origin',(96.7669498334893,-72.6420487205274,-40.));
#12144=CARTESIAN_POINT('',(93.7669498334894,-69.6420487205274,-40.));
#12145=CARTESIAN_POINT('',(153.21726851862,-67.0000009983778,-40.));
#12146=CARTESIAN_POINT('',(161.378425419014,-67.0000009983778,-40.));
#12147=CARTESIAN_POINT('',(248.000003740191,-129.000001966953,-40.));
#12148=CARTESIAN_POINT('',(248.000003740191,-103.492904983888,-40.));
#12149=CARTESIAN_POINT('',(245.000003740191,-132.000001966953,-40.));
#12150=CARTESIAN_POINT('Origin',(245.000003740191,-129.000001966953,-40.));
#12151=CARTESIAN_POINT('',(242.000003606081,-132.000001966953,-40.));
#12152=CARTESIAN_POINT('',(210.256261479464,-132.000001966953,-40.));
#12153=CARTESIAN_POINT('',(239.000003606081,-135.000001966953,-40.));
#12154=CARTESIAN_POINT('Origin',(242.000003606081,-135.000001966953,-40.));
#12155=CARTESIAN_POINT('',(239.000003606081,-209.855916202291,-40.));
#12156=CARTESIAN_POINT('',(239.000003606081,-135.992905468175,-40.));
#12157=CARTESIAN_POINT('',(236.041341926268,-212.855631379318,-40.));
#12158=CARTESIAN_POINT('Origin',(236.000003606081,-209.855916202291,-40.));
#12159=CARTESIAN_POINT('',(156.041340644768,-213.958091270597,-40.));
#12160=CARTESIAN_POINT('',(206.26429762523,-213.265981335529,-40.));
#12161=CARTESIAN_POINT('',(153.000002324581,-210.95837609357,-40.));
#12162=CARTESIAN_POINT('Origin',(156.000002324581,-210.95837609357,-40.));
#12163=CARTESIAN_POINT('',(153.000002324581,-139.083846582029,-40.));
#12164=CARTESIAN_POINT('',(153.000002324581,-176.992906079123,-40.));
#12165=CARTESIAN_POINT('',(150.000002324581,-136.083846582029,-40.));
#12166=CARTESIAN_POINT('Origin',(150.000002324581,-139.083846582029,-40.));
#12167=CARTESIAN_POINT('',(148.25614261277,-136.083846582029,-40.));
#12168=CARTESIAN_POINT('',(162.756260771659,-136.083846582029,-40.));
#12169=CARTESIAN_POINT('',(145.25614261277,-133.083846582029,-40.));
#12170=CARTESIAN_POINT('Origin',(148.25614261277,-133.083846582029,-40.));
#12171=CARTESIAN_POINT('',(145.25614261277,-133.,-40.));
#12172=CARTESIAN_POINT('',(145.25614261277,-138.034827775713,-40.));
#12173=CARTESIAN_POINT('',(142.25614261277,-130.,-40.));
#12174=CARTESIAN_POINT('Origin',(142.25614261277,-133.,-40.));
#12175=CARTESIAN_POINT('',(100.,-130.,-40.));
#12176=CARTESIAN_POINT('',(158.884330915754,-130.,-40.));
#12177=CARTESIAN_POINT('',(97.,-127.,-40.));
#12178=CARTESIAN_POINT('Origin',(100.,-127.,-40.));
#12179=CARTESIAN_POINT('',(97.,-75.4307692383526,-40.));
#12180=CARTESIAN_POINT('',(97.,-134.992904484699,-40.));
#12181=CARTESIAN_POINT('',(100.,-72.4307692383526,-40.));
#12182=CARTESIAN_POINT('Origin',(100.,-75.4307692383526,-40.));
#12183=CARTESIAN_POINT('',(147.24433161929,-72.4307692383526,-40.));
#12184=CARTESIAN_POINT('',(134.756259609369,-72.4307692383526,-40.));
#12185=CARTESIAN_POINT('',(150.230800068955,-69.7153851183652,-40.));
#12186=CARTESIAN_POINT('Origin',(147.24433161929,-69.4307692383526,-40.));
#12187=CARTESIAN_POINT('Origin',(153.21726851862,-70.0000009983778,-40.));
#12188=CARTESIAN_POINT('Origin',(243.674792074121,-183.008693056074,-60.));
#12189=CARTESIAN_POINT('',(242.674792074121,-183.008693056074,-60.));
#12190=CARTESIAN_POINT('Origin',(93.7669498334894,-69.6420487205274,-60.));
#12191=CARTESIAN_POINT('',(93.7669498334894,-72.6420487205274,-60.));
#12192=CARTESIAN_POINT('Origin',(162.269363389195,-207.389290453173,-50.));
#12193=CARTESIAN_POINT('',(163.319363389195,-207.389290453173,-50.));
#12194=CARTESIAN_POINT('Origin',(162.269363389195,-207.389290453173,-50.));
#12195=CARTESIAN_POINT('',(163.319363389195,-207.389290453173,-55.));
#12196=CARTESIAN_POINT('',(163.319363389195,-207.389290453173,-50.));
#12197=CARTESIAN_POINT('Origin',(162.269363389195,-207.389290453173,-55.));
#12198=CARTESIAN_POINT('Origin',(162.269363389195,-207.389290453173,-55.));
#12199=CARTESIAN_POINT('Origin',(234.758787612833,-207.587891124516,-50.));
#12200=CARTESIAN_POINT('',(235.808787612833,-207.587891124516,-50.));
#12201=CARTESIAN_POINT('Origin',(234.758787612833,-207.587891124516,-50.));
#12202=CARTESIAN_POINT('',(235.808787612833,-207.587891124516,-55.));
#12203=CARTESIAN_POINT('',(235.808787612833,-207.587891124516,-50.));
#12204=CARTESIAN_POINT('Origin',(234.758787612833,-207.587891124516,-55.));
#12205=CARTESIAN_POINT('Origin',(234.758787612833,-207.587891124516,-55.));
#12206=CARTESIAN_POINT('Origin',(156.173516335872,-71.6469878347388,-50.));
#12207=CARTESIAN_POINT('',(157.223516335872,-71.6469878347388,-50.));
#12208=CARTESIAN_POINT('Origin',(156.173516335872,-71.6469878347388,-50.));
#12209=CARTESIAN_POINT('',(157.223516335872,-71.6469878347388,-55.));
#12210=CARTESIAN_POINT('',(157.223516335872,-71.6469878347388,-50.));
#12211=CARTESIAN_POINT('Origin',(156.173516335872,-71.6469878347388,-55.));
#12212=CARTESIAN_POINT('Origin',(156.173516335872,-71.6469878347388,-55.));
#12213=CARTESIAN_POINT('Origin',(240.938611375492,-71.7770538223445,-50.));
#12214=CARTESIAN_POINT('',(241.988611375492,-71.7770538223445,-50.));
#12215=CARTESIAN_POINT('Origin',(240.938611375492,-71.7770538223445,-50.));
#12216=CARTESIAN_POINT('',(241.988611375492,-71.7770538223445,-55.));
#12217=CARTESIAN_POINT('',(241.988611375492,-71.7770538223445,-50.));
#12218=CARTESIAN_POINT('Origin',(240.938611375492,-71.7770538223445,-55.));
#12219=CARTESIAN_POINT('Origin',(240.938611375492,-71.7770538223445,-55.));
#12220=CARTESIAN_POINT('Origin',(162.269363389195,-207.389290453173,-57.));
#12221=CARTESIAN_POINT('',(164.769363389195,-207.389290453173,-50.));
#12222=CARTESIAN_POINT('Origin',(162.269363389195,-207.389290453173,-50.));
#12223=CARTESIAN_POINT('',(164.769363389195,-207.389290453173,-57.));
#12224=CARTESIAN_POINT('',(164.769363389195,-207.389290453173,-57.));
#12225=CARTESIAN_POINT('Origin',(162.269363389195,-207.389290453173,-57.));
#12226=CARTESIAN_POINT('Origin',(162.269363389195,-207.389290453173,-50.));
#12227=CARTESIAN_POINT('Origin',(234.735208550377,-207.602646539566,-57.));
#12228=CARTESIAN_POINT('',(237.235208550377,-207.602646539566,-50.));
#12229=CARTESIAN_POINT('Origin',(234.735208550377,-207.602646539566,-50.));
#12230=CARTESIAN_POINT('',(237.235208550377,-207.602646539566,-57.));
#12231=CARTESIAN_POINT('',(237.235208550377,-207.602646539566,-57.));
#12232=CARTESIAN_POINT('Origin',(234.735208550377,-207.602646539566,-57.));
#12233=CARTESIAN_POINT('Origin',(234.735208550377,-207.602646539566,-50.));
#12234=CARTESIAN_POINT('Origin',(156.173516335872,-71.6469878347388,-57.));
#12235=CARTESIAN_POINT('',(158.673516335872,-71.6469878347388,-50.));
#12236=CARTESIAN_POINT('Origin',(156.173516335872,-71.6469878347388,-50.));
#12237=CARTESIAN_POINT('',(158.673516335872,-71.6469878347388,-57.));
#12238=CARTESIAN_POINT('',(158.673516335872,-71.6469878347388,-57.));
#12239=CARTESIAN_POINT('Origin',(156.173516335872,-71.6469878347388,-57.));
#12240=CARTESIAN_POINT('Origin',(156.173516335872,-71.6469878347388,-50.));
#12241=CARTESIAN_POINT('Origin',(240.937121408837,-71.7816507096,-57.));
#12242=CARTESIAN_POINT('',(243.437121408837,-71.7816507096,-50.));
#12243=CARTESIAN_POINT('Origin',(240.937121408837,-71.7816507096,-50.));
#12244=CARTESIAN_POINT('',(243.437121408837,-71.7816507096,-57.));
#12245=CARTESIAN_POINT('',(243.437121408837,-71.7816507096,-57.));
#12246=CARTESIAN_POINT('Origin',(240.937121408837,-71.7816507096,-57.));
#12247=CARTESIAN_POINT('Origin',(240.937121408837,-71.7816507096,-50.));
#12248=CARTESIAN_POINT('Origin',(236.000003606081,-209.855916202291,-40.));
#12249=CARTESIAN_POINT('',(236.041341926268,-212.855631379318,-57.));
#12250=CARTESIAN_POINT('',(239.000003606081,-209.855916202291,-57.));
#12251=CARTESIAN_POINT('Origin',(236.000003606081,-209.855916202291,-57.));
#12252=CARTESIAN_POINT('',(236.041341926268,-212.855631379318,-40.));
#12253=CARTESIAN_POINT('',(239.000003606081,-209.855916202291,-40.));
#12254=CARTESIAN_POINT('Origin',(239.000003606081,-212.814858807048,-40.));
#12255=CARTESIAN_POINT('',(156.041340644768,-213.958091270597,-57.));
#12256=CARTESIAN_POINT('',(239.000003606081,-212.814858807048,-57.));
#12257=CARTESIAN_POINT('',(156.041340644768,-213.958091270597,-40.));
#12258=CARTESIAN_POINT('Origin',(156.000002324581,-210.95837609357,-40.));
#12259=CARTESIAN_POINT('',(153.000002324581,-210.95837609357,-57.));
#12260=CARTESIAN_POINT('Origin',(156.000002324581,-210.95837609357,-57.));
#12261=CARTESIAN_POINT('',(153.000002324581,-210.95837609357,-40.));
#12262=CARTESIAN_POINT('Origin',(153.000002324581,-214.000003188848,-40.));
#12263=CARTESIAN_POINT('',(153.000002324581,-139.083846582029,-57.));
#12264=CARTESIAN_POINT('',(153.000002324581,-214.000003188848,-57.));
#12265=CARTESIAN_POINT('',(153.000002324581,-139.083846582029,-40.));
#12266=CARTESIAN_POINT('Origin',(153.21726851862,-70.0000009983778,-40.));
#12267=CARTESIAN_POINT('',(150.230800068955,-69.7153851183652,-57.));
#12268=CARTESIAN_POINT('',(150.230800068955,-69.7153851183652,-40.));
#12269=CARTESIAN_POINT('',(153.21726851862,-67.0000009983778,-57.));
#12270=CARTESIAN_POINT('Origin',(153.21726851862,-70.0000009983778,-57.));
#12271=CARTESIAN_POINT('',(153.21726851862,-67.0000009983778,-40.));
#12272=CARTESIAN_POINT('Origin',(150.24433161929,-67.0000009983778,-40.));
#12273=CARTESIAN_POINT('',(248.000003740191,-67.0000009983778,-57.));
#12274=CARTESIAN_POINT('Origin',(172.500001870096,-140.500002093613,-57.));
#12275=CARTESIAN_POINT('',(239.000003606081,-135.000001966953,-57.));
#12276=CARTESIAN_POINT('',(239.000003606081,-132.000001966953,-57.));
#12277=CARTESIAN_POINT('',(242.000003606081,-132.000001966953,-57.));
#12278=CARTESIAN_POINT('Origin',(242.000003606081,-135.000001966953,-57.));
#12279=CARTESIAN_POINT('',(245.000003740191,-132.000001966953,-57.));
#12280=CARTESIAN_POINT('',(248.000003740191,-132.000001966953,-57.));
#12281=CARTESIAN_POINT('',(248.000003740191,-129.000001966953,-57.));
#12282=CARTESIAN_POINT('Origin',(245.000003740191,-129.000001966953,-57.));
#12283=CARTESIAN_POINT('',(248.000003740191,-130.,-57.));
#12284=CARTESIAN_POINT('',(147.24433161929,-72.4307692383526,-57.));
#12285=CARTESIAN_POINT('Origin',(147.24433161929,-69.4307692383526,-57.));
#12286=CARTESIAN_POINT('',(100.,-72.4307692383526,-57.));
#12287=CARTESIAN_POINT('',(150.24433161929,-72.4307692383526,-57.));
#12288=CARTESIAN_POINT('',(97.,-75.4307692383526,-57.));
#12289=CARTESIAN_POINT('Origin',(100.,-75.4307692383526,-57.));
#12290=CARTESIAN_POINT('',(97.,-127.,-57.));
#12291=CARTESIAN_POINT('',(97.,-130.,-57.));
#12292=CARTESIAN_POINT('',(100.,-130.,-57.));
#12293=CARTESIAN_POINT('Origin',(100.,-127.,-57.));
#12294=CARTESIAN_POINT('',(142.25614261277,-130.,-57.));
#12295=CARTESIAN_POINT('',(145.25614261277,-130.,-57.));
#12296=CARTESIAN_POINT('',(145.25614261277,-133.,-57.));
#12297=CARTESIAN_POINT('Origin',(142.25614261277,-133.,-57.));
#12298=CARTESIAN_POINT('',(145.25614261277,-133.083846582029,-57.));
#12299=CARTESIAN_POINT('',(145.25614261277,-136.083846582029,-57.));
#12300=CARTESIAN_POINT('',(148.25614261277,-136.083846582029,-57.));
#12301=CARTESIAN_POINT('Origin',(148.25614261277,-133.083846582029,-57.));
#12302=CARTESIAN_POINT('',(150.000002324581,-136.083846582029,-57.));
#12303=CARTESIAN_POINT('',(153.000002324581,-136.083846582029,-57.));
#12304=CARTESIAN_POINT('Origin',(150.000002324581,-139.083846582029,-57.));
#12305=CARTESIAN_POINT('Origin',(147.24433161929,-69.4307692383526,-40.));
#12306=CARTESIAN_POINT('',(147.24433161929,-72.4307692383526,-40.));
#12307=CARTESIAN_POINT('Origin',(97.,-72.4307692383526,-40.));
#12308=CARTESIAN_POINT('',(100.,-72.4307692383526,-40.));
#12309=CARTESIAN_POINT('Origin',(248.000003740191,-67.0000009983778,-40.));
#12310=CARTESIAN_POINT('',(248.000003740191,-129.000001966953,-40.));
#12311=CARTESIAN_POINT('Origin',(242.000003606081,-135.000001966953,-40.));
#12312=CARTESIAN_POINT('',(242.000003606081,-132.000001966953,-40.));
#12313=CARTESIAN_POINT('',(239.000003606081,-135.000001966953,-40.));
#12314=CARTESIAN_POINT('Origin',(239.000003606081,-132.000001966953,-40.));
#12315=CARTESIAN_POINT('Origin',(245.000003740191,-129.000001966953,-40.));
#12316=CARTESIAN_POINT('',(245.000003740191,-132.000001966953,-40.));
#12317=CARTESIAN_POINT('Origin',(248.000003740191,-132.000001966953,-40.));
#12318=CARTESIAN_POINT('Origin',(96.7669498334893,-72.6420487205274,-60.));
#12319=CARTESIAN_POINT('',(96.7669498334893,-69.6420487205274,-60.));
#12320=CARTESIAN_POINT('Origin',(150.,-66.3391557370662,-60.));
#12321=CARTESIAN_POINT('',(147.,-66.3391557370662,-60.));
#12322=CARTESIAN_POINT('',(150.,-63.3391557370662,-60.));
#12323=CARTESIAN_POINT('Origin',(251.258088603985,-63.3391557370662,-60.));
#12324=CARTESIAN_POINT('',(248.258088603985,-63.3391557370662,-60.));
#12325=CARTESIAN_POINT('Origin',(144.,-66.6420487205274,-60.));
#12326=CARTESIAN_POINT('',(144.,-69.6420487205274,-60.));
#12327=CARTESIAN_POINT('',(147.,-66.6420487205274,-60.));
#12328=CARTESIAN_POINT('Origin',(147.,-69.6420487205274,-60.));
#12329=CARTESIAN_POINT('Origin',(248.258088603985,-66.3391557370662,-60.));
#12330=CARTESIAN_POINT('',(251.258088603985,-66.3391557370662,-60.));
#12331=CARTESIAN_POINT('Origin',(248.258088603985,-131.754077996738,-60.));
#12332=CARTESIAN_POINT('',(251.258088603985,-131.754077996738,-60.));
#12333=CARTESIAN_POINT('',(248.258088603985,-134.754077996738,-60.));
#12334=CARTESIAN_POINT('Origin',(242.674792074121,-134.754077996738,-60.));
#12335=CARTESIAN_POINT('',(245.674792074121,-134.754077996738,-60.));
#12336=CARTESIAN_POINT('Origin',(245.674792074121,-137.754077996738,-60.));
#12337=CARTESIAN_POINT('',(242.674792074121,-137.754077996738,-60.));
#12338=CARTESIAN_POINT('Origin',(142.25614261277,-133.,-40.));
#12339=CARTESIAN_POINT('',(145.25614261277,-133.,-40.));
#12340=CARTESIAN_POINT('',(142.25614261277,-130.,-40.));
#12341=CARTESIAN_POINT('Origin',(145.25614261277,-136.083846582029,-40.));
#12342=CARTESIAN_POINT('',(145.25614261277,-133.083846582029,-40.));
#12343=CARTESIAN_POINT('Origin',(148.25614261277,-133.083846582029,-40.));
#12344=CARTESIAN_POINT('',(148.25614261277,-136.083846582029,-40.));
#12345=CARTESIAN_POINT('Origin',(153.000002324581,-136.083846582029,-40.));
#12346=CARTESIAN_POINT('',(150.000002324581,-136.083846582029,-40.));
#12347=CARTESIAN_POINT('Origin',(150.000002324581,-139.083846582029,-40.));
#12348=CARTESIAN_POINT('Origin',(100.,-127.,-40.));
#12349=CARTESIAN_POINT('',(97.,-127.,-40.));
#12350=CARTESIAN_POINT('',(100.,-130.,-40.));
#12351=CARTESIAN_POINT('Origin',(145.25614261277,-130.,-40.));
#12352=CARTESIAN_POINT('Origin',(100.,-75.4307692383526,-40.));
#12353=CARTESIAN_POINT('',(97.,-75.4307692383526,-40.));
#12354=CARTESIAN_POINT('Origin',(97.,-130.,-40.));
#12355=CARTESIAN_POINT('Origin',(251.258088603985,-134.754077996738,-60.));
#12356=CARTESIAN_POINT('Origin',(242.674792074121,-184.000002741814,-60.));
#12357=CARTESIAN_POINT('Origin',(147.,-63.3391557370662,-60.));
#12358=CARTESIAN_POINT('Ctrl Pts',(-60.902066524997,-100.201688719081,36.9999999999997));
#12359=CARTESIAN_POINT('Ctrl Pts',(-60.902066524997,-100.201688719081,36.4999999999997));
#12360=CARTESIAN_POINT('Ctrl Pts',(-60.7938152290489,-100.19810450554,36.9999999999997));
#12361=CARTESIAN_POINT('Ctrl Pts',(-60.7938152290489,-100.19810450554,36.4999999999997));
#12362=CARTESIAN_POINT('Ctrl Pts',(-60.5929217412404,-100.191452897787,
36.9999999999997));
#12363=CARTESIAN_POINT('Ctrl Pts',(-60.5929217412404,-100.191452897787,
36.4999999999997));
#12364=CARTESIAN_POINT('Ctrl Pts',(-60.435330506878,-100.068297153154,36.9999999999997));
#12365=CARTESIAN_POINT('Ctrl Pts',(-60.435330506878,-100.068297153154,36.4999999999997));
#12366=CARTESIAN_POINT('Ctrl Pts',(-60.3626571836727,-100.011503783456,
36.9999999999997));
#12367=CARTESIAN_POINT('Ctrl Pts',(-60.3626571836727,-100.011503783456,
36.4999999999997));
#12368=CARTESIAN_POINT('',(-60.902066524997,-100.201688719081,36.9999999999997));
#12369=CARTESIAN_POINT('',(-60.3626571836727,-100.011503783456,36.9999999999997));
#12370=CARTESIAN_POINT('Ctrl Pts',(-60.902066524997,-100.201688719081,36.9999999999997));
#12371=CARTESIAN_POINT('Ctrl Pts',(-60.7938152290489,-100.19810450554,36.9999999999997));
#12372=CARTESIAN_POINT('Ctrl Pts',(-60.5929217412404,-100.191452897787,
36.9999999999997));
#12373=CARTESIAN_POINT('Ctrl Pts',(-60.435330506878,-100.068297153154,36.9999999999997));
#12374=CARTESIAN_POINT('Ctrl Pts',(-60.3626571836727,-100.011503783456,
36.9999999999997));
#12375=CARTESIAN_POINT('',(-60.902066524997,-100.201688719081,36.4999999999997));
#12376=CARTESIAN_POINT('',(-60.902066524997,-100.201688719081,36.9999999999997));
#12377=CARTESIAN_POINT('',(-60.3626571836727,-100.011503783456,36.4999999999997));
#12378=CARTESIAN_POINT('Ctrl Pts',(-60.902066524997,-100.201688719081,36.4999999999997));
#12379=CARTESIAN_POINT('Ctrl Pts',(-60.7938152290489,-100.19810450554,36.4999999999997));
#12380=CARTESIAN_POINT('Ctrl Pts',(-60.5929217412404,-100.191452897787,
36.4999999999997));
#12381=CARTESIAN_POINT('Ctrl Pts',(-60.435330506878,-100.068297153154,36.4999999999997));
#12382=CARTESIAN_POINT('Ctrl Pts',(-60.3626571836727,-100.011503783456,
36.4999999999997));
#12383=CARTESIAN_POINT('',(-60.3626571836727,-100.011503783456,36.9999999999997));
#12384=CARTESIAN_POINT('Ctrl Pts',(-61.4653922114195,-99.9455994319298,
36.9999999999997));
#12385=CARTESIAN_POINT('Ctrl Pts',(-61.4653922114195,-99.9455994319298,
36.4999999999997));
#12386=CARTESIAN_POINT('Ctrl Pts',(-61.3902264386798,-100.018769961676,
36.9999999999997));
#12387=CARTESIAN_POINT('Ctrl Pts',(-61.3902264386798,-100.018769961676,
36.4999999999997));
#12388=CARTESIAN_POINT('Ctrl Pts',(-61.2336818460405,-100.171159145672,
36.9999999999997));
#12389=CARTESIAN_POINT('Ctrl Pts',(-61.2336818460405,-100.171159145672,
36.4999999999997));
#12390=CARTESIAN_POINT('Ctrl Pts',(-61.015491526762,-100.19124644848,36.9999999999997));
#12391=CARTESIAN_POINT('Ctrl Pts',(-61.015491526762,-100.19124644848,36.4999999999997));
#12392=CARTESIAN_POINT('Ctrl Pts',(-60.902066524997,-100.201688719081,36.9999999999997));
#12393=CARTESIAN_POINT('Ctrl Pts',(-60.902066524997,-100.201688719081,36.4999999999997));
#12394=CARTESIAN_POINT('',(-61.4653922114195,-99.9455994319298,36.9999999999997));
#12395=CARTESIAN_POINT('Ctrl Pts',(-61.4653922114195,-99.9455994319298,
36.9999999999997));
#12396=CARTESIAN_POINT('Ctrl Pts',(-61.3902264386798,-100.018769961676,
36.9999999999997));
#12397=CARTESIAN_POINT('Ctrl Pts',(-61.2336818460405,-100.171159145672,
36.9999999999997));
#12398=CARTESIAN_POINT('Ctrl Pts',(-61.015491526762,-100.19124644848,36.9999999999997));
#12399=CARTESIAN_POINT('Ctrl Pts',(-60.902066524997,-100.201688719081,36.9999999999997));
#12400=CARTESIAN_POINT('',(-61.4653922114195,-99.9455994319298,36.4999999999997));
#12401=CARTESIAN_POINT('',(-61.4653922114195,-99.9455994319298,36.9999999999997));
#12402=CARTESIAN_POINT('Ctrl Pts',(-61.4653922114195,-99.9455994319298,
36.4999999999997));
#12403=CARTESIAN_POINT('Ctrl Pts',(-61.3902264386798,-100.018769961676,
36.4999999999997));
#12404=CARTESIAN_POINT('Ctrl Pts',(-61.2336818460405,-100.171159145672,
36.4999999999997));
#12405=CARTESIAN_POINT('Ctrl Pts',(-61.015491526762,-100.19124644848,36.4999999999997));
#12406=CARTESIAN_POINT('Ctrl Pts',(-60.902066524997,-100.201688719081,36.4999999999997));
#12407=CARTESIAN_POINT('Ctrl Pts',(-61.6520257168508,-99.0307276398844,
36.9999999999997));
#12408=CARTESIAN_POINT('Ctrl Pts',(-61.6520257168508,-99.0307276398844,
36.4999999999997));
#12409=CARTESIAN_POINT('Ctrl Pts',(-61.655492565467,-99.2218336303634,36.9999999999997));
#12410=CARTESIAN_POINT('Ctrl Pts',(-61.655492565467,-99.2218336303634,36.4999999999997));
#12411=CARTESIAN_POINT('Ctrl Pts',(-61.6613160188168,-99.5428447109154,
36.9999999999997));
#12412=CARTESIAN_POINT('Ctrl Pts',(-61.6613160188168,-99.5428447109154,
36.4999999999997));
#12413=CARTESIAN_POINT('Ctrl Pts',(-61.5218361837262,-99.8295692433513,
36.9999999999997));
#12414=CARTESIAN_POINT('Ctrl Pts',(-61.5218361837262,-99.8295692433513,
36.4999999999997));
#12415=CARTESIAN_POINT('Ctrl Pts',(-61.4653922114195,-99.9455994319298,
36.9999999999997));
#12416=CARTESIAN_POINT('Ctrl Pts',(-61.4653922114195,-99.9455994319298,
36.4999999999997));
#12417=CARTESIAN_POINT('',(-61.6520257168508,-99.0307276398844,36.9999999999997));
#12418=CARTESIAN_POINT('Ctrl Pts',(-61.6520257168508,-99.0307276398844,
36.9999999999997));
#12419=CARTESIAN_POINT('Ctrl Pts',(-61.655492565467,-99.2218336303634,36.9999999999997));
#12420=CARTESIAN_POINT('Ctrl Pts',(-61.6613160188168,-99.5428447109154,
36.9999999999997));
#12421=CARTESIAN_POINT('Ctrl Pts',(-61.5218361837262,-99.8295692433513,
36.9999999999997));
#12422=CARTESIAN_POINT('Ctrl Pts',(-61.4653922114195,-99.9455994319298,
36.9999999999997));
#12423=CARTESIAN_POINT('',(-61.6520257168508,-99.0307276398844,36.4999999999997));
#12424=CARTESIAN_POINT('',(-61.6520257168508,-99.0307276398844,36.9999999999997));
#12425=CARTESIAN_POINT('Ctrl Pts',(-61.6520257168508,-99.0307276398844,
36.4999999999997));
#12426=CARTESIAN_POINT('Ctrl Pts',(-61.655492565467,-99.2218336303634,36.4999999999997));
#12427=CARTESIAN_POINT('Ctrl Pts',(-61.6613160188168,-99.5428447109154,
36.4999999999997));
#12428=CARTESIAN_POINT('Ctrl Pts',(-61.5218361837262,-99.8295692433513,
36.4999999999997));
#12429=CARTESIAN_POINT('Ctrl Pts',(-61.4653922114195,-99.9455994319298,
36.4999999999997));
#12430=CARTESIAN_POINT('Ctrl Pts',(-61.4697086263964,-98.2461076783274,
36.9999999999997));
#12431=CARTESIAN_POINT('Ctrl Pts',(-61.4697086263964,-98.2461076783274,
36.4999999999997));
#12432=CARTESIAN_POINT('Ctrl Pts',(-61.5205410922552,-98.3510818258851,
36.9999999999997));
#12433=CARTESIAN_POINT('Ctrl Pts',(-61.5205410922552,-98.3510818258851,
36.4999999999997));
#12434=CARTESIAN_POINT('Ctrl Pts',(-61.6399508779617,-98.5976750267616,
36.9999999999997));
#12435=CARTESIAN_POINT('Ctrl Pts',(-61.6399508779617,-98.5976750267616,
36.4999999999997));
#12436=CARTESIAN_POINT('Ctrl Pts',(-61.6476208397919,-98.8727509133774,
36.9999999999997));
#12437=CARTESIAN_POINT('Ctrl Pts',(-61.6476208397919,-98.8727509133774,
36.4999999999997));
#12438=CARTESIAN_POINT('Ctrl Pts',(-61.6520257168508,-99.0307276398844,
36.9999999999997));
#12439=CARTESIAN_POINT('Ctrl Pts',(-61.6520257168508,-99.0307276398844,
36.4999999999997));
#12440=CARTESIAN_POINT('',(-61.4697086263964,-98.2461076783274,36.9999999999997));
#12441=CARTESIAN_POINT('Ctrl Pts',(-61.4697086263964,-98.2461076783274,
36.9999999999997));
#12442=CARTESIAN_POINT('Ctrl Pts',(-61.5205410922552,-98.3510818258851,
36.9999999999997));
#12443=CARTESIAN_POINT('Ctrl Pts',(-61.6399508779617,-98.5976750267616,
36.9999999999997));
#12444=CARTESIAN_POINT('Ctrl Pts',(-61.6476208397919,-98.8727509133774,
36.9999999999997));
#12445=CARTESIAN_POINT('Ctrl Pts',(-61.6520257168508,-99.0307276398844,
36.9999999999997));
#12446=CARTESIAN_POINT('',(-61.4697086263964,-98.2461076783274,36.4999999999997));
#12447=CARTESIAN_POINT('',(-61.4697086263964,-98.2461076783274,36.9999999999997));
#12448=CARTESIAN_POINT('Ctrl Pts',(-61.4697086263964,-98.2461076783274,
36.4999999999997));
#12449=CARTESIAN_POINT('Ctrl Pts',(-61.5205410922552,-98.3510818258851,
36.4999999999997));
#12450=CARTESIAN_POINT('Ctrl Pts',(-61.6399508779617,-98.5976750267616,
36.4999999999997));
#12451=CARTESIAN_POINT('Ctrl Pts',(-61.6476208397919,-98.8727509133774,
36.4999999999997));
#12452=CARTESIAN_POINT('Ctrl Pts',(-61.6520257168508,-99.0307276398844,
36.4999999999997));
#12453=CARTESIAN_POINT('Ctrl Pts',(-60.8202166571378,-97.9189733633758,
36.9999999999997));
#12454=CARTESIAN_POINT('Ctrl Pts',(-60.8202166571378,-97.9189733633758,
36.4999999999997));
#12455=CARTESIAN_POINT('Ctrl Pts',(-60.9518865425804,-97.9302335654623,
36.9999999999997));
#12456=CARTESIAN_POINT('Ctrl Pts',(-60.9518865425804,-97.9302335654623,
36.4999999999997));
#12457=CARTESIAN_POINT('Ctrl Pts',(-61.2124028896575,-97.9525125148596,
36.9999999999997));
#12458=CARTESIAN_POINT('Ctrl Pts',(-61.2124028896575,-97.9525125148596,
36.4999999999997));
#12459=CARTESIAN_POINT('Ctrl Pts',(-61.3845619893902,-98.1489522820762,
36.9999999999997));
#12460=CARTESIAN_POINT('Ctrl Pts',(-61.3845619893902,-98.1489522820762,
36.4999999999997));
#12461=CARTESIAN_POINT('Ctrl Pts',(-61.4697086263964,-98.2461076783274,
36.9999999999997));
#12462=CARTESIAN_POINT('Ctrl Pts',(-61.4697086263964,-98.2461076783274,
36.4999999999997));
#12463=CARTESIAN_POINT('',(-60.8202166571378,-97.9189733633758,36.9999999999997));
#12464=CARTESIAN_POINT('Ctrl Pts',(-60.8202166571378,-97.9189733633758,
36.9999999999997));
#12465=CARTESIAN_POINT('Ctrl Pts',(-60.9518865425804,-97.9302335654623,
36.9999999999997));
#12466=CARTESIAN_POINT('Ctrl Pts',(-61.2124028896575,-97.9525125148596,
36.9999999999997));
#12467=CARTESIAN_POINT('Ctrl Pts',(-61.3845619893902,-98.1489522820762,
36.9999999999997));
#12468=CARTESIAN_POINT('Ctrl Pts',(-61.4697086263964,-98.2461076783274,
36.9999999999997));
#12469=CARTESIAN_POINT('',(-60.8202166571378,-97.9189733633758,36.4999999999997));
#12470=CARTESIAN_POINT('',(-60.8202166571378,-97.9189733633758,36.9999999999997));
#12471=CARTESIAN_POINT('Ctrl Pts',(-60.8202166571378,-97.9189733633758,
36.4999999999997));
#12472=CARTESIAN_POINT('Ctrl Pts',(-60.9518865425804,-97.9302335654623,
36.4999999999997));
#12473=CARTESIAN_POINT('Ctrl Pts',(-61.2124028896575,-97.9525125148596,
36.4999999999997));
#12474=CARTESIAN_POINT('Ctrl Pts',(-61.3845619893902,-98.1489522820762,
36.4999999999997));
#12475=CARTESIAN_POINT('Ctrl Pts',(-61.4697086263964,-98.2461076783274,
36.4999999999997));
#12476=CARTESIAN_POINT('Ctrl Pts',(-60.4859339770513,-98.0009751152365,
36.9999999999997));
#12477=CARTESIAN_POINT('Ctrl Pts',(-60.4859339770513,-98.0009751152365,
36.4999999999997));
#12478=CARTESIAN_POINT('Ctrl Pts',(-60.5377987406963,-97.9778253133344,
36.9999999999997));
#12479=CARTESIAN_POINT('Ctrl Pts',(-60.5377987406963,-97.9778253133344,
36.4999999999997));
#12480=CARTESIAN_POINT('Ctrl Pts',(-60.6442150390212,-97.93032647111,36.9999999999997));
#12481=CARTESIAN_POINT('Ctrl Pts',(-60.6442150390212,-97.93032647111,36.4999999999997));
#12482=CARTESIAN_POINT('Ctrl Pts',(-60.7605702160124,-97.9228208988661,
36.9999999999997));
#12483=CARTESIAN_POINT('Ctrl Pts',(-60.7605702160124,-97.9228208988661,
36.4999999999997));
#12484=CARTESIAN_POINT('Ctrl Pts',(-60.8202166571378,-97.9189733633758,
36.9999999999997));
#12485=CARTESIAN_POINT('Ctrl Pts',(-60.8202166571378,-97.9189733633758,
36.4999999999997));
#12486=CARTESIAN_POINT('',(-60.4859339770513,-98.0009751152365,36.9999999999997));
#12487=CARTESIAN_POINT('Ctrl Pts',(-60.4859339770513,-98.0009751152365,
36.9999999999997));
#12488=CARTESIAN_POINT('Ctrl Pts',(-60.5377987406963,-97.9778253133344,
36.9999999999997));
#12489=CARTESIAN_POINT('Ctrl Pts',(-60.6442150390212,-97.93032647111,36.9999999999997));
#12490=CARTESIAN_POINT('Ctrl Pts',(-60.7605702160124,-97.9228208988661,
36.9999999999997));
#12491=CARTESIAN_POINT('Ctrl Pts',(-60.8202166571378,-97.9189733633758,
36.9999999999997));
#12492=CARTESIAN_POINT('',(-60.4859339770513,-98.0009751152365,36.4999999999997));
#12493=CARTESIAN_POINT('',(-60.4859339770513,-98.0009751152365,36.9999999999997));
#12494=CARTESIAN_POINT('Ctrl Pts',(-60.4859339770513,-98.0009751152365,
36.4999999999997));
#12495=CARTESIAN_POINT('Ctrl Pts',(-60.5377987406963,-97.9778253133344,
36.4999999999997));
#12496=CARTESIAN_POINT('Ctrl Pts',(-60.6442150390212,-97.93032647111,36.4999999999997));
#12497=CARTESIAN_POINT('Ctrl Pts',(-60.7605702160124,-97.9228208988661,
36.4999999999997));
#12498=CARTESIAN_POINT('Ctrl Pts',(-60.8202166571378,-97.9189733633758,
36.4999999999997));
#12499=CARTESIAN_POINT('Ctrl Pts',(-60.2358693020176,-98.2234695410613,
36.9999999999997));
#12500=CARTESIAN_POINT('Ctrl Pts',(-60.2358693020176,-98.2234695410613,
36.4999999999997));
#12501=CARTESIAN_POINT('Ctrl Pts',(-60.2713314949679,-98.1784494704492,
36.9999999999997));
#12502=CARTESIAN_POINT('Ctrl Pts',(-60.2713314949679,-98.1784494704492,
36.4999999999997));
#12503=CARTESIAN_POINT('Ctrl Pts',(-60.341476744522,-98.0893984607599,36.9999999999997));
#12504=CARTESIAN_POINT('Ctrl Pts',(-60.341476744522,-98.0893984607599,36.4999999999997));
#12505=CARTESIAN_POINT('Ctrl Pts',(-60.4381394589839,-98.0302304949167,
36.9999999999997));
#12506=CARTESIAN_POINT('Ctrl Pts',(-60.4381394589839,-98.0302304949167,
36.4999999999997));
#12507=CARTESIAN_POINT('Ctrl Pts',(-60.4859339770513,-98.0009751152365,
36.9999999999997));
#12508=CARTESIAN_POINT('Ctrl Pts',(-60.4859339770513,-98.0009751152365,
36.4999999999997));
#12509=CARTESIAN_POINT('',(-60.2358693020176,-98.2234695410613,36.9999999999997));
#12510=CARTESIAN_POINT('Ctrl Pts',(-60.2358693020176,-98.2234695410613,
36.9999999999997));
#12511=CARTESIAN_POINT('Ctrl Pts',(-60.2713314949679,-98.1784494704492,
36.9999999999997));
#12512=CARTESIAN_POINT('Ctrl Pts',(-60.341476744522,-98.0893984607599,36.9999999999997));
#12513=CARTESIAN_POINT('Ctrl Pts',(-60.4381394589839,-98.0302304949167,
36.9999999999997));
#12514=CARTESIAN_POINT('Ctrl Pts',(-60.4859339770513,-98.0009751152365,
36.9999999999997));
#12515=CARTESIAN_POINT('',(-60.2358693020176,-98.2234695410613,36.4999999999997));
#12516=CARTESIAN_POINT('',(-60.2358693020176,-98.2234695410613,36.9999999999997));
#12517=CARTESIAN_POINT('Ctrl Pts',(-60.2358693020176,-98.2234695410613,
36.4999999999997));
#12518=CARTESIAN_POINT('Ctrl Pts',(-60.2713314949679,-98.1784494704492,
36.4999999999997));
#12519=CARTESIAN_POINT('Ctrl Pts',(-60.341476744522,-98.0893984607599,36.4999999999997));
#12520=CARTESIAN_POINT('Ctrl Pts',(-60.4381394589839,-98.0302304949167,
36.4999999999997));
#12521=CARTESIAN_POINT('Ctrl Pts',(-60.4859339770513,-98.0009751152365,
36.4999999999997));
#12522=CARTESIAN_POINT('Ctrl Pts',(-60.1203042339046,-98.4928350232339,
36.9999999999997));
#12523=CARTESIAN_POINT('Ctrl Pts',(-60.1203042339046,-98.4928350232339,
36.4999999999997));
#12524=CARTESIAN_POINT('Ctrl Pts',(-60.1366518094572,-98.4387357002439,
36.9999999999997));
#12525=CARTESIAN_POINT('Ctrl Pts',(-60.1366518094572,-98.4387357002439,
36.4999999999997));
#12526=CARTESIAN_POINT('Ctrl Pts',(-60.1651283165205,-98.3444978881425,
36.9999999999997));
#12527=CARTESIAN_POINT('Ctrl Pts',(-60.1651283165205,-98.3444978881425,
36.4999999999997));
#12528=CARTESIAN_POINT('Ctrl Pts',(-60.214738818067,-98.2596209676719,36.9999999999997));
#12529=CARTESIAN_POINT('Ctrl Pts',(-60.214738818067,-98.2596209676719,36.4999999999997));
#12530=CARTESIAN_POINT('Ctrl Pts',(-60.2358693020176,-98.2234695410613,
36.9999999999997));
#12531=CARTESIAN_POINT('Ctrl Pts',(-60.2358693020176,-98.2234695410613,
36.4999999999997));
#12532=CARTESIAN_POINT('',(-60.1203042339046,-98.4928350232339,36.9999999999997));
#12533=CARTESIAN_POINT('Ctrl Pts',(-60.1203042339046,-98.4928350232339,
36.9999999999997));
#12534=CARTESIAN_POINT('Ctrl Pts',(-60.1366518094572,-98.4387357002439,
36.9999999999997));
#12535=CARTESIAN_POINT('Ctrl Pts',(-60.1651283165205,-98.3444978881425,
36.9999999999997));
#12536=CARTESIAN_POINT('Ctrl Pts',(-60.214738818067,-98.2596209676719,36.9999999999997));
#12537=CARTESIAN_POINT('Ctrl Pts',(-60.2358693020176,-98.2234695410613,
36.9999999999997));
#12538=CARTESIAN_POINT('',(-60.1203042339046,-98.4928350232339,36.4999999999997));
#12539=CARTESIAN_POINT('',(-60.1203042339046,-98.4928350232339,36.9999999999997));
#12540=CARTESIAN_POINT('Ctrl Pts',(-60.1203042339046,-98.4928350232339,
36.4999999999997));
#12541=CARTESIAN_POINT('Ctrl Pts',(-60.1366518094572,-98.4387357002439,
36.4999999999997));
#12542=CARTESIAN_POINT('Ctrl Pts',(-60.1651283165205,-98.3444978881425,
36.4999999999997));
#12543=CARTESIAN_POINT('Ctrl Pts',(-60.214738818067,-98.2596209676719,36.4999999999997));
#12544=CARTESIAN_POINT('Ctrl Pts',(-60.2358693020176,-98.2234695410613,
36.4999999999997));
#12545=CARTESIAN_POINT('Origin',(-59.0249899071381,-98.2682868838197,36.9999999999997));
#12546=CARTESIAN_POINT('',(-59.0249899071381,-98.2682868838197,36.9999999999997));
#12547=CARTESIAN_POINT('',(-33.6600182992034,-93.0682661759118,36.9999999999997));
#12548=CARTESIAN_POINT('',(-59.0249899071381,-98.2682868838197,36.4999999999997));
#12549=CARTESIAN_POINT('',(-59.0249899071381,-98.2682868838197,36.9999999999997));
#12550=CARTESIAN_POINT('',(-59.0249899071381,-98.2682868838197,36.4999999999997));
#12551=CARTESIAN_POINT('Ctrl Pts',(-59.6517645280685,-97.3190615991463,
36.9999999999997));
#12552=CARTESIAN_POINT('Ctrl Pts',(-59.6517645280685,-97.3190615991463,
36.4999999999997));
#12553=CARTESIAN_POINT('Ctrl Pts',(-59.5170749794571,-97.4427077105095,
36.9999999999997));
#12554=CARTESIAN_POINT('Ctrl Pts',(-59.5170749794571,-97.4427077105095,
36.4999999999997));
#12555=CARTESIAN_POINT('Ctrl Pts',(-59.2299175400859,-97.7063205972801,
36.9999999999997));
#12556=CARTESIAN_POINT('Ctrl Pts',(-59.2299175400859,-97.7063205972801,
36.4999999999997));
#12557=CARTESIAN_POINT('Ctrl Pts',(-59.0960615261111,-98.0733895280161,
36.9999999999997));
#12558=CARTESIAN_POINT('Ctrl Pts',(-59.0960615261111,-98.0733895280161,
36.4999999999997));
#12559=CARTESIAN_POINT('Ctrl Pts',(-59.0249899071381,-98.2682868838197,
36.9999999999997));
#12560=CARTESIAN_POINT('Ctrl Pts',(-59.0249899071381,-98.2682868838197,
36.4999999999997));
#12561=CARTESIAN_POINT('',(-59.6517645280685,-97.3190615991463,36.9999999999997));
#12562=CARTESIAN_POINT('Ctrl Pts',(-59.6517645280685,-97.3190615991463,
36.9999999999997));
#12563=CARTESIAN_POINT('Ctrl Pts',(-59.5170749794571,-97.4427077105095,
36.9999999999997));
#12564=CARTESIAN_POINT('Ctrl Pts',(-59.2299175400859,-97.7063205972801,
36.9999999999997));
#12565=CARTESIAN_POINT('Ctrl Pts',(-59.0960615261111,-98.0733895280161,
36.9999999999997));
#12566=CARTESIAN_POINT('Ctrl Pts',(-59.0249899071381,-98.2682868838197,
36.9999999999997));
#12567=CARTESIAN_POINT('',(-59.6517645280685,-97.3190615991463,36.4999999999997));
#12568=CARTESIAN_POINT('',(-59.6517645280685,-97.3190615991463,36.9999999999997));
#12569=CARTESIAN_POINT('Ctrl Pts',(-59.6517645280685,-97.3190615991463,
36.4999999999997));
#12570=CARTESIAN_POINT('Ctrl Pts',(-59.5170749794571,-97.4427077105095,
36.4999999999997));
#12571=CARTESIAN_POINT('Ctrl Pts',(-59.2299175400859,-97.7063205972801,
36.4999999999997));
#12572=CARTESIAN_POINT('Ctrl Pts',(-59.0960615261111,-98.0733895280161,
36.4999999999997));
#12573=CARTESIAN_POINT('Ctrl Pts',(-59.0249899071381,-98.2682868838197,
36.4999999999997));
#12574=CARTESIAN_POINT('Ctrl Pts',(-60.8347542103456,-96.9936356005908,
36.9999999999997));
#12575=CARTESIAN_POINT('Ctrl Pts',(-60.8347542103456,-96.9936356005908,
36.4999999999997));
#12576=CARTESIAN_POINT('Ctrl Pts',(-60.6049282479058,-97.0046582446678,
36.9999999999997));
#12577=CARTESIAN_POINT('Ctrl Pts',(-60.6049282479058,-97.0046582446678,
36.4999999999997));
#12578=CARTESIAN_POINT('Ctrl Pts',(-60.1849059545223,-97.0248028627744,
36.9999999999997));
#12579=CARTESIAN_POINT('Ctrl Pts',(-60.1849059545223,-97.0248028627744,
36.4999999999997));
#12580=CARTESIAN_POINT('Ctrl Pts',(-59.8179370097712,-97.2273454014183,
36.9999999999997));
#12581=CARTESIAN_POINT('Ctrl Pts',(-59.8179370097712,-97.2273454014183,
36.4999999999997));
#12582=CARTESIAN_POINT('Ctrl Pts',(-59.6517645280685,-97.3190615991463,
36.9999999999997));
#12583=CARTESIAN_POINT('Ctrl Pts',(-59.6517645280685,-97.3190615991463,
36.4999999999997));
#12584=CARTESIAN_POINT('',(-60.8347542103456,-96.9936356005908,36.9999999999997));
#12585=CARTESIAN_POINT('Ctrl Pts',(-60.8347542103456,-96.9936356005908,
36.9999999999997));
#12586=CARTESIAN_POINT('Ctrl Pts',(-60.6049282479058,-97.0046582446678,
36.9999999999997));
#12587=CARTESIAN_POINT('Ctrl Pts',(-60.1849059545223,-97.0248028627744,
36.9999999999997));
#12588=CARTESIAN_POINT('Ctrl Pts',(-59.8179370097712,-97.2273454014183,
36.9999999999997));
#12589=CARTESIAN_POINT('Ctrl Pts',(-59.6517645280685,-97.3190615991463,
36.9999999999997));
#12590=CARTESIAN_POINT('',(-60.8347542103456,-96.9936356005908,36.4999999999997));
#12591=CARTESIAN_POINT('',(-60.8347542103456,-96.9936356005908,36.9999999999997));
#12592=CARTESIAN_POINT('Ctrl Pts',(-60.8347542103456,-96.9936356005908,
36.4999999999997));
#12593=CARTESIAN_POINT('Ctrl Pts',(-60.6049282479058,-97.0046582446678,
36.4999999999997));
#12594=CARTESIAN_POINT('Ctrl Pts',(-60.1849059545223,-97.0248028627744,
36.4999999999997));
#12595=CARTESIAN_POINT('Ctrl Pts',(-59.8179370097712,-97.2273454014183,
36.4999999999997));
#12596=CARTESIAN_POINT('Ctrl Pts',(-59.6517645280685,-97.3190615991463,
36.4999999999997));
#12597=CARTESIAN_POINT('Ctrl Pts',(-62.3373229836492,-97.5016562119002,
36.9999999999997));
#12598=CARTESIAN_POINT('Ctrl Pts',(-62.3373229836492,-97.5016562119002,
36.4999999999997));
#12599=CARTESIAN_POINT('Ctrl Pts',(-62.1304860224403,-97.3498192020494,
36.9999999999997));
#12600=CARTESIAN_POINT('Ctrl Pts',(-62.1304860224403,-97.3498192020494,
36.4999999999997));
#12601=CARTESIAN_POINT('Ctrl Pts',(-61.6854027835298,-97.0230879073336,
36.9999999999997));
#12602=CARTESIAN_POINT('Ctrl Pts',(-61.6854027835298,-97.0230879073336,
36.4999999999997));
#12603=CARTESIAN_POINT('Ctrl Pts',(-61.1313371198591,-97.0039042956795,
36.9999999999997));
#12604=CARTESIAN_POINT('Ctrl Pts',(-61.1313371198591,-97.0039042956795,
36.4999999999997));
#12605=CARTESIAN_POINT('Ctrl Pts',(-60.8347542103456,-96.9936356005908,
36.9999999999997));
#12606=CARTESIAN_POINT('Ctrl Pts',(-60.8347542103456,-96.9936356005908,
36.4999999999997));
#12607=CARTESIAN_POINT('',(-62.3373229836492,-97.5016562119002,36.9999999999997));
#12608=CARTESIAN_POINT('Ctrl Pts',(-62.3373229836492,-97.5016562119002,
36.9999999999997));
#12609=CARTESIAN_POINT('Ctrl Pts',(-62.1304860224403,-97.3498192020494,
36.9999999999997));
#12610=CARTESIAN_POINT('Ctrl Pts',(-61.6854027835298,-97.0230879073336,
36.9999999999997));
#12611=CARTESIAN_POINT('Ctrl Pts',(-61.1313371198591,-97.0039042956795,
36.9999999999997));
#12612=CARTESIAN_POINT('Ctrl Pts',(-60.8347542103456,-96.9936356005908,
36.9999999999997));
#12613=CARTESIAN_POINT('',(-62.3373229836492,-97.5016562119002,36.4999999999997));
#12614=CARTESIAN_POINT('',(-62.3373229836492,-97.5016562119002,36.9999999999997));
#12615=CARTESIAN_POINT('Ctrl Pts',(-62.3373229836492,-97.5016562119002,
36.4999999999997));
#12616=CARTESIAN_POINT('Ctrl Pts',(-62.1304860224403,-97.3498192020494,
36.4999999999997));
#12617=CARTESIAN_POINT('Ctrl Pts',(-61.6854027835298,-97.0230879073336,
36.4999999999997));
#12618=CARTESIAN_POINT('Ctrl Pts',(-61.1313371198591,-97.0039042956795,
36.4999999999997));
#12619=CARTESIAN_POINT('Ctrl Pts',(-60.8347542103456,-96.9936356005908,
36.4999999999997));
#12620=CARTESIAN_POINT('Ctrl Pts',(-62.8907341971568,-99.0181925415325,
36.9999999999997));
#12621=CARTESIAN_POINT('Ctrl Pts',(-62.8907341971568,-99.0181925415325,
36.4999999999997));
#12622=CARTESIAN_POINT('Ctrl Pts',(-62.8713776506293,-98.7151166537792,
36.9999999999997));
#12623=CARTESIAN_POINT('Ctrl Pts',(-62.8713776506293,-98.7151166537792,
36.4999999999997));
#12624=CARTESIAN_POINT('Ctrl Pts',(-62.835459655128,-98.1527292280385,36.9999999999997));
#12625=CARTESIAN_POINT('Ctrl Pts',(-62.835459655128,-98.1527292280385,36.4999999999997));
#12626=CARTESIAN_POINT('Ctrl Pts',(-62.4945248204667,-97.707121659235,36.9999999999997));
#12627=CARTESIAN_POINT('Ctrl Pts',(-62.4945248204667,-97.707121659235,36.4999999999997));
#12628=CARTESIAN_POINT('Ctrl Pts',(-62.3373229836492,-97.5016562119002,
36.9999999999997));
#12629=CARTESIAN_POINT('Ctrl Pts',(-62.3373229836492,-97.5016562119002,
36.4999999999997));
#12630=CARTESIAN_POINT('',(-62.8907341971568,-99.0181925415325,36.9999999999997));
#12631=CARTESIAN_POINT('Ctrl Pts',(-62.8907341971568,-99.0181925415325,
36.9999999999997));
#12632=CARTESIAN_POINT('Ctrl Pts',(-62.8713776506293,-98.7151166537792,
36.9999999999997));
#12633=CARTESIAN_POINT('Ctrl Pts',(-62.835459655128,-98.1527292280385,36.9999999999997));
#12634=CARTESIAN_POINT('Ctrl Pts',(-62.4945248204667,-97.707121659235,36.9999999999997));
#12635=CARTESIAN_POINT('Ctrl Pts',(-62.3373229836492,-97.5016562119002,
36.9999999999997));
#12636=CARTESIAN_POINT('',(-62.8907341971568,-99.0181925415325,36.4999999999997));
#12637=CARTESIAN_POINT('',(-62.8907341971568,-99.0181925415325,36.9999999999997));
#12638=CARTESIAN_POINT('Ctrl Pts',(-62.8907341971568,-99.0181925415325,
36.4999999999997));
#12639=CARTESIAN_POINT('Ctrl Pts',(-62.8713776506293,-98.7151166537792,
36.4999999999997));
#12640=CARTESIAN_POINT('Ctrl Pts',(-62.835459655128,-98.1527292280385,36.4999999999997));
#12641=CARTESIAN_POINT('Ctrl Pts',(-62.4945248204667,-97.707121659235,36.4999999999997));
#12642=CARTESIAN_POINT('Ctrl Pts',(-62.3373229836492,-97.5016562119002,
36.4999999999997));
#12643=CARTESIAN_POINT('Ctrl Pts',(-62.6110727124412,-100.244627194321,
36.9999999999997));
#12644=CARTESIAN_POINT('Ctrl Pts',(-62.6110727124412,-100.244627194321,
36.4999999999997));
#12645=CARTESIAN_POINT('Ctrl Pts',(-62.6954956195203,-100.065041406979,
36.9999999999997));
#12646=CARTESIAN_POINT('Ctrl Pts',(-62.6954956195203,-100.065041406979,
36.4999999999997));
#12647=CARTESIAN_POINT('Ctrl Pts',(-62.8776818705984,-99.6774918369058,
36.9999999999997));
#12648=CARTESIAN_POINT('Ctrl Pts',(-62.8776818705984,-99.6774918369058,
36.4999999999997));
#12649=CARTESIAN_POINT('Ctrl Pts',(-62.8861760941491,-99.2484315022074,
36.9999999999997));
#12650=CARTESIAN_POINT('Ctrl Pts',(-62.8861760941491,-99.2484315022074,
36.4999999999997));
#12651=CARTESIAN_POINT('Ctrl Pts',(-62.8907341971568,-99.0181925415325,
36.9999999999997));
#12652=CARTESIAN_POINT('Ctrl Pts',(-62.8907341971568,-99.0181925415325,
36.4999999999997));
#12653=CARTESIAN_POINT('',(-62.6110727124412,-100.244627194321,36.9999999999997));
#12654=CARTESIAN_POINT('Ctrl Pts',(-62.6110727124412,-100.244627194321,
36.9999999999997));
#12655=CARTESIAN_POINT('Ctrl Pts',(-62.6954956195203,-100.065041406979,
36.9999999999997));
#12656=CARTESIAN_POINT('Ctrl Pts',(-62.8776818705984,-99.6774918369058,
36.9999999999997));
#12657=CARTESIAN_POINT('Ctrl Pts',(-62.8861760941491,-99.2484315022074,
36.9999999999997));
#12658=CARTESIAN_POINT('Ctrl Pts',(-62.8907341971568,-99.0181925415325,
36.9999999999997));
#12659=CARTESIAN_POINT('',(-62.6110727124412,-100.244627194321,36.4999999999997));
#12660=CARTESIAN_POINT('',(-62.6110727124412,-100.244627194321,36.9999999999997));
#12661=CARTESIAN_POINT('Ctrl Pts',(-62.6110727124412,-100.244627194321,
36.4999999999997));
#12662=CARTESIAN_POINT('Ctrl Pts',(-62.6954956195203,-100.065041406979,
36.4999999999997));
#12663=CARTESIAN_POINT('Ctrl Pts',(-62.8776818705984,-99.6774918369058,
36.4999999999997));
#12664=CARTESIAN_POINT('Ctrl Pts',(-62.8861760941491,-99.2484315022074,
36.4999999999997));
#12665=CARTESIAN_POINT('Ctrl Pts',(-62.8907341971568,-99.0181925415325,
36.4999999999997));
#12666=CARTESIAN_POINT('Ctrl Pts',(-61.9088176999857,-100.923141677834,
36.9999999999997));
#12667=CARTESIAN_POINT('Ctrl Pts',(-61.9088176999857,-100.923141677834,
36.4999999999997));
#12668=CARTESIAN_POINT('Ctrl Pts',(-62.0430578329616,-100.84161533981,36.9999999999997));
#12669=CARTESIAN_POINT('Ctrl Pts',(-62.0430578329616,-100.84161533981,36.4999999999997));
#12670=CARTESIAN_POINT('Ctrl Pts',(-62.3277534268582,-100.668714816641,
36.9999999999997));
#12671=CARTESIAN_POINT('Ctrl Pts',(-62.3277534268582,-100.668714816641,
36.4999999999997));
#12672=CARTESIAN_POINT('Ctrl Pts',(-62.5131137778868,-100.391257423021,
36.9999999999997));
#12673=CARTESIAN_POINT('Ctrl Pts',(-62.5131137778868,-100.391257423021,
36.4999999999997));
#12674=CARTESIAN_POINT('Ctrl Pts',(-62.6110727124412,-100.244627194321,
36.9999999999997));
#12675=CARTESIAN_POINT('Ctrl Pts',(-62.6110727124412,-100.244627194321,
36.4999999999997));
#12676=CARTESIAN_POINT('',(-61.9088176999857,-100.923141677834,36.9999999999997));
#12677=CARTESIAN_POINT('Ctrl Pts',(-61.9088176999857,-100.923141677834,
36.9999999999997));
#12678=CARTESIAN_POINT('Ctrl Pts',(-62.0430578329616,-100.84161533981,36.9999999999997));
#12679=CARTESIAN_POINT('Ctrl Pts',(-62.3277534268582,-100.668714816641,
36.9999999999997));
#12680=CARTESIAN_POINT('Ctrl Pts',(-62.5131137778868,-100.391257423021,
36.9999999999997));
#12681=CARTESIAN_POINT('Ctrl Pts',(-62.6110727124412,-100.244627194321,
36.9999999999997));
#12682=CARTESIAN_POINT('',(-61.9088176999857,-100.923141677834,36.4999999999997));
#12683=CARTESIAN_POINT('',(-61.9088176999857,-100.923141677834,36.9999999999997));
#12684=CARTESIAN_POINT('Ctrl Pts',(-61.9088176999857,-100.923141677834,
36.4999999999997));
#12685=CARTESIAN_POINT('Ctrl Pts',(-62.0430578329616,-100.84161533981,36.4999999999997));
#12686=CARTESIAN_POINT('Ctrl Pts',(-62.3277534268582,-100.668714816641,
36.4999999999997));
#12687=CARTESIAN_POINT('Ctrl Pts',(-62.5131137778868,-100.391257423021,
36.4999999999997));
#12688=CARTESIAN_POINT('Ctrl Pts',(-62.6110727124412,-100.244627194321,
36.4999999999997));
#12689=CARTESIAN_POINT('Ctrl Pts',(-60.8466522541699,-101.130441775151,
36.9999999999997));
#12690=CARTESIAN_POINT('Ctrl Pts',(-60.8466522541699,-101.130441775151,
36.4999999999997));
#12691=CARTESIAN_POINT('Ctrl Pts',(-61.0461401709155,-101.122564956778,
36.9999999999997));
#12692=CARTESIAN_POINT('Ctrl Pts',(-61.0461401709155,-101.122564956778,
36.4999999999997));
#12693=CARTESIAN_POINT('Ctrl Pts',(-61.4114246873468,-101.108141628101,
36.9999999999997));
#12694=CARTESIAN_POINT('Ctrl Pts',(-61.4114246873468,-101.108141628101,
36.4999999999997));
#12695=CARTESIAN_POINT('Ctrl Pts',(-61.7535380869467,-100.980896250093,
36.9999999999997));
#12696=CARTESIAN_POINT('Ctrl Pts',(-61.7535380869467,-100.980896250093,
36.4999999999997));
#12697=CARTESIAN_POINT('Ctrl Pts',(-61.9088176999857,-100.923141677834,
36.9999999999997));
#12698=CARTESIAN_POINT('Ctrl Pts',(-61.9088176999857,-100.923141677834,
36.4999999999997));
#12699=CARTESIAN_POINT('',(-60.8466522541699,-101.130441775151,36.9999999999997));
#12700=CARTESIAN_POINT('Ctrl Pts',(-60.8466522541699,-101.130441775151,
36.9999999999997));
#12701=CARTESIAN_POINT('Ctrl Pts',(-61.0461401709155,-101.122564956778,
36.9999999999997));
#12702=CARTESIAN_POINT('Ctrl Pts',(-61.4114246873468,-101.108141628101,
36.9999999999997));
#12703=CARTESIAN_POINT('Ctrl Pts',(-61.7535380869467,-100.980896250093,
36.9999999999997));
#12704=CARTESIAN_POINT('Ctrl Pts',(-61.9088176999857,-100.923141677834,
36.9999999999997));
#12705=CARTESIAN_POINT('',(-60.8466522541699,-101.130441775151,36.4999999999997));
#12706=CARTESIAN_POINT('',(-60.8466522541699,-101.130441775151,36.9999999999997));
#12707=CARTESIAN_POINT('Ctrl Pts',(-60.8466522541699,-101.130441775151,
36.4999999999997));
#12708=CARTESIAN_POINT('Ctrl Pts',(-61.0461401709155,-101.122564956778,
36.4999999999997));
#12709=CARTESIAN_POINT('Ctrl Pts',(-61.4114246873468,-101.108141628101,
36.4999999999997));
#12710=CARTESIAN_POINT('Ctrl Pts',(-61.7535380869467,-100.980896250093,
36.4999999999997));
#12711=CARTESIAN_POINT('Ctrl Pts',(-61.9088176999857,-100.923141677834,
36.4999999999997));
#12712=CARTESIAN_POINT('Ctrl Pts',(-59.9587721458291,-100.98974814681,36.9999999999997));
#12713=CARTESIAN_POINT('Ctrl Pts',(-59.9587721458291,-100.98974814681,36.4999999999997));
#12714=CARTESIAN_POINT('Ctrl Pts',(-60.090092910585,-101.032826951104,36.9999999999997));
#12715=CARTESIAN_POINT('Ctrl Pts',(-60.090092910585,-101.032826951104,36.4999999999997));
#12716=CARTESIAN_POINT('Ctrl Pts',(-60.3780671030481,-101.127294752155,
36.9999999999997));
#12717=CARTESIAN_POINT('Ctrl Pts',(-60.3780671030481,-101.127294752155,
36.4999999999997));
#12718=CARTESIAN_POINT('Ctrl Pts',(-60.6815579892931,-101.129333000264,
36.9999999999997));
#12719=CARTESIAN_POINT('Ctrl Pts',(-60.6815579892931,-101.129333000264,
36.4999999999997));
#12720=CARTESIAN_POINT('Ctrl Pts',(-60.8466522541699,-101.130441775151,
36.9999999999997));
#12721=CARTESIAN_POINT('Ctrl Pts',(-60.8466522541699,-101.130441775151,
36.4999999999997));
#12722=CARTESIAN_POINT('',(-59.9587721458291,-100.98974814681,36.9999999999997));
#12723=CARTESIAN_POINT('Ctrl Pts',(-59.9587721458291,-100.98974814681,36.9999999999997));
#12724=CARTESIAN_POINT('Ctrl Pts',(-60.090092910585,-101.032826951104,36.9999999999997));
#12725=CARTESIAN_POINT('Ctrl Pts',(-60.3780671030481,-101.127294752155,
36.9999999999997));
#12726=CARTESIAN_POINT('Ctrl Pts',(-60.6815579892931,-101.129333000264,
36.9999999999997));
#12727=CARTESIAN_POINT('Ctrl Pts',(-60.8466522541699,-101.130441775151,
36.9999999999997));
#12728=CARTESIAN_POINT('',(-59.9587721458291,-100.98974814681,36.4999999999997));
#12729=CARTESIAN_POINT('',(-59.9587721458291,-100.98974814681,36.9999999999997));
#12730=CARTESIAN_POINT('Ctrl Pts',(-59.9587721458291,-100.98974814681,36.4999999999997));
#12731=CARTESIAN_POINT('Ctrl Pts',(-60.090092910585,-101.032826951104,36.4999999999997));
#12732=CARTESIAN_POINT('Ctrl Pts',(-60.3780671030481,-101.127294752155,
36.4999999999997));
#12733=CARTESIAN_POINT('Ctrl Pts',(-60.6815579892931,-101.129333000264,
36.4999999999997));
#12734=CARTESIAN_POINT('Ctrl Pts',(-60.8466522541699,-101.130441775151,
36.4999999999997));
#12735=CARTESIAN_POINT('Ctrl Pts',(-59.3686029876843,-100.538435957225,
36.9999999999997));
#12736=CARTESIAN_POINT('Ctrl Pts',(-59.3686029876843,-100.538435957225,
36.4999999999997));
#12737=CARTESIAN_POINT('Ctrl Pts',(-59.4529567126698,-100.632575000522,
36.9999999999997));
#12738=CARTESIAN_POINT('Ctrl Pts',(-59.4529567126698,-100.632575000522,
36.4999999999997));
#12739=CARTESIAN_POINT('Ctrl Pts',(-59.6211784556708,-100.82031103649,36.9999999999997));
#12740=CARTESIAN_POINT('Ctrl Pts',(-59.6211784556708,-100.82031103649,36.4999999999997));
#12741=CARTESIAN_POINT('Ctrl Pts',(-59.8464577322093,-100.933377929457,
36.9999999999997));
#12742=CARTESIAN_POINT('Ctrl Pts',(-59.8464577322093,-100.933377929457,
36.4999999999997));
#12743=CARTESIAN_POINT('Ctrl Pts',(-59.9587721458291,-100.98974814681,36.9999999999997));
#12744=CARTESIAN_POINT('Ctrl Pts',(-59.9587721458291,-100.98974814681,36.4999999999997));
#12745=CARTESIAN_POINT('',(-59.3686029876843,-100.538435957225,36.9999999999997));
#12746=CARTESIAN_POINT('Ctrl Pts',(-59.3686029876843,-100.538435957225,
36.9999999999997));
#12747=CARTESIAN_POINT('Ctrl Pts',(-59.4529567126698,-100.632575000522,
36.9999999999997));
#12748=CARTESIAN_POINT('Ctrl Pts',(-59.6211784556708,-100.82031103649,36.9999999999997));
#12749=CARTESIAN_POINT('Ctrl Pts',(-59.8464577322093,-100.933377929457,
36.9999999999997));
#12750=CARTESIAN_POINT('Ctrl Pts',(-59.9587721458291,-100.98974814681,36.9999999999997));
#12751=CARTESIAN_POINT('',(-59.3686029876843,-100.538435957225,36.4999999999997));
#12752=CARTESIAN_POINT('',(-59.3686029876843,-100.538435957225,36.9999999999997));
#12753=CARTESIAN_POINT('Ctrl Pts',(-59.3686029876843,-100.538435957225,
36.4999999999997));
#12754=CARTESIAN_POINT('Ctrl Pts',(-59.4529567126698,-100.632575000522,
36.4999999999997));
#12755=CARTESIAN_POINT('Ctrl Pts',(-59.6211784556708,-100.82031103649,36.4999999999997));
#12756=CARTESIAN_POINT('Ctrl Pts',(-59.8464577322093,-100.933377929457,
36.4999999999997));
#12757=CARTESIAN_POINT('Ctrl Pts',(-59.9587721458291,-100.98974814681,36.4999999999997));
#12758=CARTESIAN_POINT('Ctrl Pts',(-59.0121254172945,-99.7830391197853,
36.9999999999997));
#12759=CARTESIAN_POINT('Ctrl Pts',(-59.0121254172945,-99.7830391197853,
36.4999999999997));
#12760=CARTESIAN_POINT('Ctrl Pts',(-59.0539661941401,-99.9251211035329,
36.9999999999997));
#12761=CARTESIAN_POINT('Ctrl Pts',(-59.0539661941401,-99.9251211035329,
36.4999999999997));
#12762=CARTESIAN_POINT('Ctrl Pts',(-59.1336338490618,-100.195654762446,
36.9999999999997));
#12763=CARTESIAN_POINT('Ctrl Pts',(-59.1336338490618,-100.195654762446,
36.4999999999997));
#12764=CARTESIAN_POINT('Ctrl Pts',(-59.2929556470672,-100.428078971833,
36.9999999999997));
#12765=CARTESIAN_POINT('Ctrl Pts',(-59.2929556470672,-100.428078971833,
36.4999999999997));
#12766=CARTESIAN_POINT('Ctrl Pts',(-59.3686029876843,-100.538435957225,
36.9999999999997));
#12767=CARTESIAN_POINT('Ctrl Pts',(-59.3686029876843,-100.538435957225,
36.4999999999997));
#12768=CARTESIAN_POINT('',(-59.0121254172945,-99.7830391197853,36.9999999999997));
#12769=CARTESIAN_POINT('Ctrl Pts',(-59.0121254172945,-99.7830391197853,
36.9999999999997));
#12770=CARTESIAN_POINT('Ctrl Pts',(-59.0539661941401,-99.9251211035329,
36.9999999999997));
#12771=CARTESIAN_POINT('Ctrl Pts',(-59.1336338490618,-100.195654762446,
36.9999999999997));
#12772=CARTESIAN_POINT('Ctrl Pts',(-59.2929556470672,-100.428078971833,
36.9999999999997));
#12773=CARTESIAN_POINT('Ctrl Pts',(-59.3686029876843,-100.538435957225,
36.9999999999997));
#12774=CARTESIAN_POINT('',(-59.0121254172945,-99.7830391197853,36.4999999999997));
#12775=CARTESIAN_POINT('',(-59.0121254172945,-99.7830391197853,36.9999999999997));
#12776=CARTESIAN_POINT('Ctrl Pts',(-59.0121254172945,-99.7830391197853,
36.4999999999997));
#12777=CARTESIAN_POINT('Ctrl Pts',(-59.0539661941401,-99.9251211035329,
36.4999999999997));
#12778=CARTESIAN_POINT('Ctrl Pts',(-59.1336338490618,-100.195654762446,
36.4999999999997));
#12779=CARTESIAN_POINT('Ctrl Pts',(-59.2929556470672,-100.428078971833,
36.4999999999997));
#12780=CARTESIAN_POINT('Ctrl Pts',(-59.3686029876843,-100.538435957225,
36.4999999999997));
#12781=CARTESIAN_POINT('Origin',(-60.0897168375647,-99.4375436685345,36.9999999999997));
#12782=CARTESIAN_POINT('',(-60.0897168375647,-99.4375436685345,36.9999999999997));
#12783=CARTESIAN_POINT('',(-25.7432302880793,-110.449653310535,36.9999999999997));
#12784=CARTESIAN_POINT('',(-60.0897168375647,-99.4375436685345,36.4999999999997));
#12785=CARTESIAN_POINT('',(-60.0897168375647,-99.4375436685345,36.9999999999997));
#12786=CARTESIAN_POINT('',(-60.0897168375647,-99.4375436685345,36.4999999999997));
#12787=CARTESIAN_POINT('Ctrl Pts',(-60.3626571836727,-100.011503783456,
36.9999999999997));
#12788=CARTESIAN_POINT('Ctrl Pts',(-60.3626571836727,-100.011503783456,
36.4999999999997));
#12789=CARTESIAN_POINT('Ctrl Pts',(-60.3040099375222,-99.9334960559007,
36.9999999999997));
#12790=CARTESIAN_POINT('Ctrl Pts',(-60.3040099375222,-99.9334960559007,
36.4999999999997));
#12791=CARTESIAN_POINT('Ctrl Pts',(-60.1744216723448,-99.7611284385302,
36.9999999999997));
#12792=CARTESIAN_POINT('Ctrl Pts',(-60.1744216723448,-99.7611284385302,
36.4999999999997));
#12793=CARTESIAN_POINT('Ctrl Pts',(-60.119682771566,-99.5520178881786,36.9999999999997));
#12794=CARTESIAN_POINT('Ctrl Pts',(-60.119682771566,-99.5520178881786,36.4999999999997));
#12795=CARTESIAN_POINT('Ctrl Pts',(-60.0897168375647,-99.4375436685345,
36.9999999999997));
#12796=CARTESIAN_POINT('Ctrl Pts',(-60.0897168375647,-99.4375436685345,
36.4999999999997));
#12797=CARTESIAN_POINT('Ctrl Pts',(-60.3626571836727,-100.011503783456,
36.9999999999997));
#12798=CARTESIAN_POINT('Ctrl Pts',(-60.3040099375222,-99.9334960559007,
36.9999999999997));
#12799=CARTESIAN_POINT('Ctrl Pts',(-60.1744216723448,-99.7611284385302,
36.9999999999997));
#12800=CARTESIAN_POINT('Ctrl Pts',(-60.119682771566,-99.5520178881786,36.9999999999997));
#12801=CARTESIAN_POINT('Ctrl Pts',(-60.0897168375647,-99.4375436685345,
36.9999999999997));
#12802=CARTESIAN_POINT('Ctrl Pts',(-60.3626571836727,-100.011503783456,
36.4999999999997));
#12803=CARTESIAN_POINT('Ctrl Pts',(-60.3040099375222,-99.9334960559007,
36.4999999999997));
#12804=CARTESIAN_POINT('Ctrl Pts',(-60.1744216723448,-99.7611284385302,
36.4999999999997));
#12805=CARTESIAN_POINT('Ctrl Pts',(-60.119682771566,-99.5520178881786,36.4999999999997));
#12806=CARTESIAN_POINT('Ctrl Pts',(-60.0897168375647,-99.4375436685345,
36.4999999999997));
#12807=CARTESIAN_POINT('Origin',(-44.7520925486335,-99.8921801938817,36.4999999999997));
#12808=CARTESIAN_POINT('Origin',(-52.8558510865079,-101.195896348878,36.9999999999997));
#12809=CARTESIAN_POINT('',(-52.8558510865079,-101.195896348878,36.9999999999997));
#12810=CARTESIAN_POINT('',(-54.0180350754232,-101.176454180906,36.9999999999997));
#12811=CARTESIAN_POINT('',(-24.8586396049869,-101.66426150755,36.9999999999997));
#12812=CARTESIAN_POINT('',(-52.8558510865079,-101.195896348878,36.4999999999997));
#12813=CARTESIAN_POINT('',(-52.8558510865079,-101.195896348878,36.9999999999997));
#12814=CARTESIAN_POINT('',(-54.0180350754232,-101.176454180906,36.4999999999997));
#12815=CARTESIAN_POINT('',(-52.8558510865079,-101.195896348878,36.4999999999997));
#12816=CARTESIAN_POINT('',(-54.0180350754232,-101.176454180906,36.9999999999997));
#12817=CARTESIAN_POINT('Origin',(-52.8191146376828,-98.9999214609213,36.9999999999997));
#12818=CARTESIAN_POINT('',(-52.8191146376828,-98.9999214609213,36.9999999999997));
#12819=CARTESIAN_POINT('',(-53.158476154851,-119.285751841219,36.9999999999997));
#12820=CARTESIAN_POINT('',(-52.8191146376828,-98.9999214609213,36.4999999999997));
#12821=CARTESIAN_POINT('',(-52.8191146376828,-98.9999214609213,36.9999999999997));
#12822=CARTESIAN_POINT('',(-52.8191146376828,-98.9999214609213,36.4999999999997));
#12823=CARTESIAN_POINT('Origin',(-51.3581065204806,-101.220952107441,36.9999999999997));
#12824=CARTESIAN_POINT('',(-51.3581065204806,-101.220952107441,36.9999999999997));
#12825=CARTESIAN_POINT('',(-34.2063714535243,-127.295091447372,36.9999999999997));
#12826=CARTESIAN_POINT('',(-51.3581065204806,-101.220952107441,36.4999999999997));
#12827=CARTESIAN_POINT('',(-51.3581065204806,-101.220952107441,36.9999999999997));
#12828=CARTESIAN_POINT('',(-51.3581065204806,-101.220952107441,36.4999999999997));
#12829=CARTESIAN_POINT('Origin',(-50.1931954045995,-101.240439897502,36.9999999999997));
#12830=CARTESIAN_POINT('',(-50.1931954045995,-101.240439897502,36.9999999999997));
#12831=CARTESIAN_POINT('',(-23.5273117640326,-101.686533281861,36.9999999999997));
#12832=CARTESIAN_POINT('',(-50.1931954045995,-101.240439897502,36.4999999999997));
#12833=CARTESIAN_POINT('',(-50.1931954045995,-101.240439897502,36.9999999999997));
#12834=CARTESIAN_POINT('',(-50.1931954045995,-101.240439897502,36.4999999999997));
#12835=CARTESIAN_POINT('Origin',(-50.1262887976085,-97.2409997368551,36.9999999999997));
#12836=CARTESIAN_POINT('',(-50.1262887976085,-97.2409997368551,36.9999999999997));
#12837=CARTESIAN_POINT('',(-50.4807353938597,-118.428562753497,36.9999999999997));
#12838=CARTESIAN_POINT('',(-50.1262887976085,-97.2409997368551,36.4999999999997));
#12839=CARTESIAN_POINT('',(-50.1262887976085,-97.2409997368551,36.9999999999997));
#12840=CARTESIAN_POINT('',(-50.1262887976085,-97.2409997368551,36.4999999999997));
#12841=CARTESIAN_POINT('Origin',(-51.2911999134896,-97.2215119467947,36.9999999999997));
#12842=CARTESIAN_POINT('',(-51.2911999134896,-97.2215119467947,36.9999999999997));
#12843=CARTESIAN_POINT('',(-24.0428607149822,-97.6773492261846,36.9999999999997));
#12844=CARTESIAN_POINT('',(-51.2911999134896,-97.2215119467947,36.4999999999997));
#12845=CARTESIAN_POINT('',(-51.2911999134896,-97.2215119467947,36.9999999999997));
#12846=CARTESIAN_POINT('',(-51.2911999134896,-97.2215119467947,36.4999999999997));
#12847=CARTESIAN_POINT('Origin',(-51.3282158973041,-99.434196447048,36.9999999999997));
#12848=CARTESIAN_POINT('',(-51.3282158973041,-99.434196447048,36.9999999999997));
#12849=CARTESIAN_POINT('',(-51.664154501648,-119.515417213564,36.9999999999997));
#12850=CARTESIAN_POINT('',(-51.3282158973041,-99.434196447048,36.4999999999997));
#12851=CARTESIAN_POINT('',(-51.3282158973041,-99.434196447048,36.9999999999997));
#12852=CARTESIAN_POINT('',(-51.3282158973041,-99.434196447048,36.4999999999997));
#12853=CARTESIAN_POINT('Origin',(-52.7971294361927,-97.1963192621477,36.9999999999997));
#12854=CARTESIAN_POINT('',(-52.7971294361927,-97.1963192621477,36.9999999999997));
#12855=CARTESIAN_POINT('',(-34.5378384179571,-125.01419260892,36.9999999999997));
#12856=CARTESIAN_POINT('',(-52.7971294361927,-97.1963192621477,36.4999999999997));
#12857=CARTESIAN_POINT('',(-52.7971294361927,-97.1963192621477,36.9999999999997));
#12858=CARTESIAN_POINT('',(-52.7971294361927,-97.1963192621477,36.4999999999997));
#12859=CARTESIAN_POINT('Origin',(-53.9511284684322,-97.1770140202597,36.9999999999997));
#12860=CARTESIAN_POINT('',(-53.9511284684322,-97.1770140202597,36.9999999999997));
#12861=CARTESIAN_POINT('',(-25.3728249924535,-97.6551002629171,36.9999999999997));
#12862=CARTESIAN_POINT('',(-53.9511284684322,-97.1770140202597,36.4999999999997));
#12863=CARTESIAN_POINT('',(-53.9511284684322,-97.1770140202597,36.9999999999997));
#12864=CARTESIAN_POINT('',(-53.9511284684322,-97.1770140202597,36.4999999999997));
#12865=CARTESIAN_POINT('Origin',(-54.0180350754232,-101.176454180906,36.9999999999997));
#12866=CARTESIAN_POINT('',(-54.3390283681789,-120.364297117225,36.9999999999997));
#12867=CARTESIAN_POINT('',(-54.0180350754232,-101.176454180906,36.4999999999997));
#12868=CARTESIAN_POINT('Origin',(-44.7520925486335,-99.8921801938817,36.4999999999997));
#12869=CARTESIAN_POINT('Ctrl Pts',(-23.5809202809298,-99.0795427691228,
36.9999999999997));
#12870=CARTESIAN_POINT('Ctrl Pts',(-23.5809202809298,-99.0795427691228,
36.4999999999997));
#12871=CARTESIAN_POINT('Ctrl Pts',(-23.6411375749775,-98.8429480311211,
36.9999999999997));
#12872=CARTESIAN_POINT('Ctrl Pts',(-23.6411375749775,-98.8429480311211,
36.4999999999997));
#12873=CARTESIAN_POINT('Ctrl Pts',(-23.7689508810861,-98.3407674507722,
36.9999999999997));
#12874=CARTESIAN_POINT('Ctrl Pts',(-23.7689508810861,-98.3407674507722,
36.4999999999997));
#12875=CARTESIAN_POINT('Ctrl Pts',(-23.967218621642,-97.8618964279231,36.9999999999997));
#12876=CARTESIAN_POINT('Ctrl Pts',(-23.967218621642,-97.8618964279231,36.4999999999997));
#12877=CARTESIAN_POINT('Ctrl Pts',(-24.0720755335703,-97.6086381997959,
36.9999999999997));
#12878=CARTESIAN_POINT('Ctrl Pts',(-24.0720755335703,-97.6086381997959,
36.4999999999997));
#12879=CARTESIAN_POINT('',(-23.5809202809298,-99.0795427691228,36.9999999999997));
#12880=CARTESIAN_POINT('',(-24.0720755335703,-97.6086381997959,36.9999999999997));
#12881=CARTESIAN_POINT('Ctrl Pts',(-23.5809202809298,-99.0795427691228,
36.9999999999997));
#12882=CARTESIAN_POINT('Ctrl Pts',(-23.6411375749775,-98.8429480311211,
36.9999999999997));
#12883=CARTESIAN_POINT('Ctrl Pts',(-23.7689508810861,-98.3407674507722,
36.9999999999997));
#12884=CARTESIAN_POINT('Ctrl Pts',(-23.967218621642,-97.8618964279231,36.9999999999997));
#12885=CARTESIAN_POINT('Ctrl Pts',(-24.0720755335703,-97.6086381997959,
36.9999999999997));
#12886=CARTESIAN_POINT('',(-23.5809202809298,-99.0795427691228,36.4999999999997));
#12887=CARTESIAN_POINT('',(-23.5809202809298,-99.0795427691228,36.9999999999997));
#12888=CARTESIAN_POINT('',(-24.0720755335703,-97.6086381997959,36.4999999999997));
#12889=CARTESIAN_POINT('Ctrl Pts',(-23.5809202809298,-99.0795427691228,
36.4999999999997));
#12890=CARTESIAN_POINT('Ctrl Pts',(-23.6411375749775,-98.8429480311211,
36.4999999999997));
#12891=CARTESIAN_POINT('Ctrl Pts',(-23.7689508810861,-98.3407674507722,
36.4999999999997));
#12892=CARTESIAN_POINT('Ctrl Pts',(-23.967218621642,-97.8618964279231,36.4999999999997));
#12893=CARTESIAN_POINT('Ctrl Pts',(-24.0720755335703,-97.6086381997959,
36.4999999999997));
#12894=CARTESIAN_POINT('',(-24.0720755335703,-97.6086381997959,36.9999999999997));
#12895=CARTESIAN_POINT('Ctrl Pts',(-23.4675983113334,-100.298524648087,
36.9999999999997));
#12896=CARTESIAN_POINT('Ctrl Pts',(-23.4675983113334,-100.298524648087,
36.4999999999997));
#12897=CARTESIAN_POINT('Ctrl Pts',(-23.4690812467568,-100.088599979666,
36.9999999999997));
#12898=CARTESIAN_POINT('Ctrl Pts',(-23.4690812467568,-100.088599979666,
36.4999999999997));
#12899=CARTESIAN_POINT('Ctrl Pts',(-23.4719748607494,-99.6789793391572,
36.9999999999997));
#12900=CARTESIAN_POINT('Ctrl Pts',(-23.4719748607494,-99.6789793391572,
36.4999999999997));
#12901=CARTESIAN_POINT('Ctrl Pts',(-23.545214768988,-99.2760006796465,36.9999999999997));
#12902=CARTESIAN_POINT('Ctrl Pts',(-23.545214768988,-99.2760006796465,36.4999999999997));
#12903=CARTESIAN_POINT('Ctrl Pts',(-23.5809202809298,-99.0795427691228,
36.9999999999997));
#12904=CARTESIAN_POINT('Ctrl Pts',(-23.5809202809298,-99.0795427691228,
36.4999999999997));
#12905=CARTESIAN_POINT('',(-23.4675983113334,-100.298524648087,36.9999999999997));
#12906=CARTESIAN_POINT('Ctrl Pts',(-23.4675983113334,-100.298524648087,
36.9999999999997));
#12907=CARTESIAN_POINT('Ctrl Pts',(-23.4690812467568,-100.088599979666,
36.9999999999997));
#12908=CARTESIAN_POINT('Ctrl Pts',(-23.4719748607494,-99.6789793391572,
36.9999999999997));
#12909=CARTESIAN_POINT('Ctrl Pts',(-23.545214768988,-99.2760006796465,36.9999999999997));
#12910=CARTESIAN_POINT('Ctrl Pts',(-23.5809202809298,-99.0795427691228,
36.9999999999997));
#12911=CARTESIAN_POINT('',(-23.4675983113334,-100.298524648087,36.4999999999997));
#12912=CARTESIAN_POINT('',(-23.4675983113334,-100.298524648087,36.9999999999997));
#12913=CARTESIAN_POINT('Ctrl Pts',(-23.4675983113334,-100.298524648087,
36.4999999999997));
#12914=CARTESIAN_POINT('Ctrl Pts',(-23.4690812467568,-100.088599979666,
36.4999999999997));
#12915=CARTESIAN_POINT('Ctrl Pts',(-23.4719748607494,-99.6789793391572,
36.4999999999997));
#12916=CARTESIAN_POINT('Ctrl Pts',(-23.545214768988,-99.2760006796465,36.4999999999997));
#12917=CARTESIAN_POINT('Ctrl Pts',(-23.5809202809298,-99.0795427691228,
36.4999999999997));
#12918=CARTESIAN_POINT('Ctrl Pts',(-24.1597934896149,-102.852107148411,
36.9999999999997));
#12919=CARTESIAN_POINT('Ctrl Pts',(-24.1597934896149,-102.852107148411,
36.4999999999997));
#12920=CARTESIAN_POINT('Ctrl Pts',(-23.963379794535,-102.428637947318,36.9999999999997));
#12921=CARTESIAN_POINT('Ctrl Pts',(-23.963379794535,-102.428637947318,36.4999999999997));
#12922=CARTESIAN_POINT('Ctrl Pts',(-23.5865844966231,-101.616264840049,
36.9999999999997));
#12923=CARTESIAN_POINT('Ctrl Pts',(-23.5865844966231,-101.616264840049,
36.4999999999997));
#12924=CARTESIAN_POINT('Ctrl Pts',(-23.5061191451813,-100.725132584678,
36.9999999999997));
#12925=CARTESIAN_POINT('Ctrl Pts',(-23.5061191451813,-100.725132584678,
36.4999999999997));
#12926=CARTESIAN_POINT('Ctrl Pts',(-23.4675983113334,-100.298524648087,
36.9999999999997));
#12927=CARTESIAN_POINT('Ctrl Pts',(-23.4675983113334,-100.298524648087,
36.4999999999997));
#12928=CARTESIAN_POINT('',(-24.1597934896149,-102.852107148411,36.9999999999997));
#12929=CARTESIAN_POINT('Ctrl Pts',(-24.1597934896149,-102.852107148411,
36.9999999999997));
#12930=CARTESIAN_POINT('Ctrl Pts',(-23.963379794535,-102.428637947318,36.9999999999997));
#12931=CARTESIAN_POINT('Ctrl Pts',(-23.5865844966231,-101.616264840049,
36.9999999999997));
#12932=CARTESIAN_POINT('Ctrl Pts',(-23.5061191451813,-100.725132584678,
36.9999999999997));
#12933=CARTESIAN_POINT('Ctrl Pts',(-23.4675983113334,-100.298524648087,
36.9999999999997));
#12934=CARTESIAN_POINT('',(-24.1597934896149,-102.852107148411,36.4999999999997));
#12935=CARTESIAN_POINT('',(-24.1597934896149,-102.852107148411,36.9999999999997));
#12936=CARTESIAN_POINT('Ctrl Pts',(-24.1597934896149,-102.852107148411,
36.4999999999997));
#12937=CARTESIAN_POINT('Ctrl Pts',(-23.963379794535,-102.428637947318,36.4999999999997));
#12938=CARTESIAN_POINT('Ctrl Pts',(-23.5865844966231,-101.616264840049,
36.4999999999997));
#12939=CARTESIAN_POINT('Ctrl Pts',(-23.5061191451813,-100.725132584678,
36.4999999999997));
#12940=CARTESIAN_POINT('Ctrl Pts',(-23.4675983113334,-100.298524648087,
36.4999999999997));
#12941=CARTESIAN_POINT('Origin',(-23.4668505519598,-102.863699386058,36.9999999999997));
#12942=CARTESIAN_POINT('',(-23.4668505519598,-102.863699386058,36.9999999999997));
#12943=CARTESIAN_POINT('',(-10.1739745267691,-103.086075817827,36.9999999999997));
#12944=CARTESIAN_POINT('',(-23.4668505519598,-102.863699386058,36.4999999999997));
#12945=CARTESIAN_POINT('',(-23.4668505519598,-102.863699386058,36.9999999999997));
#12946=CARTESIAN_POINT('',(-24.1597934896149,-102.852107148411,36.4999999999997));
#12947=CARTESIAN_POINT('Ctrl Pts',(-22.7007265633068,-101.518889756669,
36.9999999999997));
#12948=CARTESIAN_POINT('Ctrl Pts',(-22.7007265633068,-101.518889756669,
36.4999999999997));
#12949=CARTESIAN_POINT('Ctrl Pts',(-22.7956499627356,-101.735070854997,
36.9999999999997));
#12950=CARTESIAN_POINT('Ctrl Pts',(-22.7956499627356,-101.735070854997,
36.4999999999997));
#12951=CARTESIAN_POINT('Ctrl Pts',(-23.0040646428878,-102.209720043018,
36.9999999999997));
#12952=CARTESIAN_POINT('Ctrl Pts',(-23.0040646428878,-102.209720043018,
36.4999999999997));
#12953=CARTESIAN_POINT('Ctrl Pts',(-23.3036905863026,-102.633132194925,
36.9999999999997));
#12954=CARTESIAN_POINT('Ctrl Pts',(-23.3036905863026,-102.633132194925,
36.4999999999997));
#12955=CARTESIAN_POINT('Ctrl Pts',(-23.4668505519598,-102.863699386058,
36.9999999999997));
#12956=CARTESIAN_POINT('Ctrl Pts',(-23.4668505519598,-102.863699386058,
36.4999999999997));
#12957=CARTESIAN_POINT('',(-22.7007265633068,-101.518889756669,36.9999999999997));
#12958=CARTESIAN_POINT('Ctrl Pts',(-22.7007265633068,-101.518889756669,
36.9999999999997));
#12959=CARTESIAN_POINT('Ctrl Pts',(-22.7956499627356,-101.735070854997,
36.9999999999997));
#12960=CARTESIAN_POINT('Ctrl Pts',(-23.0040646428878,-102.209720043018,
36.9999999999997));
#12961=CARTESIAN_POINT('Ctrl Pts',(-23.3036905863026,-102.633132194925,
36.9999999999997));
#12962=CARTESIAN_POINT('Ctrl Pts',(-23.4668505519598,-102.863699386058,
36.9999999999997));
#12963=CARTESIAN_POINT('',(-22.7007265633068,-101.518889756669,36.4999999999997));
#12964=CARTESIAN_POINT('',(-22.7007265633068,-101.518889756669,36.9999999999997));
#12965=CARTESIAN_POINT('Ctrl Pts',(-22.7007265633068,-101.518889756669,
36.4999999999997));
#12966=CARTESIAN_POINT('Ctrl Pts',(-22.7956499627356,-101.735070854997,
36.4999999999997));
#12967=CARTESIAN_POINT('Ctrl Pts',(-23.0040646428878,-102.209720043018,
36.4999999999997));
#12968=CARTESIAN_POINT('Ctrl Pts',(-23.3036905863026,-102.633132194925,
36.4999999999997));
#12969=CARTESIAN_POINT('Ctrl Pts',(-23.4668505519598,-102.863699386058,
36.4999999999997));
#12970=CARTESIAN_POINT('Ctrl Pts',(-22.4652802727201,-100.249799210223,
36.9999999999997));
#12971=CARTESIAN_POINT('Ctrl Pts',(-22.4652802727201,-100.249799210223,
36.4999999999997));
#12972=CARTESIAN_POINT('Ctrl Pts',(-22.4775507404486,-100.468215808587,
36.9999999999997));
#12973=CARTESIAN_POINT('Ctrl Pts',(-22.4775507404486,-100.468215808587,
36.4999999999997));
#12974=CARTESIAN_POINT('Ctrl Pts',(-22.5018829258987,-100.901333216528,
36.9999999999997));
#12975=CARTESIAN_POINT('Ctrl Pts',(-22.5018829258987,-100.901333216528,
36.4999999999997));
#12976=CARTESIAN_POINT('Ctrl Pts',(-22.6348255299982,-101.31421831406,36.9999999999997));
#12977=CARTESIAN_POINT('Ctrl Pts',(-22.6348255299982,-101.31421831406,36.4999999999997));
#12978=CARTESIAN_POINT('Ctrl Pts',(-22.7007265633068,-101.518889756669,
36.9999999999997));
#12979=CARTESIAN_POINT('Ctrl Pts',(-22.7007265633068,-101.518889756669,
36.4999999999997));
#12980=CARTESIAN_POINT('',(-22.4652802727201,-100.249799210223,36.9999999999997));
#12981=CARTESIAN_POINT('Ctrl Pts',(-22.4652802727201,-100.249799210223,
36.9999999999997));
#12982=CARTESIAN_POINT('Ctrl Pts',(-22.4775507404486,-100.468215808587,
36.9999999999997));
#12983=CARTESIAN_POINT('Ctrl Pts',(-22.5018829258987,-100.901333216528,
36.9999999999997));
#12984=CARTESIAN_POINT('Ctrl Pts',(-22.6348255299982,-101.31421831406,36.9999999999997));
#12985=CARTESIAN_POINT('Ctrl Pts',(-22.7007265633068,-101.518889756669,
36.9999999999997));
#12986=CARTESIAN_POINT('',(-22.4652802727201,-100.249799210223,36.4999999999997));
#12987=CARTESIAN_POINT('',(-22.4652802727201,-100.249799210223,36.9999999999997));
#12988=CARTESIAN_POINT('Ctrl Pts',(-22.4652802727201,-100.249799210223,
36.4999999999997));
#12989=CARTESIAN_POINT('Ctrl Pts',(-22.4775507404486,-100.468215808587,
36.4999999999997));
#12990=CARTESIAN_POINT('Ctrl Pts',(-22.5018829258987,-100.901333216528,
36.4999999999997));
#12991=CARTESIAN_POINT('Ctrl Pts',(-22.6348255299982,-101.31421831406,36.4999999999997));
#12992=CARTESIAN_POINT('Ctrl Pts',(-22.7007265633068,-101.518889756669,
36.4999999999997));
#12993=CARTESIAN_POINT('Ctrl Pts',(-22.6683969983209,-98.9338032314007,
36.9999999999997));
#12994=CARTESIAN_POINT('Ctrl Pts',(-22.6683969983209,-98.9338032314007,
36.4999999999997));
#12995=CARTESIAN_POINT('Ctrl Pts',(-22.6062912363464,-99.1463059454474,
36.9999999999997));
#12996=CARTESIAN_POINT('Ctrl Pts',(-22.6062912363464,-99.1463059454474,
36.4999999999997));
#12997=CARTESIAN_POINT('Ctrl Pts',(-22.4807144744231,-99.5759827078199,
36.9999999999997));
#12998=CARTESIAN_POINT('Ctrl Pts',(-22.4807144744231,-99.5759827078199,
36.4999999999997));
#12999=CARTESIAN_POINT('Ctrl Pts',(-22.4704621601214,-100.023571685676,
36.9999999999997));
#13000=CARTESIAN_POINT('Ctrl Pts',(-22.4704621601214,-100.023571685676,
36.4999999999997));
#13001=CARTESIAN_POINT('Ctrl Pts',(-22.4652802727201,-100.249799210223,
36.9999999999997));
#13002=CARTESIAN_POINT('Ctrl Pts',(-22.4652802727201,-100.249799210223,
36.4999999999997));
#13003=CARTESIAN_POINT('',(-22.6683969983209,-98.9338032314007,36.9999999999997));
#13004=CARTESIAN_POINT('Ctrl Pts',(-22.6683969983209,-98.9338032314007,
36.9999999999997));
#13005=CARTESIAN_POINT('Ctrl Pts',(-22.6062912363464,-99.1463059454474,
36.9999999999997));
#13006=CARTESIAN_POINT('Ctrl Pts',(-22.4807144744231,-99.5759827078199,
36.9999999999997));
#13007=CARTESIAN_POINT('Ctrl Pts',(-22.4704621601214,-100.023571685676,
36.9999999999997));
#13008=CARTESIAN_POINT('Ctrl Pts',(-22.4652802727201,-100.249799210223,
36.9999999999997));
#13009=CARTESIAN_POINT('',(-22.6683969983209,-98.9338032314007,36.4999999999997));
#13010=CARTESIAN_POINT('',(-22.6683969983209,-98.9338032314007,36.9999999999997));
#13011=CARTESIAN_POINT('Ctrl Pts',(-22.6683969983209,-98.9338032314007,
36.4999999999997));
#13012=CARTESIAN_POINT('Ctrl Pts',(-22.6062912363464,-99.1463059454474,
36.4999999999997));
#13013=CARTESIAN_POINT('Ctrl Pts',(-22.4807144744231,-99.5759827078199,
36.4999999999997));
#13014=CARTESIAN_POINT('Ctrl Pts',(-22.4704621601214,-100.023571685676,
36.4999999999997));
#13015=CARTESIAN_POINT('Ctrl Pts',(-22.4652802727201,-100.249799210223,
36.4999999999997));
#13016=CARTESIAN_POINT('Ctrl Pts',(-23.3791325959153,-97.6202304374429,
36.9999999999997));
#13017=CARTESIAN_POINT('Ctrl Pts',(-23.3791325959153,-97.6202304374429,
36.4999999999997));
#13018=CARTESIAN_POINT('Ctrl Pts',(-23.2281444776075,-97.8394677028882,
36.9999999999997));
#13019=CARTESIAN_POINT('Ctrl Pts',(-23.2281444776075,-97.8394677028882,
36.4999999999997));
#13020=CARTESIAN_POINT('Ctrl Pts',(-22.9440005154705,-98.2520494738904,
36.9999999999997));
#13021=CARTESIAN_POINT('Ctrl Pts',(-22.9440005154705,-98.2520494738904,
36.4999999999997));
#13022=CARTESIAN_POINT('Ctrl Pts',(-22.7563390926225,-98.7162629987739,
36.9999999999997));
#13023=CARTESIAN_POINT('Ctrl Pts',(-22.7563390926225,-98.7162629987739,
36.4999999999997));
#13024=CARTESIAN_POINT('Ctrl Pts',(-22.6683969983209,-98.9338032314007,
36.9999999999997));
#13025=CARTESIAN_POINT('Ctrl Pts',(-22.6683969983209,-98.9338032314007,
36.4999999999997));
#13026=CARTESIAN_POINT('',(-23.3791325959153,-97.6202304374429,36.9999999999997));
#13027=CARTESIAN_POINT('Ctrl Pts',(-23.3791325959153,-97.6202304374429,
36.9999999999997));
#13028=CARTESIAN_POINT('Ctrl Pts',(-23.2281444776075,-97.8394677028882,
36.9999999999997));
#13029=CARTESIAN_POINT('Ctrl Pts',(-22.9440005154705,-98.2520494738904,
36.9999999999997));
#13030=CARTESIAN_POINT('Ctrl Pts',(-22.7563390926225,-98.7162629987739,
36.9999999999997));
#13031=CARTESIAN_POINT('Ctrl Pts',(-22.6683969983209,-98.9338032314007,
36.9999999999997));
#13032=CARTESIAN_POINT('',(-23.3791325959153,-97.6202304374429,36.4999999999997));
#13033=CARTESIAN_POINT('',(-23.3791325959153,-97.6202304374429,36.9999999999997));
#13034=CARTESIAN_POINT('Ctrl Pts',(-23.3791325959153,-97.6202304374429,
36.4999999999997));
#13035=CARTESIAN_POINT('Ctrl Pts',(-23.2281444776075,-97.8394677028882,
36.4999999999997));
#13036=CARTESIAN_POINT('Ctrl Pts',(-22.9440005154705,-98.2520494738904,
36.4999999999997));
#13037=CARTESIAN_POINT('Ctrl Pts',(-22.7563390926225,-98.7162629987739,
36.4999999999997));
#13038=CARTESIAN_POINT('Ctrl Pts',(-22.6683969983209,-98.9338032314007,
36.4999999999997));
#13039=CARTESIAN_POINT('Origin',(-24.0720755335703,-97.6086381997959,36.9999999999997));
#13040=CARTESIAN_POINT('',(-10.4327280395521,-97.836810750388,36.9999999999997));
#13041=CARTESIAN_POINT('',(-23.3791325959153,-97.6202304374429,36.4999999999997));
#13042=CARTESIAN_POINT('Origin',(-44.7520925486335,-99.8921801938817,36.4999999999997));
#13043=CARTESIAN_POINT('Origin',(-36.8422326532499,-98.2709809860772,36.9999999999997));
#13044=CARTESIAN_POINT('',(-36.8422326532499,-98.2709809860772,36.9999999999997));
#13045=CARTESIAN_POINT('',(-37.3851287791834,-98.2618988805135,36.9999999999997));
#13046=CARTESIAN_POINT('',(-16.8251316364249,-98.6058469315685,36.9999999999997));
#13047=CARTESIAN_POINT('',(-36.8422326532499,-98.2709809860772,36.4999999999997));
#13048=CARTESIAN_POINT('',(-36.8422326532499,-98.2709809860772,36.9999999999997));
#13049=CARTESIAN_POINT('',(-37.3851287791834,-98.2618988805135,36.4999999999997));
#13050=CARTESIAN_POINT('',(-36.8422326532499,-98.2709809860772,36.4999999999997));
#13051=CARTESIAN_POINT('',(-37.3851287791834,-98.2618988805135,36.9999999999997));
#13052=CARTESIAN_POINT('Ctrl Pts',(-36.3829108360916,-98.3823629566552,
36.9999999999997));
#13053=CARTESIAN_POINT('Ctrl Pts',(-36.3829108360916,-98.3823629566552,
36.4999999999997));
#13054=CARTESIAN_POINT('Ctrl Pts',(-36.440246602437,-98.351429518826,36.9999999999997));
#13055=CARTESIAN_POINT('Ctrl Pts',(-36.440246602437,-98.351429518826,36.4999999999997));
#13056=CARTESIAN_POINT('Ctrl Pts',(-36.5824223021431,-98.2747237651926,
36.9999999999997));
#13057=CARTESIAN_POINT('Ctrl Pts',(-36.5824223021431,-98.2747237651926,
36.4999999999997));
#13058=CARTESIAN_POINT('Ctrl Pts',(-36.7451367282841,-98.2723797317338,
36.9999999999997));
#13059=CARTESIAN_POINT('Ctrl Pts',(-36.7451367282841,-98.2723797317338,
36.4999999999997));
#13060=CARTESIAN_POINT('Ctrl Pts',(-36.8422326532499,-98.2709809860772,
36.9999999999997));
#13061=CARTESIAN_POINT('Ctrl Pts',(-36.8422326532499,-98.2709809860772,
36.4999999999997));
#13062=CARTESIAN_POINT('',(-36.3829108360916,-98.3823629566552,36.9999999999997));
#13063=CARTESIAN_POINT('Ctrl Pts',(-36.3829108360916,-98.3823629566552,
36.9999999999997));
#13064=CARTESIAN_POINT('Ctrl Pts',(-36.440246602437,-98.351429518826,36.9999999999997));
#13065=CARTESIAN_POINT('Ctrl Pts',(-36.5824223021431,-98.2747237651926,
36.9999999999997));
#13066=CARTESIAN_POINT('Ctrl Pts',(-36.7451367282841,-98.2723797317338,
36.9999999999997));
#13067=CARTESIAN_POINT('Ctrl Pts',(-36.8422326532499,-98.2709809860772,
36.9999999999997));
#13068=CARTESIAN_POINT('',(-36.3829108360916,-98.3823629566552,36.4999999999997));
#13069=CARTESIAN_POINT('',(-36.3829108360916,-98.3823629566552,36.9999999999997));
#13070=CARTESIAN_POINT('Ctrl Pts',(-36.3829108360916,-98.3823629566552,
36.4999999999997));
#13071=CARTESIAN_POINT('Ctrl Pts',(-36.440246602437,-98.351429518826,36.4999999999997));
#13072=CARTESIAN_POINT('Ctrl Pts',(-36.5824223021431,-98.2747237651926,
36.4999999999997));
#13073=CARTESIAN_POINT('Ctrl Pts',(-36.7451367282841,-98.2723797317338,
36.4999999999997));
#13074=CARTESIAN_POINT('Ctrl Pts',(-36.8422326532499,-98.2709809860772,
36.4999999999997));
#13075=CARTESIAN_POINT('Ctrl Pts',(-36.2651194715154,-98.6817832048149,
36.9999999999997));
#13076=CARTESIAN_POINT('Ctrl Pts',(-36.2651194715154,-98.6817832048149,
36.4999999999997));
#13077=CARTESIAN_POINT('Ctrl Pts',(-36.2680436420729,-98.6219589828271,
36.9999999999997));
#13078=CARTESIAN_POINT('Ctrl Pts',(-36.2680436420729,-98.6219589828271,
36.4999999999997));
#13079=CARTESIAN_POINT('Ctrl Pts',(-36.2735940629151,-98.5084055487652,
36.9999999999997));
#13080=CARTESIAN_POINT('Ctrl Pts',(-36.2735940629151,-98.5084055487652,
36.4999999999997));
#13081=CARTESIAN_POINT('Ctrl Pts',(-36.3477995784392,-98.4228463499914,
36.9999999999997));
#13082=CARTESIAN_POINT('Ctrl Pts',(-36.3477995784392,-98.4228463499914,
36.4999999999997));
#13083=CARTESIAN_POINT('Ctrl Pts',(-36.3829108360916,-98.3823629566552,
36.9999999999997));
#13084=CARTESIAN_POINT('Ctrl Pts',(-36.3829108360916,-98.3823629566552,
36.4999999999997));
#13085=CARTESIAN_POINT('',(-36.2651194715154,-98.6817832048149,36.9999999999997));
#13086=CARTESIAN_POINT('Ctrl Pts',(-36.2651194715154,-98.6817832048149,
36.9999999999997));
#13087=CARTESIAN_POINT('Ctrl Pts',(-36.2680436420729,-98.6219589828271,
36.9999999999997));
#13088=CARTESIAN_POINT('Ctrl Pts',(-36.2735940629151,-98.5084055487652,
36.9999999999997));
#13089=CARTESIAN_POINT('Ctrl Pts',(-36.3477995784392,-98.4228463499914,
36.9999999999997));
#13090=CARTESIAN_POINT('Ctrl Pts',(-36.3829108360916,-98.3823629566552,
36.9999999999997));
#13091=CARTESIAN_POINT('',(-36.2651194715154,-98.6817832048149,36.4999999999997));
#13092=CARTESIAN_POINT('',(-36.2651194715154,-98.6817832048149,36.9999999999997));
#13093=CARTESIAN_POINT('Ctrl Pts',(-36.2651194715154,-98.6817832048149,
36.4999999999997));
#13094=CARTESIAN_POINT('Ctrl Pts',(-36.2680436420729,-98.6219589828271,
36.4999999999997));
#13095=CARTESIAN_POINT('Ctrl Pts',(-36.2735940629151,-98.5084055487652,
36.4999999999997));
#13096=CARTESIAN_POINT('Ctrl Pts',(-36.3477995784392,-98.4228463499914,
36.4999999999997));
#13097=CARTESIAN_POINT('Ctrl Pts',(-36.3829108360916,-98.3823629566552,
36.4999999999997));
#13098=CARTESIAN_POINT('Ctrl Pts',(-36.3467505094328,-98.9123741075204,
36.9999999999997));
#13099=CARTESIAN_POINT('Ctrl Pts',(-36.3467505094328,-98.9123741075204,
36.4999999999997));
#13100=CARTESIAN_POINT('Ctrl Pts',(-36.3234868041434,-98.8776962025254,
36.9999999999997));
#13101=CARTESIAN_POINT('Ctrl Pts',(-36.3234868041434,-98.8776962025254,
36.4999999999997));
#13102=CARTESIAN_POINT('Ctrl Pts',(-36.27661164706,-98.8078220262603,36.9999999999997));
#13103=CARTESIAN_POINT('Ctrl Pts',(-36.27661164706,-98.8078220262603,36.4999999999997));
#13104=CARTESIAN_POINT('Ctrl Pts',(-36.2689690956242,-98.7240034166273,
36.9999999999997));
#13105=CARTESIAN_POINT('Ctrl Pts',(-36.2689690956242,-98.7240034166273,
36.4999999999997));
#13106=CARTESIAN_POINT('Ctrl Pts',(-36.2651194715154,-98.6817832048149,
36.9999999999997));
#13107=CARTESIAN_POINT('Ctrl Pts',(-36.2651194715154,-98.6817832048149,
36.4999999999997));
#13108=CARTESIAN_POINT('',(-36.3467505094328,-98.9123741075204,36.9999999999997));
#13109=CARTESIAN_POINT('Ctrl Pts',(-36.3467505094328,-98.9123741075204,
36.9999999999997));
#13110=CARTESIAN_POINT('Ctrl Pts',(-36.3234868041434,-98.8776962025254,
36.9999999999997));
#13111=CARTESIAN_POINT('Ctrl Pts',(-36.27661164706,-98.8078220262603,36.9999999999997));
#13112=CARTESIAN_POINT('Ctrl Pts',(-36.2689690956242,-98.7240034166273,
36.9999999999997));
#13113=CARTESIAN_POINT('Ctrl Pts',(-36.2651194715154,-98.6817832048149,
36.9999999999997));
#13114=CARTESIAN_POINT('',(-36.3467505094328,-98.9123741075204,36.4999999999997));
#13115=CARTESIAN_POINT('',(-36.3467505094328,-98.9123741075204,36.9999999999997));
#13116=CARTESIAN_POINT('Ctrl Pts',(-36.3467505094328,-98.9123741075204,
36.4999999999997));
#13117=CARTESIAN_POINT('Ctrl Pts',(-36.3234868041434,-98.8776962025254,
36.4999999999997));
#13118=CARTESIAN_POINT('Ctrl Pts',(-36.27661164706,-98.8078220262603,36.4999999999997));
#13119=CARTESIAN_POINT('Ctrl Pts',(-36.2689690956242,-98.7240034166273,
36.4999999999997));
#13120=CARTESIAN_POINT('Ctrl Pts',(-36.2651194715154,-98.6817832048149,
36.4999999999997));
#13121=CARTESIAN_POINT('Ctrl Pts',(-36.5493676146106,-99.0345127813884,
36.9999999999997));
#13122=CARTESIAN_POINT('Ctrl Pts',(-36.5493676146106,-99.0345127813884,
36.4999999999997));
#13123=CARTESIAN_POINT('Ctrl Pts',(-36.5100680408202,-99.0237187420418,
36.9999999999997));
#13124=CARTESIAN_POINT('Ctrl Pts',(-36.5100680408202,-99.0237187420418,
36.4999999999997));
#13125=CARTESIAN_POINT('Ctrl Pts',(-36.4310871401451,-99.0020258108646,
36.9999999999997));
#13126=CARTESIAN_POINT('Ctrl Pts',(-36.4310871401451,-99.0020258108646,
36.4999999999997));
#13127=CARTESIAN_POINT('Ctrl Pts',(-36.3749531606089,-98.9423541493529,
36.9999999999997));
#13128=CARTESIAN_POINT('Ctrl Pts',(-36.3749531606089,-98.9423541493529,
36.4999999999997));
#13129=CARTESIAN_POINT('Ctrl Pts',(-36.3467505094328,-98.9123741075204,
36.9999999999997));
#13130=CARTESIAN_POINT('Ctrl Pts',(-36.3467505094328,-98.9123741075204,
36.4999999999997));
#13131=CARTESIAN_POINT('',(-36.5493676146106,-99.0345127813884,36.9999999999997));
#13132=CARTESIAN_POINT('Ctrl Pts',(-36.5493676146106,-99.0345127813884,
36.9999999999997));
#13133=CARTESIAN_POINT('Ctrl Pts',(-36.5100680408202,-99.0237187420418,
36.9999999999997));
#13134=CARTESIAN_POINT('Ctrl Pts',(-36.4310871401451,-99.0020258108646,
36.9999999999997));
#13135=CARTESIAN_POINT('Ctrl Pts',(-36.3749531606089,-98.9423541493529,
36.9999999999997));
#13136=CARTESIAN_POINT('Ctrl Pts',(-36.3467505094328,-98.9123741075204,
36.9999999999997));
#13137=CARTESIAN_POINT('',(-36.5493676146106,-99.0345127813884,36.4999999999997));
#13138=CARTESIAN_POINT('',(-36.5493676146106,-99.0345127813884,36.9999999999997));
#13139=CARTESIAN_POINT('Ctrl Pts',(-36.5493676146106,-99.0345127813884,
36.4999999999997));
#13140=CARTESIAN_POINT('Ctrl Pts',(-36.5100680408202,-99.0237187420418,
36.4999999999997));
#13141=CARTESIAN_POINT('Ctrl Pts',(-36.4310871401451,-99.0020258108646,
36.4999999999997));
#13142=CARTESIAN_POINT('Ctrl Pts',(-36.3749531606089,-98.9423541493529,
36.4999999999997));
#13143=CARTESIAN_POINT('Ctrl Pts',(-36.3467505094328,-98.9123741075204,
36.4999999999997));
#13144=CARTESIAN_POINT('Ctrl Pts',(-36.877657207714,-99.0835988990023,36.9999999999997));
#13145=CARTESIAN_POINT('Ctrl Pts',(-36.877657207714,-99.0835988990023,36.4999999999997));
#13146=CARTESIAN_POINT('Ctrl Pts',(-36.8361090548039,-99.0804357389144,
36.9999999999997));
#13147=CARTESIAN_POINT('Ctrl Pts',(-36.8361090548039,-99.0804357389144,
36.4999999999997));
#13148=CARTESIAN_POINT('Ctrl Pts',(-36.7255807953393,-99.072020958607,36.9999999999997));
#13149=CARTESIAN_POINT('Ctrl Pts',(-36.7255807953393,-99.072020958607,36.4999999999997));
#13150=CARTESIAN_POINT('Ctrl Pts',(-36.6170814724799,-99.0489261378162,
36.9999999999997));
#13151=CARTESIAN_POINT('Ctrl Pts',(-36.6170814724799,-99.0489261378162,
36.4999999999997));
#13152=CARTESIAN_POINT('Ctrl Pts',(-36.5493676146106,-99.0345127813884,
36.9999999999997));
#13153=CARTESIAN_POINT('Ctrl Pts',(-36.5493676146106,-99.0345127813884,
36.4999999999997));
#13154=CARTESIAN_POINT('',(-36.877657207714,-99.0835988990023,36.9999999999997));
#13155=CARTESIAN_POINT('Ctrl Pts',(-36.877657207714,-99.0835988990023,36.9999999999997));
#13156=CARTESIAN_POINT('Ctrl Pts',(-36.8361090548039,-99.0804357389144,
36.9999999999997));
#13157=CARTESIAN_POINT('Ctrl Pts',(-36.7255807953393,-99.072020958607,36.9999999999997));
#13158=CARTESIAN_POINT('Ctrl Pts',(-36.6170814724799,-99.0489261378162,
36.9999999999997));
#13159=CARTESIAN_POINT('Ctrl Pts',(-36.5493676146106,-99.0345127813884,
36.9999999999997));
#13160=CARTESIAN_POINT('',(-36.877657207714,-99.0835988990023,36.4999999999997));
#13161=CARTESIAN_POINT('',(-36.877657207714,-99.0835988990023,36.9999999999997));
#13162=CARTESIAN_POINT('Ctrl Pts',(-36.877657207714,-99.0835988990023,36.4999999999997));
#13163=CARTESIAN_POINT('Ctrl Pts',(-36.8361090548039,-99.0804357389144,
36.4999999999997));
#13164=CARTESIAN_POINT('Ctrl Pts',(-36.7255807953393,-99.072020958607,36.4999999999997));
#13165=CARTESIAN_POINT('Ctrl Pts',(-36.6170814724799,-99.0489261378162,
36.4999999999997));
#13166=CARTESIAN_POINT('Ctrl Pts',(-36.5493676146106,-99.0345127813884,
36.4999999999997));
#13167=CARTESIAN_POINT('Origin',(-37.3987291663643,-99.0748818897832,36.9999999999997));
#13168=CARTESIAN_POINT('',(-37.3987291663643,-99.0748818897832,36.9999999999997));
#13169=CARTESIAN_POINT('',(-17.1101800865727,-99.4142888880563,36.9999999999997));
#13170=CARTESIAN_POINT('',(-37.3987291663643,-99.0748818897832,36.4999999999997));
#13171=CARTESIAN_POINT('',(-37.3987291663643,-99.0748818897832,36.9999999999997));
#13172=CARTESIAN_POINT('',(-37.3987291663643,-99.0748818897832,36.4999999999997));
#13173=CARTESIAN_POINT('Origin',(-37.3851287791835,-98.2618988805135,36.9999999999997));
#13174=CARTESIAN_POINT('',(-37.7328208238722,-119.045698711413,36.9999999999997));
#13175=CARTESIAN_POINT('',(-37.3851287791835,-98.2618988805135,36.4999999999997));
#13176=CARTESIAN_POINT('Origin',(-37.4113711507158,-99.8305749700267,36.9999999999997));
#13177=CARTESIAN_POINT('',(-37.4113711507158,-99.8305749700267,36.9999999999997));
#13178=CARTESIAN_POINT('',(-37.4385262830496,-101.453812669674,36.9999999999997));
#13179=CARTESIAN_POINT('',(-37.7459420096385,-119.83003675617,36.9999999999997));
#13180=CARTESIAN_POINT('',(-37.4113711507158,-99.8305749700267,36.4999999999997));
#13181=CARTESIAN_POINT('',(-37.4113711507158,-99.8305749700267,36.9999999999997));
#13182=CARTESIAN_POINT('',(-37.4385262830496,-101.453812669674,36.4999999999997));
#13183=CARTESIAN_POINT('',(-37.4113711507158,-99.8305749700267,36.4999999999997));
#13184=CARTESIAN_POINT('',(-37.4385262830496,-101.453812669674,36.9999999999997));
#13185=CARTESIAN_POINT('Origin',(-37.3022455465951,-99.8324005315089,36.9999999999997));
#13186=CARTESIAN_POINT('',(-37.3022455465951,-99.8324005315089,36.9999999999997));
#13187=CARTESIAN_POINT('',(-17.0682592688639,-100.170894749041,36.9999999999997));
#13188=CARTESIAN_POINT('',(-37.3022455465951,-99.8324005315089,36.4999999999997));
#13189=CARTESIAN_POINT('',(-37.3022455465951,-99.8324005315089,36.9999999999997));
#13190=CARTESIAN_POINT('',(-37.3022455465951,-99.8324005315089,36.4999999999997));
#13191=CARTESIAN_POINT('Ctrl Pts',(-37.0009765055004,-99.9302221085327,
36.9999999999997));
#13192=CARTESIAN_POINT('Ctrl Pts',(-37.0009765055004,-99.9302221085327,
36.4999999999997));
#13193=CARTESIAN_POINT('Ctrl Pts',(-37.0468484450703,-99.9023942286806,
36.9999999999997));
#13194=CARTESIAN_POINT('Ctrl Pts',(-37.0468484450703,-99.9023942286806,
36.4999999999997));
#13195=CARTESIAN_POINT('Ctrl Pts',(-37.1395554377938,-99.8461542030975,
36.9999999999997));
#13196=CARTESIAN_POINT('Ctrl Pts',(-37.1395554377938,-99.8461542030975,
36.4999999999997));
#13197=CARTESIAN_POINT('Ctrl Pts',(-37.2476412168005,-99.8370167311343,
36.9999999999997));
#13198=CARTESIAN_POINT('Ctrl Pts',(-37.2476412168005,-99.8370167311343,
36.4999999999997));
#13199=CARTESIAN_POINT('Ctrl Pts',(-37.3022455465951,-99.8324005315089,
36.9999999999997));
#13200=CARTESIAN_POINT('Ctrl Pts',(-37.3022455465951,-99.8324005315089,
36.4999999999997));
#13201=CARTESIAN_POINT('',(-37.0009765055004,-99.9302221085327,36.9999999999997));
#13202=CARTESIAN_POINT('Ctrl Pts',(-37.0009765055004,-99.9302221085327,
36.9999999999997));
#13203=CARTESIAN_POINT('Ctrl Pts',(-37.0468484450703,-99.9023942286806,
36.9999999999997));
#13204=CARTESIAN_POINT('Ctrl Pts',(-37.1395554377938,-99.8461542030975,
36.9999999999997));
#13205=CARTESIAN_POINT('Ctrl Pts',(-37.2476412168005,-99.8370167311343,
36.9999999999997));
#13206=CARTESIAN_POINT('Ctrl Pts',(-37.3022455465951,-99.8324005315089,
36.9999999999997));
#13207=CARTESIAN_POINT('',(-37.0009765055004,-99.9302221085327,36.4999999999997));
#13208=CARTESIAN_POINT('',(-37.0009765055004,-99.9302221085327,36.9999999999997));
#13209=CARTESIAN_POINT('Ctrl Pts',(-37.0009765055004,-99.9302221085327,
36.4999999999997));
#13210=CARTESIAN_POINT('Ctrl Pts',(-37.0468484450703,-99.9023942286806,
36.4999999999997));
#13211=CARTESIAN_POINT('Ctrl Pts',(-37.1395554377938,-99.8461542030975,
36.4999999999997));
#13212=CARTESIAN_POINT('Ctrl Pts',(-37.2476412168005,-99.8370167311343,
36.4999999999997));
#13213=CARTESIAN_POINT('Ctrl Pts',(-37.3022455465951,-99.8324005315089,
36.4999999999997));
#13214=CARTESIAN_POINT('Ctrl Pts',(-36.7824258696651,-100.242244287598,
36.9999999999997));
#13215=CARTESIAN_POINT('Ctrl Pts',(-36.7824258696651,-100.242244287598,
36.4999999999997));
#13216=CARTESIAN_POINT('Ctrl Pts',(-36.8171071358531,-100.173567092497,
36.9999999999997));
#13217=CARTESIAN_POINT('Ctrl Pts',(-36.8171071358531,-100.173567092497,
36.4999999999997));
#13218=CARTESIAN_POINT('Ctrl Pts',(-36.8751106106309,-100.0587063509,36.9999999999997));
#13219=CARTESIAN_POINT('Ctrl Pts',(-36.8751106106309,-100.0587063509,36.4999999999997));
#13220=CARTESIAN_POINT('Ctrl Pts',(-36.964881258182,-99.9670682336056,36.9999999999997));
#13221=CARTESIAN_POINT('Ctrl Pts',(-36.964881258182,-99.9670682336056,36.4999999999997));
#13222=CARTESIAN_POINT('Ctrl Pts',(-37.0009765055004,-99.9302221085327,
36.9999999999997));
#13223=CARTESIAN_POINT('Ctrl Pts',(-37.0009765055004,-99.9302221085327,
36.4999999999997));
#13224=CARTESIAN_POINT('',(-36.7824258696651,-100.242244287598,36.9999999999997));
#13225=CARTESIAN_POINT('Ctrl Pts',(-36.7824258696651,-100.242244287598,
36.9999999999997));
#13226=CARTESIAN_POINT('Ctrl Pts',(-36.8171071358531,-100.173567092497,
36.9999999999997));
#13227=CARTESIAN_POINT('Ctrl Pts',(-36.8751106106309,-100.0587063509,36.9999999999997));
#13228=CARTESIAN_POINT('Ctrl Pts',(-36.964881258182,-99.9670682336056,36.9999999999997));
#13229=CARTESIAN_POINT('Ctrl Pts',(-37.0009765055004,-99.9302221085327,
36.9999999999997));
#13230=CARTESIAN_POINT('',(-36.7824258696651,-100.242244287598,36.4999999999997));
#13231=CARTESIAN_POINT('',(-36.7824258696651,-100.242244287598,36.9999999999997));
#13232=CARTESIAN_POINT('Ctrl Pts',(-36.7824258696651,-100.242244287598,
36.4999999999997));
#13233=CARTESIAN_POINT('Ctrl Pts',(-36.8171071358531,-100.173567092497,
36.4999999999997));
#13234=CARTESIAN_POINT('Ctrl Pts',(-36.8751106106309,-100.0587063509,36.4999999999997));
#13235=CARTESIAN_POINT('Ctrl Pts',(-36.964881258182,-99.9670682336056,36.4999999999997));
#13236=CARTESIAN_POINT('Ctrl Pts',(-37.0009765055004,-99.9302221085327,
36.4999999999997));
#13237=CARTESIAN_POINT('Origin',(-36.1422804036272,-101.475497558092,36.9999999999997));
#13238=CARTESIAN_POINT('',(-36.1422804036272,-101.475497558092,36.9999999999997));
#13239=CARTESIAN_POINT('',(-24.0615369981503,-124.749295632487,36.9999999999997));
#13240=CARTESIAN_POINT('',(-36.1422804036272,-101.475497558092,36.4999999999997));
#13241=CARTESIAN_POINT('',(-36.1422804036272,-101.475497558092,36.9999999999997));
#13242=CARTESIAN_POINT('',(-36.1422804036272,-101.475497558092,36.4999999999997));
#13243=CARTESIAN_POINT('Origin',(-34.7458626691082,-101.498858220786,36.9999999999997));
#13244=CARTESIAN_POINT('',(-34.7458626691082,-101.498858220786,36.9999999999997));
#13245=CARTESIAN_POINT('',(-15.803645396287,-101.815742443504,36.9999999999997));
#13246=CARTESIAN_POINT('',(-34.7458626691082,-101.498858220786,36.4999999999997));
#13247=CARTESIAN_POINT('',(-34.7458626691082,-101.498858220786,36.9999999999997));
#13248=CARTESIAN_POINT('',(-34.7458626691082,-101.498858220786,36.4999999999997));
#13249=CARTESIAN_POINT('Origin',(-35.324958207668,-100.329944781882,36.9999999999997));
#13250=CARTESIAN_POINT('',(-35.324958207668,-100.329944781882,36.9999999999997));
#13251=CARTESIAN_POINT('',(-23.6071120180014,-123.982601336933,36.9999999999997));
#13252=CARTESIAN_POINT('',(-35.324958207668,-100.329944781882,36.4999999999997));
#13253=CARTESIAN_POINT('',(-35.324958207668,-100.329944781882,36.9999999999997));
#13254=CARTESIAN_POINT('',(-35.324958207668,-100.329944781882,36.4999999999997));
#13255=CARTESIAN_POINT('Ctrl Pts',(-35.4939093524079,-100.0785549063,36.9999999999997));
#13256=CARTESIAN_POINT('Ctrl Pts',(-35.4939093524079,-100.0785549063,36.4999999999997));
#13257=CARTESIAN_POINT('Ctrl Pts',(-35.4572759427901,-100.125779804026,
36.9999999999997));
#13258=CARTESIAN_POINT('Ctrl Pts',(-35.4572759427901,-100.125779804026,
36.4999999999997));
#13259=CARTESIAN_POINT('Ctrl Pts',(-35.3952126173393,-100.20578694034,36.9999999999997));
#13260=CARTESIAN_POINT('Ctrl Pts',(-35.3952126173393,-100.20578694034,36.4999999999997));
#13261=CARTESIAN_POINT('Ctrl Pts',(-35.3453776560577,-100.293858297782,
36.9999999999997));
#13262=CARTESIAN_POINT('Ctrl Pts',(-35.3453776560577,-100.293858297782,
36.4999999999997));
#13263=CARTESIAN_POINT('Ctrl Pts',(-35.324958207668,-100.329944781882,36.9999999999997));
#13264=CARTESIAN_POINT('Ctrl Pts',(-35.324958207668,-100.329944781882,36.4999999999997));
#13265=CARTESIAN_POINT('',(-35.4939093524079,-100.0785549063,36.9999999999997));
#13266=CARTESIAN_POINT('Ctrl Pts',(-35.4939093524079,-100.0785549063,36.9999999999997));
#13267=CARTESIAN_POINT('Ctrl Pts',(-35.4572759427901,-100.125779804026,
36.9999999999997));
#13268=CARTESIAN_POINT('Ctrl Pts',(-35.3952126173393,-100.20578694034,36.9999999999997));
#13269=CARTESIAN_POINT('Ctrl Pts',(-35.3453776560577,-100.293858297782,
36.9999999999997));
#13270=CARTESIAN_POINT('Ctrl Pts',(-35.324958207668,-100.329944781882,36.9999999999997));
#13271=CARTESIAN_POINT('',(-35.4939093524079,-100.0785549063,36.4999999999997));
#13272=CARTESIAN_POINT('',(-35.4939093524079,-100.0785549063,36.9999999999997));
#13273=CARTESIAN_POINT('Ctrl Pts',(-35.4939093524079,-100.0785549063,36.4999999999997));
#13274=CARTESIAN_POINT('Ctrl Pts',(-35.4572759427901,-100.125779804026,
36.4999999999997));
#13275=CARTESIAN_POINT('Ctrl Pts',(-35.3952126173393,-100.20578694034,36.4999999999997));
#13276=CARTESIAN_POINT('Ctrl Pts',(-35.3453776560577,-100.293858297782,
36.4999999999997));
#13277=CARTESIAN_POINT('Ctrl Pts',(-35.324958207668,-100.329944781882,36.4999999999997));
#13278=CARTESIAN_POINT('Ctrl Pts',(-35.6880538216521,-99.8649900704553,
36.9999999999997));
#13279=CARTESIAN_POINT('Ctrl Pts',(-35.6880538216521,-99.8649900704553,
36.4999999999997));
#13280=CARTESIAN_POINT('Ctrl Pts',(-35.6600193626793,-99.8905793768279,
36.9999999999997));
#13281=CARTESIAN_POINT('Ctrl Pts',(-35.6600193626793,-99.8905793768279,
36.4999999999997));
#13282=CARTESIAN_POINT('Ctrl Pts',(-35.5887357104976,-99.9556457016964,
36.9999999999997));
#13283=CARTESIAN_POINT('Ctrl Pts',(-35.5887357104976,-99.9556457016964,
36.4999999999997));
#13284=CARTESIAN_POINT('Ctrl Pts',(-35.5297171023012,-100.03214268351,36.9999999999997));
#13285=CARTESIAN_POINT('Ctrl Pts',(-35.5297171023012,-100.03214268351,36.4999999999997));
#13286=CARTESIAN_POINT('Ctrl Pts',(-35.4939093524079,-100.0785549063,36.9999999999997));
#13287=CARTESIAN_POINT('Ctrl Pts',(-35.4939093524079,-100.0785549063,36.4999999999997));
#13288=CARTESIAN_POINT('',(-35.6880538216521,-99.8649900704553,36.9999999999997));
#13289=CARTESIAN_POINT('Ctrl Pts',(-35.6880538216521,-99.8649900704553,
36.9999999999997));
#13290=CARTESIAN_POINT('Ctrl Pts',(-35.6600193626793,-99.8905793768279,
36.9999999999997));
#13291=CARTESIAN_POINT('Ctrl Pts',(-35.5887357104976,-99.9556457016964,
36.9999999999997));
#13292=CARTESIAN_POINT('Ctrl Pts',(-35.5297171023012,-100.03214268351,36.9999999999997));
#13293=CARTESIAN_POINT('Ctrl Pts',(-35.4939093524079,-100.0785549063,36.9999999999997));
#13294=CARTESIAN_POINT('',(-35.6880538216521,-99.8649900704553,36.4999999999997));
#13295=CARTESIAN_POINT('',(-35.6880538216521,-99.8649900704553,36.9999999999997));
#13296=CARTESIAN_POINT('Ctrl Pts',(-35.6880538216521,-99.8649900704553,
36.4999999999997));
#13297=CARTESIAN_POINT('Ctrl Pts',(-35.6600193626793,-99.8905793768279,
36.4999999999997));
#13298=CARTESIAN_POINT('Ctrl Pts',(-35.5887357104976,-99.9556457016964,
36.4999999999997));
#13299=CARTESIAN_POINT('Ctrl Pts',(-35.5297171023012,-100.03214268351,36.4999999999997));
#13300=CARTESIAN_POINT('Ctrl Pts',(-35.4939093524079,-100.0785549063,36.4999999999997));
#13301=CARTESIAN_POINT('Ctrl Pts',(-36.0072928059833,-99.7121610383644,
36.9999999999997));
#13302=CARTESIAN_POINT('Ctrl Pts',(-36.0072928059833,-99.7121610383644,
36.4999999999997));
#13303=CARTESIAN_POINT('Ctrl Pts',(-35.9428422595658,-99.7352609097322,
36.9999999999997));
#13304=CARTESIAN_POINT('Ctrl Pts',(-35.9428422595658,-99.7352609097322,
36.4999999999997));
#13305=CARTESIAN_POINT('Ctrl Pts',(-35.8310705391287,-99.7753212739675,
36.9999999999997));
#13306=CARTESIAN_POINT('Ctrl Pts',(-35.8310705391287,-99.7753212739675,
36.4999999999997));
#13307=CARTESIAN_POINT('Ctrl Pts',(-35.7305932386294,-99.8383186547568,
36.9999999999997));
#13308=CARTESIAN_POINT('Ctrl Pts',(-35.7305932386294,-99.8383186547568,
36.4999999999997));
#13309=CARTESIAN_POINT('Ctrl Pts',(-35.6880538216521,-99.8649900704553,
36.9999999999997));
#13310=CARTESIAN_POINT('Ctrl Pts',(-35.6880538216521,-99.8649900704553,
36.4999999999997));
#13311=CARTESIAN_POINT('',(-36.0072928059833,-99.7121610383644,36.9999999999997));
#13312=CARTESIAN_POINT('Ctrl Pts',(-36.0072928059833,-99.7121610383644,
36.9999999999997));
#13313=CARTESIAN_POINT('Ctrl Pts',(-35.9428422595658,-99.7352609097322,
36.9999999999997));
#13314=CARTESIAN_POINT('Ctrl Pts',(-35.8310705391287,-99.7753212739675,
36.9999999999997));
#13315=CARTESIAN_POINT('Ctrl Pts',(-35.7305932386294,-99.8383186547568,
36.9999999999997));
#13316=CARTESIAN_POINT('Ctrl Pts',(-35.6880538216521,-99.8649900704553,
36.9999999999997));
#13317=CARTESIAN_POINT('',(-36.0072928059833,-99.7121610383644,36.4999999999997));
#13318=CARTESIAN_POINT('',(-36.0072928059833,-99.7121610383644,36.9999999999997));
#13319=CARTESIAN_POINT('Ctrl Pts',(-36.0072928059833,-99.7121610383644,
36.4999999999997));
#13320=CARTESIAN_POINT('Ctrl Pts',(-35.9428422595658,-99.7352609097322,
36.4999999999997));
#13321=CARTESIAN_POINT('Ctrl Pts',(-35.8310705391287,-99.7753212739675,
36.4999999999997));
#13322=CARTESIAN_POINT('Ctrl Pts',(-35.7305932386294,-99.8383186547568,
36.4999999999997));
#13323=CARTESIAN_POINT('Ctrl Pts',(-35.6880538216521,-99.8649900704553,
36.4999999999997));
#13324=CARTESIAN_POINT('Ctrl Pts',(-35.570617769961,-99.561190121029,36.9999999999997));
#13325=CARTESIAN_POINT('Ctrl Pts',(-35.570617769961,-99.561190121029,36.4999999999997));
#13326=CARTESIAN_POINT('Ctrl Pts',(-35.6328603558538,-99.591494371931,36.9999999999997));
#13327=CARTESIAN_POINT('Ctrl Pts',(-35.6328603558538,-99.591494371931,36.4999999999997));
#13328=CARTESIAN_POINT('Ctrl Pts',(-35.772199682263,-99.6593349644684,36.9999999999997));
#13329=CARTESIAN_POINT('Ctrl Pts',(-35.772199682263,-99.6593349644684,36.4999999999997));
#13330=CARTESIAN_POINT('Ctrl Pts',(-35.9235502310321,-99.6933438505938,
36.9999999999997));
#13331=CARTESIAN_POINT('Ctrl Pts',(-35.9235502310321,-99.6933438505938,
36.4999999999997));
#13332=CARTESIAN_POINT('Ctrl Pts',(-36.0072928059833,-99.7121610383644,
36.9999999999997));
#13333=CARTESIAN_POINT('Ctrl Pts',(-36.0072928059833,-99.7121610383644,
36.4999999999997));
#13334=CARTESIAN_POINT('',(-35.570617769961,-99.561190121029,36.9999999999997));
#13335=CARTESIAN_POINT('Ctrl Pts',(-35.570617769961,-99.561190121029,36.9999999999997));
#13336=CARTESIAN_POINT('Ctrl Pts',(-35.6328603558538,-99.591494371931,36.9999999999997));
#13337=CARTESIAN_POINT('Ctrl Pts',(-35.772199682263,-99.6593349644684,36.9999999999997));
#13338=CARTESIAN_POINT('Ctrl Pts',(-35.9235502310321,-99.6933438505938,
36.9999999999997));
#13339=CARTESIAN_POINT('Ctrl Pts',(-36.0072928059833,-99.7121610383644,
36.9999999999997));
#13340=CARTESIAN_POINT('',(-35.570617769961,-99.561190121029,36.4999999999997));
#13341=CARTESIAN_POINT('',(-35.570617769961,-99.561190121029,36.9999999999997));
#13342=CARTESIAN_POINT('Ctrl Pts',(-35.570617769961,-99.561190121029,36.4999999999997));
#13343=CARTESIAN_POINT('Ctrl Pts',(-35.6328603558538,-99.591494371931,36.4999999999997));
#13344=CARTESIAN_POINT('Ctrl Pts',(-35.772199682263,-99.6593349644684,36.4999999999997));
#13345=CARTESIAN_POINT('Ctrl Pts',(-35.9235502310321,-99.6933438505938,
36.4999999999997));
#13346=CARTESIAN_POINT('Ctrl Pts',(-36.0072928059833,-99.7121610383644,
36.4999999999997));
#13347=CARTESIAN_POINT('Ctrl Pts',(-35.1737318536368,-99.1762331189162,
36.9999999999997));
#13348=CARTESIAN_POINT('Ctrl Pts',(-35.1737318536368,-99.1762331189162,
36.4999999999997));
#13349=CARTESIAN_POINT('Ctrl Pts',(-35.2271482621386,-99.2522598939062,
36.9999999999997));
#13350=CARTESIAN_POINT('Ctrl Pts',(-35.2271482621386,-99.2522598939062,
36.4999999999997));
#13351=CARTESIAN_POINT('Ctrl Pts',(-35.33498249,-99.4057387369767,36.9999999999997));
#13352=CARTESIAN_POINT('Ctrl Pts',(-35.33498249,-99.4057387369767,36.4999999999997));
#13353=CARTESIAN_POINT('Ctrl Pts',(-35.4915879005739,-99.5090531805007,
36.9999999999997));
#13354=CARTESIAN_POINT('Ctrl Pts',(-35.4915879005739,-99.5090531805007,
36.4999999999997));
#13355=CARTESIAN_POINT('Ctrl Pts',(-35.570617769961,-99.561190121029,36.9999999999997));
#13356=CARTESIAN_POINT('Ctrl Pts',(-35.570617769961,-99.561190121029,36.4999999999997));
#13357=CARTESIAN_POINT('',(-35.1737318536368,-99.1762331189162,36.9999999999997));
#13358=CARTESIAN_POINT('Ctrl Pts',(-35.1737318536368,-99.1762331189162,
36.9999999999997));
#13359=CARTESIAN_POINT('Ctrl Pts',(-35.2271482621386,-99.2522598939062,
36.9999999999997));
#13360=CARTESIAN_POINT('Ctrl Pts',(-35.33498249,-99.4057387369767,36.9999999999997));
#13361=CARTESIAN_POINT('Ctrl Pts',(-35.4915879005739,-99.5090531805007,
36.9999999999997));
#13362=CARTESIAN_POINT('Ctrl Pts',(-35.570617769961,-99.561190121029,36.9999999999997));
#13363=CARTESIAN_POINT('',(-35.1737318536368,-99.1762331189162,36.4999999999997));
#13364=CARTESIAN_POINT('',(-35.1737318536368,-99.1762331189162,36.9999999999997));
#13365=CARTESIAN_POINT('Ctrl Pts',(-35.1737318536368,-99.1762331189162,
36.4999999999997));
#13366=CARTESIAN_POINT('Ctrl Pts',(-35.2271482621386,-99.2522598939062,
36.4999999999997));
#13367=CARTESIAN_POINT('Ctrl Pts',(-35.33498249,-99.4057387369767,36.4999999999997));
#13368=CARTESIAN_POINT('Ctrl Pts',(-35.4915879005739,-99.5090531805007,
36.4999999999997));
#13369=CARTESIAN_POINT('Ctrl Pts',(-35.570617769961,-99.561190121029,36.4999999999997));
#13370=CARTESIAN_POINT('Ctrl Pts',(-35.0221783929205,-98.604336543408,36.9999999999997));
#13371=CARTESIAN_POINT('Ctrl Pts',(-35.0221783929205,-98.604336543408,36.4999999999997));
#13372=CARTESIAN_POINT('Ctrl Pts',(-35.028701196688,-98.7093767637747,36.9999999999997));
#13373=CARTESIAN_POINT('Ctrl Pts',(-35.028701196688,-98.7093767637747,36.4999999999997));
#13374=CARTESIAN_POINT('Ctrl Pts',(-35.0411806107234,-98.910339485795,36.9999999999997));
#13375=CARTESIAN_POINT('Ctrl Pts',(-35.0411806107234,-98.910339485795,36.4999999999997));
#13376=CARTESIAN_POINT('Ctrl Pts',(-35.130905044474,-99.0903238838686,36.9999999999997));
#13377=CARTESIAN_POINT('Ctrl Pts',(-35.130905044474,-99.0903238838686,36.4999999999997));
#13378=CARTESIAN_POINT('Ctrl Pts',(-35.1737318536368,-99.1762331189162,
36.9999999999997));
#13379=CARTESIAN_POINT('Ctrl Pts',(-35.1737318536368,-99.1762331189162,
36.4999999999997));
#13380=CARTESIAN_POINT('',(-35.0221783929205,-98.604336543408,36.9999999999997));
#13381=CARTESIAN_POINT('Ctrl Pts',(-35.0221783929205,-98.604336543408,36.9999999999997));
#13382=CARTESIAN_POINT('Ctrl Pts',(-35.028701196688,-98.7093767637747,36.9999999999997));
#13383=CARTESIAN_POINT('Ctrl Pts',(-35.0411806107234,-98.910339485795,36.9999999999997));
#13384=CARTESIAN_POINT('Ctrl Pts',(-35.130905044474,-99.0903238838686,36.9999999999997));
#13385=CARTESIAN_POINT('Ctrl Pts',(-35.1737318536368,-99.1762331189162,
36.9999999999997));
#13386=CARTESIAN_POINT('',(-35.0221783929205,-98.604336543408,36.4999999999997));
#13387=CARTESIAN_POINT('',(-35.0221783929205,-98.604336543408,36.9999999999997));
#13388=CARTESIAN_POINT('Ctrl Pts',(-35.0221783929205,-98.604336543408,36.4999999999997));
#13389=CARTESIAN_POINT('Ctrl Pts',(-35.028701196688,-98.7093767637747,36.4999999999997));
#13390=CARTESIAN_POINT('Ctrl Pts',(-35.0411806107234,-98.910339485795,36.4999999999997));
#13391=CARTESIAN_POINT('Ctrl Pts',(-35.130905044474,-99.0903238838686,36.4999999999997));
#13392=CARTESIAN_POINT('Ctrl Pts',(-35.1737318536368,-99.1762331189162,
36.4999999999997));
#13393=CARTESIAN_POINT('Ctrl Pts',(-35.1968505405453,-97.9533020851741,
36.9999999999997));
#13394=CARTESIAN_POINT('Ctrl Pts',(-35.1968505405453,-97.9533020851741,
36.4999999999997));
#13395=CARTESIAN_POINT('Ctrl Pts',(-35.1443784578804,-98.0502710623307,
36.9999999999997));
#13396=CARTESIAN_POINT('Ctrl Pts',(-35.1443784578804,-98.0502710623307,
36.4999999999997));
#13397=CARTESIAN_POINT('Ctrl Pts',(-35.0346333706319,-98.2530811723547,
36.9999999999997));
#13398=CARTESIAN_POINT('Ctrl Pts',(-35.0346333706319,-98.2530811723547,
36.4999999999997));
#13399=CARTESIAN_POINT('Ctrl Pts',(-35.026449391276,-98.4838858170484,36.9999999999997));
#13400=CARTESIAN_POINT('Ctrl Pts',(-35.026449391276,-98.4838858170484,36.4999999999997));
#13401=CARTESIAN_POINT('Ctrl Pts',(-35.0221783929205,-98.604336543408,36.9999999999997));
#13402=CARTESIAN_POINT('Ctrl Pts',(-35.0221783929205,-98.604336543408,36.4999999999997));
#13403=CARTESIAN_POINT('',(-35.1968505405453,-97.9533020851741,36.9999999999997));
#13404=CARTESIAN_POINT('Ctrl Pts',(-35.1968505405453,-97.9533020851741,
36.9999999999997));
#13405=CARTESIAN_POINT('Ctrl Pts',(-35.1443784578804,-98.0502710623307,
36.9999999999997));
#13406=CARTESIAN_POINT('Ctrl Pts',(-35.0346333706319,-98.2530811723547,
36.9999999999997));
#13407=CARTESIAN_POINT('Ctrl Pts',(-35.026449391276,-98.4838858170484,36.9999999999997));
#13408=CARTESIAN_POINT('Ctrl Pts',(-35.0221783929205,-98.604336543408,36.9999999999997));
#13409=CARTESIAN_POINT('',(-35.1968505405453,-97.9533020851741,36.4999999999997));
#13410=CARTESIAN_POINT('',(-35.1968505405453,-97.9533020851741,36.9999999999997));
#13411=CARTESIAN_POINT('Ctrl Pts',(-35.1968505405453,-97.9533020851741,
36.4999999999997));
#13412=CARTESIAN_POINT('Ctrl Pts',(-35.1443784578804,-98.0502710623307,
36.4999999999997));
#13413=CARTESIAN_POINT('Ctrl Pts',(-35.0346333706319,-98.2530811723547,
36.4999999999997));
#13414=CARTESIAN_POINT('Ctrl Pts',(-35.026449391276,-98.4838858170484,36.4999999999997));
#13415=CARTESIAN_POINT('Ctrl Pts',(-35.0221783929205,-98.604336543408,36.4999999999997));
#13416=CARTESIAN_POINT('Ctrl Pts',(-35.6790946382215,-97.5809265629442,
36.9999999999997));
#13417=CARTESIAN_POINT('Ctrl Pts',(-35.6790946382215,-97.5809265629442,
36.4999999999997));
#13418=CARTESIAN_POINT('Ctrl Pts',(-35.5835573436051,-97.622484898884,36.9999999999997));
#13419=CARTESIAN_POINT('Ctrl Pts',(-35.5835573436051,-97.622484898884,36.4999999999997));
#13420=CARTESIAN_POINT('Ctrl Pts',(-35.3915211369917,-97.7060198704268,
36.9999999999997));
#13421=CARTESIAN_POINT('Ctrl Pts',(-35.3915211369917,-97.7060198704268,
36.4999999999997));
#13422=CARTESIAN_POINT('Ctrl Pts',(-35.2619570026126,-97.8705999697635,
36.9999999999997));
#13423=CARTESIAN_POINT('Ctrl Pts',(-35.2619570026126,-97.8705999697635,
36.4999999999997));
#13424=CARTESIAN_POINT('Ctrl Pts',(-35.1968505405453,-97.9533020851741,
36.9999999999997));
#13425=CARTESIAN_POINT('Ctrl Pts',(-35.1968505405453,-97.9533020851741,
36.4999999999997));
#13426=CARTESIAN_POINT('',(-35.6790946382215,-97.5809265629442,36.9999999999997));
#13427=CARTESIAN_POINT('Ctrl Pts',(-35.6790946382215,-97.5809265629442,
36.9999999999997));
#13428=CARTESIAN_POINT('Ctrl Pts',(-35.5835573436051,-97.622484898884,36.9999999999997));
#13429=CARTESIAN_POINT('Ctrl Pts',(-35.3915211369917,-97.7060198704268,
36.9999999999997));
#13430=CARTESIAN_POINT('Ctrl Pts',(-35.2619570026126,-97.8705999697635,
36.9999999999997));
#13431=CARTESIAN_POINT('Ctrl Pts',(-35.1968505405453,-97.9533020851741,
36.9999999999997));
#13432=CARTESIAN_POINT('',(-35.6790946382215,-97.5809265629442,36.4999999999997));
#13433=CARTESIAN_POINT('',(-35.6790946382215,-97.5809265629442,36.9999999999997));
#13434=CARTESIAN_POINT('Ctrl Pts',(-35.6790946382215,-97.5809265629442,
36.4999999999997));
#13435=CARTESIAN_POINT('Ctrl Pts',(-35.5835573436051,-97.622484898884,36.4999999999997));
#13436=CARTESIAN_POINT('Ctrl Pts',(-35.3915211369917,-97.7060198704268,
36.4999999999997));
#13437=CARTESIAN_POINT('Ctrl Pts',(-35.2619570026126,-97.8705999697635,
36.4999999999997));
#13438=CARTESIAN_POINT('Ctrl Pts',(-35.1968505405453,-97.9533020851741,
36.4999999999997));
#13439=CARTESIAN_POINT('Ctrl Pts',(-36.5531812209311,-97.4680641603248,
36.9999999999997));
#13440=CARTESIAN_POINT('Ctrl Pts',(-36.5531812209311,-97.4680641603248,
36.4999999999997));
#13441=CARTESIAN_POINT('Ctrl Pts',(-36.3838668362775,-97.4720045543131,
36.9999999999997));
#13442=CARTESIAN_POINT('Ctrl Pts',(-36.3838668362775,-97.4720045543131,
36.4999999999997));
#13443=CARTESIAN_POINT('Ctrl Pts',(-36.0881988792704,-97.4788855304494,
36.9999999999997));
#13444=CARTESIAN_POINT('Ctrl Pts',(-36.0881988792704,-97.4788855304494,
36.4999999999997));
#13445=CARTESIAN_POINT('Ctrl Pts',(-35.801580764462,-97.5503753988794,36.9999999999997));
#13446=CARTESIAN_POINT('Ctrl Pts',(-35.801580764462,-97.5503753988794,36.4999999999997));
#13447=CARTESIAN_POINT('Ctrl Pts',(-35.6790946382215,-97.5809265629442,
36.9999999999997));
#13448=CARTESIAN_POINT('Ctrl Pts',(-35.6790946382215,-97.5809265629442,
36.4999999999997));
#13449=CARTESIAN_POINT('',(-36.5531812209311,-97.4680641603248,36.9999999999997));
#13450=CARTESIAN_POINT('Ctrl Pts',(-36.5531812209311,-97.4680641603248,
36.9999999999997));
#13451=CARTESIAN_POINT('Ctrl Pts',(-36.3838668362775,-97.4720045543131,
36.9999999999997));
#13452=CARTESIAN_POINT('Ctrl Pts',(-36.0881988792704,-97.4788855304494,
36.9999999999997));
#13453=CARTESIAN_POINT('Ctrl Pts',(-35.801580764462,-97.5503753988794,36.9999999999997));
#13454=CARTESIAN_POINT('Ctrl Pts',(-35.6790946382215,-97.5809265629442,
36.9999999999997));
#13455=CARTESIAN_POINT('',(-36.5531812209311,-97.4680641603248,36.4999999999997));
#13456=CARTESIAN_POINT('',(-36.5531812209311,-97.4680641603248,36.9999999999997));
#13457=CARTESIAN_POINT('Ctrl Pts',(-36.5531812209311,-97.4680641603248,
36.4999999999997));
#13458=CARTESIAN_POINT('Ctrl Pts',(-36.3838668362775,-97.4720045543131,
36.4999999999997));
#13459=CARTESIAN_POINT('Ctrl Pts',(-36.0881988792704,-97.4788855304494,
36.4999999999997));
#13460=CARTESIAN_POINT('Ctrl Pts',(-35.801580764462,-97.5503753988794,36.4999999999997));
#13461=CARTESIAN_POINT('Ctrl Pts',(-35.6790946382215,-97.5809265629442,
36.4999999999997));
#13462=CARTESIAN_POINT('Origin',(-38.6129201451356,-97.4336068020021,36.9999999999997));
#13463=CARTESIAN_POINT('',(-38.6129201451356,-97.4336068020021,36.9999999999997));
#13464=CARTESIAN_POINT('',(-17.7037208308052,-97.7833966537882,36.9999999999997));
#13465=CARTESIAN_POINT('',(-38.6129201451356,-97.4336068020021,36.4999999999997));
#13466=CARTESIAN_POINT('',(-38.6129201451356,-97.4336068020021,36.9999999999997));
#13467=CARTESIAN_POINT('',(-38.6129201451356,-97.4336068020021,36.4999999999997));
#13468=CARTESIAN_POINT('Origin',(-38.6798267521266,-101.433046962649,36.9999999999997));
#13469=CARTESIAN_POINT('',(-38.6798267521266,-101.433046962649,36.9999999999997));
#13470=CARTESIAN_POINT('',(-39.0008200448823,-120.620889898968,36.9999999999997));
#13471=CARTESIAN_POINT('',(-38.6798267521266,-101.433046962649,36.4999999999997));
#13472=CARTESIAN_POINT('',(-38.6798267521266,-101.433046962649,36.9999999999997));
#13473=CARTESIAN_POINT('',(-38.6798267521266,-101.433046962649,36.4999999999997));
#13474=CARTESIAN_POINT('Origin',(-37.4385262830496,-101.453812669674,36.9999999999997));
#13475=CARTESIAN_POINT('',(-17.1499772032577,-101.793219667947,36.9999999999997));
#13476=CARTESIAN_POINT('',(-37.4385262830496,-101.453812669674,36.4999999999997));
#13477=CARTESIAN_POINT('Origin',(-44.7520925486335,-99.8921801938817,36.4999999999997));
#13478=CARTESIAN_POINT('Ctrl Pts',(-27.9912662446019,-99.0057621217739,
36.9999999999997));
#13479=CARTESIAN_POINT('Ctrl Pts',(-27.9912662446019,-99.0057621217739,
36.4999999999997));
#13480=CARTESIAN_POINT('Ctrl Pts',(-28.0514835386496,-98.7691673837722,
36.9999999999997));
#13481=CARTESIAN_POINT('Ctrl Pts',(-28.0514835386496,-98.7691673837722,
36.4999999999997));
#13482=CARTESIAN_POINT('Ctrl Pts',(-28.1792968447582,-98.2669868034233,
36.9999999999997));
#13483=CARTESIAN_POINT('Ctrl Pts',(-28.1792968447582,-98.2669868034233,
36.4999999999997));
#13484=CARTESIAN_POINT('Ctrl Pts',(-28.377564585314,-97.7881157805742,36.9999999999997));
#13485=CARTESIAN_POINT('Ctrl Pts',(-28.377564585314,-97.7881157805742,36.4999999999997));
#13486=CARTESIAN_POINT('Ctrl Pts',(-28.4824214972424,-97.534857552447,36.9999999999997));
#13487=CARTESIAN_POINT('Ctrl Pts',(-28.4824214972424,-97.534857552447,36.4999999999997));
#13488=CARTESIAN_POINT('',(-27.9912662446019,-99.0057621217739,36.9999999999997));
#13489=CARTESIAN_POINT('',(-28.4824214972424,-97.534857552447,36.9999999999997));
#13490=CARTESIAN_POINT('Ctrl Pts',(-27.9912662446019,-99.0057621217739,
36.9999999999997));
#13491=CARTESIAN_POINT('Ctrl Pts',(-28.0514835386496,-98.7691673837722,
36.9999999999997));
#13492=CARTESIAN_POINT('Ctrl Pts',(-28.1792968447582,-98.2669868034233,
36.9999999999997));
#13493=CARTESIAN_POINT('Ctrl Pts',(-28.377564585314,-97.7881157805742,36.9999999999997));
#13494=CARTESIAN_POINT('Ctrl Pts',(-28.4824214972424,-97.534857552447,36.9999999999997));
#13495=CARTESIAN_POINT('',(-27.9912662446019,-99.0057621217739,36.4999999999997));
#13496=CARTESIAN_POINT('',(-27.9912662446019,-99.0057621217739,36.9999999999997));
#13497=CARTESIAN_POINT('',(-28.4824214972424,-97.534857552447,36.4999999999997));
#13498=CARTESIAN_POINT('Ctrl Pts',(-27.9912662446019,-99.0057621217739,
36.4999999999997));
#13499=CARTESIAN_POINT('Ctrl Pts',(-28.0514835386496,-98.7691673837722,
36.4999999999997));
#13500=CARTESIAN_POINT('Ctrl Pts',(-28.1792968447582,-98.2669868034233,
36.4999999999997));
#13501=CARTESIAN_POINT('Ctrl Pts',(-28.377564585314,-97.7881157805742,36.4999999999997));
#13502=CARTESIAN_POINT('Ctrl Pts',(-28.4824214972424,-97.534857552447,36.4999999999997));
#13503=CARTESIAN_POINT('',(-28.4824214972424,-97.534857552447,36.9999999999997));
#13504=CARTESIAN_POINT('Ctrl Pts',(-27.8779442750055,-100.224744000739,
36.9999999999997));
#13505=CARTESIAN_POINT('Ctrl Pts',(-27.8779442750055,-100.224744000739,
36.4999999999997));
#13506=CARTESIAN_POINT('Ctrl Pts',(-27.8794248052391,-100.014819280973,
36.9999999999997));
#13507=CARTESIAN_POINT('Ctrl Pts',(-27.8794248052391,-100.014819280973,
36.4999999999997));
#13508=CARTESIAN_POINT('Ctrl Pts',(-27.8823137284989,-99.6051981925327,
36.9999999999997));
#13509=CARTESIAN_POINT('Ctrl Pts',(-27.8823137284989,-99.6051981925327,
36.4999999999997));
#13510=CARTESIAN_POINT('Ctrl Pts',(-27.9555583856367,-99.2022199865295,
36.9999999999997));
#13511=CARTESIAN_POINT('Ctrl Pts',(-27.9555583856367,-99.2022199865295,
36.4999999999997));
#13512=CARTESIAN_POINT('Ctrl Pts',(-27.9912662446019,-99.0057621217739,
36.9999999999997));
#13513=CARTESIAN_POINT('Ctrl Pts',(-27.9912662446019,-99.0057621217739,
36.4999999999997));
#13514=CARTESIAN_POINT('',(-27.8779442750055,-100.224744000739,36.9999999999997));
#13515=CARTESIAN_POINT('Ctrl Pts',(-27.8779442750055,-100.224744000739,
36.9999999999997));
#13516=CARTESIAN_POINT('Ctrl Pts',(-27.8794248052391,-100.014819280973,
36.9999999999997));
#13517=CARTESIAN_POINT('Ctrl Pts',(-27.8823137284989,-99.6051981925327,
36.9999999999997));
#13518=CARTESIAN_POINT('Ctrl Pts',(-27.9555583856367,-99.2022199865295,
36.9999999999997));
#13519=CARTESIAN_POINT('Ctrl Pts',(-27.9912662446019,-99.0057621217739,
36.9999999999997));
#13520=CARTESIAN_POINT('',(-27.8779442750055,-100.224744000739,36.4999999999997));
#13521=CARTESIAN_POINT('',(-27.8779442750055,-100.224744000739,36.9999999999997));
#13522=CARTESIAN_POINT('Ctrl Pts',(-27.8779442750055,-100.224744000739,
36.4999999999997));
#13523=CARTESIAN_POINT('Ctrl Pts',(-27.8794248052391,-100.014819280973,
36.4999999999997));
#13524=CARTESIAN_POINT('Ctrl Pts',(-27.8823137284989,-99.6051981925327,
36.4999999999997));
#13525=CARTESIAN_POINT('Ctrl Pts',(-27.9555583856367,-99.2022199865295,
36.4999999999997));
#13526=CARTESIAN_POINT('Ctrl Pts',(-27.9912662446019,-99.0057621217739,
36.4999999999997));
#13527=CARTESIAN_POINT('Ctrl Pts',(-28.570139453287,-102.778326501063,36.9999999999997));
#13528=CARTESIAN_POINT('Ctrl Pts',(-28.570139453287,-102.778326501063,36.4999999999997));
#13529=CARTESIAN_POINT('Ctrl Pts',(-28.373728205105,-102.354857052516,36.9999999999997));
#13530=CARTESIAN_POINT('Ctrl Pts',(-28.373728205105,-102.354857052516,36.4999999999997));
#13531=CARTESIAN_POINT('Ctrl Pts',(-27.9969372980454,-101.54248281679,36.9999999999997));
#13532=CARTESIAN_POINT('Ctrl Pts',(-27.9969372980454,-101.54248281679,36.4999999999997));
#13533=CARTESIAN_POINT('Ctrl Pts',(-27.9164673453487,-100.651351744687,
36.9999999999997));
#13534=CARTESIAN_POINT('Ctrl Pts',(-27.9164673453487,-100.651351744687,
36.4999999999997));
#13535=CARTESIAN_POINT('Ctrl Pts',(-27.8779442750055,-100.224744000739,
36.9999999999997));
#13536=CARTESIAN_POINT('Ctrl Pts',(-27.8779442750055,-100.224744000739,
36.4999999999997));
#13537=CARTESIAN_POINT('',(-28.570139453287,-102.778326501063,36.9999999999997));
#13538=CARTESIAN_POINT('Ctrl Pts',(-28.570139453287,-102.778326501063,36.9999999999997));
#13539=CARTESIAN_POINT('Ctrl Pts',(-28.373728205105,-102.354857052516,36.9999999999997));
#13540=CARTESIAN_POINT('Ctrl Pts',(-27.9969372980454,-101.54248281679,36.9999999999997));
#13541=CARTESIAN_POINT('Ctrl Pts',(-27.9164673453487,-100.651351744687,
36.9999999999997));
#13542=CARTESIAN_POINT('Ctrl Pts',(-27.8779442750055,-100.224744000739,
36.9999999999997));
#13543=CARTESIAN_POINT('',(-28.570139453287,-102.778326501063,36.4999999999997));
#13544=CARTESIAN_POINT('',(-28.570139453287,-102.778326501063,36.9999999999997));
#13545=CARTESIAN_POINT('Ctrl Pts',(-28.570139453287,-102.778326501063,36.4999999999997));
#13546=CARTESIAN_POINT('Ctrl Pts',(-28.373728205105,-102.354857052516,36.4999999999997));
#13547=CARTESIAN_POINT('Ctrl Pts',(-27.9969372980454,-101.54248281679,36.4999999999997));
#13548=CARTESIAN_POINT('Ctrl Pts',(-27.9164673453487,-100.651351744687,
36.4999999999997));
#13549=CARTESIAN_POINT('Ctrl Pts',(-27.8779442750055,-100.224744000739,
36.4999999999997));
#13550=CARTESIAN_POINT('Origin',(-27.8771941317797,-102.789918778589,36.9999999999997));
#13551=CARTESIAN_POINT('',(-27.8771941317797,-102.789918778589,36.9999999999997));
#13552=CARTESIAN_POINT('',(-12.3791463166787,-103.049185514092,36.9999999999997));
#13553=CARTESIAN_POINT('',(-27.8771941317797,-102.789918778589,36.4999999999997));
#13554=CARTESIAN_POINT('',(-27.8771941317797,-102.789918778589,36.9999999999997));
#13555=CARTESIAN_POINT('',(-28.570139453287,-102.778326501063,36.4999999999997));
#13556=CARTESIAN_POINT('Ctrl Pts',(-27.1110725269789,-101.44510910932,36.9999999999997));
#13557=CARTESIAN_POINT('Ctrl Pts',(-27.1110725269789,-101.44510910932,36.4999999999997));
#13558=CARTESIAN_POINT('Ctrl Pts',(-27.2059939650627,-101.661290427689,
36.9999999999997));
#13559=CARTESIAN_POINT('Ctrl Pts',(-27.2059939650627,-101.661290427689,
36.4999999999997));
#13560=CARTESIAN_POINT('Ctrl Pts',(-27.4144048273415,-102.135941211321,
36.9999999999997));
#13561=CARTESIAN_POINT('Ctrl Pts',(-27.4144048273415,-102.135941211321,
36.4999999999997));
#13562=CARTESIAN_POINT('Ctrl Pts',(-27.7140327619665,-102.559351920887,
36.9999999999997));
#13563=CARTESIAN_POINT('Ctrl Pts',(-27.7140327619665,-102.559351920887,
36.4999999999997));
#13564=CARTESIAN_POINT('Ctrl Pts',(-27.8771941317797,-102.789918778589,
36.9999999999997));
#13565=CARTESIAN_POINT('Ctrl Pts',(-27.8771941317797,-102.789918778589,
36.4999999999997));
#13566=CARTESIAN_POINT('',(-27.1110725269789,-101.44510910932,36.9999999999997));
#13567=CARTESIAN_POINT('Ctrl Pts',(-27.1110725269789,-101.44510910932,36.9999999999997));
#13568=CARTESIAN_POINT('Ctrl Pts',(-27.2059939650627,-101.661290427689,
36.9999999999997));
#13569=CARTESIAN_POINT('Ctrl Pts',(-27.4144048273415,-102.135941211321,
36.9999999999997));
#13570=CARTESIAN_POINT('Ctrl Pts',(-27.7140327619665,-102.559351920887,
36.9999999999997));
#13571=CARTESIAN_POINT('Ctrl Pts',(-27.8771941317797,-102.789918778589,
36.9999999999997));
#13572=CARTESIAN_POINT('',(-27.1110725269789,-101.44510910932,36.4999999999997));
#13573=CARTESIAN_POINT('',(-27.1110725269789,-101.44510910932,36.9999999999997));
#13574=CARTESIAN_POINT('Ctrl Pts',(-27.1110725269789,-101.44510910932,36.4999999999997));
#13575=CARTESIAN_POINT('Ctrl Pts',(-27.2059939650627,-101.661290427689,
36.4999999999997));
#13576=CARTESIAN_POINT('Ctrl Pts',(-27.4144048273415,-102.135941211321,
36.4999999999997));
#13577=CARTESIAN_POINT('Ctrl Pts',(-27.7140327619665,-102.559351920887,
36.4999999999997));
#13578=CARTESIAN_POINT('Ctrl Pts',(-27.8771941317797,-102.789918778589,
36.4999999999997));
#13579=CARTESIAN_POINT('Ctrl Pts',(-26.8756262363922,-100.176018562874,
36.9999999999997));
#13580=CARTESIAN_POINT('Ctrl Pts',(-26.8756262363922,-100.176018562874,
36.4999999999997));
#13581=CARTESIAN_POINT('Ctrl Pts',(-26.8878967041207,-100.394435161239,
36.9999999999997));
#13582=CARTESIAN_POINT('Ctrl Pts',(-26.8878967041207,-100.394435161239,
36.4999999999997));
#13583=CARTESIAN_POINT('Ctrl Pts',(-26.9122288895707,-100.827552569179,
36.9999999999997));
#13584=CARTESIAN_POINT('Ctrl Pts',(-26.9122288895707,-100.827552569179,
36.4999999999997));
#13585=CARTESIAN_POINT('Ctrl Pts',(-27.0451714936703,-101.240437666711,
36.9999999999997));
#13586=CARTESIAN_POINT('Ctrl Pts',(-27.0451714936703,-101.240437666711,
36.4999999999997));
#13587=CARTESIAN_POINT('Ctrl Pts',(-27.1110725269789,-101.44510910932,36.9999999999997));
#13588=CARTESIAN_POINT('Ctrl Pts',(-27.1110725269789,-101.44510910932,36.4999999999997));
#13589=CARTESIAN_POINT('',(-26.8756262363922,-100.176018562874,36.9999999999997));
#13590=CARTESIAN_POINT('Ctrl Pts',(-26.8756262363922,-100.176018562874,
36.9999999999997));
#13591=CARTESIAN_POINT('Ctrl Pts',(-26.8878967041207,-100.394435161239,
36.9999999999997));
#13592=CARTESIAN_POINT('Ctrl Pts',(-26.9122288895707,-100.827552569179,
36.9999999999997));
#13593=CARTESIAN_POINT('Ctrl Pts',(-27.0451714936703,-101.240437666711,
36.9999999999997));
#13594=CARTESIAN_POINT('Ctrl Pts',(-27.1110725269789,-101.44510910932,36.9999999999997));
#13595=CARTESIAN_POINT('',(-26.8756262363922,-100.176018562874,36.4999999999997));
#13596=CARTESIAN_POINT('',(-26.8756262363922,-100.176018562874,36.9999999999997));
#13597=CARTESIAN_POINT('Ctrl Pts',(-26.8756262363922,-100.176018562874,
36.4999999999997));
#13598=CARTESIAN_POINT('Ctrl Pts',(-26.8878967041207,-100.394435161239,
36.4999999999997));
#13599=CARTESIAN_POINT('Ctrl Pts',(-26.9122288895707,-100.827552569179,
36.4999999999997));
#13600=CARTESIAN_POINT('Ctrl Pts',(-27.0451714936703,-101.240437666711,
36.4999999999997));
#13601=CARTESIAN_POINT('Ctrl Pts',(-27.1110725269789,-101.44510910932,36.4999999999997));
#13602=CARTESIAN_POINT('Ctrl Pts',(-27.078742961993,-98.8600225840518,36.9999999999997));
#13603=CARTESIAN_POINT('Ctrl Pts',(-27.078742961993,-98.8600225840518,36.4999999999997));
#13604=CARTESIAN_POINT('Ctrl Pts',(-27.0166372000184,-99.0725252980985,
36.9999999999997));
#13605=CARTESIAN_POINT('Ctrl Pts',(-27.0166372000184,-99.0725252980985,
36.4999999999997));
#13606=CARTESIAN_POINT('Ctrl Pts',(-26.8910604380952,-99.502202060471,36.9999999999997));
#13607=CARTESIAN_POINT('Ctrl Pts',(-26.8910604380952,-99.502202060471,36.4999999999997));
#13608=CARTESIAN_POINT('Ctrl Pts',(-26.8808081237935,-99.9497910383266,
36.9999999999997));
#13609=CARTESIAN_POINT('Ctrl Pts',(-26.8808081237935,-99.9497910383266,
36.4999999999997));
#13610=CARTESIAN_POINT('Ctrl Pts',(-26.8756262363922,-100.176018562874,
36.9999999999997));
#13611=CARTESIAN_POINT('Ctrl Pts',(-26.8756262363922,-100.176018562874,
36.4999999999997));
#13612=CARTESIAN_POINT('',(-27.078742961993,-98.8600225840518,36.9999999999997));
#13613=CARTESIAN_POINT('Ctrl Pts',(-27.078742961993,-98.8600225840518,36.9999999999997));
#13614=CARTESIAN_POINT('Ctrl Pts',(-27.0166372000184,-99.0725252980985,
36.9999999999997));
#13615=CARTESIAN_POINT('Ctrl Pts',(-26.8910604380952,-99.502202060471,36.9999999999997));
#13616=CARTESIAN_POINT('Ctrl Pts',(-26.8808081237935,-99.9497910383266,
36.9999999999997));
#13617=CARTESIAN_POINT('Ctrl Pts',(-26.8756262363922,-100.176018562874,
36.9999999999997));
#13618=CARTESIAN_POINT('',(-27.078742961993,-98.8600225840518,36.4999999999997));
#13619=CARTESIAN_POINT('',(-27.078742961993,-98.8600225840518,36.9999999999997));
#13620=CARTESIAN_POINT('Ctrl Pts',(-27.078742961993,-98.8600225840518,36.4999999999997));
#13621=CARTESIAN_POINT('Ctrl Pts',(-27.0166372000184,-99.0725252980985,
36.4999999999997));
#13622=CARTESIAN_POINT('Ctrl Pts',(-26.8910604380952,-99.502202060471,36.4999999999997));
#13623=CARTESIAN_POINT('Ctrl Pts',(-26.8808081237935,-99.9497910383266,
36.4999999999997));
#13624=CARTESIAN_POINT('Ctrl Pts',(-26.8756262363922,-100.176018562874,
36.4999999999997));
#13625=CARTESIAN_POINT('Ctrl Pts',(-27.7894761757351,-97.5464498299734,
36.9999999999997));
#13626=CARTESIAN_POINT('Ctrl Pts',(-27.7894761757351,-97.5464498299734,
36.4999999999997));
#13627=CARTESIAN_POINT('Ctrl Pts',(-27.6384901932476,-97.7656873725888,
36.9999999999997));
#13628=CARTESIAN_POINT('Ctrl Pts',(-27.6384901932476,-97.7656873725888,
36.4999999999997));
#13629=CARTESIAN_POINT('Ctrl Pts',(-27.3543496217948,-98.1782705781044,
36.9999999999997));
#13630=CARTESIAN_POINT('Ctrl Pts',(-27.3543496217948,-98.1782705781044,
36.4999999999997));
#13631=CARTESIAN_POINT('Ctrl Pts',(-27.1666862093224,-98.6424825386863,
36.9999999999997));
#13632=CARTESIAN_POINT('Ctrl Pts',(-27.1666862093224,-98.6424825386863,
36.4999999999997));
#13633=CARTESIAN_POINT('Ctrl Pts',(-27.078742961993,-98.8600225840518,36.9999999999997));
#13634=CARTESIAN_POINT('Ctrl Pts',(-27.078742961993,-98.8600225840518,36.4999999999997));
#13635=CARTESIAN_POINT('',(-27.7894761757351,-97.5464498299734,36.9999999999997));
#13636=CARTESIAN_POINT('Ctrl Pts',(-27.7894761757351,-97.5464498299734,
36.9999999999997));
#13637=CARTESIAN_POINT('Ctrl Pts',(-27.6384901932476,-97.7656873725888,
36.9999999999997));
#13638=CARTESIAN_POINT('Ctrl Pts',(-27.3543496217948,-98.1782705781044,
36.9999999999997));
#13639=CARTESIAN_POINT('Ctrl Pts',(-27.1666862093224,-98.6424825386863,
36.9999999999997));
#13640=CARTESIAN_POINT('Ctrl Pts',(-27.078742961993,-98.8600225840518,36.9999999999997));
#13641=CARTESIAN_POINT('',(-27.7894761757351,-97.5464498299734,36.4999999999997));
#13642=CARTESIAN_POINT('',(-27.7894761757351,-97.5464498299734,36.9999999999997));
#13643=CARTESIAN_POINT('Ctrl Pts',(-27.7894761757351,-97.5464498299734,
36.4999999999997));
#13644=CARTESIAN_POINT('Ctrl Pts',(-27.6384901932476,-97.7656873725888,
36.4999999999997));
#13645=CARTESIAN_POINT('Ctrl Pts',(-27.3543496217948,-98.1782705781044,
36.4999999999997));
#13646=CARTESIAN_POINT('Ctrl Pts',(-27.1666862093224,-98.6424825386863,
36.4999999999997));
#13647=CARTESIAN_POINT('Ctrl Pts',(-27.078742961993,-98.8600225840518,36.4999999999997));
#13648=CARTESIAN_POINT('Origin',(-28.4824214972424,-97.534857552447,36.9999999999997));
#13649=CARTESIAN_POINT('',(-12.6379010213878,-97.7999204267138,36.9999999999997));
#13650=CARTESIAN_POINT('',(-27.7894761757351,-97.5464498299734,36.4999999999997));
#13651=CARTESIAN_POINT('Origin',(-44.7520925486335,-99.8921801938817,36.4999999999997));
#13652=CARTESIAN_POINT('Ctrl Pts',(-25.7860932627659,-99.0426524454483,
36.9999999999997));
#13653=CARTESIAN_POINT('Ctrl Pts',(-25.7860932627659,-99.0426524454483,
36.4999999999997));
#13654=CARTESIAN_POINT('Ctrl Pts',(-25.8463105568136,-98.8060577074466,
36.9999999999997));
#13655=CARTESIAN_POINT('Ctrl Pts',(-25.8463105568136,-98.8060577074466,
36.4999999999997));
#13656=CARTESIAN_POINT('Ctrl Pts',(-25.9741238629222,-98.3038771270978,
36.9999999999997));
#13657=CARTESIAN_POINT('Ctrl Pts',(-25.9741238629222,-98.3038771270978,
36.4999999999997));
#13658=CARTESIAN_POINT('Ctrl Pts',(-26.172391603478,-97.8250061042486,36.9999999999997));
#13659=CARTESIAN_POINT('Ctrl Pts',(-26.172391603478,-97.8250061042486,36.4999999999997));
#13660=CARTESIAN_POINT('Ctrl Pts',(-26.2772485154064,-97.5717478761215,
36.9999999999997));
#13661=CARTESIAN_POINT('Ctrl Pts',(-26.2772485154064,-97.5717478761215,
36.4999999999997));
#13662=CARTESIAN_POINT('',(-25.7860932627659,-99.0426524454483,36.9999999999997));
#13663=CARTESIAN_POINT('',(-26.2772485154064,-97.5717478761215,36.9999999999997));
#13664=CARTESIAN_POINT('Ctrl Pts',(-25.7860932627659,-99.0426524454483,
36.9999999999997));
#13665=CARTESIAN_POINT('Ctrl Pts',(-25.8463105568136,-98.8060577074466,
36.9999999999997));
#13666=CARTESIAN_POINT('Ctrl Pts',(-25.9741238629222,-98.3038771270978,
36.9999999999997));
#13667=CARTESIAN_POINT('Ctrl Pts',(-26.172391603478,-97.8250061042486,36.9999999999997));
#13668=CARTESIAN_POINT('Ctrl Pts',(-26.2772485154064,-97.5717478761215,
36.9999999999997));
#13669=CARTESIAN_POINT('',(-25.7860932627659,-99.0426524454483,36.4999999999997));
#13670=CARTESIAN_POINT('',(-25.7860932627659,-99.0426524454483,36.9999999999997));
#13671=CARTESIAN_POINT('',(-26.2772485154064,-97.5717478761215,36.4999999999997));
#13672=CARTESIAN_POINT('Ctrl Pts',(-25.7860932627659,-99.0426524454483,
36.4999999999997));
#13673=CARTESIAN_POINT('Ctrl Pts',(-25.8463105568136,-98.8060577074466,
36.4999999999997));
#13674=CARTESIAN_POINT('Ctrl Pts',(-25.9741238629222,-98.3038771270978,
36.4999999999997));
#13675=CARTESIAN_POINT('Ctrl Pts',(-26.172391603478,-97.8250061042486,36.4999999999997));
#13676=CARTESIAN_POINT('Ctrl Pts',(-26.2772485154064,-97.5717478761215,
36.4999999999997));
#13677=CARTESIAN_POINT('',(-26.2772485154064,-97.5717478761215,36.9999999999997));
#13678=CARTESIAN_POINT('Ctrl Pts',(-25.6727712931695,-100.261634324413,
36.9999999999997));
#13679=CARTESIAN_POINT('Ctrl Pts',(-25.6727712931695,-100.261634324413,
36.4999999999997));
#13680=CARTESIAN_POINT('Ctrl Pts',(-25.6742542285928,-100.051709655992,
36.9999999999997));
#13681=CARTESIAN_POINT('Ctrl Pts',(-25.6742542285928,-100.051709655992,
36.4999999999997));
#13682=CARTESIAN_POINT('Ctrl Pts',(-25.6771478425854,-99.6420890154828,
36.9999999999997));
#13683=CARTESIAN_POINT('Ctrl Pts',(-25.6771478425854,-99.6420890154828,
36.4999999999997));
#13684=CARTESIAN_POINT('Ctrl Pts',(-25.750387750824,-99.239110355972,36.9999999999997));
#13685=CARTESIAN_POINT('Ctrl Pts',(-25.750387750824,-99.239110355972,36.4999999999997));
#13686=CARTESIAN_POINT('Ctrl Pts',(-25.7860932627659,-99.0426524454483,
36.9999999999997));
#13687=CARTESIAN_POINT('Ctrl Pts',(-25.7860932627659,-99.0426524454483,
36.4999999999997));
#13688=CARTESIAN_POINT('',(-25.6727712931695,-100.261634324413,36.9999999999997));
#13689=CARTESIAN_POINT('Ctrl Pts',(-25.6727712931695,-100.261634324413,
36.9999999999997));
#13690=CARTESIAN_POINT('Ctrl Pts',(-25.6742542285928,-100.051709655992,
36.9999999999997));
#13691=CARTESIAN_POINT('Ctrl Pts',(-25.6771478425854,-99.6420890154828,
36.9999999999997));
#13692=CARTESIAN_POINT('Ctrl Pts',(-25.750387750824,-99.239110355972,36.9999999999997));
#13693=CARTESIAN_POINT('Ctrl Pts',(-25.7860932627659,-99.0426524454483,
36.9999999999997));
#13694=CARTESIAN_POINT('',(-25.6727712931695,-100.261634324413,36.4999999999997));
#13695=CARTESIAN_POINT('',(-25.6727712931695,-100.261634324413,36.9999999999997));
#13696=CARTESIAN_POINT('Ctrl Pts',(-25.6727712931695,-100.261634324413,
36.4999999999997));
#13697=CARTESIAN_POINT('Ctrl Pts',(-25.6742542285928,-100.051709655992,
36.4999999999997));
#13698=CARTESIAN_POINT('Ctrl Pts',(-25.6771478425854,-99.6420890154828,
36.4999999999997));
#13699=CARTESIAN_POINT('Ctrl Pts',(-25.750387750824,-99.239110355972,36.4999999999997));
#13700=CARTESIAN_POINT('Ctrl Pts',(-25.7860932627659,-99.0426524454483,
36.4999999999997));
#13701=CARTESIAN_POINT('Ctrl Pts',(-26.3649664714509,-102.815216824737,
36.9999999999997));
#13702=CARTESIAN_POINT('Ctrl Pts',(-26.3649664714509,-102.815216824737,
36.4999999999997));
#13703=CARTESIAN_POINT('Ctrl Pts',(-26.168552776371,-102.391747623644,36.9999999999997));
#13704=CARTESIAN_POINT('Ctrl Pts',(-26.168552776371,-102.391747623644,36.4999999999997));
#13705=CARTESIAN_POINT('Ctrl Pts',(-25.7917574784591,-101.579374516374,
36.9999999999997));
#13706=CARTESIAN_POINT('Ctrl Pts',(-25.7917574784591,-101.579374516374,
36.4999999999997));
#13707=CARTESIAN_POINT('Ctrl Pts',(-25.7112921270173,-100.688242261003,
36.9999999999997));
#13708=CARTESIAN_POINT('Ctrl Pts',(-25.7112921270173,-100.688242261003,
36.4999999999997));
#13709=CARTESIAN_POINT('Ctrl Pts',(-25.6727712931695,-100.261634324413,
36.9999999999997));
#13710=CARTESIAN_POINT('Ctrl Pts',(-25.6727712931695,-100.261634324413,
36.4999999999997));
#13711=CARTESIAN_POINT('',(-26.3649664714509,-102.815216824737,36.9999999999997));
#13712=CARTESIAN_POINT('Ctrl Pts',(-26.3649664714509,-102.815216824737,
36.9999999999997));
#13713=CARTESIAN_POINT('Ctrl Pts',(-26.168552776371,-102.391747623644,36.9999999999997));
#13714=CARTESIAN_POINT('Ctrl Pts',(-25.7917574784591,-101.579374516374,
36.9999999999997));
#13715=CARTESIAN_POINT('Ctrl Pts',(-25.7112921270173,-100.688242261003,
36.9999999999997));
#13716=CARTESIAN_POINT('Ctrl Pts',(-25.6727712931695,-100.261634324413,
36.9999999999997));
#13717=CARTESIAN_POINT('',(-26.3649664714509,-102.815216824737,36.4999999999997));
#13718=CARTESIAN_POINT('',(-26.3649664714509,-102.815216824737,36.9999999999997));
#13719=CARTESIAN_POINT('Ctrl Pts',(-26.3649664714509,-102.815216824737,
36.4999999999997));
#13720=CARTESIAN_POINT('Ctrl Pts',(-26.168552776371,-102.391747623644,36.4999999999997));
#13721=CARTESIAN_POINT('Ctrl Pts',(-25.7917574784591,-101.579374516374,
36.4999999999997));
#13722=CARTESIAN_POINT('Ctrl Pts',(-25.7112921270173,-100.688242261003,
36.4999999999997));
#13723=CARTESIAN_POINT('Ctrl Pts',(-25.6727712931695,-100.261634324413,
36.4999999999997));
#13724=CARTESIAN_POINT('Origin',(-25.6720187660914,-102.826809142143,36.9999999999997));
#13725=CARTESIAN_POINT('',(-25.6720187660914,-102.826809142143,36.9999999999997));
#13726=CARTESIAN_POINT('',(-11.2765586338347,-103.067630695869,36.9999999999997));
#13727=CARTESIAN_POINT('',(-25.6720187660914,-102.826809142143,36.4999999999997));
#13728=CARTESIAN_POINT('',(-25.6720187660914,-102.826809142143,36.9999999999997));
#13729=CARTESIAN_POINT('',(-26.3649664714509,-102.815216824737,36.4999999999997));
#13730=CARTESIAN_POINT('Ctrl Pts',(-24.9058995451429,-101.481999432994,
36.9999999999997));
#13731=CARTESIAN_POINT('Ctrl Pts',(-24.9058995451429,-101.481999432994,
36.4999999999997));
#13732=CARTESIAN_POINT('Ctrl Pts',(-25.0008210852071,-101.698180684172,
36.9999999999997));
#13733=CARTESIAN_POINT('Ctrl Pts',(-25.0008210852071,-101.698180684172,
36.4999999999997));
#13734=CARTESIAN_POINT('Ctrl Pts',(-25.2092320005469,-102.172830931174,
36.9999999999997));
#13735=CARTESIAN_POINT('Ctrl Pts',(-25.2092320005469,-102.172830931174,
36.4999999999997));
#13736=CARTESIAN_POINT('Ctrl Pts',(-25.5088583638221,-102.596242159849,
36.9999999999997));
#13737=CARTESIAN_POINT('Ctrl Pts',(-25.5088583638221,-102.596242159849,
36.4999999999997));
#13738=CARTESIAN_POINT('Ctrl Pts',(-25.6720187660914,-102.826809142143,
36.9999999999997));
#13739=CARTESIAN_POINT('Ctrl Pts',(-25.6720187660914,-102.826809142143,
36.4999999999997));
#13740=CARTESIAN_POINT('',(-24.9058995451429,-101.481999432994,36.9999999999997));
#13741=CARTESIAN_POINT('Ctrl Pts',(-24.9058995451429,-101.481999432994,
36.9999999999997));
#13742=CARTESIAN_POINT('Ctrl Pts',(-25.0008210852071,-101.698180684172,
36.9999999999997));
#13743=CARTESIAN_POINT('Ctrl Pts',(-25.2092320005469,-102.172830931174,
36.9999999999997));
#13744=CARTESIAN_POINT('Ctrl Pts',(-25.5088583638221,-102.596242159849,
36.9999999999997));
#13745=CARTESIAN_POINT('Ctrl Pts',(-25.6720187660914,-102.826809142143,
36.9999999999997));
#13746=CARTESIAN_POINT('',(-24.9058995451429,-101.481999432994,36.4999999999997));
#13747=CARTESIAN_POINT('',(-24.9058995451429,-101.481999432994,36.9999999999997));
#13748=CARTESIAN_POINT('Ctrl Pts',(-24.9058995451429,-101.481999432994,
36.4999999999997));
#13749=CARTESIAN_POINT('Ctrl Pts',(-25.0008210852071,-101.698180684172,
36.4999999999997));
#13750=CARTESIAN_POINT('Ctrl Pts',(-25.2092320005469,-102.172830931174,
36.4999999999997));
#13751=CARTESIAN_POINT('Ctrl Pts',(-25.5088583638221,-102.596242159849,
36.4999999999997));
#13752=CARTESIAN_POINT('Ctrl Pts',(-25.6720187660914,-102.826809142143,
36.4999999999997));
#13753=CARTESIAN_POINT('Ctrl Pts',(-24.6704532545561,-100.212908886548,
36.9999999999997));
#13754=CARTESIAN_POINT('Ctrl Pts',(-24.6704532545561,-100.212908886548,
36.4999999999997));
#13755=CARTESIAN_POINT('Ctrl Pts',(-24.6827213717972,-100.431325652902,
36.9999999999997));
#13756=CARTESIAN_POINT('Ctrl Pts',(-24.6827213717972,-100.431325652902,
36.4999999999997));
#13757=CARTESIAN_POINT('Ctrl Pts',(-24.7070489258742,-100.864443921203,
36.9999999999997));
#13758=CARTESIAN_POINT('Ctrl Pts',(-24.7070489258742,-100.864443921203,
36.4999999999997));
#13759=CARTESIAN_POINT('Ctrl Pts',(-24.8399961433314,-101.277328161745,
36.9999999999997));
#13760=CARTESIAN_POINT('Ctrl Pts',(-24.8399961433314,-101.277328161745,
36.4999999999997));
#13761=CARTESIAN_POINT('Ctrl Pts',(-24.9058995451429,-101.481999432994,
36.9999999999997));
#13762=CARTESIAN_POINT('Ctrl Pts',(-24.9058995451429,-101.481999432994,
36.4999999999997));
#13763=CARTESIAN_POINT('',(-24.6704532545561,-100.212908886548,36.9999999999997));
#13764=CARTESIAN_POINT('Ctrl Pts',(-24.6704532545561,-100.212908886548,
36.9999999999997));
#13765=CARTESIAN_POINT('Ctrl Pts',(-24.6827213717972,-100.431325652902,
36.9999999999997));
#13766=CARTESIAN_POINT('Ctrl Pts',(-24.7070489258742,-100.864443921203,
36.9999999999997));
#13767=CARTESIAN_POINT('Ctrl Pts',(-24.8399961433314,-101.277328161745,
36.9999999999997));
#13768=CARTESIAN_POINT('Ctrl Pts',(-24.9058995451429,-101.481999432994,
36.9999999999997));
#13769=CARTESIAN_POINT('',(-24.6704532545561,-100.212908886548,36.4999999999997));
#13770=CARTESIAN_POINT('',(-24.6704532545561,-100.212908886548,36.9999999999997));
#13771=CARTESIAN_POINT('Ctrl Pts',(-24.6704532545561,-100.212908886548,
36.4999999999997));
#13772=CARTESIAN_POINT('Ctrl Pts',(-24.6827213717972,-100.431325652902,
36.4999999999997));
#13773=CARTESIAN_POINT('Ctrl Pts',(-24.7070489258742,-100.864443921203,
36.4999999999997));
#13774=CARTESIAN_POINT('Ctrl Pts',(-24.8399961433314,-101.277328161745,
36.4999999999997));
#13775=CARTESIAN_POINT('Ctrl Pts',(-24.9058995451429,-101.481999432994,
36.4999999999997));
#13776=CARTESIAN_POINT('Ctrl Pts',(-24.8735699801569,-98.8969129077262,
36.9999999999997));
#13777=CARTESIAN_POINT('Ctrl Pts',(-24.8735699801569,-98.8969129077262,
36.4999999999997));
#13778=CARTESIAN_POINT('Ctrl Pts',(-24.8114642181824,-99.1094156217729,
36.9999999999997));
#13779=CARTESIAN_POINT('Ctrl Pts',(-24.8114642181824,-99.1094156217729,
36.4999999999997));
#13780=CARTESIAN_POINT('Ctrl Pts',(-24.6858874562592,-99.5390923841455,
36.9999999999997));
#13781=CARTESIAN_POINT('Ctrl Pts',(-24.6858874562592,-99.5390923841455,
36.4999999999997));
#13782=CARTESIAN_POINT('Ctrl Pts',(-24.6756351419575,-99.9866813620011,
36.9999999999997));
#13783=CARTESIAN_POINT('Ctrl Pts',(-24.6756351419575,-99.9866813620011,
36.4999999999997));
#13784=CARTESIAN_POINT('Ctrl Pts',(-24.6704532545561,-100.212908886548,
36.9999999999997));
#13785=CARTESIAN_POINT('Ctrl Pts',(-24.6704532545561,-100.212908886548,
36.4999999999997));
#13786=CARTESIAN_POINT('',(-24.8735699801569,-98.8969129077262,36.9999999999997));
#13787=CARTESIAN_POINT('Ctrl Pts',(-24.8735699801569,-98.8969129077262,
36.9999999999997));
#13788=CARTESIAN_POINT('Ctrl Pts',(-24.8114642181824,-99.1094156217729,
36.9999999999997));
#13789=CARTESIAN_POINT('Ctrl Pts',(-24.6858874562592,-99.5390923841455,
36.9999999999997));
#13790=CARTESIAN_POINT('Ctrl Pts',(-24.6756351419575,-99.9866813620011,
36.9999999999997));
#13791=CARTESIAN_POINT('Ctrl Pts',(-24.6704532545561,-100.212908886548,
36.9999999999997));
#13792=CARTESIAN_POINT('',(-24.8735699801569,-98.8969129077262,36.4999999999997));
#13793=CARTESIAN_POINT('',(-24.8735699801569,-98.8969129077262,36.9999999999997));
#13794=CARTESIAN_POINT('Ctrl Pts',(-24.8735699801569,-98.8969129077262,
36.4999999999997));
#13795=CARTESIAN_POINT('Ctrl Pts',(-24.8114642181824,-99.1094156217729,
36.4999999999997));
#13796=CARTESIAN_POINT('Ctrl Pts',(-24.6858874562592,-99.5390923841455,
36.4999999999997));
#13797=CARTESIAN_POINT('Ctrl Pts',(-24.6756351419575,-99.9866813620011,
36.4999999999997));
#13798=CARTESIAN_POINT('Ctrl Pts',(-24.6704532545561,-100.212908886548,
36.4999999999997));
#13799=CARTESIAN_POINT('Ctrl Pts',(-25.5843008100468,-97.5833401935273,
36.9999999999997));
#13800=CARTESIAN_POINT('Ctrl Pts',(-25.5843008100468,-97.5833401935273,
36.4999999999997));
#13801=CARTESIAN_POINT('Ctrl Pts',(-25.4333146230482,-97.802577644696,36.9999999999997));
#13802=CARTESIAN_POINT('Ctrl Pts',(-25.4333146230482,-97.802577644696,36.4999999999997));
#13803=CARTESIAN_POINT('Ctrl Pts',(-25.1491738573446,-98.2151604013326,
36.9999999999997));
#13804=CARTESIAN_POINT('Ctrl Pts',(-25.1491738573446,-98.2151604013326,
36.4999999999997));
#13805=CARTESIAN_POINT('Ctrl Pts',(-24.9615122940315,-98.6793728153522,
36.9999999999997));
#13806=CARTESIAN_POINT('Ctrl Pts',(-24.9615122940315,-98.6793728153522,
36.4999999999997));
#13807=CARTESIAN_POINT('Ctrl Pts',(-24.8735699801569,-98.8969129077262,
36.9999999999997));
#13808=CARTESIAN_POINT('Ctrl Pts',(-24.8735699801569,-98.8969129077262,
36.4999999999997));
#13809=CARTESIAN_POINT('',(-25.5843008100468,-97.5833401935273,36.9999999999997));
#13810=CARTESIAN_POINT('Ctrl Pts',(-25.5843008100468,-97.5833401935273,
36.9999999999997));
#13811=CARTESIAN_POINT('Ctrl Pts',(-25.4333146230482,-97.802577644696,36.9999999999997));
#13812=CARTESIAN_POINT('Ctrl Pts',(-25.1491738573446,-98.2151604013326,
36.9999999999997));
#13813=CARTESIAN_POINT('Ctrl Pts',(-24.9615122940315,-98.6793728153522,
36.9999999999997));
#13814=CARTESIAN_POINT('Ctrl Pts',(-24.8735699801569,-98.8969129077262,
36.9999999999997));
#13815=CARTESIAN_POINT('',(-25.5843008100468,-97.5833401935273,36.4999999999997));
#13816=CARTESIAN_POINT('',(-25.5843008100468,-97.5833401935273,36.9999999999997));
#13817=CARTESIAN_POINT('Ctrl Pts',(-25.5843008100468,-97.5833401935273,
36.4999999999997));
#13818=CARTESIAN_POINT('Ctrl Pts',(-25.4333146230482,-97.802577644696,36.4999999999997));
#13819=CARTESIAN_POINT('Ctrl Pts',(-25.1491738573446,-98.2151604013326,
36.4999999999997));
#13820=CARTESIAN_POINT('Ctrl Pts',(-24.9615122940315,-98.6793728153522,
36.4999999999997));
#13821=CARTESIAN_POINT('Ctrl Pts',(-24.8735699801569,-98.8969129077262,
36.4999999999997));
#13822=CARTESIAN_POINT('Origin',(-26.2772485154064,-97.5717478761215,36.9999999999997));
#13823=CARTESIAN_POINT('',(-11.5353145304699,-97.8183655885509,36.9999999999997));
#13824=CARTESIAN_POINT('',(-25.5843008100468,-97.5833401935273,36.4999999999997));
#13825=CARTESIAN_POINT('Origin',(-44.7520925486335,-99.8921801938817,36.4999999999997));
#13826=CARTESIAN_POINT('Origin',(-30.9501858546973,-101.562356072157,36.9999999999997));
#13827=CARTESIAN_POINT('',(-30.9501858546973,-101.562356072157,36.9999999999997));
#13828=CARTESIAN_POINT('',(-34.3221567714647,-101.505946393839,36.9999999999997));
#13829=CARTESIAN_POINT('',(-13.9058069890816,-101.847491369189,36.9999999999997));
#13830=CARTESIAN_POINT('',(-30.9501858546973,-101.562356072157,36.4999999999997));
#13831=CARTESIAN_POINT('',(-30.9501858546973,-101.562356072157,36.9999999999997));
#13832=CARTESIAN_POINT('',(-34.3221567714647,-101.505946393839,36.4999999999997));
#13833=CARTESIAN_POINT('',(-30.9501858546973,-101.562356072157,36.4999999999997));
#13834=CARTESIAN_POINT('',(-34.3221567714647,-101.505946393839,36.9999999999997));
#13835=CARTESIAN_POINT('Origin',(-30.9350337382626,-100.656616180192,36.9999999999997));
#13836=CARTESIAN_POINT('',(-30.9350337382626,-100.656616180192,36.9999999999997));
#13837=CARTESIAN_POINT('',(-31.2636030892355,-120.297329062494,36.9999999999997));
#13838=CARTESIAN_POINT('',(-30.9350337382626,-100.656616180192,36.4999999999997));
#13839=CARTESIAN_POINT('',(-30.9350337382626,-100.656616180192,36.9999999999997));
#13840=CARTESIAN_POINT('',(-30.9350337382626,-100.656616180192,36.4999999999997));
#13841=CARTESIAN_POINT('Origin',(-33.068433696771,-100.620926546932,36.9999999999997));
#13842=CARTESIAN_POINT('',(-33.068433696771,-100.620926546932,36.9999999999997));
#13843=CARTESIAN_POINT('',(-14.9573548519011,-100.923906660594,36.9999999999997));
#13844=CARTESIAN_POINT('',(-33.068433696771,-100.620926546932,36.4999999999997));
#13845=CARTESIAN_POINT('',(-33.068433696771,-100.620926546932,36.9999999999997));
#13846=CARTESIAN_POINT('',(-33.068433696771,-100.620926546932,36.4999999999997));
#13847=CARTESIAN_POINT('Origin',(-33.0552440679025,-99.8324972157638,36.9999999999997));
#13848=CARTESIAN_POINT('',(-33.0552440679025,-99.8324972157638,36.9999999999997));
#13849=CARTESIAN_POINT('',(-33.3904082333098,-119.86742476365,36.9999999999997));
#13850=CARTESIAN_POINT('',(-33.0552440679025,-99.8324972157638,36.4999999999997));
#13851=CARTESIAN_POINT('',(-33.0552440679025,-99.8324972157638,36.9999999999997));
#13852=CARTESIAN_POINT('',(-33.0552440679025,-99.8324972157638,36.4999999999997));
#13853=CARTESIAN_POINT('Origin',(-31.131911552886,-99.8646726322037,36.9999999999997));
#13854=CARTESIAN_POINT('',(-31.131911552886,-99.8646726322037,36.9999999999997));
#13855=CARTESIAN_POINT('',(-13.9824989655244,-100.151565037646,36.9999999999997));
#13856=CARTESIAN_POINT('',(-31.131911552886,-99.8646726322037,36.4999999999997));
#13857=CARTESIAN_POINT('',(-31.131911552886,-99.8646726322037,36.9999999999997));
#13858=CARTESIAN_POINT('',(-31.131911552886,-99.8646726322037,36.4999999999997));
#13859=CARTESIAN_POINT('Origin',(-31.1182655236771,-99.0489613040421,36.9999999999997));
#13860=CARTESIAN_POINT('',(-31.1182655236771,-99.0489613040421,36.9999999999997));
#13861=CARTESIAN_POINT('',(-31.4602527036887,-119.491744516009,36.9999999999997));
#13862=CARTESIAN_POINT('',(-31.1182655236771,-99.0489613040421,36.4999999999997));
#13863=CARTESIAN_POINT('',(-31.1182655236771,-99.0489613040421,36.9999999999997));
#13864=CARTESIAN_POINT('',(-31.1182655236771,-99.0489613040421,36.4999999999997));
#13865=CARTESIAN_POINT('Origin',(-33.0415980386936,-99.0167858876022,36.9999999999997));
#13866=CARTESIAN_POINT('',(-33.0415980386936,-99.0167858876022,36.9999999999997));
#13867=CARTESIAN_POINT('',(-14.9305191938237,-99.319766001264,36.9999999999997));
#13868=CARTESIAN_POINT('',(-33.0415980386936,-99.0167858876022,36.4999999999997));
#13869=CARTESIAN_POINT('',(-33.0415980386936,-99.0167858876022,36.9999999999997));
#13870=CARTESIAN_POINT('',(-33.0415980386936,-99.0167858876022,36.4999999999997));
#13871=CARTESIAN_POINT('Origin',(-33.0309641639967,-98.3811304951211,36.9999999999997));
#13872=CARTESIAN_POINT('',(-33.0309641639967,-98.3811304951211,36.9999999999997));
#13873=CARTESIAN_POINT('',(-33.3782682813568,-119.141741403328,36.9999999999997));
#13874=CARTESIAN_POINT('',(-33.0309641639967,-98.3811304951211,36.4999999999997));
#13875=CARTESIAN_POINT('',(-33.0309641639967,-98.3811304951211,36.9999999999997));
#13876=CARTESIAN_POINT('',(-33.0309641639967,-98.3811304951211,36.4999999999997));
#13877=CARTESIAN_POINT('Origin',(-30.9575848372586,-98.4158160436442,36.9999999999997));
#13878=CARTESIAN_POINT('',(-30.9575848372586,-98.4158160436442,36.9999999999997));
#13879=CARTESIAN_POINT('',(-13.8831956557576,-98.7014533830446,36.9999999999997));
#13880=CARTESIAN_POINT('',(-30.9575848372586,-98.4158160436442,36.4999999999997));
#13881=CARTESIAN_POINT('',(-30.9575848372586,-98.4158160436442,36.9999999999997));
#13882=CARTESIAN_POINT('',(-30.9575848372586,-98.4158160436442,36.4999999999997));
#13883=CARTESIAN_POINT('Origin',(-30.9432998794767,-97.5619118267738,36.9999999999997));
#13884=CARTESIAN_POINT('',(-30.9432998794767,-97.5619118267738,36.9999999999997));
#13885=CARTESIAN_POINT('',(-31.2977464757279,-118.749474843416,36.9999999999997));
#13886=CARTESIAN_POINT('',(-30.9432998794767,-97.5619118267738,36.4999999999997));
#13887=CARTESIAN_POINT('',(-30.9432998794767,-97.5619118267738,36.9999999999997));
#13888=CARTESIAN_POINT('',(-30.9432998794767,-97.5619118267738,36.4999999999997));
#13889=CARTESIAN_POINT('Origin',(-34.2552501644737,-97.5065062331929,36.9999999999997));
#13890=CARTESIAN_POINT('',(-34.2552501644737,-97.5065062331929,36.9999999999997));
#13891=CARTESIAN_POINT('',(-15.5248858404742,-97.8198463693836,36.9999999999997));
#13892=CARTESIAN_POINT('',(-34.2552501644737,-97.5065062331929,36.4999999999997));
#13893=CARTESIAN_POINT('',(-34.2552501644737,-97.5065062331929,36.9999999999997));
#13894=CARTESIAN_POINT('',(-34.2552501644737,-97.5065062331929,36.4999999999997));
#13895=CARTESIAN_POINT('Origin',(-34.3221567714647,-101.505946393839,36.9999999999997));
#13896=CARTESIAN_POINT('',(-34.6431500642204,-120.693789330159,36.9999999999997));
#13897=CARTESIAN_POINT('',(-34.3221567714647,-101.505946393839,36.4999999999997));
#13898=CARTESIAN_POINT('Origin',(-44.7520925486335,-99.8921801938817,36.4999999999997));
#13899=CARTESIAN_POINT('Origin',(-39.3927129976453,-101.421121093541,36.9999999999997));
#13900=CARTESIAN_POINT('',(-39.3927129976453,-101.421121093541,36.9999999999997));
#13901=CARTESIAN_POINT('',(-42.7646839144127,-101.364711415224,36.9999999999997));
#13902=CARTESIAN_POINT('',(-18.1270705605556,-101.776873879881,36.9999999999997));
#13903=CARTESIAN_POINT('',(-39.3927129976453,-101.421121093541,36.4999999999997));
#13904=CARTESIAN_POINT('',(-39.3927129976453,-101.421121093541,36.9999999999997));
#13905=CARTESIAN_POINT('',(-42.7646839144127,-101.364711415224,36.4999999999997));
#13906=CARTESIAN_POINT('',(-39.3927129976453,-101.421121093541,36.4999999999997));
#13907=CARTESIAN_POINT('',(-42.7646839144127,-101.364711415224,36.9999999999997));
#13908=CARTESIAN_POINT('Origin',(-39.3775608812106,-100.515381201576,36.9999999999997));
#13909=CARTESIAN_POINT('',(-39.3775608812106,-100.515381201576,36.9999999999997));
#13910=CARTESIAN_POINT('',(-39.7061302321835,-120.156094083878,36.9999999999997));
#13911=CARTESIAN_POINT('',(-39.3775608812106,-100.515381201576,36.4999999999997));
#13912=CARTESIAN_POINT('',(-39.3775608812106,-100.515381201576,36.9999999999997));
#13913=CARTESIAN_POINT('',(-39.3775608812106,-100.515381201576,36.4999999999997));
#13914=CARTESIAN_POINT('Origin',(-41.510960839719,-100.479691568316,36.9999999999997));
#13915=CARTESIAN_POINT('',(-41.510960839719,-100.479691568316,36.9999999999997));
#13916=CARTESIAN_POINT('',(-19.1786184233751,-100.853289171286,36.9999999999997));
#13917=CARTESIAN_POINT('',(-41.510960839719,-100.479691568316,36.4999999999997));
#13918=CARTESIAN_POINT('',(-41.510960839719,-100.479691568316,36.9999999999997));
#13919=CARTESIAN_POINT('',(-41.510960839719,-100.479691568316,36.4999999999997));
#13920=CARTESIAN_POINT('Origin',(-41.4977712108505,-99.6912622371481,36.9999999999997));
#13921=CARTESIAN_POINT('',(-41.4977712108505,-99.6912622371481,36.9999999999997));
#13922=CARTESIAN_POINT('',(-41.8329353762578,-119.726189785034,36.9999999999997));
#13923=CARTESIAN_POINT('',(-41.4977712108505,-99.6912622371481,36.4999999999997));
#13924=CARTESIAN_POINT('',(-41.4977712108505,-99.6912622371481,36.9999999999997));
#13925=CARTESIAN_POINT('',(-41.4977712108505,-99.6912622371481,36.4999999999997));
#13926=CARTESIAN_POINT('Origin',(-39.574438695834,-99.723437653588,36.9999999999997));
#13927=CARTESIAN_POINT('',(-39.574438695834,-99.723437653588,36.9999999999997));
#13928=CARTESIAN_POINT('',(-18.2037625369983,-100.080947548338,36.9999999999997));
#13929=CARTESIAN_POINT('',(-39.574438695834,-99.723437653588,36.4999999999997));
#13930=CARTESIAN_POINT('',(-39.574438695834,-99.723437653588,36.9999999999997));
#13931=CARTESIAN_POINT('',(-39.574438695834,-99.723437653588,36.4999999999997));
#13932=CARTESIAN_POINT('Origin',(-39.5607926666251,-98.9077263254263,36.9999999999997));
#13933=CARTESIAN_POINT('',(-39.5607926666251,-98.9077263254263,36.9999999999997));
#13934=CARTESIAN_POINT('',(-39.9027798466366,-119.350509537393,36.9999999999997));
#13935=CARTESIAN_POINT('',(-39.5607926666251,-98.9077263254263,36.4999999999997));
#13936=CARTESIAN_POINT('',(-39.5607926666251,-98.9077263254263,36.9999999999997));
#13937=CARTESIAN_POINT('',(-39.5607926666251,-98.9077263254263,36.4999999999997));
#13938=CARTESIAN_POINT('Origin',(-41.4841251816416,-98.8755509089864,36.9999999999997));
#13939=CARTESIAN_POINT('',(-41.4841251816416,-98.8755509089864,36.9999999999997));
#13940=CARTESIAN_POINT('',(-19.1517827652977,-99.2491485119561,36.9999999999997));
#13941=CARTESIAN_POINT('',(-41.4841251816416,-98.8755509089864,36.4999999999997));
#13942=CARTESIAN_POINT('',(-41.4841251816416,-98.8755509089864,36.9999999999997));
#13943=CARTESIAN_POINT('',(-41.4841251816416,-98.8755509089864,36.4999999999997));
#13944=CARTESIAN_POINT('Origin',(-41.4734913069447,-98.2398955165053,36.9999999999997));
#13945=CARTESIAN_POINT('',(-41.4734913069446,-98.2398955165053,36.9999999999997));
#13946=CARTESIAN_POINT('',(-41.8207954243048,-119.000506424713,36.9999999999997));
#13947=CARTESIAN_POINT('',(-41.4734913069446,-98.2398955165053,36.4999999999997));
#13948=CARTESIAN_POINT('',(-41.4734913069446,-98.2398955165053,36.9999999999997));
#13949=CARTESIAN_POINT('',(-41.4734913069447,-98.2398955165053,36.4999999999997));
#13950=CARTESIAN_POINT('Origin',(-39.4001119802066,-98.2745810650284,36.9999999999997));
#13951=CARTESIAN_POINT('',(-39.4001119802066,-98.2745810650284,36.9999999999997));
#13952=CARTESIAN_POINT('',(-18.1044592272316,-98.6308358937367,36.9999999999997));
#13953=CARTESIAN_POINT('',(-39.4001119802066,-98.2745810650284,36.4999999999997));
#13954=CARTESIAN_POINT('',(-39.4001119802066,-98.2745810650284,36.9999999999997));
#13955=CARTESIAN_POINT('',(-39.4001119802066,-98.2745810650284,36.4999999999997));
#13956=CARTESIAN_POINT('Origin',(-39.3858270224247,-97.420676848158,36.9999999999997));
#13957=CARTESIAN_POINT('',(-39.3858270224247,-97.420676848158,36.9999999999997));
#13958=CARTESIAN_POINT('',(-39.7402736186759,-118.6082398648,36.9999999999997));
#13959=CARTESIAN_POINT('',(-39.3858270224247,-97.420676848158,36.4999999999997));
#13960=CARTESIAN_POINT('',(-39.3858270224247,-97.420676848158,36.9999999999997));
#13961=CARTESIAN_POINT('',(-39.3858270224247,-97.420676848158,36.4999999999997));
#13962=CARTESIAN_POINT('Origin',(-42.6977773074217,-97.3652712545771,36.9999999999997));
#13963=CARTESIAN_POINT('',(-42.6977773074217,-97.3652712545771,36.9999999999997));
#13964=CARTESIAN_POINT('',(-19.7461494119482,-97.7492288800758,36.9999999999997));
#13965=CARTESIAN_POINT('',(-42.6977773074217,-97.3652712545771,36.4999999999997));
#13966=CARTESIAN_POINT('',(-42.6977773074217,-97.3652712545771,36.9999999999997));
#13967=CARTESIAN_POINT('',(-42.6977773074217,-97.3652712545771,36.4999999999997));
#13968=CARTESIAN_POINT('Origin',(-42.7646839144127,-101.364711415224,36.9999999999997));
#13969=CARTESIAN_POINT('',(-43.0856772071684,-120.552554351543,36.9999999999997));
#13970=CARTESIAN_POINT('',(-42.7646839144127,-101.364711415224,36.4999999999997));
#13971=CARTESIAN_POINT('Origin',(-44.7520925486335,-99.8921801938817,36.4999999999997));
#13972=CARTESIAN_POINT('Origin',(-46.2057031113941,-101.3071466287,36.9999999999997));
#13973=CARTESIAN_POINT('',(-46.2057031113941,-101.3071466287,36.9999999999997));
#13974=CARTESIAN_POINT('',(-47.4415469426872,-101.286472205731,36.9999999999997));
#13975=CARTESIAN_POINT('',(-21.53356561743,-101.71988664746,36.9999999999997));
#13976=CARTESIAN_POINT('',(-46.2057031113941,-101.3071466287,36.4999999999997));
#13977=CARTESIAN_POINT('',(-46.2057031113941,-101.3071466287,36.9999999999997));
#13978=CARTESIAN_POINT('',(-47.4415469426872,-101.286472205731,36.4999999999997));
#13979=CARTESIAN_POINT('',(-46.2057031113941,-101.3071466287,36.4999999999997));
#13980=CARTESIAN_POINT('',(-47.4415469426872,-101.286472205731,36.9999999999997));
#13981=CARTESIAN_POINT('Origin',(-46.1786392431766,-99.6893643749105,36.9999999999997));
#13982=CARTESIAN_POINT('',(-46.1786392431766,-99.6893643749105,36.9999999999997));
#13983=CARTESIAN_POINT('',(-46.513164470041,-119.686098438125,36.9999999999997));
#13984=CARTESIAN_POINT('',(-46.1786392431766,-99.6893643749105,36.4999999999997));
#13985=CARTESIAN_POINT('',(-46.1786392431766,-99.6893643749105,36.9999999999997));
#13986=CARTESIAN_POINT('',(-46.1786392431766,-99.6893643749105,36.4999999999997));
#13987=CARTESIAN_POINT('Origin',(-44.8282155538311,-99.7119556035388,36.9999999999997));
#13988=CARTESIAN_POINT('',(-44.8282155538311,-99.7119556035388,36.9999999999997));
#13989=CARTESIAN_POINT('',(-20.8312899045397,-100.113400007985,36.9999999999997));
#13990=CARTESIAN_POINT('',(-44.8282155538311,-99.7119556035388,36.4999999999997));
#13991=CARTESIAN_POINT('',(-44.8282155538311,-99.7119556035388,36.9999999999997));
#13992=CARTESIAN_POINT('',(-44.8282155538311,-99.7119556035388,36.4999999999997));
#13993=CARTESIAN_POINT('Origin',(-44.8552794220485,-101.329737857328,36.9999999999997));
#13994=CARTESIAN_POINT('',(-44.8552794220485,-101.329737857328,36.9999999999997));
#13995=CARTESIAN_POINT('',(-45.1762727148041,-120.517580793648,36.9999999999997));
#13996=CARTESIAN_POINT('',(-44.8552794220485,-101.329737857328,36.4999999999997));
#13997=CARTESIAN_POINT('',(-44.8552794220485,-101.329737857328,36.9999999999997));
#13998=CARTESIAN_POINT('',(-44.8552794220485,-101.329737857328,36.4999999999997));
#13999=CARTESIAN_POINT('Origin',(-43.6139789529716,-101.350503564354,36.9999999999997));
#14000=CARTESIAN_POINT('',(-43.6139789529716,-101.350503564354,36.9999999999997));
#14001=CARTESIAN_POINT('',(-20.2377035382187,-101.741565115287,36.9999999999997));
#14002=CARTESIAN_POINT('',(-43.6139789529716,-101.350503564354,36.4999999999997));
#14003=CARTESIAN_POINT('',(-43.6139789529716,-101.350503564354,36.9999999999997));
#14004=CARTESIAN_POINT('',(-43.6139789529715,-101.350503564354,36.4999999999997));
#14005=CARTESIAN_POINT('Origin',(-43.5470723459806,-97.3510634037075,36.9999999999997));
#14006=CARTESIAN_POINT('',(-43.5470723459806,-97.3510634037075,36.9999999999997));
#14007=CARTESIAN_POINT('',(-43.9015189422318,-118.53862642035,36.9999999999997));
#14008=CARTESIAN_POINT('',(-43.5470723459806,-97.3510634037075,36.4999999999997));
#14009=CARTESIAN_POINT('',(-43.5470723459806,-97.3510634037075,36.9999999999997));
#14010=CARTESIAN_POINT('',(-43.5470723459806,-97.3510634037075,36.4999999999997));
#14011=CARTESIAN_POINT('Origin',(-44.7883728150576,-97.3302976966819,36.9999999999997));
#14012=CARTESIAN_POINT('',(-44.7883728150576,-97.3302976966819,36.9999999999997));
#14013=CARTESIAN_POINT('',(-20.7914471657663,-97.7317421011281,36.9999999999997));
#14014=CARTESIAN_POINT('',(-44.7883728150576,-97.3302976966819,36.4999999999997));
#14015=CARTESIAN_POINT('',(-44.7883728150576,-97.3302976966819,36.9999999999997));
#14016=CARTESIAN_POINT('',(-44.7883728150576,-97.3302976966819,36.4999999999997));
#14017=CARTESIAN_POINT('Origin',(-44.8117855603106,-98.7298287422301,36.9999999999997));
#14018=CARTESIAN_POINT('',(-44.8117855603106,-98.7298287422301,36.9999999999997));
#14019=CARTESIAN_POINT('',(-45.1545257839352,-119.217626236098,36.9999999999997));
#14020=CARTESIAN_POINT('',(-44.8117855603106,-98.7298287422301,36.4999999999997));
#14021=CARTESIAN_POINT('',(-44.8117855603106,-98.7298287422301,36.9999999999997));
#14022=CARTESIAN_POINT('',(-44.8117855603106,-98.7298287422301,36.4999999999997));
#14023=CARTESIAN_POINT('Origin',(-46.1622092496562,-98.7072375136018,36.9999999999997));
#14024=CARTESIAN_POINT('',(-46.1622092496562,-98.7072375136018,36.9999999999997));
#14025=CARTESIAN_POINT('',(-21.490071755692,-99.1199775323622,36.9999999999997));
#14026=CARTESIAN_POINT('',(-46.1622092496562,-98.7072375136018,36.4999999999997));
#14027=CARTESIAN_POINT('',(-46.1622092496562,-98.7072375136018,36.9999999999997));
#14028=CARTESIAN_POINT('',(-46.1622092496562,-98.7072375136018,36.4999999999997));
#14029=CARTESIAN_POINT('Origin',(-46.1387965044031,-97.3077064680537,36.9999999999997));
#14030=CARTESIAN_POINT('',(-46.1387965044031,-97.3077064680537,36.9999999999997));
#14031=CARTESIAN_POINT('',(-46.4932431006543,-118.495269484696,36.9999999999997));
#14032=CARTESIAN_POINT('',(-46.1387965044031,-97.3077064680537,36.4999999999997));
#14033=CARTESIAN_POINT('',(-46.1387965044031,-97.3077064680537,36.9999999999997));
#14034=CARTESIAN_POINT('',(-46.1387965044031,-97.3077064680537,36.4999999999997));
#14035=CARTESIAN_POINT('Origin',(-47.3746403356962,-97.2870320450841,36.9999999999997));
#14036=CARTESIAN_POINT('',(-47.3746403356962,-97.2870320450841,36.9999999999997));
#14037=CARTESIAN_POINT('',(-22.0845809260856,-97.7101092753291,36.9999999999997));
#14038=CARTESIAN_POINT('',(-47.3746403356962,-97.2870320450841,36.4999999999997));
#14039=CARTESIAN_POINT('',(-47.3746403356962,-97.2870320450841,36.9999999999997));
#14040=CARTESIAN_POINT('',(-47.3746403356962,-97.2870320450841,36.4999999999997));
#14041=CARTESIAN_POINT('Origin',(-47.4415469426872,-101.286472205731,36.9999999999997));
#14042=CARTESIAN_POINT('',(-47.7625402354429,-120.47431514205,36.9999999999997));
#14043=CARTESIAN_POINT('',(-47.4415469426872,-101.286472205731,36.4999999999997));
#14044=CARTESIAN_POINT('Origin',(-44.7520925486335,-99.8921801938817,36.4999999999997));
#14045=CARTESIAN_POINT('Origin',(-56.5924155480306,-98.1698077373583,36.9999999999997));
#14046=CARTESIAN_POINT('',(-56.5924155480306,-98.1698077373583,36.9999999999997));
#14047=CARTESIAN_POINT('',(-57.0533093572242,-99.6002249347913,36.9999999999997));
#14048=CARTESIAN_POINT('',(-59.993022899856,-108.723838060047,36.9999999999997));
#14049=CARTESIAN_POINT('',(-56.5924155480306,-98.1698077373583,36.4999999999997));
#14050=CARTESIAN_POINT('',(-56.5924155480306,-98.1698077373583,36.9999999999997));
#14051=CARTESIAN_POINT('',(-57.0533093572242,-99.6002249347913,36.4999999999997));
#14052=CARTESIAN_POINT('',(-56.5924155480306,-98.1698077373583,36.4999999999997));
#14053=CARTESIAN_POINT('',(-57.0533093572242,-99.6002249347913,36.9999999999997));
#14054=CARTESIAN_POINT('Origin',(-56.1750207157617,-99.6149178194448,36.9999999999997));
#14055=CARTESIAN_POINT('',(-56.1750207157617,-99.6149178194448,36.9999999999997));
#14056=CARTESIAN_POINT('',(-48.4652163822486,-126.30790755463,36.9999999999997));
#14057=CARTESIAN_POINT('',(-56.1750207157617,-99.6149178194448,36.4999999999997));
#14058=CARTESIAN_POINT('',(-56.1750207157617,-99.6149178194448,36.9999999999997));
#14059=CARTESIAN_POINT('',(-56.1750207157617,-99.6149178194448,36.4999999999997));
#14060=CARTESIAN_POINT('Origin',(-57.0533093572242,-99.6002249347913,36.9999999999997));
#14061=CARTESIAN_POINT('',(-26.944612670863,-100.103913114959,36.9999999999997));
#14062=CARTESIAN_POINT('',(-57.0533093572242,-99.6002249347913,36.4999999999997));
#14063=CARTESIAN_POINT('Origin',(-54.4499259297426,-101.169229081769,36.9999999999997));
#14064=CARTESIAN_POINT('',(-54.4499259297426,-101.169229081769,36.9999999999997));
#14065=CARTESIAN_POINT('',(-55.7440823626741,-101.147579147687,36.9999999999997));
#14066=CARTESIAN_POINT('',(-25.6556770266042,-101.650927873995,36.9999999999997));
#14067=CARTESIAN_POINT('',(-54.4499259297426,-101.169229081769,36.4999999999997));
#14068=CARTESIAN_POINT('',(-54.4499259297426,-101.169229081769,36.9999999999997));
#14069=CARTESIAN_POINT('',(-55.7440823626741,-101.147579147687,36.4999999999997));
#14070=CARTESIAN_POINT('',(-54.4499259297425,-101.169229081769,36.4999999999997));
#14071=CARTESIAN_POINT('',(-55.7440823626741,-101.147579147687,36.9999999999997));
#14072=CARTESIAN_POINT('Origin',(-55.8858784437659,-97.1446476012045,36.9999999999997));
#14073=CARTESIAN_POINT('',(-55.8858784437659,-97.1446476012045,36.9999999999997));
#14074=CARTESIAN_POINT('',(-45.7270198420658,-125.61714498033,36.9999999999997));
#14075=CARTESIAN_POINT('',(-55.8858784437659,-97.1446476012045,36.4999999999997));
#14076=CARTESIAN_POINT('',(-55.8858784437659,-97.1446476012045,36.9999999999997));
#14077=CARTESIAN_POINT('',(-55.8858784437659,-97.1446476012045,36.4999999999997));
#14078=CARTESIAN_POINT('Origin',(-57.2339158970163,-97.1220962919035,36.9999999999997));
#14079=CARTESIAN_POINT('',(-57.2339158970164,-97.1220962919035,36.9999999999997));
#14080=CARTESIAN_POINT('',(-27.0142187067456,-97.6276413987389,36.9999999999997));
#14081=CARTESIAN_POINT('',(-57.2339158970164,-97.1220962919035,36.4999999999997));
#14082=CARTESIAN_POINT('',(-57.2339158970164,-97.1220962919035,36.9999999999997));
#14083=CARTESIAN_POINT('',(-57.2339158970163,-97.1220962919035,36.4999999999997));
#14084=CARTESIAN_POINT('Origin',(-58.8040231118555,-101.096389419901,36.9999999999997));
#14085=CARTESIAN_POINT('',(-58.8040231118555,-101.096389419901,36.9999999999997));
#14086=CARTESIAN_POINT('',(-61.4001689781867,-107.667816248798,36.9999999999997));
#14087=CARTESIAN_POINT('',(-58.8040231118555,-101.096389419901,36.4999999999997));
#14088=CARTESIAN_POINT('',(-58.8040231118555,-101.096389419901,36.9999999999997));
#14089=CARTESIAN_POINT('',(-58.8040231118555,-101.096389419901,36.4999999999997));
#14090=CARTESIAN_POINT('Origin',(-57.5421768162604,-101.117498837917,36.9999999999997));
#14091=CARTESIAN_POINT('',(-57.5421768162604,-101.117498837917,36.9999999999997));
#14092=CARTESIAN_POINT('',(-27.201802469863,-101.625062752069,36.9999999999997));
#14093=CARTESIAN_POINT('',(-57.5421768162604,-101.117498837917,36.4999999999997));
#14094=CARTESIAN_POINT('',(-57.5421768162604,-101.117498837917,36.9999999999997));
#14095=CARTESIAN_POINT('',(-57.5421768162604,-101.117498837917,36.4999999999997));
#14096=CARTESIAN_POINT('Origin',(-57.3361992416257,-100.460551991437,36.9999999999997));
#14097=CARTESIAN_POINT('',(-57.3361992416257,-100.460551991437,36.9999999999997));
#14098=CARTESIAN_POINT('',(-60.3747733578817,-110.151809338317,36.9999999999997));
#14099=CARTESIAN_POINT('',(-57.3361992416257,-100.460551991437,36.4999999999997));
#14100=CARTESIAN_POINT('',(-57.3361992416257,-100.460551991437,36.9999999999997));
#14101=CARTESIAN_POINT('',(-57.3361992416257,-100.460551991437,36.4999999999997));
#14102=CARTESIAN_POINT('Origin',(-55.9331299633861,-100.48402392776,36.9999999999997));
#14103=CARTESIAN_POINT('',(-55.9331299633861,-100.48402392776,36.9999999999997));
#14104=CARTESIAN_POINT('',(-26.391756736891,-100.978221357663,36.9999999999997));
#14105=CARTESIAN_POINT('',(-55.9331299633861,-100.48402392776,36.4999999999997));
#14106=CARTESIAN_POINT('',(-55.9331299633861,-100.48402392776,36.9999999999997));
#14107=CARTESIAN_POINT('',(-55.9331299633861,-100.48402392776,36.4999999999997));
#14108=CARTESIAN_POINT('Origin',(-55.7440823626741,-101.147579147687,36.9999999999997));
#14109=CARTESIAN_POINT('',(-48.371860214089,-127.024006411141,36.9999999999997));
#14110=CARTESIAN_POINT('',(-55.7440823626741,-101.147579147687,36.4999999999997));
#14111=CARTESIAN_POINT('Origin',(-44.7520925486335,-99.8921801938817,36.4999999999997));
#14112=CARTESIAN_POINT('Ctrl Pts',(-65.2043234267579,-101.05754232402,36.9999999999997));
#14113=CARTESIAN_POINT('Ctrl Pts',(-65.2043234267579,-101.05754232402,36.4999999999997));
#14114=CARTESIAN_POINT('Ctrl Pts',(-65.5015622275524,-101.050135455677,
36.9999999999997));
#14115=CARTESIAN_POINT('Ctrl Pts',(-65.5015622275524,-101.050135455677,
36.4999999999997));
#14116=CARTESIAN_POINT('Ctrl Pts',(-66.0121308202732,-101.037412640432,
36.9999999999997));
#14117=CARTESIAN_POINT('Ctrl Pts',(-66.0121308202732,-101.037412640432,
36.4999999999997));
#14118=CARTESIAN_POINT('Ctrl Pts',(-66.4344616950275,-100.757856169991,
36.9999999999997));
#14119=CARTESIAN_POINT('Ctrl Pts',(-66.4344616950275,-100.757856169991,
36.4999999999997));
#14120=CARTESIAN_POINT('Ctrl Pts',(-66.610923308452,-100.641049683025,36.9999999999997));
#14121=CARTESIAN_POINT('Ctrl Pts',(-66.610923308452,-100.641049683025,36.4999999999997));
#14122=CARTESIAN_POINT('',(-65.2043234267579,-101.05754232402,36.9999999999997));
#14123=CARTESIAN_POINT('',(-66.610923308452,-100.641049683025,36.9999999999997));
#14124=CARTESIAN_POINT('Ctrl Pts',(-65.2043234267579,-101.05754232402,36.9999999999997));
#14125=CARTESIAN_POINT('Ctrl Pts',(-65.5015622275524,-101.050135455677,
36.9999999999997));
#14126=CARTESIAN_POINT('Ctrl Pts',(-66.0121308202732,-101.037412640432,
36.9999999999997));
#14127=CARTESIAN_POINT('Ctrl Pts',(-66.4344616950275,-100.757856169991,
36.9999999999997));
#14128=CARTESIAN_POINT('Ctrl Pts',(-66.610923308452,-100.641049683025,36.9999999999997));
#14129=CARTESIAN_POINT('',(-65.2043234267579,-101.05754232402,36.4999999999997));
#14130=CARTESIAN_POINT('',(-65.2043234267579,-101.05754232402,36.9999999999997));
#14131=CARTESIAN_POINT('',(-66.610923308452,-100.641049683025,36.4999999999997));
#14132=CARTESIAN_POINT('Ctrl Pts',(-65.2043234267579,-101.05754232402,36.4999999999997));
#14133=CARTESIAN_POINT('Ctrl Pts',(-65.5015622275524,-101.050135455677,
36.4999999999997));
#14134=CARTESIAN_POINT('Ctrl Pts',(-66.0121308202732,-101.037412640432,
36.4999999999997));
#14135=CARTESIAN_POINT('Ctrl Pts',(-66.4344616950275,-100.757856169991,
36.4999999999997));
#14136=CARTESIAN_POINT('Ctrl Pts',(-66.610923308452,-100.641049683025,36.4999999999997));
#14137=CARTESIAN_POINT('',(-66.610923308452,-100.641049683025,36.9999999999997));
#14138=CARTESIAN_POINT('Ctrl Pts',(-64.2384862145082,-100.905872564698,
36.9999999999997));
#14139=CARTESIAN_POINT('Ctrl Pts',(-64.2384862145082,-100.905872564698,
36.4999999999997));
#14140=CARTESIAN_POINT('Ctrl Pts',(-64.3819484593108,-100.952330191417,
36.9999999999997));
#14141=CARTESIAN_POINT('Ctrl Pts',(-64.3819484593108,-100.952330191417,
36.4999999999997));
#14142=CARTESIAN_POINT('Ctrl Pts',(-64.6954362399567,-101.05384748131,36.9999999999997));
#14143=CARTESIAN_POINT('Ctrl Pts',(-64.6954362399567,-101.05384748131,36.4999999999997));
#14144=CARTESIAN_POINT('Ctrl Pts',(-65.0253752702771,-101.056243047268,
36.9999999999997));
#14145=CARTESIAN_POINT('Ctrl Pts',(-65.0253752702771,-101.056243047268,
36.4999999999997));
#14146=CARTESIAN_POINT('Ctrl Pts',(-65.2043234267579,-101.05754232402,36.9999999999997));
#14147=CARTESIAN_POINT('Ctrl Pts',(-65.2043234267579,-101.05754232402,36.4999999999997));
#14148=CARTESIAN_POINT('',(-64.2384862145082,-100.905872564698,36.9999999999997));
#14149=CARTESIAN_POINT('Ctrl Pts',(-64.2384862145082,-100.905872564698,
36.9999999999997));
#14150=CARTESIAN_POINT('Ctrl Pts',(-64.3819484593108,-100.952330191417,
36.9999999999997));
#14151=CARTESIAN_POINT('Ctrl Pts',(-64.6954362399567,-101.05384748131,36.9999999999997));
#14152=CARTESIAN_POINT('Ctrl Pts',(-65.0253752702771,-101.056243047268,
36.9999999999997));
#14153=CARTESIAN_POINT('Ctrl Pts',(-65.2043234267579,-101.05754232402,36.9999999999997));
#14154=CARTESIAN_POINT('',(-64.2384862145082,-100.905872564698,36.4999999999997));
#14155=CARTESIAN_POINT('',(-64.2384862145082,-100.905872564698,36.9999999999997));
#14156=CARTESIAN_POINT('Ctrl Pts',(-64.2384862145082,-100.905872564698,
36.4999999999997));
#14157=CARTESIAN_POINT('Ctrl Pts',(-64.3819484593108,-100.952330191417,
36.4999999999997));
#14158=CARTESIAN_POINT('Ctrl Pts',(-64.6954362399567,-101.05384748131,36.4999999999997));
#14159=CARTESIAN_POINT('Ctrl Pts',(-65.0253752702771,-101.056243047268,
36.4999999999997));
#14160=CARTESIAN_POINT('Ctrl Pts',(-65.2043234267579,-101.05754232402,36.4999999999997));
#14161=CARTESIAN_POINT('Ctrl Pts',(-63.6355159997428,-100.423394248784,
36.9999999999997));
#14162=CARTESIAN_POINT('Ctrl Pts',(-63.6355159997428,-100.423394248784,
36.4999999999997));
#14163=CARTESIAN_POINT('Ctrl Pts',(-63.7163836208754,-100.524260629742,
36.9999999999997));
#14164=CARTESIAN_POINT('Ctrl Pts',(-63.7163836208754,-100.524260629742,
36.4999999999997));
#14165=CARTESIAN_POINT('Ctrl Pts',(-63.8812785721644,-100.729934504423,
36.9999999999997));
#14166=CARTESIAN_POINT('Ctrl Pts',(-63.8812785721644,-100.729934504423,
36.4999999999997));
#14167=CARTESIAN_POINT('Ctrl Pts',(-64.1179055886064,-100.846482118042,
36.9999999999997));
#14168=CARTESIAN_POINT('Ctrl Pts',(-64.1179055886064,-100.846482118042,
36.4999999999997));
#14169=CARTESIAN_POINT('Ctrl Pts',(-64.2384862145082,-100.905872564698,
36.9999999999997));
#14170=CARTESIAN_POINT('Ctrl Pts',(-64.2384862145082,-100.905872564698,
36.4999999999997));
#14171=CARTESIAN_POINT('',(-63.6355159997428,-100.423394248784,36.9999999999997));
#14172=CARTESIAN_POINT('Ctrl Pts',(-63.6355159997428,-100.423394248784,
36.9999999999997));
#14173=CARTESIAN_POINT('Ctrl Pts',(-63.7163836208754,-100.524260629742,
36.9999999999997));
#14174=CARTESIAN_POINT('Ctrl Pts',(-63.8812785721644,-100.729934504423,
36.9999999999997));
#14175=CARTESIAN_POINT('Ctrl Pts',(-64.1179055886064,-100.846482118042,
36.9999999999997));
#14176=CARTESIAN_POINT('Ctrl Pts',(-64.2384862145082,-100.905872564698,
36.9999999999997));
#14177=CARTESIAN_POINT('',(-63.6355159997428,-100.423394248784,36.4999999999997));
#14178=CARTESIAN_POINT('',(-63.6355159997428,-100.423394248784,36.9999999999997));
#14179=CARTESIAN_POINT('Ctrl Pts',(-63.6355159997428,-100.423394248784,
36.4999999999997));
#14180=CARTESIAN_POINT('Ctrl Pts',(-63.7163836208754,-100.524260629742,
36.4999999999997));
#14181=CARTESIAN_POINT('Ctrl Pts',(-63.8812785721644,-100.729934504423,
36.4999999999997));
#14182=CARTESIAN_POINT('Ctrl Pts',(-64.1179055886064,-100.846482118042,
36.4999999999997));
#14183=CARTESIAN_POINT('Ctrl Pts',(-64.2384862145082,-100.905872564698,
36.4999999999997));
#14184=CARTESIAN_POINT('Ctrl Pts',(-63.4108555975722,-99.7176388478487,
36.9999999999997));
#14185=CARTESIAN_POINT('Ctrl Pts',(-63.4108555975722,-99.7176388478487,
36.4999999999997));
#14186=CARTESIAN_POINT('Ctrl Pts',(-63.4219127339126,-99.8433404671727,
36.9999999999997));
#14187=CARTESIAN_POINT('Ctrl Pts',(-63.4219127339126,-99.8433404671727,
36.4999999999997));
#14188=CARTESIAN_POINT('Ctrl Pts',(-63.4440806131323,-100.095353124801,
36.9999999999997));
#14189=CARTESIAN_POINT('Ctrl Pts',(-63.4440806131323,-100.095353124801,
36.4999999999997));
#14190=CARTESIAN_POINT('Ctrl Pts',(-63.5716014136069,-100.313871066857,
36.9999999999997));
#14191=CARTESIAN_POINT('Ctrl Pts',(-63.5716014136069,-100.313871066857,
36.4999999999997));
#14192=CARTESIAN_POINT('Ctrl Pts',(-63.6355159997428,-100.423394248784,
36.9999999999997));
#14193=CARTESIAN_POINT('Ctrl Pts',(-63.6355159997428,-100.423394248784,
36.4999999999997));
#14194=CARTESIAN_POINT('',(-63.4108555975722,-99.7176388478487,36.9999999999997));
#14195=CARTESIAN_POINT('Ctrl Pts',(-63.4108555975722,-99.7176388478487,
36.9999999999997));
#14196=CARTESIAN_POINT('Ctrl Pts',(-63.4219127339126,-99.8433404671727,
36.9999999999997));
#14197=CARTESIAN_POINT('Ctrl Pts',(-63.4440806131323,-100.095353124801,
36.9999999999997));
#14198=CARTESIAN_POINT('Ctrl Pts',(-63.5716014136069,-100.313871066857,
36.9999999999997));
#14199=CARTESIAN_POINT('Ctrl Pts',(-63.6355159997428,-100.423394248784,
36.9999999999997));
#14200=CARTESIAN_POINT('',(-63.4108555975722,-99.7176388478487,36.4999999999997));
#14201=CARTESIAN_POINT('',(-63.4108555975722,-99.7176388478487,36.9999999999997));
#14202=CARTESIAN_POINT('Ctrl Pts',(-63.4108555975722,-99.7176388478487,
36.4999999999997));
#14203=CARTESIAN_POINT('Ctrl Pts',(-63.4219127339126,-99.8433404671727,
36.4999999999997));
#14204=CARTESIAN_POINT('Ctrl Pts',(-63.4440806131323,-100.095353124801,
36.4999999999997));
#14205=CARTESIAN_POINT('Ctrl Pts',(-63.5716014136069,-100.313871066857,
36.4999999999997));
#14206=CARTESIAN_POINT('Ctrl Pts',(-63.6355159997428,-100.423394248784,
36.4999999999997));
#14207=CARTESIAN_POINT('Ctrl Pts',(-63.5605475853057,-99.12296429959,36.9999999999997));
#14208=CARTESIAN_POINT('Ctrl Pts',(-63.5605475853057,-99.12296429959,36.4999999999997));
#14209=CARTESIAN_POINT('Ctrl Pts',(-63.5155347686741,-99.2153746449893,
36.9999999999997));
#14210=CARTESIAN_POINT('Ctrl Pts',(-63.5155347686741,-99.2153746449893,
36.4999999999997));
#14211=CARTESIAN_POINT('Ctrl Pts',(-63.4241165534281,-99.4030542766777,
36.9999999999997));
#14212=CARTESIAN_POINT('Ctrl Pts',(-63.4241165534281,-99.4030542766777,
36.4999999999997));
#14213=CARTESIAN_POINT('Ctrl Pts',(-63.4153205794811,-99.6117177940159,
36.9999999999997));
#14214=CARTESIAN_POINT('Ctrl Pts',(-63.4153205794811,-99.6117177940159,
36.4999999999997));
#14215=CARTESIAN_POINT('Ctrl Pts',(-63.4108555975722,-99.7176388478487,
36.9999999999997));
#14216=CARTESIAN_POINT('Ctrl Pts',(-63.4108555975722,-99.7176388478487,
36.4999999999997));
#14217=CARTESIAN_POINT('',(-63.5605475853057,-99.12296429959,36.9999999999997));
#14218=CARTESIAN_POINT('Ctrl Pts',(-63.5605475853057,-99.12296429959,36.9999999999997));
#14219=CARTESIAN_POINT('Ctrl Pts',(-63.5155347686741,-99.2153746449893,
36.9999999999997));
#14220=CARTESIAN_POINT('Ctrl Pts',(-63.4241165534281,-99.4030542766777,
36.9999999999997));
#14221=CARTESIAN_POINT('Ctrl Pts',(-63.4153205794811,-99.6117177940159,
36.9999999999997));
#14222=CARTESIAN_POINT('Ctrl Pts',(-63.4108555975722,-99.7176388478487,
36.9999999999997));
#14223=CARTESIAN_POINT('',(-63.5605475853057,-99.12296429959,36.4999999999997));
#14224=CARTESIAN_POINT('',(-63.5605475853057,-99.12296429959,36.9999999999997));
#14225=CARTESIAN_POINT('Ctrl Pts',(-63.5605475853057,-99.12296429959,36.4999999999997));
#14226=CARTESIAN_POINT('Ctrl Pts',(-63.5155347686741,-99.2153746449893,
36.4999999999997));
#14227=CARTESIAN_POINT('Ctrl Pts',(-63.4241165534281,-99.4030542766777,
36.4999999999997));
#14228=CARTESIAN_POINT('Ctrl Pts',(-63.4153205794811,-99.6117177940159,
36.4999999999997));
#14229=CARTESIAN_POINT('Ctrl Pts',(-63.4108555975722,-99.7176388478487,
36.4999999999997));
#14230=CARTESIAN_POINT('Ctrl Pts',(-64.0632917351883,-98.6711084027497,
36.9999999999997));
#14231=CARTESIAN_POINT('Ctrl Pts',(-64.0632917351883,-98.6711084027497,
36.4999999999997));
#14232=CARTESIAN_POINT('Ctrl Pts',(-63.9573902848076,-98.7328825119146,
36.9999999999997));
#14233=CARTESIAN_POINT('Ctrl Pts',(-63.9573902848076,-98.7328825119146,
36.4999999999997));
#14234=CARTESIAN_POINT('Ctrl Pts',(-63.7582663968592,-98.8490348473854,
36.9999999999997));
#14235=CARTESIAN_POINT('Ctrl Pts',(-63.7582663968592,-98.8490348473854,
36.4999999999997));
#14236=CARTESIAN_POINT('Ctrl Pts',(-63.62359551154,-99.0356145741881,36.9999999999997));
#14237=CARTESIAN_POINT('Ctrl Pts',(-63.62359551154,-99.0356145741881,36.4999999999997));
#14238=CARTESIAN_POINT('Ctrl Pts',(-63.5605475853057,-99.12296429959,36.9999999999997));
#14239=CARTESIAN_POINT('Ctrl Pts',(-63.5605475853057,-99.12296429959,36.4999999999997));
#14240=CARTESIAN_POINT('',(-64.0632917351883,-98.6711084027497,36.9999999999997));
#14241=CARTESIAN_POINT('Ctrl Pts',(-64.0632917351883,-98.6711084027497,
36.9999999999997));
#14242=CARTESIAN_POINT('Ctrl Pts',(-63.9573902848076,-98.7328825119146,
36.9999999999997));
#14243=CARTESIAN_POINT('Ctrl Pts',(-63.7582663968592,-98.8490348473854,
36.9999999999997));
#14244=CARTESIAN_POINT('Ctrl Pts',(-63.62359551154,-99.0356145741881,36.9999999999997));
#14245=CARTESIAN_POINT('Ctrl Pts',(-63.5605475853057,-99.12296429959,36.9999999999997));
#14246=CARTESIAN_POINT('',(-64.0632917351883,-98.6711084027497,36.4999999999997));
#14247=CARTESIAN_POINT('',(-64.0632917351883,-98.6711084027497,36.9999999999997));
#14248=CARTESIAN_POINT('Ctrl Pts',(-64.0632917351883,-98.6711084027497,
36.4999999999997));
#14249=CARTESIAN_POINT('Ctrl Pts',(-63.9573902848076,-98.7328825119146,
36.4999999999997));
#14250=CARTESIAN_POINT('Ctrl Pts',(-63.7582663968592,-98.8490348473854,
36.4999999999997));
#14251=CARTESIAN_POINT('Ctrl Pts',(-63.62359551154,-99.0356145741881,36.4999999999997));
#14252=CARTESIAN_POINT('Ctrl Pts',(-63.5605475853057,-99.12296429959,36.4999999999997));
#14253=CARTESIAN_POINT('Ctrl Pts',(-65.2182013307942,-98.2983961937712,
36.9999999999997));
#14254=CARTESIAN_POINT('Ctrl Pts',(-65.2182013307942,-98.2983961937712,
36.4999999999997));
#14255=CARTESIAN_POINT('Ctrl Pts',(-64.9847823128812,-98.35297819557,36.9999999999997));
#14256=CARTESIAN_POINT('Ctrl Pts',(-64.9847823128812,-98.35297819557,36.4999999999997));
#14257=CARTESIAN_POINT('Ctrl Pts',(-64.5891991882155,-98.4454801648402,
36.9999999999997));
#14258=CARTESIAN_POINT('Ctrl Pts',(-64.5891991882155,-98.4454801648402,
36.4999999999997));
#14259=CARTESIAN_POINT('Ctrl Pts',(-64.2161984777961,-98.6055073569754,
36.9999999999997));
#14260=CARTESIAN_POINT('Ctrl Pts',(-64.2161984777961,-98.6055073569754,
36.4999999999997));
#14261=CARTESIAN_POINT('Ctrl Pts',(-64.0632917351883,-98.6711084027497,
36.9999999999997));
#14262=CARTESIAN_POINT('Ctrl Pts',(-64.0632917351883,-98.6711084027497,
36.4999999999997));
#14263=CARTESIAN_POINT('',(-65.2182013307942,-98.2983961937712,36.9999999999997));
#14264=CARTESIAN_POINT('Ctrl Pts',(-65.2182013307942,-98.2983961937712,
36.9999999999997));
#14265=CARTESIAN_POINT('Ctrl Pts',(-64.9847823128812,-98.35297819557,36.9999999999997));
#14266=CARTESIAN_POINT('Ctrl Pts',(-64.5891991882155,-98.4454801648402,
36.9999999999997));
#14267=CARTESIAN_POINT('Ctrl Pts',(-64.2161984777961,-98.6055073569754,
36.9999999999997));
#14268=CARTESIAN_POINT('Ctrl Pts',(-64.0632917351883,-98.6711084027497,
36.9999999999997));
#14269=CARTESIAN_POINT('',(-65.2182013307942,-98.2983961937712,36.4999999999997));
#14270=CARTESIAN_POINT('',(-65.2182013307942,-98.2983961937712,36.9999999999997));
#14271=CARTESIAN_POINT('Ctrl Pts',(-65.2182013307942,-98.2983961937712,
36.4999999999997));
#14272=CARTESIAN_POINT('Ctrl Pts',(-64.9847823128812,-98.35297819557,36.4999999999997));
#14273=CARTESIAN_POINT('Ctrl Pts',(-64.5891991882155,-98.4454801648402,
36.4999999999997));
#14274=CARTESIAN_POINT('Ctrl Pts',(-64.2161984777961,-98.6055073569754,
36.4999999999997));
#14275=CARTESIAN_POINT('Ctrl Pts',(-64.0632917351883,-98.6711084027497,
36.4999999999997));
#14276=CARTESIAN_POINT('Ctrl Pts',(-65.6304127060866,-98.144140591237,36.9999999999997));
#14277=CARTESIAN_POINT('Ctrl Pts',(-65.6304127060866,-98.144140591237,36.4999999999997));
#14278=CARTESIAN_POINT('Ctrl Pts',(-65.582584952655,-98.1725251425658,36.9999999999997));
#14279=CARTESIAN_POINT('Ctrl Pts',(-65.582584952655,-98.1725251425658,36.4999999999997));
#14280=CARTESIAN_POINT('Ctrl Pts',(-65.4550355199321,-98.2482224764422,
36.9999999999997));
#14281=CARTESIAN_POINT('Ctrl Pts',(-65.4550355199321,-98.2482224764422,
36.4999999999997));
#14282=CARTESIAN_POINT('Ctrl Pts',(-65.309293712594,-98.2790981210061,36.9999999999997));
#14283=CARTESIAN_POINT('Ctrl Pts',(-65.309293712594,-98.2790981210061,36.4999999999997));
#14284=CARTESIAN_POINT('Ctrl Pts',(-65.2182013307942,-98.2983961937712,
36.9999999999997));
#14285=CARTESIAN_POINT('Ctrl Pts',(-65.2182013307942,-98.2983961937712,
36.4999999999997));
#14286=CARTESIAN_POINT('',(-65.6304127060866,-98.144140591237,36.9999999999997));
#14287=CARTESIAN_POINT('Ctrl Pts',(-65.6304127060866,-98.144140591237,36.9999999999997));
#14288=CARTESIAN_POINT('Ctrl Pts',(-65.582584952655,-98.1725251425658,36.9999999999997));
#14289=CARTESIAN_POINT('Ctrl Pts',(-65.4550355199321,-98.2482224764422,
36.9999999999997));
#14290=CARTESIAN_POINT('Ctrl Pts',(-65.309293712594,-98.2790981210061,36.9999999999997));
#14291=CARTESIAN_POINT('Ctrl Pts',(-65.2182013307942,-98.2983961937712,
36.9999999999997));
#14292=CARTESIAN_POINT('',(-65.6304127060866,-98.144140591237,36.4999999999997));
#14293=CARTESIAN_POINT('',(-65.6304127060866,-98.144140591237,36.9999999999997));
#14294=CARTESIAN_POINT('Ctrl Pts',(-65.6304127060866,-98.144140591237,36.4999999999997));
#14295=CARTESIAN_POINT('Ctrl Pts',(-65.582584952655,-98.1725251425658,36.4999999999997));
#14296=CARTESIAN_POINT('Ctrl Pts',(-65.4550355199321,-98.2482224764422,
36.4999999999997));
#14297=CARTESIAN_POINT('Ctrl Pts',(-65.309293712594,-98.2790981210061,36.4999999999997));
#14298=CARTESIAN_POINT('Ctrl Pts',(-65.2182013307942,-98.2983961937712,
36.4999999999997));
#14299=CARTESIAN_POINT('Ctrl Pts',(-65.7175657235409,-97.9707623380653,
36.9999999999997));
#14300=CARTESIAN_POINT('Ctrl Pts',(-65.7175657235409,-97.9707623380653,
36.4999999999997));
#14301=CARTESIAN_POINT('Ctrl Pts',(-65.7135103085051,-98.0025520106737,
36.9999999999997));
#14302=CARTESIAN_POINT('Ctrl Pts',(-65.7135103085051,-98.0025520106737,
36.4999999999997));
#14303=CARTESIAN_POINT('Ctrl Pts',(-65.7048737740378,-98.0702522585574,
36.9999999999997));
#14304=CARTESIAN_POINT('Ctrl Pts',(-65.7048737740378,-98.0702522585574,
36.4999999999997));
#14305=CARTESIAN_POINT('Ctrl Pts',(-65.656220239549,-98.1185315626456,36.9999999999997));
#14306=CARTESIAN_POINT('Ctrl Pts',(-65.656220239549,-98.1185315626456,36.4999999999997));
#14307=CARTESIAN_POINT('Ctrl Pts',(-65.6304127060866,-98.144140591237,36.9999999999997));
#14308=CARTESIAN_POINT('Ctrl Pts',(-65.6304127060866,-98.144140591237,36.4999999999997));
#14309=CARTESIAN_POINT('',(-65.7175657235409,-97.9707623380653,36.9999999999997));
#14310=CARTESIAN_POINT('Ctrl Pts',(-65.7175657235409,-97.9707623380653,
36.9999999999997));
#14311=CARTESIAN_POINT('Ctrl Pts',(-65.7135103085051,-98.0025520106737,
36.9999999999997));
#14312=CARTESIAN_POINT('Ctrl Pts',(-65.7048737740378,-98.0702522585574,
36.9999999999997));
#14313=CARTESIAN_POINT('Ctrl Pts',(-65.656220239549,-98.1185315626456,36.9999999999997));
#14314=CARTESIAN_POINT('Ctrl Pts',(-65.6304127060866,-98.144140591237,36.9999999999997));
#14315=CARTESIAN_POINT('',(-65.7175657235409,-97.9707623380653,36.4999999999997));
#14316=CARTESIAN_POINT('',(-65.7175657235409,-97.9707623380653,36.9999999999997));
#14317=CARTESIAN_POINT('Ctrl Pts',(-65.7175657235409,-97.9707623380653,
36.4999999999997));
#14318=CARTESIAN_POINT('Ctrl Pts',(-65.7135103085051,-98.0025520106737,
36.4999999999997));
#14319=CARTESIAN_POINT('Ctrl Pts',(-65.7048737740378,-98.0702522585574,
36.4999999999997));
#14320=CARTESIAN_POINT('Ctrl Pts',(-65.656220239549,-98.1185315626456,36.4999999999997));
#14321=CARTESIAN_POINT('Ctrl Pts',(-65.6304127060866,-98.144140591237,36.4999999999997));
#14322=CARTESIAN_POINT('Ctrl Pts',(-65.6047211393466,-97.7502447989612,
36.9999999999997));
#14323=CARTESIAN_POINT('Ctrl Pts',(-65.6047211393466,-97.7502447989612,
36.4999999999997));
#14324=CARTESIAN_POINT('Ctrl Pts',(-65.637071893974,-97.7812759394846,36.9999999999997));
#14325=CARTESIAN_POINT('Ctrl Pts',(-65.637071893974,-97.7812759394846,36.4999999999997));
#14326=CARTESIAN_POINT('Ctrl Pts',(-65.7002526657445,-97.84187951519,36.9999999999997));
#14327=CARTESIAN_POINT('Ctrl Pts',(-65.7002526657445,-97.84187951519,36.4999999999997));
#14328=CARTESIAN_POINT('Ctrl Pts',(-65.7118880574471,-97.9284963419534,
36.9999999999997));
#14329=CARTESIAN_POINT('Ctrl Pts',(-65.7118880574471,-97.9284963419534,
36.4999999999997));
#14330=CARTESIAN_POINT('Ctrl Pts',(-65.7175657235409,-97.9707623380653,
36.9999999999997));
#14331=CARTESIAN_POINT('Ctrl Pts',(-65.7175657235409,-97.9707623380653,
36.4999999999997));
#14332=CARTESIAN_POINT('',(-65.6047211393466,-97.7502447989612,36.9999999999997));
#14333=CARTESIAN_POINT('Ctrl Pts',(-65.6047211393466,-97.7502447989612,
36.9999999999997));
#14334=CARTESIAN_POINT('Ctrl Pts',(-65.637071893974,-97.7812759394846,36.9999999999997));
#14335=CARTESIAN_POINT('Ctrl Pts',(-65.7002526657445,-97.84187951519,36.9999999999997));
#14336=CARTESIAN_POINT('Ctrl Pts',(-65.7118880574471,-97.9284963419534,
36.9999999999997));
#14337=CARTESIAN_POINT('Ctrl Pts',(-65.7175657235409,-97.9707623380653,
36.9999999999997));
#14338=CARTESIAN_POINT('',(-65.6047211393466,-97.7502447989612,36.4999999999997));
#14339=CARTESIAN_POINT('',(-65.6047211393466,-97.7502447989612,36.9999999999997));
#14340=CARTESIAN_POINT('Ctrl Pts',(-65.6047211393466,-97.7502447989612,
36.4999999999997));
#14341=CARTESIAN_POINT('Ctrl Pts',(-65.637071893974,-97.7812759394846,36.4999999999997));
#14342=CARTESIAN_POINT('Ctrl Pts',(-65.7002526657445,-97.84187951519,36.4999999999997));
#14343=CARTESIAN_POINT('Ctrl Pts',(-65.7118880574471,-97.9284963419534,
36.4999999999997));
#14344=CARTESIAN_POINT('Ctrl Pts',(-65.7175657235409,-97.9707623380653,
36.4999999999997));
#14345=CARTESIAN_POINT('Ctrl Pts',(-65.2785443435693,-97.6642837041236,
36.9999999999997));
#14346=CARTESIAN_POINT('Ctrl Pts',(-65.2785443435693,-97.6642837041236,
36.4999999999997));
#14347=CARTESIAN_POINT('Ctrl Pts',(-65.3433141578483,-97.6649852144648,
36.9999999999997));
#14348=CARTESIAN_POINT('Ctrl Pts',(-65.3433141578483,-97.6649852144648,
36.4999999999997));
#14349=CARTESIAN_POINT('Ctrl Pts',(-65.4598357138905,-97.6662472387186,
36.9999999999997));
#14350=CARTESIAN_POINT('Ctrl Pts',(-65.4598357138905,-97.6662472387186,
36.4999999999997));
#14351=CARTESIAN_POINT('Ctrl Pts',(-65.5601622389076,-97.7244117042094,
36.9999999999997));
#14352=CARTESIAN_POINT('Ctrl Pts',(-65.5601622389076,-97.7244117042094,
36.4999999999997));
#14353=CARTESIAN_POINT('Ctrl Pts',(-65.6047211393466,-97.7502447989612,
36.9999999999997));
#14354=CARTESIAN_POINT('Ctrl Pts',(-65.6047211393466,-97.7502447989612,
36.4999999999997));
#14355=CARTESIAN_POINT('',(-65.2785443435693,-97.6642837041236,36.9999999999997));
#14356=CARTESIAN_POINT('Ctrl Pts',(-65.2785443435693,-97.6642837041236,
36.9999999999997));
#14357=CARTESIAN_POINT('Ctrl Pts',(-65.3433141578483,-97.6649852144648,
36.9999999999997));
#14358=CARTESIAN_POINT('Ctrl Pts',(-65.4598357138905,-97.6662472387186,
36.9999999999997));
#14359=CARTESIAN_POINT('Ctrl Pts',(-65.5601622389076,-97.7244117042094,
36.9999999999997));
#14360=CARTESIAN_POINT('Ctrl Pts',(-65.6047211393466,-97.7502447989612,
36.9999999999997));
#14361=CARTESIAN_POINT('',(-65.2785443435693,-97.6642837041236,36.4999999999997));
#14362=CARTESIAN_POINT('',(-65.2785443435693,-97.6642837041236,36.9999999999997));
#14363=CARTESIAN_POINT('Ctrl Pts',(-65.2785443435693,-97.6642837041236,
36.4999999999997));
#14364=CARTESIAN_POINT('Ctrl Pts',(-65.3433141578483,-97.6649852144648,
36.4999999999997));
#14365=CARTESIAN_POINT('Ctrl Pts',(-65.4598357138905,-97.6662472387186,
36.4999999999997));
#14366=CARTESIAN_POINT('Ctrl Pts',(-65.5601622389076,-97.7244117042094,
36.4999999999997));
#14367=CARTESIAN_POINT('Ctrl Pts',(-65.6047211393466,-97.7502447989612,
36.4999999999997));
#14368=CARTESIAN_POINT('Ctrl Pts',(-64.8700144102606,-97.7939183624255,
36.9999999999997));
#14369=CARTESIAN_POINT('Ctrl Pts',(-64.8700144102606,-97.7939183624255,
36.4999999999997));
#14370=CARTESIAN_POINT('Ctrl Pts',(-64.9268215193823,-97.7572165887747,
36.9999999999997));
#14371=CARTESIAN_POINT('Ctrl Pts',(-64.9268215193823,-97.7572165887747,
36.4999999999997));
#14372=CARTESIAN_POINT('Ctrl Pts',(-65.0507145245626,-97.6771721523766,
36.9999999999997));
#14373=CARTESIAN_POINT('Ctrl Pts',(-65.0507145245626,-97.6771721523766,
36.4999999999997));
#14374=CARTESIAN_POINT('Ctrl Pts',(-65.1985136833352,-97.6688110791072,
36.9999999999997));
#14375=CARTESIAN_POINT('Ctrl Pts',(-65.1985136833352,-97.6688110791072,
36.4999999999997));
#14376=CARTESIAN_POINT('Ctrl Pts',(-65.2785443435693,-97.6642837041236,
36.9999999999997));
#14377=CARTESIAN_POINT('Ctrl Pts',(-65.2785443435693,-97.6642837041236,
36.4999999999997));
#14378=CARTESIAN_POINT('',(-64.8700144102606,-97.7939183624255,36.9999999999997));
#14379=CARTESIAN_POINT('Ctrl Pts',(-64.8700144102606,-97.7939183624255,
36.9999999999997));
#14380=CARTESIAN_POINT('Ctrl Pts',(-64.9268215193823,-97.7572165887747,
36.9999999999997));
#14381=CARTESIAN_POINT('Ctrl Pts',(-65.0507145245626,-97.6771721523766,
36.9999999999997));
#14382=CARTESIAN_POINT('Ctrl Pts',(-65.1985136833352,-97.6688110791072,
36.9999999999997));
#14383=CARTESIAN_POINT('Ctrl Pts',(-65.2785443435693,-97.6642837041236,
36.9999999999997));
#14384=CARTESIAN_POINT('',(-64.8700144102606,-97.7939183624255,36.4999999999997));
#14385=CARTESIAN_POINT('',(-64.8700144102606,-97.7939183624255,36.9999999999997));
#14386=CARTESIAN_POINT('Ctrl Pts',(-64.8700144102606,-97.7939183624255,
36.4999999999997));
#14387=CARTESIAN_POINT('Ctrl Pts',(-64.9268215193823,-97.7572165887747,
36.4999999999997));
#14388=CARTESIAN_POINT('Ctrl Pts',(-65.0507145245626,-97.6771721523766,
36.4999999999997));
#14389=CARTESIAN_POINT('Ctrl Pts',(-65.1985136833352,-97.6688110791072,
36.4999999999997));
#14390=CARTESIAN_POINT('Ctrl Pts',(-65.2785443435693,-97.6642837041236,
36.4999999999997));
#14391=CARTESIAN_POINT('Ctrl Pts',(-64.6815250120762,-98.1900320492447,
36.9999999999997));
#14392=CARTESIAN_POINT('Ctrl Pts',(-64.6815250120762,-98.1900320492447,
36.4999999999997));
#14393=CARTESIAN_POINT('Ctrl Pts',(-64.6971064586771,-98.1083476730187,
36.9999999999997));
#14394=CARTESIAN_POINT('Ctrl Pts',(-64.6971064586771,-98.1083476730187,
36.4999999999997));
#14395=CARTESIAN_POINT('Ctrl Pts',(-64.7255537903746,-97.9592150151514,
36.9999999999997));
#14396=CARTESIAN_POINT('Ctrl Pts',(-64.7255537903746,-97.9592150151514,
36.4999999999997));
#14397=CARTESIAN_POINT('Ctrl Pts',(-64.8250260534908,-97.8453955386383,
36.9999999999997));
#14398=CARTESIAN_POINT('Ctrl Pts',(-64.8250260534908,-97.8453955386383,
36.4999999999997));
#14399=CARTESIAN_POINT('Ctrl Pts',(-64.8700144102606,-97.7939183624255,
36.9999999999997));
#14400=CARTESIAN_POINT('Ctrl Pts',(-64.8700144102606,-97.7939183624255,
36.4999999999997));
#14401=CARTESIAN_POINT('',(-64.6815250120762,-98.1900320492448,36.9999999999997));
#14402=CARTESIAN_POINT('Ctrl Pts',(-64.6815250120762,-98.1900320492447,
36.9999999999997));
#14403=CARTESIAN_POINT('Ctrl Pts',(-64.6971064586771,-98.1083476730187,
36.9999999999997));
#14404=CARTESIAN_POINT('Ctrl Pts',(-64.7255537903746,-97.9592150151514,
36.9999999999997));
#14405=CARTESIAN_POINT('Ctrl Pts',(-64.8250260534908,-97.8453955386383,
36.9999999999997));
#14406=CARTESIAN_POINT('Ctrl Pts',(-64.8700144102606,-97.7939183624255,
36.9999999999997));
#14407=CARTESIAN_POINT('',(-64.6815250120762,-98.1900320492448,36.4999999999997));
#14408=CARTESIAN_POINT('',(-64.6815250120762,-98.1900320492448,36.9999999999997));
#14409=CARTESIAN_POINT('Ctrl Pts',(-64.6815250120762,-98.1900320492447,
36.4999999999997));
#14410=CARTESIAN_POINT('Ctrl Pts',(-64.6971064586771,-98.1083476730187,
36.4999999999997));
#14411=CARTESIAN_POINT('Ctrl Pts',(-64.7255537903746,-97.9592150151514,
36.4999999999997));
#14412=CARTESIAN_POINT('Ctrl Pts',(-64.8250260534908,-97.8453955386383,
36.4999999999997));
#14413=CARTESIAN_POINT('Ctrl Pts',(-64.8700144102606,-97.7939183624255,
36.4999999999997));
#14414=CARTESIAN_POINT('Origin',(-63.5154723292906,-98.141316644681,36.9999999999997));
#14415=CARTESIAN_POINT('',(-63.5154723292906,-98.141316644681,36.9999999999997));
#14416=CARTESIAN_POINT('',(-31.4504152256737,-96.801701160559,36.9999999999997));
#14417=CARTESIAN_POINT('',(-63.5154723292906,-98.141316644681,36.4999999999997));
#14418=CARTESIAN_POINT('',(-63.5154723292906,-98.141316644681,36.9999999999997));
#14419=CARTESIAN_POINT('',(-63.5154723292906,-98.141316644681,36.4999999999997));
#14420=CARTESIAN_POINT('Ctrl Pts',(-63.9790842913969,-97.2262035666442,
36.9999999999997));
#14421=CARTESIAN_POINT('Ctrl Pts',(-63.9790842913969,-97.2262035666442,
36.4999999999997));
#14422=CARTESIAN_POINT('Ctrl Pts',(-63.8598274668714,-97.3435604172314,
36.9999999999997));
#14423=CARTESIAN_POINT('Ctrl Pts',(-63.8598274668714,-97.3435604172314,
36.4999999999997));
#14424=CARTESIAN_POINT('Ctrl Pts',(-63.6039526786624,-97.5953586636495,
36.9999999999997));
#14425=CARTESIAN_POINT('Ctrl Pts',(-63.6039526786624,-97.5953586636495,
36.4999999999997));
#14426=CARTESIAN_POINT('Ctrl Pts',(-63.5462703633916,-97.9512808611776,
36.9999999999997));
#14427=CARTESIAN_POINT('Ctrl Pts',(-63.5462703633916,-97.9512808611776,
36.4999999999997));
#14428=CARTESIAN_POINT('Ctrl Pts',(-63.5154723292906,-98.141316644681,36.9999999999997));
#14429=CARTESIAN_POINT('Ctrl Pts',(-63.5154723292906,-98.141316644681,36.4999999999997));
#14430=CARTESIAN_POINT('',(-63.9790842913969,-97.2262035666442,36.9999999999997));
#14431=CARTESIAN_POINT('Ctrl Pts',(-63.9790842913969,-97.2262035666442,
36.9999999999997));
#14432=CARTESIAN_POINT('Ctrl Pts',(-63.8598274668714,-97.3435604172314,
36.9999999999997));
#14433=CARTESIAN_POINT('Ctrl Pts',(-63.6039526786624,-97.5953586636495,
36.9999999999997));
#14434=CARTESIAN_POINT('Ctrl Pts',(-63.5462703633916,-97.9512808611776,
36.9999999999997));
#14435=CARTESIAN_POINT('Ctrl Pts',(-63.5154723292906,-98.141316644681,36.9999999999997));
#14436=CARTESIAN_POINT('',(-63.9790842913969,-97.2262035666442,36.4999999999997));
#14437=CARTESIAN_POINT('',(-63.9790842913969,-97.2262035666442,36.9999999999997));
#14438=CARTESIAN_POINT('Ctrl Pts',(-63.9790842913969,-97.2262035666442,
36.4999999999997));
#14439=CARTESIAN_POINT('Ctrl Pts',(-63.8598274668714,-97.3435604172314,
36.4999999999997));
#14440=CARTESIAN_POINT('Ctrl Pts',(-63.6039526786624,-97.5953586636495,
36.4999999999997));
#14441=CARTESIAN_POINT('Ctrl Pts',(-63.5462703633916,-97.9512808611776,
36.4999999999997));
#14442=CARTESIAN_POINT('Ctrl Pts',(-63.5154723292906,-98.141316644681,36.4999999999997));
#14443=CARTESIAN_POINT('Ctrl Pts',(-65.1433192186571,-96.9215576461454,
36.9999999999997));
#14444=CARTESIAN_POINT('Ctrl Pts',(-65.1433192186571,-96.9215576461454,
36.4999999999997));
#14445=CARTESIAN_POINT('Ctrl Pts',(-64.9133623632143,-96.9306695155263,
36.9999999999997));
#14446=CARTESIAN_POINT('Ctrl Pts',(-64.9133623632143,-96.9306695155263,
36.4999999999997));
#14447=CARTESIAN_POINT('Ctrl Pts',(-64.5013554199086,-96.9469949842503,
36.9999999999997));
#14448=CARTESIAN_POINT('Ctrl Pts',(-64.5013554199086,-96.9469949842503,
36.4999999999997));
#14449=CARTESIAN_POINT('Ctrl Pts',(-64.1391354310102,-97.1406394805548,
36.9999999999997));
#14450=CARTESIAN_POINT('Ctrl Pts',(-64.1391354310102,-97.1406394805548,
36.4999999999997));
#14451=CARTESIAN_POINT('Ctrl Pts',(-63.9790842913969,-97.2262035666442,
36.9999999999997));
#14452=CARTESIAN_POINT('Ctrl Pts',(-63.9790842913969,-97.2262035666442,
36.4999999999997));
#14453=CARTESIAN_POINT('',(-65.1433192186571,-96.9215576461454,36.9999999999997));
#14454=CARTESIAN_POINT('Ctrl Pts',(-65.1433192186571,-96.9215576461454,
36.9999999999997));
#14455=CARTESIAN_POINT('Ctrl Pts',(-64.9133623632143,-96.9306695155263,
36.9999999999997));
#14456=CARTESIAN_POINT('Ctrl Pts',(-64.5013554199086,-96.9469949842503,
36.9999999999997));
#14457=CARTESIAN_POINT('Ctrl Pts',(-64.1391354310102,-97.1406394805548,
36.9999999999997));
#14458=CARTESIAN_POINT('Ctrl Pts',(-63.9790842913969,-97.2262035666442,
36.9999999999997));
#14459=CARTESIAN_POINT('',(-65.1433192186571,-96.9215576461454,36.4999999999997));
#14460=CARTESIAN_POINT('',(-65.1433192186571,-96.9215576461454,36.9999999999997));
#14461=CARTESIAN_POINT('Ctrl Pts',(-65.1433192186571,-96.9215576461454,
36.4999999999997));
#14462=CARTESIAN_POINT('Ctrl Pts',(-64.9133623632143,-96.9306695155263,
36.4999999999997));
#14463=CARTESIAN_POINT('Ctrl Pts',(-64.5013554199086,-96.9469949842503,
36.4999999999997));
#14464=CARTESIAN_POINT('Ctrl Pts',(-64.1391354310102,-97.1406394805548,
36.4999999999997));
#14465=CARTESIAN_POINT('Ctrl Pts',(-63.9790842913969,-97.2262035666442,
36.4999999999997));
#14466=CARTESIAN_POINT('Ctrl Pts',(-66.1294346900812,-97.0619718408605,
36.9999999999997));
#14467=CARTESIAN_POINT('Ctrl Pts',(-66.1294346900812,-97.0619718408605,
36.4999999999997));
#14468=CARTESIAN_POINT('Ctrl Pts',(-65.9880169265925,-97.0187355666248,
36.9999999999997));
#14469=CARTESIAN_POINT('Ctrl Pts',(-65.9880169265925,-97.0187355666248,
36.4999999999997));
#14470=CARTESIAN_POINT('Ctrl Pts',(-65.6672333745586,-96.9206610017051,
36.9999999999997));
#14471=CARTESIAN_POINT('Ctrl Pts',(-65.6672333745586,-96.9206610017051,
36.4999999999997));
#14472=CARTESIAN_POINT('Ctrl Pts',(-65.3312076513289,-96.9212360875148,
36.9999999999997));
#14473=CARTESIAN_POINT('Ctrl Pts',(-65.3312076513289,-96.9212360875148,
36.4999999999997));
#14474=CARTESIAN_POINT('Ctrl Pts',(-65.1433192186571,-96.9215576461454,
36.9999999999997));
#14475=CARTESIAN_POINT('Ctrl Pts',(-65.1433192186571,-96.9215576461454,
36.4999999999997));
#14476=CARTESIAN_POINT('',(-66.1294346900812,-97.0619718408605,36.9999999999997));
#14477=CARTESIAN_POINT('Ctrl Pts',(-66.1294346900812,-97.0619718408605,
36.9999999999997));
#14478=CARTESIAN_POINT('Ctrl Pts',(-65.9880169265925,-97.0187355666248,
36.9999999999997));
#14479=CARTESIAN_POINT('Ctrl Pts',(-65.6672333745586,-96.9206610017051,
36.9999999999997));
#14480=CARTESIAN_POINT('Ctrl Pts',(-65.3312076513289,-96.9212360875148,
36.9999999999997));
#14481=CARTESIAN_POINT('Ctrl Pts',(-65.1433192186571,-96.9215576461454,
36.9999999999997));
#14482=CARTESIAN_POINT('',(-66.1294346900812,-97.0619718408605,36.4999999999997));
#14483=CARTESIAN_POINT('',(-66.1294346900812,-97.0619718408605,36.9999999999997));
#14484=CARTESIAN_POINT('Ctrl Pts',(-66.1294346900812,-97.0619718408605,
36.4999999999997));
#14485=CARTESIAN_POINT('Ctrl Pts',(-65.9880169265925,-97.0187355666248,
36.4999999999997));
#14486=CARTESIAN_POINT('Ctrl Pts',(-65.6672333745586,-96.9206610017051,
36.4999999999997));
#14487=CARTESIAN_POINT('Ctrl Pts',(-65.3312076513289,-96.9212360875148,
36.4999999999997));
#14488=CARTESIAN_POINT('Ctrl Pts',(-65.1433192186571,-96.9215576461454,
36.4999999999997));
#14489=CARTESIAN_POINT('Ctrl Pts',(-66.6740874667684,-97.4840255668696,
36.9999999999997));
#14490=CARTESIAN_POINT('Ctrl Pts',(-66.6740874667684,-97.4840255668696,
36.4999999999997));
#14491=CARTESIAN_POINT('Ctrl Pts',(-66.6029340976929,-97.3975759108431,
36.9999999999997));
#14492=CARTESIAN_POINT('Ctrl Pts',(-66.6029340976929,-97.3975759108431,
36.4999999999997));
#14493=CARTESIAN_POINT('Ctrl Pts',(-66.4535113039449,-97.2160307599968,
36.9999999999997));
#14494=CARTESIAN_POINT('Ctrl Pts',(-66.4535113039449,-97.2160307599968,
36.4999999999997));
#14495=CARTESIAN_POINT('Ctrl Pts',(-66.2408363457587,-97.1149297462738,
36.9999999999997));
#14496=CARTESIAN_POINT('Ctrl Pts',(-66.2408363457587,-97.1149297462738,
36.4999999999997));
#14497=CARTESIAN_POINT('Ctrl Pts',(-66.1294346900812,-97.0619718408605,
36.9999999999997));
#14498=CARTESIAN_POINT('Ctrl Pts',(-66.1294346900812,-97.0619718408605,
36.4999999999997));
#14499=CARTESIAN_POINT('',(-66.6740874667684,-97.4840255668696,36.9999999999997));
#14500=CARTESIAN_POINT('Ctrl Pts',(-66.6740874667684,-97.4840255668696,
36.9999999999997));
#14501=CARTESIAN_POINT('Ctrl Pts',(-66.6029340976929,-97.3975759108431,
36.9999999999997));
#14502=CARTESIAN_POINT('Ctrl Pts',(-66.4535113039449,-97.2160307599968,
36.9999999999997));
#14503=CARTESIAN_POINT('Ctrl Pts',(-66.2408363457587,-97.1149297462738,
36.9999999999997));
#14504=CARTESIAN_POINT('Ctrl Pts',(-66.1294346900812,-97.0619718408605,
36.9999999999997));
#14505=CARTESIAN_POINT('',(-66.6740874667684,-97.4840255668696,36.4999999999997));
#14506=CARTESIAN_POINT('',(-66.6740874667684,-97.4840255668696,36.9999999999997));
#14507=CARTESIAN_POINT('Ctrl Pts',(-66.6740874667684,-97.4840255668696,
36.4999999999997));
#14508=CARTESIAN_POINT('Ctrl Pts',(-66.6029340976929,-97.3975759108431,
36.4999999999997));
#14509=CARTESIAN_POINT('Ctrl Pts',(-66.4535113039449,-97.2160307599968,
36.4999999999997));
#14510=CARTESIAN_POINT('Ctrl Pts',(-66.2408363457587,-97.1149297462738,
36.4999999999997));
#14511=CARTESIAN_POINT('Ctrl Pts',(-66.1294346900812,-97.0619718408605,
36.4999999999997));
#14512=CARTESIAN_POINT('Ctrl Pts',(-66.8625239674523,-98.0634923735668,
36.9999999999997));
#14513=CARTESIAN_POINT('Ctrl Pts',(-66.8625239674523,-98.0634923735668,
36.4999999999997));
#14514=CARTESIAN_POINT('Ctrl Pts',(-66.8529088185114,-97.9615824023149,
36.9999999999997));
#14515=CARTESIAN_POINT('Ctrl Pts',(-66.8529088185114,-97.9615824023149,
36.4999999999997));
#14516=CARTESIAN_POINT('Ctrl Pts',(-66.8333677262654,-97.7544683824218,
36.9999999999997));
#14517=CARTESIAN_POINT('Ctrl Pts',(-66.8333677262654,-97.7544683824218,
36.4999999999997));
#14518=CARTESIAN_POINT('Ctrl Pts',(-66.7277408728821,-97.5751239757947,
36.9999999999997));
#14519=CARTESIAN_POINT('Ctrl Pts',(-66.7277408728821,-97.5751239757947,
36.4999999999997));
#14520=CARTESIAN_POINT('Ctrl Pts',(-66.6740874667684,-97.4840255668696,
36.9999999999997));
#14521=CARTESIAN_POINT('Ctrl Pts',(-66.6740874667684,-97.4840255668696,
36.4999999999997));
#14522=CARTESIAN_POINT('',(-66.8625239674523,-98.0634923735668,36.9999999999997));
#14523=CARTESIAN_POINT('Ctrl Pts',(-66.8625239674523,-98.0634923735668,
36.9999999999997));
#14524=CARTESIAN_POINT('Ctrl Pts',(-66.8529088185114,-97.9615824023149,
36.9999999999997));
#14525=CARTESIAN_POINT('Ctrl Pts',(-66.8333677262654,-97.7544683824218,
36.9999999999997));
#14526=CARTESIAN_POINT('Ctrl Pts',(-66.7277408728821,-97.5751239757947,
36.9999999999997));
#14527=CARTESIAN_POINT('Ctrl Pts',(-66.6740874667684,-97.4840255668696,
36.9999999999997));
#14528=CARTESIAN_POINT('',(-66.8625239674523,-98.0634923735668,36.4999999999997));
#14529=CARTESIAN_POINT('',(-66.8625239674523,-98.0634923735668,36.9999999999997));
#14530=CARTESIAN_POINT('Ctrl Pts',(-66.8625239674523,-98.0634923735668,
36.4999999999997));
#14531=CARTESIAN_POINT('Ctrl Pts',(-66.8529088185114,-97.9615824023149,
36.4999999999997));
#14532=CARTESIAN_POINT('Ctrl Pts',(-66.8333677262654,-97.7544683824218,
36.4999999999997));
#14533=CARTESIAN_POINT('Ctrl Pts',(-66.7277408728821,-97.5751239757947,
36.4999999999997));
#14534=CARTESIAN_POINT('Ctrl Pts',(-66.6740874667684,-97.4840255668696,
36.4999999999997));
#14535=CARTESIAN_POINT('Ctrl Pts',(-66.526238990625,-98.8413959529114,36.9999999999997));
#14536=CARTESIAN_POINT('Ctrl Pts',(-66.526238990625,-98.8413959529114,36.4999999999997));
#14537=CARTESIAN_POINT('Ctrl Pts',(-66.6262784301807,-98.7314810127754,
36.9999999999997));
#14538=CARTESIAN_POINT('Ctrl Pts',(-66.6262784301807,-98.7314810127754,
36.4999999999997));
#14539=CARTESIAN_POINT('Ctrl Pts',(-66.8272272884653,-98.510695272403,36.9999999999997));
#14540=CARTESIAN_POINT('Ctrl Pts',(-66.8272272884653,-98.510695272403,36.4999999999997));
#14541=CARTESIAN_POINT('Ctrl Pts',(-66.8507244985264,-98.212989631094,36.9999999999997));
#14542=CARTESIAN_POINT('Ctrl Pts',(-66.8507244985264,-98.212989631094,36.4999999999997));
#14543=CARTESIAN_POINT('Ctrl Pts',(-66.8625239674523,-98.0634923735668,
36.9999999999997));
#14544=CARTESIAN_POINT('Ctrl Pts',(-66.8625239674523,-98.0634923735668,
36.4999999999997));
#14545=CARTESIAN_POINT('',(-66.526238990625,-98.8413959529114,36.9999999999997));
#14546=CARTESIAN_POINT('Ctrl Pts',(-66.526238990625,-98.8413959529114,36.9999999999997));
#14547=CARTESIAN_POINT('Ctrl Pts',(-66.6262784301807,-98.7314810127754,
36.9999999999997));
#14548=CARTESIAN_POINT('Ctrl Pts',(-66.8272272884653,-98.510695272403,36.9999999999997));
#14549=CARTESIAN_POINT('Ctrl Pts',(-66.8507244985264,-98.212989631094,36.9999999999997));
#14550=CARTESIAN_POINT('Ctrl Pts',(-66.8625239674523,-98.0634923735668,
36.9999999999997));
#14551=CARTESIAN_POINT('',(-66.526238990625,-98.8413959529114,36.4999999999997));
#14552=CARTESIAN_POINT('',(-66.526238990625,-98.8413959529114,36.9999999999997));
#14553=CARTESIAN_POINT('Ctrl Pts',(-66.526238990625,-98.8413959529114,36.4999999999997));
#14554=CARTESIAN_POINT('Ctrl Pts',(-66.6262784301807,-98.7314810127754,
36.4999999999997));
#14555=CARTESIAN_POINT('Ctrl Pts',(-66.8272272884653,-98.510695272403,36.4999999999997));
#14556=CARTESIAN_POINT('Ctrl Pts',(-66.8507244985264,-98.212989631094,36.4999999999997));
#14557=CARTESIAN_POINT('Ctrl Pts',(-66.8625239674523,-98.0634923735668,
36.4999999999997));
#14558=CARTESIAN_POINT('Ctrl Pts',(-65.3749070432757,-99.346399867689,36.9999999999997));
#14559=CARTESIAN_POINT('Ctrl Pts',(-65.3749070432757,-99.346399867689,36.4999999999997));
#14560=CARTESIAN_POINT('Ctrl Pts',(-65.6127048382649,-99.2865089085109,
36.9999999999997));
#14561=CARTESIAN_POINT('Ctrl Pts',(-65.6127048382649,-99.2865089085109,
36.4999999999997));
#14562=CARTESIAN_POINT('Ctrl Pts',(-66.0260346450026,-99.1824090425574,
36.9999999999997));
#14563=CARTESIAN_POINT('Ctrl Pts',(-66.0260346450026,-99.1824090425574,
36.4999999999997));
#14564=CARTESIAN_POINT('Ctrl Pts',(-66.3771346127963,-98.9430474979411,
36.9999999999997));
#14565=CARTESIAN_POINT('Ctrl Pts',(-66.3771346127963,-98.9430474979411,
36.4999999999997));
#14566=CARTESIAN_POINT('Ctrl Pts',(-66.526238990625,-98.8413959529114,36.9999999999997));
#14567=CARTESIAN_POINT('Ctrl Pts',(-66.526238990625,-98.8413959529114,36.4999999999997));
#14568=CARTESIAN_POINT('',(-65.3749070432757,-99.346399867689,36.9999999999997));
#14569=CARTESIAN_POINT('Ctrl Pts',(-65.3749070432757,-99.346399867689,36.9999999999997));
#14570=CARTESIAN_POINT('Ctrl Pts',(-65.6127048382649,-99.2865089085109,
36.9999999999997));
#14571=CARTESIAN_POINT('Ctrl Pts',(-66.0260346450026,-99.1824090425574,
36.9999999999997));
#14572=CARTESIAN_POINT('Ctrl Pts',(-66.3771346127963,-98.9430474979411,
36.9999999999997));
#14573=CARTESIAN_POINT('Ctrl Pts',(-66.526238990625,-98.8413959529114,36.9999999999997));
#14574=CARTESIAN_POINT('',(-65.3749070432757,-99.346399867689,36.4999999999997));
#14575=CARTESIAN_POINT('',(-65.3749070432757,-99.346399867689,36.9999999999997));
#14576=CARTESIAN_POINT('Ctrl Pts',(-65.3749070432757,-99.346399867689,36.4999999999997));
#14577=CARTESIAN_POINT('Ctrl Pts',(-65.6127048382649,-99.2865089085109,
36.4999999999997));
#14578=CARTESIAN_POINT('Ctrl Pts',(-66.0260346450026,-99.1824090425574,
36.4999999999997));
#14579=CARTESIAN_POINT('Ctrl Pts',(-66.3771346127963,-98.9430474979411,
36.4999999999997));
#14580=CARTESIAN_POINT('Ctrl Pts',(-66.526238990625,-98.8413959529114,36.4999999999997));
#14581=CARTESIAN_POINT('Ctrl Pts',(-64.7458598588746,-99.5888785092371,
36.9999999999997));
#14582=CARTESIAN_POINT('Ctrl Pts',(-64.7458598588746,-99.5888785092371,
36.4999999999997));
#14583=CARTESIAN_POINT('Ctrl Pts',(-64.8193440101722,-99.5446377321173,
36.9999999999997));
#14584=CARTESIAN_POINT('Ctrl Pts',(-64.8193440101722,-99.5446377321173,
36.4999999999997));
#14585=CARTESIAN_POINT('Ctrl Pts',(-65.0139155311603,-99.4274968909713,
36.9999999999997));
#14586=CARTESIAN_POINT('Ctrl Pts',(-65.0139155311603,-99.4274968909713,
36.4999999999997));
#14587=CARTESIAN_POINT('Ctrl Pts',(-65.2364299910733,-99.3775088449077,
36.9999999999997));
#14588=CARTESIAN_POINT('Ctrl Pts',(-65.2364299910733,-99.3775088449077,
36.4999999999997));
#14589=CARTESIAN_POINT('Ctrl Pts',(-65.3749070432757,-99.346399867689,36.9999999999997));
#14590=CARTESIAN_POINT('Ctrl Pts',(-65.3749070432757,-99.346399867689,36.4999999999997));
#14591=CARTESIAN_POINT('',(-64.7458598588746,-99.5888785092371,36.9999999999997));
#14592=CARTESIAN_POINT('Ctrl Pts',(-64.7458598588746,-99.5888785092371,
36.9999999999997));
#14593=CARTESIAN_POINT('Ctrl Pts',(-64.8193440101722,-99.5446377321173,
36.9999999999997));
#14594=CARTESIAN_POINT('Ctrl Pts',(-65.0139155311603,-99.4274968909713,
36.9999999999997));
#14595=CARTESIAN_POINT('Ctrl Pts',(-65.2364299910733,-99.3775088449077,
36.9999999999997));
#14596=CARTESIAN_POINT('Ctrl Pts',(-65.3749070432757,-99.346399867689,36.9999999999997));
#14597=CARTESIAN_POINT('',(-64.7458598588746,-99.5888785092371,36.4999999999997));
#14598=CARTESIAN_POINT('',(-64.7458598588746,-99.5888785092371,36.9999999999997));
#14599=CARTESIAN_POINT('Ctrl Pts',(-64.7458598588746,-99.5888785092371,
36.4999999999997));
#14600=CARTESIAN_POINT('Ctrl Pts',(-64.8193440101722,-99.5446377321173,
36.4999999999997));
#14601=CARTESIAN_POINT('Ctrl Pts',(-65.0139155311603,-99.4274968909713,
36.4999999999997));
#14602=CARTESIAN_POINT('Ctrl Pts',(-65.2364299910733,-99.3775088449077,
36.4999999999997));
#14603=CARTESIAN_POINT('Ctrl Pts',(-65.3749070432757,-99.346399867689,36.4999999999997));
#14604=CARTESIAN_POINT('Ctrl Pts',(-64.6141083195269,-99.8694299122646,
36.9999999999997));
#14605=CARTESIAN_POINT('Ctrl Pts',(-64.6141083195269,-99.8694299122646,
36.4999999999997));
#14606=CARTESIAN_POINT('Ctrl Pts',(-64.6199323420099,-99.8179756057925,
36.9999999999997));
#14607=CARTESIAN_POINT('Ctrl Pts',(-64.6199323420099,-99.8179756057925,
36.4999999999997));
#14608=CARTESIAN_POINT('Ctrl Pts',(-64.6321565599959,-99.7099765964369,
36.9999999999997));
#14609=CARTESIAN_POINT('Ctrl Pts',(-64.6321565599959,-99.7099765964369,
36.4999999999997));
#14610=CARTESIAN_POINT('Ctrl Pts',(-64.7067862342159,-99.6304933194738,
36.9999999999997));
#14611=CARTESIAN_POINT('Ctrl Pts',(-64.7067862342159,-99.6304933194738,
36.4999999999997));
#14612=CARTESIAN_POINT('Ctrl Pts',(-64.7458598588746,-99.5888785092371,
36.9999999999997));
#14613=CARTESIAN_POINT('Ctrl Pts',(-64.7458598588746,-99.5888785092371,
36.4999999999997));
#14614=CARTESIAN_POINT('',(-64.6141083195269,-99.8694299122646,36.9999999999997));
#14615=CARTESIAN_POINT('Ctrl Pts',(-64.6141083195269,-99.8694299122646,
36.9999999999997));
#14616=CARTESIAN_POINT('Ctrl Pts',(-64.6199323420099,-99.8179756057925,
36.9999999999997));
#14617=CARTESIAN_POINT('Ctrl Pts',(-64.6321565599959,-99.7099765964369,
36.9999999999997));
#14618=CARTESIAN_POINT('Ctrl Pts',(-64.7067862342159,-99.6304933194738,
36.9999999999997));
#14619=CARTESIAN_POINT('Ctrl Pts',(-64.7458598588746,-99.5888785092371,
36.9999999999997));
#14620=CARTESIAN_POINT('',(-64.6141083195269,-99.8694299122646,36.4999999999997));
#14621=CARTESIAN_POINT('',(-64.6141083195269,-99.8694299122646,36.9999999999997));
#14622=CARTESIAN_POINT('Ctrl Pts',(-64.6141083195269,-99.8694299122646,
36.4999999999997));
#14623=CARTESIAN_POINT('Ctrl Pts',(-64.6199323420099,-99.8179756057925,
36.4999999999997));
#14624=CARTESIAN_POINT('Ctrl Pts',(-64.6321565599959,-99.7099765964369,
36.4999999999997));
#14625=CARTESIAN_POINT('Ctrl Pts',(-64.7067862342159,-99.6304933194738,
36.4999999999997));
#14626=CARTESIAN_POINT('Ctrl Pts',(-64.7458598588746,-99.5888785092371,
36.4999999999997));
#14627=CARTESIAN_POINT('Ctrl Pts',(-64.762150132913,-100.154851846615,36.9999999999997));
#14628=CARTESIAN_POINT('Ctrl Pts',(-64.762150132913,-100.154851846615,36.4999999999997));
#14629=CARTESIAN_POINT('Ctrl Pts',(-64.7196985357134,-100.113765693925,
36.9999999999997));
#14630=CARTESIAN_POINT('Ctrl Pts',(-64.7196985357134,-100.113765693925,
36.4999999999997));
#14631=CARTESIAN_POINT('Ctrl Pts',(-64.638217067828,-100.034905056122,36.9999999999997));
#14632=CARTESIAN_POINT('Ctrl Pts',(-64.638217067828,-100.034905056122,36.4999999999997));
#14633=CARTESIAN_POINT('Ctrl Pts',(-64.6219163925244,-99.9230221596253,
36.9999999999997));
#14634=CARTESIAN_POINT('Ctrl Pts',(-64.6219163925244,-99.9230221596253,
36.4999999999997));
#14635=CARTESIAN_POINT('Ctrl Pts',(-64.6141083195269,-99.8694299122646,
36.9999999999997));
#14636=CARTESIAN_POINT('Ctrl Pts',(-64.6141083195269,-99.8694299122646,
36.4999999999997));
#14637=CARTESIAN_POINT('',(-64.762150132913,-100.154851846615,36.9999999999997));
#14638=CARTESIAN_POINT('Ctrl Pts',(-64.762150132913,-100.154851846615,36.9999999999997));
#14639=CARTESIAN_POINT('Ctrl Pts',(-64.7196985357134,-100.113765693925,
36.9999999999997));
#14640=CARTESIAN_POINT('Ctrl Pts',(-64.638217067828,-100.034905056122,36.9999999999997));
#14641=CARTESIAN_POINT('Ctrl Pts',(-64.6219163925244,-99.9230221596253,
36.9999999999997));
#14642=CARTESIAN_POINT('Ctrl Pts',(-64.6141083195269,-99.8694299122646,
36.9999999999997));
#14643=CARTESIAN_POINT('',(-64.762150132913,-100.154851846615,36.4999999999997));
#14644=CARTESIAN_POINT('',(-64.762150132913,-100.154851846615,36.9999999999997));
#14645=CARTESIAN_POINT('Ctrl Pts',(-64.762150132913,-100.154851846615,36.4999999999997));
#14646=CARTESIAN_POINT('Ctrl Pts',(-64.7196985357134,-100.113765693925,
36.4999999999997));
#14647=CARTESIAN_POINT('Ctrl Pts',(-64.638217067828,-100.034905056122,36.4999999999997));
#14648=CARTESIAN_POINT('Ctrl Pts',(-64.6219163925244,-99.9230221596253,
36.4999999999997));
#14649=CARTESIAN_POINT('Ctrl Pts',(-64.6141083195269,-99.8694299122646,
36.4999999999997));
#14650=CARTESIAN_POINT('Ctrl Pts',(-65.1720823597205,-100.272158402148,
36.9999999999997));
#14651=CARTESIAN_POINT('Ctrl Pts',(-65.1720823597205,-100.272158402148,
36.4999999999997));
#14652=CARTESIAN_POINT('Ctrl Pts',(-65.0915740795031,-100.27049398805,36.9999999999997));
#14653=CARTESIAN_POINT('Ctrl Pts',(-65.0915740795031,-100.27049398805,36.4999999999997));
#14654=CARTESIAN_POINT('Ctrl Pts',(-64.9439648917291,-100.267442341531,
36.9999999999997));
#14655=CARTESIAN_POINT('Ctrl Pts',(-64.9439648917291,-100.267442341531,
36.4999999999997));
#14656=CARTESIAN_POINT('Ctrl Pts',(-64.8189706345525,-100.190038475262,
36.9999999999997));
#14657=CARTESIAN_POINT('Ctrl Pts',(-64.8189706345525,-100.190038475262,
36.4999999999997));
#14658=CARTESIAN_POINT('Ctrl Pts',(-64.762150132913,-100.154851846615,36.9999999999997));
#14659=CARTESIAN_POINT('Ctrl Pts',(-64.762150132913,-100.154851846615,36.4999999999997));
#14660=CARTESIAN_POINT('',(-65.1720823597205,-100.272158402148,36.9999999999997));
#14661=CARTESIAN_POINT('Ctrl Pts',(-65.1720823597205,-100.272158402148,
36.9999999999997));
#14662=CARTESIAN_POINT('Ctrl Pts',(-65.0915740795031,-100.27049398805,36.9999999999997));
#14663=CARTESIAN_POINT('Ctrl Pts',(-64.9439648917291,-100.267442341531,
36.9999999999997));
#14664=CARTESIAN_POINT('Ctrl Pts',(-64.8189706345525,-100.190038475262,
36.9999999999997));
#14665=CARTESIAN_POINT('Ctrl Pts',(-64.762150132913,-100.154851846615,36.9999999999997));
#14666=CARTESIAN_POINT('',(-65.1720823597205,-100.272158402148,36.4999999999997));
#14667=CARTESIAN_POINT('',(-65.1720823597205,-100.272158402148,36.9999999999997));
#14668=CARTESIAN_POINT('Ctrl Pts',(-65.1720823597205,-100.272158402148,
36.4999999999997));
#14669=CARTESIAN_POINT('Ctrl Pts',(-65.0915740795031,-100.27049398805,36.4999999999997));
#14670=CARTESIAN_POINT('Ctrl Pts',(-64.9439648917291,-100.267442341531,
36.4999999999997));
#14671=CARTESIAN_POINT('Ctrl Pts',(-64.8189706345525,-100.190038475262,
36.4999999999997));
#14672=CARTESIAN_POINT('Ctrl Pts',(-64.762150132913,-100.154851846615,36.4999999999997));
#14673=CARTESIAN_POINT('Ctrl Pts',(-65.7136467310982,-100.02022693023,36.9999999999997));
#14674=CARTESIAN_POINT('Ctrl Pts',(-65.7136467310982,-100.02022693023,36.4999999999997));
#14675=CARTESIAN_POINT('Ctrl Pts',(-65.6421399344427,-100.092229706406,
36.9999999999997));
#14676=CARTESIAN_POINT('Ctrl Pts',(-65.6421399344427,-100.092229706406,
36.4999999999997));
#14677=CARTESIAN_POINT('Ctrl Pts',(-65.4931347986788,-100.242268359253,
36.9999999999997));
#14678=CARTESIAN_POINT('Ctrl Pts',(-65.4931347986788,-100.242268359253,
36.4999999999997));
#14679=CARTESIAN_POINT('Ctrl Pts',(-65.2819307000163,-100.261931500854,
36.9999999999997));
#14680=CARTESIAN_POINT('Ctrl Pts',(-65.2819307000163,-100.261931500854,
36.4999999999997));
#14681=CARTESIAN_POINT('Ctrl Pts',(-65.1720823597205,-100.272158402148,
36.9999999999997));
#14682=CARTESIAN_POINT('Ctrl Pts',(-65.1720823597205,-100.272158402148,
36.4999999999997));
#14683=CARTESIAN_POINT('',(-65.7136467310982,-100.02022693023,36.9999999999997));
#14684=CARTESIAN_POINT('Ctrl Pts',(-65.7136467310982,-100.02022693023,36.9999999999997));
#14685=CARTESIAN_POINT('Ctrl Pts',(-65.6421399344427,-100.092229706406,
36.9999999999997));
#14686=CARTESIAN_POINT('Ctrl Pts',(-65.4931347986788,-100.242268359253,
36.9999999999997));
#14687=CARTESIAN_POINT('Ctrl Pts',(-65.2819307000163,-100.261931500854,
36.9999999999997));
#14688=CARTESIAN_POINT('Ctrl Pts',(-65.1720823597205,-100.272158402148,
36.9999999999997));
#14689=CARTESIAN_POINT('',(-65.7136467310982,-100.02022693023,36.4999999999997));
#14690=CARTESIAN_POINT('',(-65.7136467310982,-100.02022693023,36.9999999999997));
#14691=CARTESIAN_POINT('Ctrl Pts',(-65.7136467310982,-100.02022693023,36.4999999999997));
#14692=CARTESIAN_POINT('Ctrl Pts',(-65.6421399344427,-100.092229706406,
36.4999999999997));
#14693=CARTESIAN_POINT('Ctrl Pts',(-65.4931347986788,-100.242268359253,
36.4999999999997));
#14694=CARTESIAN_POINT('Ctrl Pts',(-65.2819307000163,-100.261931500854,
36.4999999999997));
#14695=CARTESIAN_POINT('Ctrl Pts',(-65.1720823597205,-100.272158402148,
36.4999999999997));
#14696=CARTESIAN_POINT('Ctrl Pts',(-65.8618479546146,-99.5811242895336,
36.9999999999997));
#14697=CARTESIAN_POINT('Ctrl Pts',(-65.8618479546146,-99.5811242895336,
36.4999999999997));
#14698=CARTESIAN_POINT('Ctrl Pts',(-65.8498048832247,-99.6676409154948,
36.9999999999997));
#14699=CARTESIAN_POINT('Ctrl Pts',(-65.8498048832247,-99.6676409154948,
36.4999999999997));
#14700=CARTESIAN_POINT('Ctrl Pts',(-65.8280696064425,-99.823785702042,36.9999999999997));
#14701=CARTESIAN_POINT('Ctrl Pts',(-65.8280696064425,-99.823785702042,36.4999999999997));
#14702=CARTESIAN_POINT('Ctrl Pts',(-65.7489346362274,-99.9596446436642,
36.9999999999997));
#14703=CARTESIAN_POINT('Ctrl Pts',(-65.7489346362274,-99.9596446436642,
36.4999999999997));
#14704=CARTESIAN_POINT('Ctrl Pts',(-65.7136467310982,-100.02022693023,36.9999999999997));
#14705=CARTESIAN_POINT('Ctrl Pts',(-65.7136467310982,-100.02022693023,36.4999999999997));
#14706=CARTESIAN_POINT('',(-65.8618479546146,-99.5811242895336,36.9999999999997));
#14707=CARTESIAN_POINT('Ctrl Pts',(-65.8618479546146,-99.5811242895336,
36.9999999999997));
#14708=CARTESIAN_POINT('Ctrl Pts',(-65.8498048832247,-99.6676409154948,
36.9999999999997));
#14709=CARTESIAN_POINT('Ctrl Pts',(-65.8280696064425,-99.823785702042,36.9999999999997));
#14710=CARTESIAN_POINT('Ctrl Pts',(-65.7489346362274,-99.9596446436642,
36.9999999999997));
#14711=CARTESIAN_POINT('Ctrl Pts',(-65.7136467310982,-100.02022693023,36.9999999999997));
#14712=CARTESIAN_POINT('',(-65.8618479546146,-99.5811242895336,36.4999999999997));
#14713=CARTESIAN_POINT('',(-65.8618479546146,-99.5811242895336,36.9999999999997));
#14714=CARTESIAN_POINT('Ctrl Pts',(-65.8618479546146,-99.5811242895336,
36.4999999999997));
#14715=CARTESIAN_POINT('Ctrl Pts',(-65.8498048832247,-99.6676409154948,
36.4999999999997));
#14716=CARTESIAN_POINT('Ctrl Pts',(-65.8280696064425,-99.823785702042,36.4999999999997));
#14717=CARTESIAN_POINT('Ctrl Pts',(-65.7489346362274,-99.9596446436642,
36.4999999999997));
#14718=CARTESIAN_POINT('Ctrl Pts',(-65.7136467310982,-100.02022693023,36.4999999999997));
#14719=CARTESIAN_POINT('Origin',(-67.038904824547,-99.6351137700003,36.9999999999997));
#14720=CARTESIAN_POINT('',(-67.038904824547,-99.6351137700003,36.9999999999997));
#14721=CARTESIAN_POINT('',(-33.2795757801282,-98.0866340978858,36.9999999999997));
#14722=CARTESIAN_POINT('',(-67.038904824547,-99.6351137700003,36.4999999999997));
#14723=CARTESIAN_POINT('',(-67.038904824547,-99.6351137700003,36.9999999999997));
#14724=CARTESIAN_POINT('',(-67.038904824547,-99.6351137700003,36.4999999999997));
#14725=CARTESIAN_POINT('Ctrl Pts',(-66.610923308452,-100.641049683025,36.9999999999997));
#14726=CARTESIAN_POINT('Ctrl Pts',(-66.610923308452,-100.641049683025,36.4999999999997));
#14727=CARTESIAN_POINT('Ctrl Pts',(-66.7254716057965,-100.496898762795,
36.9999999999997));
#14728=CARTESIAN_POINT('Ctrl Pts',(-66.7254716057965,-100.496898762795,
36.4999999999997));
#14729=CARTESIAN_POINT('Ctrl Pts',(-66.9603556648883,-100.201313808234,
36.9999999999997));
#14730=CARTESIAN_POINT('Ctrl Pts',(-66.9603556648883,-100.201313808234,
36.4999999999997));
#14731=CARTESIAN_POINT('Ctrl Pts',(-67.0122951805812,-99.8269220782791,
36.9999999999997));
#14732=CARTESIAN_POINT('Ctrl Pts',(-67.0122951805812,-99.8269220782791,
36.4999999999997));
#14733=CARTESIAN_POINT('Ctrl Pts',(-67.038904824547,-99.6351137700003,36.9999999999997));
#14734=CARTESIAN_POINT('Ctrl Pts',(-67.038904824547,-99.6351137700003,36.4999999999997));
#14735=CARTESIAN_POINT('Ctrl Pts',(-66.610923308452,-100.641049683025,36.9999999999997));
#14736=CARTESIAN_POINT('Ctrl Pts',(-66.7254716057965,-100.496898762795,
36.9999999999997));
#14737=CARTESIAN_POINT('Ctrl Pts',(-66.9603556648883,-100.201313808234,
36.9999999999997));
#14738=CARTESIAN_POINT('Ctrl Pts',(-67.0122951805812,-99.8269220782791,
36.9999999999997));
#14739=CARTESIAN_POINT('Ctrl Pts',(-67.038904824547,-99.6351137700003,36.9999999999997));
#14740=CARTESIAN_POINT('Ctrl Pts',(-66.610923308452,-100.641049683025,36.4999999999997));
#14741=CARTESIAN_POINT('Ctrl Pts',(-66.7254716057965,-100.496898762795,
36.4999999999997));
#14742=CARTESIAN_POINT('Ctrl Pts',(-66.9603556648883,-100.201313808234,
36.4999999999997));
#14743=CARTESIAN_POINT('Ctrl Pts',(-67.0122951805812,-99.8269220782791,
36.4999999999997));
#14744=CARTESIAN_POINT('Ctrl Pts',(-67.038904824547,-99.6351137700003,36.4999999999997));
#14745=CARTESIAN_POINT('Origin',(-44.7520925486335,-99.8921801938817,36.4999999999997));
#14746=CARTESIAN_POINT('Origin',(2.49658529102295,-140.508312538859,36.9999999999997));
#14747=CARTESIAN_POINT('Origin',(2.49658529102295,-140.508312538859,36.9999999999997));
#14748=CARTESIAN_POINT('Origin',(17.2691730911396,-141.500002108514,36.9999999999997));
#14749=CARTESIAN_POINT('',(17.2691730911396,-138.500002063811,33.9999999999997));
#14750=CARTESIAN_POINT('',(17.2691730911396,-141.500002108514,33.9999999999997));
#14751=CARTESIAN_POINT('',(17.2691730911396,-141.004157323687,33.9999999999997));
#14752=CARTESIAN_POINT('',(17.2691730911396,-138.500002063811,36.9999999999997));
#14753=CARTESIAN_POINT('',(17.2691730911396,-138.500002063811,36.9999999999997));
#14754=CARTESIAN_POINT('',(17.2691730911396,-141.500002108514,36.9999999999997));
#14755=CARTESIAN_POINT('',(17.2691730911396,-141.004157323687,36.9999999999997));
#14756=CARTESIAN_POINT('',(17.2691730911396,-141.500002108514,36.9999999999997));
#14757=CARTESIAN_POINT('Origin',(21.2698016485282,-141.500002108514,36.9999999999997));
#14758=CARTESIAN_POINT('',(21.2698016485282,-141.500002108514,33.9999999999997));
#14759=CARTESIAN_POINT('',(11.8831934697756,-141.500002108514,33.9999999999997));
#14760=CARTESIAN_POINT('',(21.2698016485282,-141.500002108514,36.9999999999997));
#14761=CARTESIAN_POINT('',(11.8831934697756,-141.500002108514,36.9999999999997));
#14762=CARTESIAN_POINT('',(21.2698016485282,-141.500002108514,36.9999999999997));
#14763=CARTESIAN_POINT('Origin',(21.2698016485282,-138.500002063811,36.9999999999997));
#14764=CARTESIAN_POINT('',(21.2698016485282,-138.500002063811,33.9999999999997));
#14765=CARTESIAN_POINT('',(21.2698016485283,-139.504157301335,33.9999999999997));
#14766=CARTESIAN_POINT('',(21.2698016485282,-138.500002063811,36.9999999999997));
#14767=CARTESIAN_POINT('',(21.2698016485283,-139.504157301335,36.9999999999997));
#14768=CARTESIAN_POINT('',(21.2698016485282,-138.500002063811,36.9999999999997));
#14769=CARTESIAN_POINT('Origin',(17.2691730911396,-138.500002063811,36.9999999999997));
#14770=CARTESIAN_POINT('',(9.88287919108128,-138.500002063811,33.9999999999997));
#14771=CARTESIAN_POINT('',(9.88287919108128,-138.500002063811,36.9999999999997));
#14772=CARTESIAN_POINT('Origin',(23.9994897485498,-141.500002108514,36.9999999999997));
#14773=CARTESIAN_POINT('',(23.9994897485498,-138.500002063811,33.9999999999997));
#14774=CARTESIAN_POINT('',(23.9994897485498,-141.500002108514,33.9999999999997));
#14775=CARTESIAN_POINT('',(23.9994897485498,-141.004157323687,33.9999999999997));
#14776=CARTESIAN_POINT('',(23.9994897485498,-138.500002063811,36.9999999999997));
#14777=CARTESIAN_POINT('',(23.9994897485498,-138.500002063811,36.9999999999997));
#14778=CARTESIAN_POINT('',(23.9994897485498,-141.500002108514,36.9999999999997));
#14779=CARTESIAN_POINT('',(23.9994897485498,-141.004157323687,36.9999999999997));
#14780=CARTESIAN_POINT('',(23.9994897485498,-141.500002108514,36.9999999999997));
#14781=CARTESIAN_POINT('Origin',(27.9994898081545,-141.500002108514,36.9999999999997));
#14782=CARTESIAN_POINT('',(27.9994898081545,-141.500002108514,33.9999999999997));
#14783=CARTESIAN_POINT('',(15.2480375495887,-141.500002108514,33.9999999999997));
#14784=CARTESIAN_POINT('',(27.9994898081545,-141.500002108514,36.9999999999997));
#14785=CARTESIAN_POINT('',(15.2480375495887,-141.500002108514,36.9999999999997));
#14786=CARTESIAN_POINT('',(27.9994898081545,-141.500002108514,36.9999999999997));
#14787=CARTESIAN_POINT('Origin',(27.9994898081545,-138.500002063811,36.9999999999997));
#14788=CARTESIAN_POINT('',(27.9994898081545,-138.500002063811,33.9999999999997));
#14789=CARTESIAN_POINT('',(27.9994898081545,-139.504157301335,33.9999999999997));
#14790=CARTESIAN_POINT('',(27.9994898081545,-138.500002063811,36.9999999999997));
#14791=CARTESIAN_POINT('',(27.9994898081545,-139.504157301335,36.9999999999997));
#14792=CARTESIAN_POINT('',(27.9994898081545,-138.500002063811,36.9999999999997));
#14793=CARTESIAN_POINT('Origin',(23.9994897485498,-138.500002063811,36.9999999999997));
#14794=CARTESIAN_POINT('',(13.2480375197864,-138.500002063811,33.9999999999997));
#14795=CARTESIAN_POINT('',(13.2480375197864,-138.500002063811,36.9999999999997));
#14796=CARTESIAN_POINT('Origin',(10.4994895473842,-141.500002108514,36.9999999999997));
#14797=CARTESIAN_POINT('',(10.4994895473842,-138.500002063811,33.9999999999997));
#14798=CARTESIAN_POINT('',(10.4994895473842,-141.500002108514,33.9999999999997));
#14799=CARTESIAN_POINT('',(10.4994895473842,-141.004157323687,33.9999999999997));
#14800=CARTESIAN_POINT('',(10.4994895473842,-138.500002063811,36.9999999999997));
#14801=CARTESIAN_POINT('',(10.4994895473842,-138.500002063811,36.9999999999997));
#14802=CARTESIAN_POINT('',(10.4994895473842,-141.500002108514,36.9999999999997));
#14803=CARTESIAN_POINT('',(10.4994895473842,-141.004157323687,36.9999999999997));
#14804=CARTESIAN_POINT('',(10.4994895473842,-141.500002108514,36.9999999999997));
#14805=CARTESIAN_POINT('Origin',(14.4994896069888,-141.500002108514,36.9999999999997));
#14806=CARTESIAN_POINT('',(14.4994896069888,-141.500002108514,33.9999999999997));
#14807=CARTESIAN_POINT('',(8.49803744900587,-141.500002108514,33.9999999999997));
#14808=CARTESIAN_POINT('',(14.4994896069888,-141.500002108514,36.9999999999997));
#14809=CARTESIAN_POINT('',(8.49803744900587,-141.500002108514,36.9999999999997));
#14810=CARTESIAN_POINT('',(14.4994896069888,-141.500002108514,36.9999999999997));
#14811=CARTESIAN_POINT('Origin',(14.4994896069888,-138.500002063811,36.9999999999997));
#14812=CARTESIAN_POINT('',(14.4994896069888,-138.500002063811,33.9999999999997));
#14813=CARTESIAN_POINT('',(14.4994896069888,-139.504157301335,33.9999999999997));
#14814=CARTESIAN_POINT('',(14.4994896069888,-138.500002063811,36.9999999999997));
#14815=CARTESIAN_POINT('',(14.4994896069888,-139.504157301335,36.9999999999997));
#14816=CARTESIAN_POINT('',(14.4994896069888,-138.500002063811,36.9999999999997));
#14817=CARTESIAN_POINT('Origin',(10.4994895473842,-138.500002063811,36.9999999999997));
#14818=CARTESIAN_POINT('',(6.49803741920355,-138.500002063811,33.9999999999997));
#14819=CARTESIAN_POINT('',(6.49803741920355,-138.500002063811,36.9999999999997));
#14820=CARTESIAN_POINT('Origin',(47.1513572262665,-139.782270973362,36.9999999999997));
#14821=CARTESIAN_POINT('',(50.7720463067068,-139.782270973362,36.9999999999997));
#14822=CARTESIAN_POINT('Origin',(47.1513572262665,-139.782270973362,36.9999999999997));
#14823=CARTESIAN_POINT('',(50.7720463067068,-139.782270973362,33.9999999999997));
#14824=CARTESIAN_POINT('',(50.7720463067068,-139.782270973362,36.9999999999997));
#14825=CARTESIAN_POINT('Origin',(47.1513572262665,-139.782270973362,33.9999999999997));
#14826=CARTESIAN_POINT('Origin',(28.3056301224484,-166.056949563444,36.9999999999997));
#14827=CARTESIAN_POINT('',(31.9111814516393,-166.056949563444,36.9999999999997));
#14828=CARTESIAN_POINT('Origin',(28.3056301224484,-166.056949563444,36.9999999999997));
#14829=CARTESIAN_POINT('',(31.9111814516393,-166.056949563444,33.9999999999997));
#14830=CARTESIAN_POINT('',(31.9111814516393,-166.056949563444,36.9999999999997));
#14831=CARTESIAN_POINT('Origin',(28.3056301224484,-166.056949563444,33.9999999999997));
#14832=CARTESIAN_POINT('Origin',(15.3056301224484,-166.056949563444,36.9999999999997));
#14833=CARTESIAN_POINT('',(18.9111814516393,-166.056949563444,36.9999999999997));
#14834=CARTESIAN_POINT('Origin',(15.3056301224484,-166.056949563444,36.9999999999997));
#14835=CARTESIAN_POINT('',(18.9111814516393,-166.056949563444,33.9999999999997));
#14836=CARTESIAN_POINT('',(18.9111814516393,-166.056949563444,36.9999999999997));
#14837=CARTESIAN_POINT('Origin',(15.3056301224484,-166.056949563444,33.9999999999997));
#14838=CARTESIAN_POINT('Origin',(41.3056301224485,-166.056949563444,36.9999999999997));
#14839=CARTESIAN_POINT('',(44.9111814516393,-166.056949563444,36.9999999999997));
#14840=CARTESIAN_POINT('Origin',(41.3056301224485,-166.056949563444,36.9999999999997));
#14841=CARTESIAN_POINT('',(44.9111814516393,-166.056949563444,33.9999999999997));
#14842=CARTESIAN_POINT('',(44.9111814516393,-166.056949563444,36.9999999999997));
#14843=CARTESIAN_POINT('Origin',(41.3056301224485,-166.056949563444,33.9999999999997));
#14844=CARTESIAN_POINT('Origin',(28.3056301224484,-155.056949563444,36.9999999999997));
#14845=CARTESIAN_POINT('',(31.9111814516393,-155.056949563444,36.9999999999997));
#14846=CARTESIAN_POINT('Origin',(28.3056301224484,-155.056949563444,36.9999999999997));
#14847=CARTESIAN_POINT('',(31.9111814516393,-155.056949563444,33.9999999999997));
#14848=CARTESIAN_POINT('',(31.9111814516393,-155.056949563444,36.9999999999997));
#14849=CARTESIAN_POINT('Origin',(28.3056301224484,-155.056949563444,33.9999999999997));
#14850=CARTESIAN_POINT('Origin',(28.3056301224484,-176.756949563444,36.9999999999997));
#14851=CARTESIAN_POINT('',(31.9111814516393,-176.756949563444,36.9999999999997));
#14852=CARTESIAN_POINT('Origin',(28.3056301224484,-176.756949563444,36.9999999999997));
#14853=CARTESIAN_POINT('',(31.9111814516393,-176.756949563444,33.9999999999997));
#14854=CARTESIAN_POINT('',(31.9111814516393,-176.756949563444,36.9999999999997));
#14855=CARTESIAN_POINT('Origin',(28.3056301224484,-176.756949563444,33.9999999999997));
#14856=CARTESIAN_POINT('Origin',(-12.8943999867954,-73.8722385888595,36.4999999999997));
#14857=CARTESIAN_POINT('',(-12.8943999867954,-68.8722385888595,36.4999999999997));
#14858=CARTESIAN_POINT('',(-12.8943999867954,-68.3722385888595,36.9999999999997));
#14859=CARTESIAN_POINT('Origin',(-12.8943999867954,-68.3722385888595,36.4999999999997));
#14860=CARTESIAN_POINT('',(-18.3943999867954,-73.8722385888595,36.9999999999997));
#14861=CARTESIAN_POINT('Origin',(-12.8943999867954,-73.8722385888595,36.9999999999997));
#14862=CARTESIAN_POINT('',(-17.8943999867954,-73.8722385888595,36.4999999999997));
#14863=CARTESIAN_POINT('Origin',(-18.3943999867954,-73.8722385888595,36.4999999999997));
#14864=CARTESIAN_POINT('Origin',(-12.8943999867954,-73.8722385888595,36.4999999999997));
#14865=CARTESIAN_POINT('Origin',(-18.3943999867954,-135.49751344232,36.4999999999997));
#14866=CARTESIAN_POINT('',(-18.3943999867954,-125.486714345781,36.9999999999997));
#14867=CARTESIAN_POINT('',(-17.8943999867954,-125.486714345781,36.4999999999997));
#14868=CARTESIAN_POINT('Origin',(-18.3943999867954,-125.486714345781,36.4999999999997));
#14869=CARTESIAN_POINT('',(-17.8943999867954,-135.49751344232,36.4999999999997));
#14870=CARTESIAN_POINT('',(-18.3943999867954,-135.49751344232,36.9999999999997));
#14871=CARTESIAN_POINT('Origin',(-12.8943999867954,-125.486714345781,36.4999999999997));
#14872=CARTESIAN_POINT('',(-12.8943999867954,-130.986714345781,36.9999999999997));
#14873=CARTESIAN_POINT('',(-12.8943999867954,-130.486714345781,36.4999999999997));
#14874=CARTESIAN_POINT('Origin',(-12.8943999867954,-130.986714345781,36.4999999999997));
#14875=CARTESIAN_POINT('Origin',(-12.8943999867954,-125.486714345781,36.4999999999997));
#14876=CARTESIAN_POINT('Origin',(-12.8943999867954,-125.486714345781,36.9999999999997));
#14877=CARTESIAN_POINT('Origin',(38.8743047722836,-130.986714345781,36.4999999999997));
#14878=CARTESIAN_POINT('',(70.2520242535442,-130.986714345781,36.9999999999997));
#14879=CARTESIAN_POINT('',(70.2520242535442,-130.486714345781,36.4999999999997));
#14880=CARTESIAN_POINT('Origin',(70.2520242535442,-130.986714345781,36.4999999999997));
#14881=CARTESIAN_POINT('',(38.8743047722836,-130.486714345781,36.4999999999997));
#14882=CARTESIAN_POINT('',(38.8743047722836,-130.986714345781,36.9999999999997));
#14883=CARTESIAN_POINT('Origin',(70.2520242535442,-125.486714345781,36.4999999999997));
#14884=CARTESIAN_POINT('',(75.7520242535442,-125.486714345781,36.9999999999997));
#14885=CARTESIAN_POINT('',(75.2520242535442,-125.486714345781,36.4999999999997));
#14886=CARTESIAN_POINT('Origin',(75.7520242535442,-125.486714345781,36.4999999999997));
#14887=CARTESIAN_POINT('Origin',(70.2520242535442,-125.486714345781,36.4999999999997));
#14888=CARTESIAN_POINT('Origin',(70.2520242535442,-125.486714345781,36.9999999999997));
#14889=CARTESIAN_POINT('Origin',(75.7520242535442,-104.690275563859,36.4999999999997));
#14890=CARTESIAN_POINT('',(75.7520242535442,-73.8722385888595,36.9999999999997));
#14891=CARTESIAN_POINT('',(75.2520242535442,-73.8722385888595,36.4999999999997));
#14892=CARTESIAN_POINT('Origin',(75.7520242535442,-73.8722385888595,36.4999999999997));
#14893=CARTESIAN_POINT('',(75.2520242535442,-104.690275563859,36.4999999999997));
#14894=CARTESIAN_POINT('',(75.7520242535442,-104.690275563859,36.9999999999997));
#14895=CARTESIAN_POINT('Origin',(70.2520242535442,-73.8722385888595,36.4999999999997));
#14896=CARTESIAN_POINT('',(70.2520242535442,-68.3722385888595,36.9999999999997));
#14897=CARTESIAN_POINT('',(70.2520242535442,-68.8722385888595,36.4999999999997));
#14898=CARTESIAN_POINT('Origin',(70.2520242535442,-68.3722385888595,36.4999999999997));
#14899=CARTESIAN_POINT('Origin',(70.2520242535442,-73.8722385888595,36.4999999999997));
#14900=CARTESIAN_POINT('Origin',(70.2520242535442,-73.8722385888595,36.9999999999997));
#14901=CARTESIAN_POINT('Origin',(-7.69890734788625,-68.3722385888595,36.4999999999997));
#14902=CARTESIAN_POINT('',(-7.69890734788625,-68.3722385888595,36.9999999999997));
#14903=CARTESIAN_POINT('',(-7.69890734788625,-68.8722385888595,36.4999999999997));
#14904=CARTESIAN_POINT('Origin',(75.2520242535442,-68.8722385888595,36.9999999999997));
#14905=CARTESIAN_POINT('',(75.2520242535442,-73.8722385888595,33.9999999999997));
#14906=CARTESIAN_POINT('',(75.2520242535442,-73.8722385888595,36.9999999999997));
#14907=CARTESIAN_POINT('',(75.2520242535442,-125.486714345781,33.9999999999997));
#14908=CARTESIAN_POINT('',(75.2520242535442,-104.690275563859,33.9999999999997));
#14909=CARTESIAN_POINT('',(75.2520242535442,-125.486714345781,36.9999999999997));
#14910=CARTESIAN_POINT('Origin',(70.2520242535442,-73.8722385888595,36.9999999999997));
#14911=CARTESIAN_POINT('',(70.2520242535442,-68.8722385888596,33.9999999999997));
#14912=CARTESIAN_POINT('',(70.2520242535442,-68.8722385888595,36.9999999999997));
#14913=CARTESIAN_POINT('Origin',(70.2520242535442,-73.8722385888595,33.9999999999997));
#14914=CARTESIAN_POINT('Origin',(-17.8943999867954,-68.8722385888595,36.9999999999997));
#14915=CARTESIAN_POINT('',(-12.8943999867954,-68.8722385888596,33.9999999999997));
#14916=CARTESIAN_POINT('',(-12.8943999867954,-68.8722385888595,36.9999999999997));
#14917=CARTESIAN_POINT('',(-7.69890734788625,-68.8722385888596,33.9999999999997));
#14918=CARTESIAN_POINT('Origin',(-12.8943999867954,-73.8722385888595,36.9999999999997));
#14919=CARTESIAN_POINT('',(-17.8943999867954,-73.8722385888595,33.9999999999997));
#14920=CARTESIAN_POINT('',(-17.8943999867954,-73.8722385888595,36.9999999999997));
#14921=CARTESIAN_POINT('Origin',(-12.8943999867954,-73.8722385888595,33.9999999999997));
#14922=CARTESIAN_POINT('Origin',(2.49658529102295,-140.508312538859,36.9999999999997));
#14923=CARTESIAN_POINT('',(74.9965871611187,-68.008311443624,36.9999999999997));
#14924=CARTESIAN_POINT('',(76.9965871611187,-70.008311443624,36.9999999999997));
#14925=CARTESIAN_POINT('Origin',(74.9965871611187,-70.008311443624,36.9999999999997));
#14926=CARTESIAN_POINT('',(-16.7590849597831,-68.008311443624,36.9999999999997));
#14927=CARTESIAN_POINT('',(40.2465862260708,-68.008311443624,36.9999999999997));
#14928=CARTESIAN_POINT('',(-18.7500639262264,-69.8185675236156,36.9999999999997));
#14929=CARTESIAN_POINT('Origin',(-16.7590849597831,-70.008311443624,36.9999999999997));
#14930=CARTESIAN_POINT('',(-22.7320218591132,-73.4390796835988,36.9999999999997));
#14931=CARTESIAN_POINT('Origin',(-22.7320218591132,-69.4390796835988,36.9999999999997));
#14932=CARTESIAN_POINT('',(-70.0034165790728,-73.4390796835988,36.9999999999997));
#14933=CARTESIAN_POINT('',(-8.63124983438006,-73.4390796835988,36.9999999999997));
#14934=CARTESIAN_POINT('',(-72.0034165790728,-75.4390796835988,36.9999999999997));
#14935=CARTESIAN_POINT('Origin',(-70.0034165790728,-75.4390796835988,36.9999999999997));
#14936=CARTESIAN_POINT('',(-72.0034165790728,-127.008310445246,36.9999999999997));
#14937=CARTESIAN_POINT('',(-72.0034165790728,-106.473696111229,36.9999999999997));
#14938=CARTESIAN_POINT('',(-70.0034165790728,-129.008310445246,36.9999999999997));
#14939=CARTESIAN_POINT('Origin',(-70.0034165790728,-127.008310445246,36.9999999999997));
#14940=CARTESIAN_POINT('',(-27.747273966303,-129.008310445246,36.9999999999997));
#14941=CARTESIAN_POINT('',(-35.2534156440249,-129.008310445246,36.9999999999997));
#14942=CARTESIAN_POINT('',(-23.7472739663031,-133.008310445246,36.9999999999997));
#14943=CARTESIAN_POINT('Origin',(-27.747273966303,-133.008310445246,36.9999999999997));
#14944=CARTESIAN_POINT('',(-23.747273966303,-133.092157027275,36.9999999999997));
#14945=CARTESIAN_POINT('',(-23.7472739663031,-135.258311492053,36.9999999999997));
#14946=CARTESIAN_POINT('',(-21.747273966303,-135.092157027275,36.9999999999997));
#14947=CARTESIAN_POINT('Origin',(-21.747273966303,-133.092157027275,36.9999999999997));
#14948=CARTESIAN_POINT('',(-20.0034142544916,-135.092157027275,36.9999999999997));
#14949=CARTESIAN_POINT('',(-11.12534433764,-135.092157027275,36.9999999999997));
#14950=CARTESIAN_POINT('',(-16.0034142544917,-139.092157027275,36.9999999999997));
#14951=CARTESIAN_POINT('Origin',(-20.0034142544916,-139.092157027275,36.9999999999997));
#14952=CARTESIAN_POINT('',(-16.0034142544916,-210.966686538817,36.9999999999997));
#14953=CARTESIAN_POINT('',(-16.0034142544917,-138.300234783067,36.9999999999997));
#14954=CARTESIAN_POINT('',(-13.975855374367,-212.966496656834,36.9999999999997));
#14955=CARTESIAN_POINT('Origin',(-14.0034142544916,-210.966686538817,36.9999999999997));
#14956=CARTESIAN_POINT('',(66.0241459071329,-211.864036765555,36.9999999999997));
#14957=CARTESIAN_POINT('',(-6.76269883094825,-212.867093961194,36.9999999999997));
#14958=CARTESIAN_POINT('',(67.9965870270082,-209.864226647537,36.9999999999997));
#14959=CARTESIAN_POINT('Origin',(65.9965870270082,-209.864226647537,36.9999999999997));
#14960=CARTESIAN_POINT('',(67.9965870270082,-135.008312412199,36.9999999999997));
#14961=CARTESIAN_POINT('',(67.9965870270082,-176.665740895577,36.9999999999997));
#14962=CARTESIAN_POINT('',(71.9965870270082,-131.008312412199,36.9999999999997));
#14963=CARTESIAN_POINT('Origin',(71.9965870270082,-135.008312412199,36.9999999999997));
#14964=CARTESIAN_POINT('',(74.9965871611187,-131.008312412199,36.9999999999997));
#14965=CARTESIAN_POINT('',(35.7465861590156,-131.008312412199,36.9999999999997));
#14966=CARTESIAN_POINT('',(76.9965871611187,-129.008312412199,36.9999999999997));
#14967=CARTESIAN_POINT('Origin',(74.9965871611187,-129.008312412199,36.9999999999997));
#14968=CARTESIAN_POINT('',(76.9965871611187,-136.258312475529,36.9999999999997));
#14969=CARTESIAN_POINT('Origin',(74.9965871611187,-70.008311443624,35.9999999999997));
#14970=CARTESIAN_POINT('',(74.9965871611187,-67.008311443624,35.9999999999997));
#14971=CARTESIAN_POINT('Origin',(74.9965871611187,-68.008311443624,35.9999999999997));
#14972=CARTESIAN_POINT('',(77.9965871611187,-70.008311443624,35.9999999999997));
#14973=CARTESIAN_POINT('Origin',(76.9965871611187,-70.008311443624,35.9999999999997));
#14974=CARTESIAN_POINT('Origin',(74.9965871611187,-70.008311443624,35.9999999999997));
#14975=CARTESIAN_POINT('Origin',(76.9965871611187,-136.258312475529,35.9999999999997));
#14976=CARTESIAN_POINT('',(77.9965871611187,-129.008312412199,35.9999999999997));
#14977=CARTESIAN_POINT('Origin',(76.9965871611187,-129.008312412199,35.9999999999997));
#14978=CARTESIAN_POINT('',(77.9965871611187,-136.258312475529,35.9999999999997));
#14979=CARTESIAN_POINT('Origin',(74.9965871611187,-129.008312412199,35.9999999999997));
#14980=CARTESIAN_POINT('',(74.9965871611187,-132.008312412199,35.9999999999997));
#14981=CARTESIAN_POINT('Origin',(74.9965871611187,-131.008312412199,35.9999999999997));
#14982=CARTESIAN_POINT('Origin',(74.9965871611187,-129.008312412199,35.9999999999997));
#14983=CARTESIAN_POINT('Origin',(35.7465861590156,-131.008312412199,35.9999999999997));
#14984=CARTESIAN_POINT('',(71.9965870270082,-132.008312412199,35.9999999999997));
#14985=CARTESIAN_POINT('Origin',(71.9965870270082,-131.008312412199,35.9999999999997));
#14986=CARTESIAN_POINT('',(35.7465861590156,-132.008312412199,35.9999999999997));
#14987=CARTESIAN_POINT('Origin',(71.9965870270082,-135.008312412199,35.9999999999997));
#14988=CARTESIAN_POINT('',(68.9965870270082,-135.008312412199,35.9999999999997));
#14989=CARTESIAN_POINT('Origin',(67.9965870270082,-135.008312412199,35.9999999999997));
#14990=CARTESIAN_POINT('Origin',(71.9965870270082,-135.008312412199,35.9999999999997));
#14991=CARTESIAN_POINT('Origin',(67.9965870270082,-176.665740895577,35.9999999999997));
#14992=CARTESIAN_POINT('',(68.9965870270082,-209.864226647537,35.9999999999997));
#14993=CARTESIAN_POINT('Origin',(67.9965870270082,-209.864226647537,35.9999999999997));
#14994=CARTESIAN_POINT('',(68.9965870270082,-176.665740895577,35.9999999999997));
#14995=CARTESIAN_POINT('Origin',(65.9965870270082,-209.864226647537,35.9999999999997));
#14996=CARTESIAN_POINT('',(66.0379253471952,-212.863941824564,35.9999999999997));
#14997=CARTESIAN_POINT('Origin',(66.0241459071329,-211.864036765555,35.9999999999997));
#14998=CARTESIAN_POINT('Origin',(65.9965870270082,-209.864226647537,35.9999999999997));
#14999=CARTESIAN_POINT('Origin',(-6.76269883094825,-212.867093961194,35.9999999999997));
#15000=CARTESIAN_POINT('',(-13.9620759343046,-213.966401715843,35.9999999999997));
#15001=CARTESIAN_POINT('Origin',(-13.975855374367,-212.966496656834,35.9999999999997));
#15002=CARTESIAN_POINT('',(-6.74891939088592,-213.866999020203,35.9999999999997));
#15003=CARTESIAN_POINT('Origin',(-14.0034142544916,-210.966686538817,35.9999999999997));
#15004=CARTESIAN_POINT('',(-17.0034142544916,-210.966686538817,35.9999999999997));
#15005=CARTESIAN_POINT('Origin',(-16.0034142544916,-210.966686538817,35.9999999999997));
#15006=CARTESIAN_POINT('Origin',(-14.0034142544916,-210.966686538817,35.9999999999997));
#15007=CARTESIAN_POINT('Origin',(-16.0034142544917,-138.300234783067,35.9999999999997));
#15008=CARTESIAN_POINT('',(-17.0034142544916,-139.092157027275,35.9999999999997));
#15009=CARTESIAN_POINT('Origin',(-16.0034142544917,-139.092157027275,35.9999999999997));
#15010=CARTESIAN_POINT('',(-17.0034142544916,-138.300234783067,35.9999999999997));
#15011=CARTESIAN_POINT('Origin',(-20.0034142544916,-139.092157027275,35.9999999999997));
#15012=CARTESIAN_POINT('',(-20.0034142544916,-136.092157027275,35.9999999999997));
#15013=CARTESIAN_POINT('Origin',(-20.0034142544916,-135.092157027275,35.9999999999997));
#15014=CARTESIAN_POINT('Origin',(-20.0034142544916,-139.092157027275,35.9999999999997));
#15015=CARTESIAN_POINT('Origin',(-11.12534433764,-135.092157027275,35.9999999999997));
#15016=CARTESIAN_POINT('',(-21.747273966303,-136.092157027275,35.9999999999997));
#15017=CARTESIAN_POINT('Origin',(-21.747273966303,-135.092157027275,35.9999999999997));
#15018=CARTESIAN_POINT('',(-11.12534433764,-136.092157027275,35.9999999999997));
#15019=CARTESIAN_POINT('Origin',(-21.747273966303,-133.092157027275,35.9999999999997));
#15020=CARTESIAN_POINT('',(-24.747273966303,-133.092157027275,35.9999999999997));
#15021=CARTESIAN_POINT('Origin',(-23.747273966303,-133.092157027275,35.9999999999997));
#15022=CARTESIAN_POINT('Origin',(-21.747273966303,-133.092157027275,35.9999999999997));
#15023=CARTESIAN_POINT('Origin',(-23.7472739663031,-135.258311492053,35.9999999999997));
#15024=CARTESIAN_POINT('',(-24.747273966303,-133.008310445246,35.9999999999997));
#15025=CARTESIAN_POINT('Origin',(-23.7472739663031,-133.008310445246,35.9999999999997));
#15026=CARTESIAN_POINT('',(-24.747273966303,-135.258311492053,35.9999999999997));
#15027=CARTESIAN_POINT('Origin',(-27.747273966303,-133.008310445246,35.9999999999997));
#15028=CARTESIAN_POINT('',(-27.747273966303,-130.008310445246,35.9999999999997));
#15029=CARTESIAN_POINT('Origin',(-27.747273966303,-129.008310445246,35.9999999999997));
#15030=CARTESIAN_POINT('Origin',(-27.747273966303,-133.008310445246,35.9999999999997));
#15031=CARTESIAN_POINT('Origin',(-35.2534156440249,-129.008310445246,35.9999999999997));
#15032=CARTESIAN_POINT('',(-70.0034165790728,-130.008310445246,35.9999999999997));
#15033=CARTESIAN_POINT('Origin',(-70.0034165790728,-129.008310445246,35.9999999999997));
#15034=CARTESIAN_POINT('',(-35.2534156440249,-130.008310445246,35.9999999999997));
#15035=CARTESIAN_POINT('Origin',(-70.0034165790728,-127.008310445246,35.9999999999997));
#15036=CARTESIAN_POINT('',(-73.0034165790728,-127.008310445246,35.9999999999997));
#15037=CARTESIAN_POINT('Origin',(-72.0034165790728,-127.008310445246,35.9999999999997));
#15038=CARTESIAN_POINT('Origin',(-70.0034165790728,-127.008310445246,35.9999999999997));
#15039=CARTESIAN_POINT('Origin',(-72.0034165790728,-106.473696111229,35.9999999999997));
#15040=CARTESIAN_POINT('',(-73.0034165790728,-75.4390796835988,35.9999999999997));
#15041=CARTESIAN_POINT('Origin',(-72.0034165790728,-75.4390796835988,35.9999999999997));
#15042=CARTESIAN_POINT('',(-73.0034165790728,-106.473696111229,35.9999999999997));
#15043=CARTESIAN_POINT('Origin',(-70.0034165790728,-75.4390796835988,35.9999999999997));
#15044=CARTESIAN_POINT('',(-70.0034165790728,-72.4390796835988,35.9999999999997));
#15045=CARTESIAN_POINT('Origin',(-70.0034165790728,-73.4390796835988,35.9999999999997));
#15046=CARTESIAN_POINT('Origin',(-70.0034165790728,-75.4390796835988,35.9999999999997));
#15047=CARTESIAN_POINT('Origin',(-8.63124983438006,-73.4390796835988,35.9999999999997));
#15048=CARTESIAN_POINT('',(-22.7320218591132,-72.4390796835988,35.9999999999997));
#15049=CARTESIAN_POINT('Origin',(-22.7320218591132,-73.4390796835988,35.9999999999997));
#15050=CARTESIAN_POINT('',(-8.63124983438006,-72.4390796835988,35.9999999999997));
#15051=CARTESIAN_POINT('Origin',(-22.7320218591132,-69.4390796835988,35.9999999999997));
#15052=CARTESIAN_POINT('',(-19.7455534094481,-69.7236955636114,35.9999999999997));
#15053=CARTESIAN_POINT('Origin',(-18.7500639262264,-69.8185675236156,35.9999999999997));
#15054=CARTESIAN_POINT('Origin',(-22.7320218591132,-69.4390796835988,35.9999999999997));
#15055=CARTESIAN_POINT('Origin',(-16.7590849597831,-70.008311443624,35.9999999999997));
#15056=CARTESIAN_POINT('',(-16.7590849597831,-67.008311443624,35.9999999999997));
#15057=CARTESIAN_POINT('Origin',(-16.7590849597831,-68.008311443624,35.9999999999997));
#15058=CARTESIAN_POINT('Origin',(-16.7590849597831,-70.008311443624,35.9999999999997));
#15059=CARTESIAN_POINT('Origin',(40.2465862260708,-68.008311443624,35.9999999999997));
#15060=CARTESIAN_POINT('',(40.2465862260708,-67.008311443624,35.9999999999997));
#15061=CARTESIAN_POINT('Origin',(-21.747273966303,-133.092157027275,33.9999999999997));
#15062=CARTESIAN_POINT('',(-24.747273966303,-133.092157027275,33.9999999999997));
#15063=CARTESIAN_POINT('',(-24.747273966303,-133.092157027275,33.9999999999997));
#15064=CARTESIAN_POINT('',(-21.747273966303,-136.092157027275,33.9999999999997));
#15065=CARTESIAN_POINT('Origin',(-21.747273966303,-133.092157027275,33.9999999999997));
#15066=CARTESIAN_POINT('',(-21.747273966303,-136.092157027275,33.9999999999997));
#15067=CARTESIAN_POINT('Origin',(-24.747273966303,-130.008310445246,33.9999999999997));
#15068=CARTESIAN_POINT('',(-24.747273966303,-133.008310445246,33.9999999999997));
#15069=CARTESIAN_POINT('',(-24.747273966303,-133.008310445246,33.9999999999997));
#15070=CARTESIAN_POINT('',(-24.747273966303,-136.092157027275,33.9999999999997));
#15071=CARTESIAN_POINT('Origin',(-27.747273966303,-133.008310445246,33.9999999999997));
#15072=CARTESIAN_POINT('',(-27.747273966303,-130.008310445246,33.9999999999997));
#15073=CARTESIAN_POINT('',(-27.747273966303,-130.008310445246,33.9999999999997));
#15074=CARTESIAN_POINT('Origin',(-27.747273966303,-133.008310445246,33.9999999999997));
#15075=CARTESIAN_POINT('Origin',(-73.0034165790728,-130.008310445246,33.9999999999997));
#15076=CARTESIAN_POINT('',(-70.0034165790728,-130.008310445246,33.9999999999997));
#15077=CARTESIAN_POINT('',(-70.0034165790728,-130.008310445246,33.9999999999997));
#15078=CARTESIAN_POINT('',(-24.747273966303,-130.008310445246,33.9999999999997));
#15079=CARTESIAN_POINT('Origin',(-70.0034165790728,-127.008310445246,33.9999999999997));
#15080=CARTESIAN_POINT('',(-73.0034165790728,-127.008310445246,33.9999999999997));
#15081=CARTESIAN_POINT('',(-73.0034165790728,-127.008310445246,33.9999999999997));
#15082=CARTESIAN_POINT('Origin',(-70.0034165790728,-127.008310445246,33.9999999999997));
#15083=CARTESIAN_POINT('Origin',(-73.0034165790728,-72.4390796835988,33.9999999999997));
#15084=CARTESIAN_POINT('',(-73.0034165790728,-75.4390796835989,33.9999999999997));
#15085=CARTESIAN_POINT('',(-73.0034165790728,-75.4390796835988,33.9999999999997));
#15086=CARTESIAN_POINT('',(-73.0034165790728,-130.008310445246,33.9999999999997));
#15087=CARTESIAN_POINT('Origin',(-70.0034165790728,-75.4390796835988,33.9999999999997));
#15088=CARTESIAN_POINT('',(-70.0034165790728,-72.4390796835989,33.9999999999997));
#15089=CARTESIAN_POINT('',(-70.0034165790728,-72.4390796835988,33.9999999999997));
#15090=CARTESIAN_POINT('Origin',(-70.0034165790728,-75.4390796835989,33.9999999999997));
#15091=CARTESIAN_POINT('Origin',(-19.7590849597831,-72.4390796835988,33.9999999999997));
#15092=CARTESIAN_POINT('',(-22.7320218591132,-72.4390796835988,33.9999999999997));
#15093=CARTESIAN_POINT('',(-22.7320218591132,-72.4390796835988,33.9999999999997));
#15094=CARTESIAN_POINT('',(-22.7590849597831,-72.4390796835989,33.9999999999997));
#15095=CARTESIAN_POINT('',(-73.0034165790728,-72.4390796835988,33.9999999999997));
#15096=CARTESIAN_POINT('',(-73.0034165790728,-72.4390796835989,33.9999999999997));
#15097=CARTESIAN_POINT('Origin',(-22.7320218591132,-69.4390796835988,33.9999999999997));
#15098=CARTESIAN_POINT('',(-19.7455534094481,-69.7236955636114,33.9999999999997));
#15099=CARTESIAN_POINT('',(-19.7455534094481,-69.7236955636114,33.9999999999997));
#15100=CARTESIAN_POINT('Origin',(-22.7320218591132,-69.4390796835988,33.9999999999997));
#15101=CARTESIAN_POINT('Origin',(-16.7590849597831,-70.008311443624,33.9999999999997));
#15102=CARTESIAN_POINT('',(-16.7590849597831,-67.008311443624,33.9999999999997));
#15103=CARTESIAN_POINT('',(-16.7590849597831,-67.008311443624,33.9999999999997));
#15104=CARTESIAN_POINT('Origin',(-16.7590849597831,-70.008311443624,33.9999999999997));
#15105=CARTESIAN_POINT('Origin',(77.9965871611187,-67.008311443624,33.9999999999997));
#15106=CARTESIAN_POINT('',(74.9965871611187,-67.0083114436241,33.9999999999997));
#15107=CARTESIAN_POINT('',(74.9965871611187,-67.008311443624,33.9999999999997));
#15108=CARTESIAN_POINT('',(-19.7590849597831,-67.0083114436241,33.9999999999997));
#15109=CARTESIAN_POINT('Origin',(74.9965871611187,-70.008311443624,33.9999999999997));
#15110=CARTESIAN_POINT('',(77.9965871611187,-70.0083114436241,33.9999999999997));
#15111=CARTESIAN_POINT('',(77.9965871611187,-70.008311443624,33.9999999999997));
#15112=CARTESIAN_POINT('Origin',(74.9965871611187,-70.0083114436241,33.9999999999997));
#15113=CARTESIAN_POINT('Origin',(-12.8943999867954,-125.486714345781,36.9999999999997));
#15114=CARTESIAN_POINT('',(-12.8943999867954,-130.486714345781,33.9999999999997));
#15115=CARTESIAN_POINT('',(-12.8943999867954,-130.486714345781,36.9999999999997));
#15116=CARTESIAN_POINT('',(-17.8943999867954,-125.486714345781,33.9999999999997));
#15117=CARTESIAN_POINT('Origin',(-12.8943999867954,-125.486714345781,33.9999999999997));
#15118=CARTESIAN_POINT('',(-17.8943999867954,-125.486714345781,36.9999999999997));
#15119=CARTESIAN_POINT('Origin',(75.2520242535442,-130.486714345781,36.9999999999997));
#15120=CARTESIAN_POINT('',(70.2520242535442,-130.486714345781,33.9999999999997));
#15121=CARTESIAN_POINT('',(70.2520242535442,-130.486714345781,36.9999999999997));
#15122=CARTESIAN_POINT('',(38.8743047722836,-130.486714345781,33.9999999999997));
#15123=CARTESIAN_POINT('Origin',(-17.8943999867954,-130.486714345781,36.9999999999997));
#15124=CARTESIAN_POINT('',(-17.8943999867954,-135.49751344232,33.9999999999997));
#15125=CARTESIAN_POINT('Origin',(70.2520242535442,-125.486714345781,36.9999999999997));
#15126=CARTESIAN_POINT('Origin',(70.2520242535442,-125.486714345781,33.9999999999997));
#15127=CARTESIAN_POINT('Origin',(-20.0034142544916,-139.092157027275,33.9999999999997));
#15128=CARTESIAN_POINT('',(-20.0034142544916,-136.092157027275,33.9999999999997));
#15129=CARTESIAN_POINT('',(-20.0034142544916,-136.092157027275,33.9999999999997));
#15130=CARTESIAN_POINT('',(-17.0034142544916,-139.092157027275,33.9999999999997));
#15131=CARTESIAN_POINT('Origin',(-20.0034142544916,-139.092157027275,33.9999999999997));
#15132=CARTESIAN_POINT('',(-17.0034142544916,-139.092157027275,33.9999999999997));
#15133=CARTESIAN_POINT('Origin',(-17.0034142544916,-136.092157027275,33.9999999999997));
#15134=CARTESIAN_POINT('',(-17.0034142544916,-210.966686538817,33.9999999999997));
#15135=CARTESIAN_POINT('',(-17.0034142544916,-214.008313634095,33.9999999999997));
#15136=CARTESIAN_POINT('',(-17.0034142544916,-210.966686538817,33.9999999999997));
#15137=CARTESIAN_POINT('Origin',(-14.0034142544916,-210.966686538817,33.9999999999997));
#15138=CARTESIAN_POINT('',(-13.9620759343046,-213.966401715843,33.9999999999997));
#15139=CARTESIAN_POINT('Origin',(-14.0034142544916,-210.966686538817,33.9999999999997));
#15140=CARTESIAN_POINT('',(-13.9620759343046,-213.966401715843,33.9999999999997));
#15141=CARTESIAN_POINT('Origin',(-17.0034142544916,-214.008313634095,33.9999999999997));
#15142=CARTESIAN_POINT('',(66.0379253471952,-212.863941824564,33.9999999999997));
#15143=CARTESIAN_POINT('',(68.9965870270082,-212.823169252294,33.9999999999997));
#15144=CARTESIAN_POINT('',(66.0379253471952,-212.863941824564,33.9999999999997));
#15145=CARTESIAN_POINT('Origin',(65.9965870270082,-209.864226647537,33.9999999999997));
#15146=CARTESIAN_POINT('',(68.9965870270082,-209.864226647537,33.9999999999997));
#15147=CARTESIAN_POINT('Origin',(65.9965870270082,-209.864226647537,33.9999999999997));
#15148=CARTESIAN_POINT('',(68.9965870270082,-209.864226647537,33.9999999999997));
#15149=CARTESIAN_POINT('Origin',(77.9965871611187,-132.008312412199,33.9999999999997));
#15150=CARTESIAN_POINT('',(77.9965871611187,-129.0083124122,33.9999999999997));
#15151=CARTESIAN_POINT('',(77.9965871611187,-129.008312412199,33.9999999999997));
#15152=CARTESIAN_POINT('',(77.9965871611187,-67.0083114436241,33.9999999999997));
#15153=CARTESIAN_POINT('Origin',(74.9965871611187,-129.008312412199,33.9999999999997));
#15154=CARTESIAN_POINT('',(74.9965871611187,-132.0083124122,33.9999999999997));
#15155=CARTESIAN_POINT('',(74.9965871611187,-132.008312412199,33.9999999999997));
#15156=CARTESIAN_POINT('Origin',(74.9965871611187,-129.0083124122,33.9999999999997));
#15157=CARTESIAN_POINT('Origin',(71.9965870270082,-135.008312412199,33.9999999999997));
#15158=CARTESIAN_POINT('',(68.9965870270082,-135.0083124122,33.9999999999997));
#15159=CARTESIAN_POINT('',(68.9965870270082,-135.008312412199,33.9999999999997));
#15160=CARTESIAN_POINT('',(71.9965870270082,-132.0083124122,33.9999999999997));
#15161=CARTESIAN_POINT('Origin',(71.9965870270082,-135.0083124122,33.9999999999997));
#15162=CARTESIAN_POINT('',(71.9965870270082,-132.008312412199,33.9999999999997));
#15163=CARTESIAN_POINT('Origin',(68.9965870270082,-132.008312412199,33.9999999999997));
#15164=CARTESIAN_POINT('',(77.9965871611187,-132.0083124122,33.9999999999997));
#15165=CARTESIAN_POINT('Origin',(68.9965870270082,-212.823169252294,33.9999999999997));
#15166=CARTESIAN_POINT('',(68.9965870270082,-132.0083124122,33.9999999999997));
#15167=CARTESIAN_POINT('Origin',(-24.747273966303,-136.092157027275,33.9999999999997));
#15168=CARTESIAN_POINT('',(-17.0034142544916,-136.092157027275,33.9999999999997));
#15169=CARTESIAN_POINT('Origin',(2.49658529102295,-140.508312538859,33.9999999999997));
#15170=CARTESIAN_POINT('Origin',(-76.2364667455834,-69.6503591657737,29.9999999999997));
#15171=CARTESIAN_POINT('',(-76.2364667455834,-72.6503591657737,32.9999999999997));
#15172=CARTESIAN_POINT('',(-76.2364667455834,-129.926741969388,32.9999999999997));
#15173=CARTESIAN_POINT('',(-76.2364667455834,-104.822239290209,32.9999999999997));
#15174=CARTESIAN_POINT('',(-76.2364667455834,-72.6503591657737,29.9999999999997));
#15175=CARTESIAN_POINT('',(-76.2364667455834,-72.6503591657737,29.9999999999997));
#15176=CARTESIAN_POINT('',(-76.2364667455834,-129.926741969388,29.9999999999997));
#15177=CARTESIAN_POINT('',(-76.2364667455834,-69.6503591657737,29.9999999999997));
#15178=CARTESIAN_POINT('',(-76.2364667455834,-129.926741969388,29.9999999999997));
#15179=CARTESIAN_POINT('Origin',(-27.8540103445966,-138.934328465629,29.9999999999997));
#15180=CARTESIAN_POINT('',(-24.8540103445966,-138.934328465629,32.9999999999997));
#15181=CARTESIAN_POINT('',(-23.7414709276148,-138.934328465629,32.9999999999997));
#15182=CARTESIAN_POINT('',(-12.672453852466,-138.934328465629,32.9999999999997));
#15183=CARTESIAN_POINT('',(-24.8540103445966,-138.934328465629,29.9999999999997));
#15184=CARTESIAN_POINT('',(-24.8540103445966,-138.934328465629,29.9999999999997));
#15185=CARTESIAN_POINT('',(-23.7414709276148,-138.934328465629,29.9999999999997));
#15186=CARTESIAN_POINT('',(-27.8540103445966,-138.934328465629,29.9999999999997));
#15187=CARTESIAN_POINT('',(-23.7414709276148,-138.934328465629,29.9999999999997));
#15188=CARTESIAN_POINT('Origin',(68.9965870270082,-132.0083124122,29.9999999999997));
#15189=CARTESIAN_POINT('',(68.9965870270082,-209.864226647537,33.9999999999997));
#15190=CARTESIAN_POINT('',(68.9965870270082,-209.864226647537,29.9999999999997));
#15191=CARTESIAN_POINT('',(68.9965870270082,-209.864226647537,29.9999999999997));
#15192=CARTESIAN_POINT('',(68.9965870270082,-135.0083124122,33.9999999999997));
#15193=CARTESIAN_POINT('',(68.9965870270082,-132.0083124122,33.9999999999997));
#15194=CARTESIAN_POINT('',(68.9965870270082,-135.0083124122,29.9999999999997));
#15195=CARTESIAN_POINT('',(68.9965870270082,-135.0083124122,29.9999999999997));
#15196=CARTESIAN_POINT('',(68.9965870270082,-132.0083124122,29.9999999999997));
#15197=CARTESIAN_POINT('Origin',(77.9965871611187,-67.0083114436241,29.9999999999997));
#15198=CARTESIAN_POINT('',(77.9965871611187,-129.0083124122,33.9999999999997));
#15199=CARTESIAN_POINT('',(77.9965871611187,-129.0083124122,29.9999999999997));
#15200=CARTESIAN_POINT('',(77.9965871611187,-129.0083124122,29.9999999999997));
#15201=CARTESIAN_POINT('',(77.9965871611187,-70.0083114436241,33.9999999999997));
#15202=CARTESIAN_POINT('',(77.9965871611187,-67.0083114436241,33.9999999999997));
#15203=CARTESIAN_POINT('',(77.9965871611187,-70.0083114436241,29.9999999999997));
#15204=CARTESIAN_POINT('',(77.9965871611187,-70.0083114436241,29.9999999999997));
#15205=CARTESIAN_POINT('',(77.9965871611187,-67.0083114436241,29.9999999999997));
#15206=CARTESIAN_POINT('Origin',(74.9965871611187,-70.0083114436241,29.9999999999997));
#15207=CARTESIAN_POINT('',(74.9965871611187,-67.0083114436241,29.9999999999997));
#15208=CARTESIAN_POINT('Origin',(74.9965871611187,-70.0083114436241,29.9999999999997));
#15209=CARTESIAN_POINT('',(74.9965871611187,-67.0083114436241,33.9999999999997));
#15210=CARTESIAN_POINT('Origin',(74.9965871611187,-70.0083114436241,33.9999999999997));
#15211=CARTESIAN_POINT('',(74.9965871611187,-67.0083114436241,29.9999999999997));
#15212=CARTESIAN_POINT('Origin',(-22.7590849597831,-69.4390796835989,29.9999999999997));
#15213=CARTESIAN_POINT('',(-19.772616510118,-69.7236955636115,33.9999999999997));
#15214=CARTESIAN_POINT('',(-19.772616510118,-69.7236955636115,29.9999999999997));
#15215=CARTESIAN_POINT('',(-19.772616510118,-69.7236955636115,29.9999999999997));
#15216=CARTESIAN_POINT('',(-22.7590849597831,-72.4390796835989,33.9999999999997));
#15217=CARTESIAN_POINT('Origin',(-22.7590849597831,-69.4390796835989,33.9999999999997));
#15218=CARTESIAN_POINT('',(-22.7590849597831,-72.4390796835989,29.9999999999997));
#15219=CARTESIAN_POINT('',(-22.7590849597831,-72.4390796835989,29.9999999999997));
#15220=CARTESIAN_POINT('Origin',(-22.7590849597831,-69.4390796835989,29.9999999999997));
#15221=CARTESIAN_POINT('Origin',(-19.7590849597831,-67.0083114436241,29.9999999999997));
#15222=CARTESIAN_POINT('',(-16.786148060453,-67.0083114436241,29.9999999999997));
#15223=CARTESIAN_POINT('',(-16.786148060453,-67.0083114436241,33.9999999999997));
#15224=CARTESIAN_POINT('',(-16.786148060453,-67.0083114436241,29.9999999999997));
#15225=CARTESIAN_POINT('',(-19.7590849597831,-67.0083114436241,29.9999999999997));
#15226=CARTESIAN_POINT('',(-16.7590849597831,-67.008311443624,33.9999999999997));
#15227=CARTESIAN_POINT('',(-19.7590849597831,-67.0083114436241,33.9999999999997));
#15228=CARTESIAN_POINT('',(-19.7590849597831,-67.0083114436241,33.9999999999997));
#15229=CARTESIAN_POINT('Origin',(-16.786148060453,-70.0083114436241,29.9999999999997));
#15230=CARTESIAN_POINT('Origin',(-16.786148060453,-70.0083114436241,33.9999999999997));
#15231=CARTESIAN_POINT('Origin',(-16.786148060453,-70.0083114436241,29.9999999999997));
#15232=CARTESIAN_POINT('Origin',(74.9965871611187,-129.0083124122,29.9999999999997));
#15233=CARTESIAN_POINT('',(74.9965871611187,-132.0083124122,29.9999999999997));
#15234=CARTESIAN_POINT('Origin',(74.9965871611187,-129.0083124122,29.9999999999997));
#15235=CARTESIAN_POINT('',(74.9965871611187,-132.0083124122,33.9999999999997));
#15236=CARTESIAN_POINT('',(74.9965871611187,-132.0083124122,29.9999999999997));
#15237=CARTESIAN_POINT('Origin',(74.9965871611187,-129.0083124122,33.9999999999997));
#15238=CARTESIAN_POINT('Origin',(77.9965871611187,-132.0083124122,29.9999999999997));
#15239=CARTESIAN_POINT('',(71.9965870270082,-132.0083124122,33.9999999999997));
#15240=CARTESIAN_POINT('',(71.9965870270082,-132.0083124122,29.9999999999997));
#15241=CARTESIAN_POINT('',(71.9965870270082,-132.0083124122,29.9999999999997));
#15242=CARTESIAN_POINT('',(77.9965871611187,-132.0083124122,33.9999999999997));
#15243=CARTESIAN_POINT('',(77.9965871611187,-132.0083124122,29.9999999999997));
#15244=CARTESIAN_POINT('Origin',(71.9965870270082,-135.0083124122,29.9999999999997));
#15245=CARTESIAN_POINT('Origin',(71.9965870270082,-135.0083124122,33.9999999999997));
#15246=CARTESIAN_POINT('Origin',(71.9965870270082,-135.0083124122,29.9999999999997));
#15247=CARTESIAN_POINT('Origin',(-24.747273966303,-130.008310445246,29.9999999999997));
#15248=CARTESIAN_POINT('',(-70.0034165790728,-130.008310445246,33.9999999999997));
#15249=CARTESIAN_POINT('',(-70.0034165790728,-130.008310445246,29.9999999999997));
#15250=CARTESIAN_POINT('',(-70.0034165790728,-130.008310445246,29.9999999999997));
#15251=CARTESIAN_POINT('',(-27.747273966303,-130.008310445246,33.9999999999997));
#15252=CARTESIAN_POINT('',(-24.747273966303,-130.008310445246,33.9999999999997));
#15253=CARTESIAN_POINT('',(-27.747273966303,-130.008310445246,29.9999999999997));
#15254=CARTESIAN_POINT('',(-27.747273966303,-130.008310445246,29.9999999999997));
#15255=CARTESIAN_POINT('',(-24.747273966303,-130.008310445246,29.9999999999997));
#15256=CARTESIAN_POINT('Origin',(-27.747273966303,-133.008310445246,29.9999999999997));
#15257=CARTESIAN_POINT('',(-24.747273966303,-133.008310445246,33.9999999999997));
#15258=CARTESIAN_POINT('Origin',(-27.747273966303,-133.008310445246,33.9999999999997));
#15259=CARTESIAN_POINT('',(-24.747273966303,-133.008310445246,29.9999999999997));
#15260=CARTESIAN_POINT('',(-24.747273966303,-133.008310445246,29.9999999999997));
#15261=CARTESIAN_POINT('Origin',(-27.747273966303,-133.008310445246,29.9999999999997));
#15262=CARTESIAN_POINT('Origin',(-17.0034142544916,-136.092157027275,29.9999999999997));
#15263=CARTESIAN_POINT('',(-21.747273966303,-136.092157027275,33.9999999999997));
#15264=CARTESIAN_POINT('',(-21.747273966303,-136.092157027275,29.9999999999997));
#15265=CARTESIAN_POINT('',(-21.747273966303,-136.092157027275,29.9999999999997));
#15266=CARTESIAN_POINT('',(-20.0034142544916,-136.092157027275,33.9999999999997));
#15267=CARTESIAN_POINT('',(-17.0034142544916,-136.092157027275,33.9999999999997));
#15268=CARTESIAN_POINT('',(-20.0034142544916,-136.092157027275,29.9999999999997));
#15269=CARTESIAN_POINT('',(-20.0034142544916,-136.092157027275,29.9999999999997));
#15270=CARTESIAN_POINT('',(-17.0034142544916,-136.092157027275,29.9999999999997));
#15271=CARTESIAN_POINT('Origin',(-20.0034142544916,-139.092157027275,29.9999999999997));
#15272=CARTESIAN_POINT('',(-17.0034142544916,-139.092157027275,33.9999999999997));
#15273=CARTESIAN_POINT('Origin',(-20.0034142544916,-139.092157027275,33.9999999999997));
#15274=CARTESIAN_POINT('',(-17.0034142544916,-139.092157027275,29.9999999999997));
#15275=CARTESIAN_POINT('',(-17.0034142544916,-139.092157027275,29.9999999999997));
#15276=CARTESIAN_POINT('Origin',(-20.0034142544916,-139.092157027275,29.9999999999997));
#15277=CARTESIAN_POINT('Origin',(-73.0034165790728,-130.008310445246,29.9999999999997));
#15278=CARTESIAN_POINT('',(-73.0034165790728,-75.4390796835989,33.9999999999997));
#15279=CARTESIAN_POINT('',(-73.0034165790728,-75.4390796835989,29.9999999999997));
#15280=CARTESIAN_POINT('',(-73.0034165790728,-75.4390796835989,29.9999999999997));
#15281=CARTESIAN_POINT('',(-73.0034165790728,-127.008310445246,33.9999999999997));
#15282=CARTESIAN_POINT('',(-73.0034165790728,-130.008310445246,33.9999999999997));
#15283=CARTESIAN_POINT('',(-73.0034165790728,-127.008310445246,29.9999999999997));
#15284=CARTESIAN_POINT('',(-73.0034165790728,-127.008310445246,29.9999999999997));
#15285=CARTESIAN_POINT('',(-73.0034165790728,-130.008310445246,29.9999999999997));
#15286=CARTESIAN_POINT('Origin',(-70.0034165790728,-127.008310445246,29.9999999999997));
#15287=CARTESIAN_POINT('Origin',(-70.0034165790728,-127.008310445246,29.9999999999997));
#15288=CARTESIAN_POINT('Origin',(-70.0034165790728,-127.008310445246,33.9999999999997));
#15289=CARTESIAN_POINT('Origin',(-73.0034165790728,-72.4390796835989,29.9999999999997));
#15290=CARTESIAN_POINT('',(-70.0034165790728,-72.4390796835989,29.9999999999997));
#15291=CARTESIAN_POINT('',(-70.0034165790728,-72.4390796835989,33.9999999999997));
#15292=CARTESIAN_POINT('',(-70.0034165790728,-72.4390796835989,29.9999999999997));
#15293=CARTESIAN_POINT('',(-73.0034165790728,-72.4390796835989,29.9999999999997));
#15294=CARTESIAN_POINT('',(-73.0034165790728,-72.4390796835989,33.9999999999997));
#15295=CARTESIAN_POINT('Origin',(-70.0034165790728,-75.4390796835989,29.9999999999997));
#15296=CARTESIAN_POINT('Origin',(-70.0034165790728,-75.4390796835989,29.9999999999997));
#15297=CARTESIAN_POINT('Origin',(-70.0034165790728,-75.4390796835989,33.9999999999997));
#15298=CARTESIAN_POINT('Origin',(-17.0034142544916,-214.008313634095,29.9999999999997));
#15299=CARTESIAN_POINT('',(-17.0034142544916,-210.966686538817,29.9999999999997));
#15300=CARTESIAN_POINT('',(-17.0034142544916,-210.966686538817,33.9999999999997));
#15301=CARTESIAN_POINT('',(-17.0034142544916,-210.966686538817,29.9999999999997));
#15302=CARTESIAN_POINT('',(-17.0034142544916,-214.008313634095,29.9999999999997));
#15303=CARTESIAN_POINT('',(-17.0034142544916,-214.008313634095,33.9999999999997));
#15304=CARTESIAN_POINT('Origin',(-14.0034142544916,-210.966686538817,29.9999999999997));
#15305=CARTESIAN_POINT('',(-13.9620759343046,-213.966401715843,29.9999999999997));
#15306=CARTESIAN_POINT('Origin',(-14.0034142544916,-210.966686538817,29.9999999999997));
#15307=CARTESIAN_POINT('',(-13.9620759343046,-213.966401715843,33.9999999999997));
#15308=CARTESIAN_POINT('Origin',(-14.0034142544916,-210.966686538817,33.9999999999997));
#15309=CARTESIAN_POINT('',(-13.9620759343046,-213.966401715843,29.9999999999997));
#15310=CARTESIAN_POINT('Origin',(68.9965870270082,-212.823169252294,29.9999999999997));
#15311=CARTESIAN_POINT('',(66.0379253471952,-212.863941824564,29.9999999999997));
#15312=CARTESIAN_POINT('',(66.0379253471952,-212.863941824564,33.9999999999997));
#15313=CARTESIAN_POINT('',(66.0379253471952,-212.863941824564,29.9999999999997));
#15314=CARTESIAN_POINT('',(68.9965870270082,-212.823169252294,29.9999999999997));
#15315=CARTESIAN_POINT('',(68.9965870270082,-212.823169252294,33.9999999999997));
#15316=CARTESIAN_POINT('Origin',(65.9965870270082,-209.864226647537,29.9999999999997));
#15317=CARTESIAN_POINT('Origin',(65.9965870270082,-209.864226647537,29.9999999999997));
#15318=CARTESIAN_POINT('Origin',(65.9965870270082,-209.864226647537,33.9999999999997));
#15319=CARTESIAN_POINT('Origin',(72.519122000663,-216.640772646975,29.9999999999997));
#15320=CARTESIAN_POINT('',(72.519122000663,-213.640772646975,32.9999999999997));
#15321=CARTESIAN_POINT('',(72.519122000663,-198.008313380775,32.9999999999997));
#15322=CARTESIAN_POINT('',(72.519122000663,-178.317446030809,32.9999999999997));
#15323=CARTESIAN_POINT('',(72.519122000663,-213.640772646975,29.9999999999997));
#15324=CARTESIAN_POINT('',(72.519122000663,-213.640772646975,29.9999999999997));
#15325=CARTESIAN_POINT('',(72.519122000663,-198.008313380775,29.9999999999997));
#15326=CARTESIAN_POINT('',(72.519122000663,-216.640772646975,29.9999999999997));
#15327=CARTESIAN_POINT('',(72.519122000663,-198.008313380775,29.9999999999997));
#15328=CARTESIAN_POINT('Origin',(69.519122000663,-213.640772646975,29.9999999999997));
#15329=CARTESIAN_POINT('',(69.519122000663,-216.640772646975,32.9999999999997));
#15330=CARTESIAN_POINT('Origin',(69.519122000663,-213.640772646975,32.9999999999997));
#15331=CARTESIAN_POINT('',(69.519122000663,-216.640772646975,29.9999999999997));
#15332=CARTESIAN_POINT('',(69.519122000663,-216.640772646975,29.9999999999997));
#15333=CARTESIAN_POINT('Origin',(69.519122000663,-213.640772646975,29.9999999999997));
#15334=CARTESIAN_POINT('Origin',(73.5191220006631,-198.008313380775,29.9999999999997));
#15335=CARTESIAN_POINT('',(73.0294743095107,-197.136393006802,32.9999999999997));
#15336=CARTESIAN_POINT('Origin',(73.5191220006631,-198.008313380775,32.9999999999997));
#15337=CARTESIAN_POINT('',(73.0294743095107,-197.136393006802,29.9999999999997));
#15338=CARTESIAN_POINT('Origin',(73.5191220006631,-198.008313380775,29.9999999999997));
#15339=CARTESIAN_POINT('',(73.0294743095107,-197.136393006802,29.9999999999997));
#15340=CARTESIAN_POINT('Origin',(72.5398266183583,-196.264472632829,29.9999999999997));
#15341=CARTESIAN_POINT('',(73.5398266183583,-196.264472632829,32.9999999999997));
#15342=CARTESIAN_POINT('Origin',(72.5398266183583,-196.264472632829,32.9999999999997));
#15343=CARTESIAN_POINT('',(73.5398266183583,-196.264472632829,29.9999999999997));
#15344=CARTESIAN_POINT('Origin',(72.5398266183583,-196.264472632829,29.9999999999997));
#15345=CARTESIAN_POINT('',(73.5398266183583,-196.264472632829,29.9999999999997));
#15346=CARTESIAN_POINT('Origin',(-20.7414709276148,-216.640772646975,29.9999999999997));
#15347=CARTESIAN_POINT('',(-17.7414709276148,-216.640772646975,32.9999999999997));
#15348=CARTESIAN_POINT('',(-9.11618414397509,-216.640772646975,32.9999999999997));
#15349=CARTESIAN_POINT('',(-17.7414709276148,-216.640772646975,29.9999999999997));
#15350=CARTESIAN_POINT('',(-17.7414709276148,-216.640772646975,29.9999999999997));
#15351=CARTESIAN_POINT('',(-20.7414709276148,-216.640772646975,29.9999999999997));
#15352=CARTESIAN_POINT('Origin',(-17.7414709276148,-213.640772646975,29.9999999999997));
#15353=CARTESIAN_POINT('',(-20.7414709276148,-213.640772646975,32.9999999999997));
#15354=CARTESIAN_POINT('Origin',(-17.7414709276148,-213.640772646975,32.9999999999997));
#15355=CARTESIAN_POINT('',(-20.7414709276148,-213.640772646975,29.9999999999997));
#15356=CARTESIAN_POINT('',(-20.7414709276148,-213.640772646975,29.9999999999997));
#15357=CARTESIAN_POINT('Origin',(-17.7414709276148,-213.640772646975,29.9999999999997));
#15358=CARTESIAN_POINT('Origin',(-24.8540103445966,-135.934328465629,29.9999999999997));
#15359=CARTESIAN_POINT('',(-27.8540103445966,-135.934328465629,32.9999999999997));
#15360=CARTESIAN_POINT('Origin',(-24.8540103445966,-135.934328465629,32.9999999999997));
#15361=CARTESIAN_POINT('',(-27.8540103445966,-135.934328465629,29.9999999999997));
#15362=CARTESIAN_POINT('',(-27.8540103445966,-135.934328465629,29.9999999999997));
#15363=CARTESIAN_POINT('Origin',(-24.8540103445966,-135.934328465629,29.9999999999997));
#15364=CARTESIAN_POINT('Origin',(-27.8540103445966,-132.926741969388,29.9999999999997));
#15365=CARTESIAN_POINT('',(-27.8540103445966,-135.926741969388,32.9999999999997));
#15366=CARTESIAN_POINT('',(-27.8540103445966,-136.460430692016,32.9999999999997));
#15367=CARTESIAN_POINT('',(-27.8540103445966,-135.926741969388,29.9999999999997));
#15368=CARTESIAN_POINT('',(-27.8540103445966,-135.926741969388,29.9999999999997));
#15369=CARTESIAN_POINT('',(-27.8540103445966,-132.926741969388,29.9999999999997));
#15370=CARTESIAN_POINT('Origin',(-30.8540103445966,-135.926741969388,29.9999999999997));
#15371=CARTESIAN_POINT('',(-30.8540103445966,-132.926741969388,32.9999999999997));
#15372=CARTESIAN_POINT('Origin',(-30.8540103445966,-135.926741969388,32.9999999999997));
#15373=CARTESIAN_POINT('',(-30.8540103445966,-132.926741969388,29.9999999999997));
#15374=CARTESIAN_POINT('',(-30.8540103445966,-132.926741969388,29.9999999999997));
#15375=CARTESIAN_POINT('Origin',(-30.8540103445966,-135.926741969388,29.9999999999997));
#15376=CARTESIAN_POINT('Origin',(-20.7414709276148,-138.934328465629,29.9999999999997));
#15377=CARTESIAN_POINT('',(-20.7414709276148,-141.934328465629,32.9999999999997));
#15378=CARTESIAN_POINT('',(-20.7414709276148,-139.464223940137,32.9999999999997));
#15379=CARTESIAN_POINT('',(-20.7414709276148,-141.934328465629,29.9999999999997));
#15380=CARTESIAN_POINT('',(-20.7414709276148,-141.934328465629,29.9999999999997));
#15381=CARTESIAN_POINT('',(-20.7414709276148,-138.934328465629,29.9999999999997));
#15382=CARTESIAN_POINT('Origin',(-23.7414709276148,-141.934328465629,29.9999999999997));
#15383=CARTESIAN_POINT('Origin',(-23.7414709276148,-141.934328465629,32.9999999999997));
#15384=CARTESIAN_POINT('Origin',(-23.7414709276148,-141.934328465629,29.9999999999997));
#15385=CARTESIAN_POINT('Origin',(-24.747273966303,-136.092157027275,29.9999999999997));
#15386=CARTESIAN_POINT('',(-24.747273966303,-133.092157027275,29.9999999999997));
#15387=CARTESIAN_POINT('',(-24.747273966303,-133.092157027275,33.9999999999997));
#15388=CARTESIAN_POINT('',(-24.747273966303,-133.092157027275,29.9999999999997));
#15389=CARTESIAN_POINT('',(-24.747273966303,-136.092157027275,29.9999999999997));
#15390=CARTESIAN_POINT('',(-24.747273966303,-136.092157027275,33.9999999999997));
#15391=CARTESIAN_POINT('Origin',(-21.747273966303,-133.092157027275,29.9999999999997));
#15392=CARTESIAN_POINT('Origin',(-21.747273966303,-133.092157027275,29.9999999999997));
#15393=CARTESIAN_POINT('Origin',(-21.747273966303,-133.092157027275,33.9999999999997));
#15394=CARTESIAN_POINT('Origin',(-76.2364667455834,-132.926741969388,29.9999999999997));
#15395=CARTESIAN_POINT('',(-73.2364667455834,-132.926741969388,32.9999999999997));
#15396=CARTESIAN_POINT('',(-36.8636820529594,-132.926741969388,32.9999999999997));
#15397=CARTESIAN_POINT('',(-73.2364667455834,-132.926741969388,29.9999999999997));
#15398=CARTESIAN_POINT('',(-73.2364667455834,-132.926741969388,29.9999999999997));
#15399=CARTESIAN_POINT('',(-76.2364667455834,-132.926741969388,29.9999999999997));
#15400=CARTESIAN_POINT('Origin',(-73.2364667455834,-129.926741969388,29.9999999999997));
#15401=CARTESIAN_POINT('Origin',(-73.2364667455834,-129.926741969388,32.9999999999997));
#15402=CARTESIAN_POINT('Origin',(-73.2364667455834,-129.926741969388,29.9999999999997));
#15403=CARTESIAN_POINT('Origin',(2.50910263966457,-139.994119414644,29.9999999999997));
#15404=CARTESIAN_POINT('',(-20.0034165790728,-63.3474661823125,29.9999999999997));
#15405=CARTESIAN_POINT('',(-23.0034165790728,-66.3474661823125,29.9999999999997));
#15406=CARTESIAN_POINT('Origin',(-20.0034165790728,-66.3474661823125,29.9999999999997));
#15407=CARTESIAN_POINT('',(78.2546720249126,-63.3474661823125,29.9999999999997));
#15408=CARTESIAN_POINT('',(81.2546720249126,-63.3474661823125,29.9999999999997));
#15409=CARTESIAN_POINT('',(81.2546720249126,-66.3474661823125,29.9999999999997));
#15410=CARTESIAN_POINT('Origin',(78.2546720249126,-66.3474661823125,29.9999999999997));
#15411=CARTESIAN_POINT('',(81.2546720249126,-131.762388441984,29.9999999999997));
#15412=CARTESIAN_POINT('',(81.2546720249126,-134.762388441984,29.9999999999997));
#15413=CARTESIAN_POINT('',(78.2546720249126,-134.762388441984,29.9999999999997));
#15414=CARTESIAN_POINT('Origin',(78.2546720249126,-131.762388441984,29.9999999999997));
#15415=CARTESIAN_POINT('',(75.6713754950483,-134.762388441984,29.9999999999997));
#15416=CARTESIAN_POINT('',(72.6713754950483,-134.762388441984,29.9999999999997));
#15417=CARTESIAN_POINT('',(72.6713754950483,-137.762388441984,29.9999999999997));
#15418=CARTESIAN_POINT('Origin',(75.6713754950483,-137.762388441984,29.9999999999997));
#15419=CARTESIAN_POINT('',(72.6713754950483,-183.01700350132,29.9999999999997));
#15420=CARTESIAN_POINT('',(72.6713754950483,-184.00831318706,29.9999999999997));
#15421=CARTESIAN_POINT('',(73.1056010567033,-183.841563556692,29.9999999999997));
#15422=CARTESIAN_POINT('Origin',(73.6713754950483,-183.01700350132,29.9999999999997));
#15423=CARTESIAN_POINT('',(73.5398266183583,-184.666123612064,29.9999999999997));
#15424=CARTESIAN_POINT('Origin',(72.5398266183583,-184.666123612064,29.9999999999997));
#15425=CARTESIAN_POINT('',(73.5398266183583,-197.008313380775,29.9999999999997));
#15426=CARTESIAN_POINT('',(-73.2364667455834,-69.6503591657737,29.9999999999997));
#15427=CARTESIAN_POINT('Origin',(-73.2364667455834,-72.6503591657737,29.9999999999997));
#15428=CARTESIAN_POINT('',(-26.0034165790728,-69.6503591657736,29.9999999999997));
#15429=CARTESIAN_POINT('',(-23.0034165790728,-69.6503591657736,29.9999999999997));
#15430=CARTESIAN_POINT('',(-23.0034165790728,-66.6503591657736,29.9999999999997));
#15431=CARTESIAN_POINT('Origin',(-26.0034165790728,-66.6503591657736,29.9999999999997));
#15432=CARTESIAN_POINT('',(-23.0034165790728,-63.3474661823125,29.9999999999997));
#15433=CARTESIAN_POINT('',(79.9534362114704,-132.46721530904,29.9999999999997));
#15434=CARTESIAN_POINT('Origin',(78.9534362114704,-132.46721530904,29.9999999999997));
#15435=CARTESIAN_POINT('',(79.7157549554817,-66.0133699231767,29.9999999999997));
#15436=CARTESIAN_POINT('Origin',(78.7157549554817,-66.0133699231767,29.9999999999997));
#15437=CARTESIAN_POINT('',(-73.1890116670605,-72.0000010728837,29.9999999999997));
#15438=CARTESIAN_POINT('Origin',(-74.0005116670605,-72.0000010728837,29.9999999999997));
#15439=CARTESIAN_POINT('',(-73.0535608154852,-130.510041705555,29.9999999999997));
#15440=CARTESIAN_POINT('Origin',(-73.8650608154852,-130.510041705555,29.9999999999997));
#15441=CARTESIAN_POINT('',(-24.6172196109131,-136.644221172559,29.9999999999997));
#15442=CARTESIAN_POINT('Origin',(-25.4287196109131,-136.644221172559,29.9999999999997));
#15443=CARTESIAN_POINT('',(-19.7103856163276,-65.6645126654369,29.9999999999997));
#15444=CARTESIAN_POINT('Origin',(-20.5218856163276,-65.6645126654369,29.9999999999997));
#15445=CARTESIAN_POINT('',(-17.4140568466701,-214.153946948207,29.9999999999997));
#15446=CARTESIAN_POINT('Origin',(-18.2255568466701,-214.153946948207,29.9999999999997));
#15447=CARTESIAN_POINT('',(70.6513135021302,-213.758728452968,29.9999999999997));
#15448=CARTESIAN_POINT('Origin',(69.8398135021302,-213.758728452968,29.9999999999997));
#15449=CARTESIAN_POINT('Origin',(-20.5218856163276,-65.6645126654369,33.9999999999997));
#15450=CARTESIAN_POINT('',(-19.7103856163276,-65.6645126654369,33.9999999999997));
#15451=CARTESIAN_POINT('Origin',(-20.5218856163276,-65.6645126654369,33.9999999999997));
#15452=CARTESIAN_POINT('',(-19.7103856163276,-65.6645126654369,33.9999999999997));
#15453=CARTESIAN_POINT('Origin',(-25.4287196109131,-136.644221172559,33.9999999999997));
#15454=CARTESIAN_POINT('',(-24.6172196109131,-136.644221172559,33.9999999999997));
#15455=CARTESIAN_POINT('Origin',(-25.4287196109131,-136.644221172559,33.9999999999997));
#15456=CARTESIAN_POINT('',(-24.6172196109131,-136.644221172559,33.9999999999997));
#15457=CARTESIAN_POINT('Origin',(-73.8650608154852,-130.510041705555,33.9999999999997));
#15458=CARTESIAN_POINT('',(-73.0535608154852,-130.510041705555,33.9999999999997));
#15459=CARTESIAN_POINT('Origin',(-73.8650608154852,-130.510041705555,33.9999999999997));
#15460=CARTESIAN_POINT('',(-73.0535608154852,-130.510041705555,33.9999999999997));
#15461=CARTESIAN_POINT('Origin',(-74.0005116670605,-72.0000010728837,33.9999999999997));
#15462=CARTESIAN_POINT('',(-73.1890116670605,-72.0000010728837,33.9999999999997));
#15463=CARTESIAN_POINT('Origin',(-74.0005116670605,-72.0000010728837,33.9999999999997));
#15464=CARTESIAN_POINT('',(-73.1890116670605,-72.0000010728837,33.9999999999997));
#15465=CARTESIAN_POINT('Origin',(78.7157549554817,-66.0133699231767,33.9999999999997));
#15466=CARTESIAN_POINT('',(79.7157549554817,-66.0133699231767,33.9999999999997));
#15467=CARTESIAN_POINT('Origin',(78.7157549554817,-66.0133699231767,33.9999999999997));
#15468=CARTESIAN_POINT('',(79.7157549554817,-66.0133699231767,33.9999999999997));
#15469=CARTESIAN_POINT('Origin',(78.9534362114704,-132.46721530904,33.9999999999997));
#15470=CARTESIAN_POINT('',(79.9534362114704,-132.46721530904,33.9999999999997));
#15471=CARTESIAN_POINT('Origin',(78.9534362114704,-132.46721530904,33.9999999999997));
#15472=CARTESIAN_POINT('',(79.9534362114704,-132.46721530904,33.9999999999997));
#15473=CARTESIAN_POINT('Origin',(-18.2255568466701,-214.153946948207,33.9999999999997));
#15474=CARTESIAN_POINT('',(-17.4140568466701,-214.153946948207,33.9999999999997));
#15475=CARTESIAN_POINT('Origin',(-18.2255568466701,-214.153946948207,33.9999999999997));
#15476=CARTESIAN_POINT('',(-17.4140568466701,-214.153946948207,33.9999999999997));
#15477=CARTESIAN_POINT('Origin',(69.8398135021302,-213.758728452968,33.9999999999997));
#15478=CARTESIAN_POINT('',(70.6513135021302,-213.758728452968,33.9999999999997));
#15479=CARTESIAN_POINT('Origin',(69.8398135021302,-213.758728452968,33.9999999999997));
#15480=CARTESIAN_POINT('',(70.6513135021302,-213.758728452968,33.9999999999997));
#15481=CARTESIAN_POINT('Origin',(2.50910263966457,-139.994119414644,33.9999999999997));
#15482=CARTESIAN_POINT('',(72.5398266183583,-196.264472632829,33.9999999999997));
#15483=CARTESIAN_POINT('',(71.5191220006631,-198.008313380775,33.9999999999997));
#15484=CARTESIAN_POINT('Origin',(73.5191220006631,-198.008313380775,33.9999999999997));
#15485=CARTESIAN_POINT('',(72.5398266183583,-184.666123612064,33.9999999999997));
#15486=CARTESIAN_POINT('',(72.5398266183583,-168.501216397709,33.9999999999997));
#15487=CARTESIAN_POINT('',(71.6713754950483,-183.01700350132,33.9999999999997));
#15488=CARTESIAN_POINT('Origin',(73.6713754950483,-183.01700350132,33.9999999999997));
#15489=CARTESIAN_POINT('',(71.6713754950483,-137.762388441984,33.9999999999997));
#15490=CARTESIAN_POINT('',(71.6713754950483,-162.001216300852,33.9999999999997));
#15491=CARTESIAN_POINT('',(75.6713754950483,-133.762388441984,33.9999999999997));
#15492=CARTESIAN_POINT('Origin',(75.6713754950483,-137.762388441984,33.9999999999997));
#15493=CARTESIAN_POINT('',(78.2546720249126,-133.762388441984,33.9999999999997));
#15494=CARTESIAN_POINT('',(37.5902390673564,-133.762388441984,33.9999999999997));
#15495=CARTESIAN_POINT('',(80.2546720249126,-131.762388441984,33.9999999999997));
#15496=CARTESIAN_POINT('Origin',(78.2546720249126,-131.762388441984,33.9999999999997));
#15497=CARTESIAN_POINT('',(80.2546720249126,-66.3474661823125,33.9999999999997));
#15498=CARTESIAN_POINT('',(80.2546720249126,-137.378253928314,33.9999999999997));
#15499=CARTESIAN_POINT('',(78.2546720249126,-64.3474661823125,33.9999999999997));
#15500=CARTESIAN_POINT('Origin',(78.2546720249126,-66.3474661823125,33.9999999999997));
#15501=CARTESIAN_POINT('',(-20.0034165790728,-64.3474661823125,33.9999999999997));
#15502=CARTESIAN_POINT('',(41.8818873322886,-64.3474661823125,33.9999999999997));
#15503=CARTESIAN_POINT('',(-22.0034165790728,-66.3474661823125,33.9999999999997));
#15504=CARTESIAN_POINT('Origin',(-20.0034165790728,-66.3474661823125,33.9999999999997));
#15505=CARTESIAN_POINT('',(-22.0034165790728,-66.6503591657736,33.9999999999997));
#15506=CARTESIAN_POINT('',(-22.0034165790728,-101.670792798478,33.9999999999997));
#15507=CARTESIAN_POINT('',(-26.0034165790728,-70.6503591657736,33.9999999999997));
#15508=CARTESIAN_POINT('Origin',(-26.0034165790728,-66.6503591657736,33.9999999999997));
#15509=CARTESIAN_POINT('',(-73.2364667455834,-70.6503591657737,33.9999999999997));
#15510=CARTESIAN_POINT('',(-10.2471569697041,-70.6503591657736,33.9999999999997));
#15511=CARTESIAN_POINT('',(-75.2364667455834,-72.6503591657737,33.9999999999997));
#15512=CARTESIAN_POINT('Origin',(-73.2364667455834,-72.6503591657737,33.9999999999997));
#15513=CARTESIAN_POINT('',(-75.2364667455834,-129.926741969388,33.9999999999997));
#15514=CARTESIAN_POINT('',(-75.2364667455834,-104.822239290209,33.9999999999997));
#15515=CARTESIAN_POINT('',(-73.2364667455834,-131.926741969388,33.9999999999997));
#15516=CARTESIAN_POINT('Origin',(-73.2364667455834,-129.926741969388,33.9999999999997));
#15517=CARTESIAN_POINT('',(-30.8540103445966,-131.926741969388,33.9999999999997));
#15518=CARTESIAN_POINT('',(-36.8636820529594,-131.926741969388,33.9999999999997));
#15519=CARTESIAN_POINT('',(-26.8540103445966,-135.926741969388,33.9999999999997));
#15520=CARTESIAN_POINT('Origin',(-30.8540103445966,-135.926741969388,33.9999999999997));
#15521=CARTESIAN_POINT('',(-26.8540103445966,-135.934328465629,33.9999999999997));
#15522=CARTESIAN_POINT('',(-26.8540103445966,-136.460430692016,33.9999999999997));
#15523=CARTESIAN_POINT('',(-24.8540103445966,-137.934328465629,33.9999999999997));
#15524=CARTESIAN_POINT('Origin',(-24.8540103445966,-135.934328465629,33.9999999999997));
#15525=CARTESIAN_POINT('',(-23.7414709276148,-137.934328465629,33.9999999999997));
#15526=CARTESIAN_POINT('',(-12.672453852466,-137.934328465629,33.9999999999997));
#15527=CARTESIAN_POINT('',(-19.7414709276148,-141.934328465629,33.9999999999997));
#15528=CARTESIAN_POINT('Origin',(-23.7414709276148,-141.934328465629,33.9999999999997));
#15529=CARTESIAN_POINT('',(-19.7414709276148,-213.640772646975,33.9999999999997));
#15530=CARTESIAN_POINT('',(-19.7414709276148,-139.464223940137,33.9999999999997));
#15531=CARTESIAN_POINT('',(-17.7414709276148,-215.640772646975,33.9999999999997));
#15532=CARTESIAN_POINT('Origin',(-17.7414709276148,-213.640772646975,33.9999999999997));
#15533=CARTESIAN_POINT('',(69.519122000663,-215.640772646975,33.9999999999997));
#15534=CARTESIAN_POINT('',(-9.11618414397509,-215.640772646975,33.9999999999997));
#15535=CARTESIAN_POINT('',(71.519122000663,-213.640772646975,33.9999999999997));
#15536=CARTESIAN_POINT('Origin',(69.519122000663,-213.640772646975,33.9999999999997));
#15537=CARTESIAN_POINT('',(71.519122000663,-178.317446030809,33.9999999999997));
#15538=CARTESIAN_POINT('Origin',(73.5398266183583,-197.008313380775,29.9999999999997));
#15539=CARTESIAN_POINT('',(73.5398266183583,-184.666123612064,32.9999999999997));
#15540=CARTESIAN_POINT('',(73.5398266183583,-168.501216397709,32.9999999999997));
#15541=CARTESIAN_POINT('',(73.5398266183583,-184.666123612064,29.9999999999997));
#15542=CARTESIAN_POINT('Origin',(72.5398266183583,-184.666123612064,29.9999999999997));
#15543=CARTESIAN_POINT('',(73.1056010567033,-183.841563556692,32.9999999999997));
#15544=CARTESIAN_POINT('Origin',(72.5398266183583,-184.666123612064,32.9999999999997));
#15545=CARTESIAN_POINT('',(73.1056010567033,-183.841563556692,29.9999999999997));
#15546=CARTESIAN_POINT('Origin',(73.6713754950483,-183.01700350132,29.9999999999997));
#15547=CARTESIAN_POINT('',(72.6713754950483,-183.01700350132,32.9999999999997));
#15548=CARTESIAN_POINT('Origin',(73.6713754950483,-183.01700350132,32.9999999999997));
#15549=CARTESIAN_POINT('',(72.6713754950483,-183.01700350132,29.9999999999997));
#15550=CARTESIAN_POINT('Origin',(72.6713754950483,-184.00831318706,29.9999999999997));
#15551=CARTESIAN_POINT('',(72.6713754950483,-137.762388441984,32.9999999999997));
#15552=CARTESIAN_POINT('',(72.6713754950483,-162.001216300852,32.9999999999997));
#15553=CARTESIAN_POINT('',(72.6713754950483,-137.762388441984,29.9999999999997));
#15554=CARTESIAN_POINT('Origin',(75.6713754950483,-137.762388441984,29.9999999999997));
#15555=CARTESIAN_POINT('',(75.6713754950483,-134.762388441984,32.9999999999997));
#15556=CARTESIAN_POINT('Origin',(75.6713754950483,-137.762388441984,32.9999999999997));
#15557=CARTESIAN_POINT('',(75.6713754950483,-134.762388441984,29.9999999999997));
#15558=CARTESIAN_POINT('Origin',(72.6713754950483,-134.762388441984,29.9999999999997));
#15559=CARTESIAN_POINT('',(78.2546720249126,-134.762388441984,32.9999999999997));
#15560=CARTESIAN_POINT('',(37.5902390673564,-134.762388441984,32.9999999999997));
#15561=CARTESIAN_POINT('',(78.2546720249126,-134.762388441984,29.9999999999997));
#15562=CARTESIAN_POINT('Origin',(78.2546720249126,-131.762388441984,29.9999999999997));
#15563=CARTESIAN_POINT('',(81.2546720249126,-131.762388441984,32.9999999999997));
#15564=CARTESIAN_POINT('Origin',(78.2546720249126,-131.762388441984,32.9999999999997));
#15565=CARTESIAN_POINT('',(81.2546720249126,-131.762388441984,29.9999999999997));
#15566=CARTESIAN_POINT('Origin',(81.2546720249126,-134.762388441984,29.9999999999997));
#15567=CARTESIAN_POINT('',(81.2546720249126,-66.3474661823125,32.9999999999997));
#15568=CARTESIAN_POINT('',(81.2546720249126,-137.378253928314,32.9999999999997));
#15569=CARTESIAN_POINT('',(81.2546720249126,-66.3474661823125,29.9999999999997));
#15570=CARTESIAN_POINT('Origin',(78.2546720249126,-66.3474661823125,29.9999999999997));
#15571=CARTESIAN_POINT('',(78.2546720249126,-63.3474661823125,32.9999999999997));
#15572=CARTESIAN_POINT('Origin',(78.2546720249126,-66.3474661823125,32.9999999999997));
#15573=CARTESIAN_POINT('',(78.2546720249126,-63.3474661823125,29.9999999999997));
#15574=CARTESIAN_POINT('Origin',(81.2546720249126,-63.3474661823125,29.9999999999997));
#15575=CARTESIAN_POINT('',(-20.0034165790728,-63.3474661823125,32.9999999999997));
#15576=CARTESIAN_POINT('',(41.8818873322886,-63.3474661823125,32.9999999999997));
#15577=CARTESIAN_POINT('',(-20.0034165790728,-63.3474661823125,29.9999999999997));
#15578=CARTESIAN_POINT('Origin',(-20.0034165790728,-66.3474661823125,29.9999999999997));
#15579=CARTESIAN_POINT('',(-23.0034165790728,-66.3474661823125,32.9999999999997));
#15580=CARTESIAN_POINT('Origin',(-20.0034165790728,-66.3474661823125,32.9999999999997));
#15581=CARTESIAN_POINT('',(-23.0034165790728,-66.3474661823125,29.9999999999997));
#15582=CARTESIAN_POINT('Origin',(-23.0034165790728,-63.3474661823125,29.9999999999997));
#15583=CARTESIAN_POINT('',(-23.0034165790728,-66.6503591657736,32.9999999999997));
#15584=CARTESIAN_POINT('',(-23.0034165790728,-101.670792798478,32.9999999999997));
#15585=CARTESIAN_POINT('',(-23.0034165790728,-66.6503591657736,29.9999999999997));
#15586=CARTESIAN_POINT('Origin',(-26.0034165790728,-66.6503591657736,29.9999999999997));
#15587=CARTESIAN_POINT('',(-26.0034165790728,-69.6503591657736,32.9999999999997));
#15588=CARTESIAN_POINT('Origin',(-26.0034165790728,-66.6503591657736,32.9999999999997));
#15589=CARTESIAN_POINT('',(-26.0034165790728,-69.6503591657736,29.9999999999997));
#15590=CARTESIAN_POINT('Origin',(-23.0034165790728,-69.6503591657736,29.9999999999997));
#15591=CARTESIAN_POINT('',(-73.2364667455834,-69.6503591657737,32.9999999999997));
#15592=CARTESIAN_POINT('',(-10.2471569697041,-69.6503591657736,32.9999999999997));
#15593=CARTESIAN_POINT('',(-73.2364667455834,-69.6503591657737,29.9999999999997));
#15594=CARTESIAN_POINT('Origin',(-73.2364667455834,-72.6503591657737,29.9999999999997));
#15595=CARTESIAN_POINT('Origin',(-73.2364667455834,-72.6503591657737,32.9999999999997));
#15596=CARTESIAN_POINT('Origin',(72.5398266183583,-196.264472632829,32.9999999999997));
#15597=CARTESIAN_POINT('Origin',(72.5398266183583,-196.264472632829,32.9999999999997));
#15598=CARTESIAN_POINT('Origin',(72.5398266183583,-196.264472632829,32.9999999999997));
#15599=CARTESIAN_POINT('Origin',(72.5398266183583,-184.666123612064,32.9999999999997));
#15600=CARTESIAN_POINT('Origin',(72.5398266183583,-184.666123612064,32.9999999999997));
#15601=CARTESIAN_POINT('Origin',(72.5398266183583,-184.666123612064,32.9999999999997));
#15602=CARTESIAN_POINT('Origin',(72.5398266183583,-168.501216397709,32.9999999999997));
#15603=CARTESIAN_POINT('Origin',(41.8818873322886,-64.3474661823125,32.9999999999997));
#15604=CARTESIAN_POINT('Origin',(-20.0034165790728,-64.3474661823125,32.9999999999997));
#15605=CARTESIAN_POINT('Origin',(78.2546720249126,-64.3474661823125,32.9999999999997));
#15606=CARTESIAN_POINT('Origin',(-20.0034165790728,-66.3474661823125,32.9999999999997));
#15607=CARTESIAN_POINT('Origin',(-22.0034165790728,-66.3474661823125,32.9999999999997));
#15608=CARTESIAN_POINT('Origin',(-22.0034165790728,-101.670792798478,32.9999999999997));
#15609=CARTESIAN_POINT('Origin',(-22.0034165790728,-66.6503591657736,32.9999999999997));
#15610=CARTESIAN_POINT('Origin',(-26.0034165790728,-66.6503591657736,32.9999999999997));
#15611=CARTESIAN_POINT('Origin',(-26.0034165790728,-70.6503591657736,32.9999999999997));
#15612=CARTESIAN_POINT('Origin',(-10.2471569697041,-70.6503591657736,32.9999999999997));
#15613=CARTESIAN_POINT('Origin',(-73.2364667455834,-70.6503591657737,32.9999999999997));
#15614=CARTESIAN_POINT('Origin',(-73.2364667455834,-72.6503591657737,32.9999999999997));
#15615=CARTESIAN_POINT('Origin',(-75.2364667455834,-72.6503591657737,32.9999999999997));
#15616=CARTESIAN_POINT('Origin',(-75.2364667455834,-104.822239290209,32.9999999999997));
#15617=CARTESIAN_POINT('Origin',(-75.2364667455834,-129.926741969388,32.9999999999997));
#15618=CARTESIAN_POINT('Origin',(-73.2364667455834,-129.926741969388,32.9999999999997));
#15619=CARTESIAN_POINT('Origin',(-73.2364667455834,-131.926741969388,32.9999999999997));
#15620=CARTESIAN_POINT('Origin',(-36.8636820529594,-131.926741969388,32.9999999999997));
#15621=CARTESIAN_POINT('Origin',(-30.8540103445966,-131.926741969388,32.9999999999997));
#15622=CARTESIAN_POINT('Origin',(-30.8540103445966,-135.926741969388,32.9999999999997));
#15623=CARTESIAN_POINT('Origin',(-26.8540103445966,-135.926741969388,32.9999999999997));
#15624=CARTESIAN_POINT('Origin',(-26.8540103445966,-136.460430692016,32.9999999999997));
#15625=CARTESIAN_POINT('Origin',(-26.8540103445966,-135.934328465629,32.9999999999997));
#15626=CARTESIAN_POINT('Origin',(-24.8540103445966,-135.934328465629,32.9999999999997));
#15627=CARTESIAN_POINT('Origin',(-24.8540103445966,-137.934328465629,32.9999999999997));
#15628=CARTESIAN_POINT('Origin',(-12.672453852466,-137.934328465629,32.9999999999997));
#15629=CARTESIAN_POINT('Origin',(-23.7414709276148,-137.934328465629,32.9999999999997));
#15630=CARTESIAN_POINT('Origin',(-23.7414709276148,-141.934328465629,32.9999999999997));
#15631=CARTESIAN_POINT('Origin',(-19.7414709276148,-141.934328465629,32.9999999999997));
#15632=CARTESIAN_POINT('Origin',(-19.7414709276148,-139.464223940137,32.9999999999997));
#15633=CARTESIAN_POINT('Origin',(-19.7414709276148,-213.640772646975,32.9999999999997));
#15634=CARTESIAN_POINT('Origin',(-17.7414709276148,-213.640772646975,32.9999999999997));
#15635=CARTESIAN_POINT('Origin',(-17.7414709276148,-215.640772646975,32.9999999999997));
#15636=CARTESIAN_POINT('Origin',(-9.11618414397509,-215.640772646975,32.9999999999997));
#15637=CARTESIAN_POINT('Origin',(69.519122000663,-215.640772646975,32.9999999999997));
#15638=CARTESIAN_POINT('Origin',(69.519122000663,-213.640772646975,32.9999999999997));
#15639=CARTESIAN_POINT('Origin',(71.519122000663,-213.640772646975,32.9999999999997));
#15640=CARTESIAN_POINT('Origin',(71.519122000663,-178.317446030809,32.9999999999997));
#15641=CARTESIAN_POINT('Origin',(71.5191220006631,-198.008313380775,32.9999999999997));
#15642=CARTESIAN_POINT('Origin',(73.5191220006631,-198.008313380775,32.9999999999997));
#15643=CARTESIAN_POINT('Origin',(73.6713754950483,-183.01700350132,32.9999999999997));
#15644=CARTESIAN_POINT('Origin',(71.6713754950483,-183.01700350132,32.9999999999997));
#15645=CARTESIAN_POINT('Origin',(71.6713754950483,-162.001216300852,32.9999999999997));
#15646=CARTESIAN_POINT('Origin',(71.6713754950483,-137.762388441984,32.9999999999997));
#15647=CARTESIAN_POINT('Origin',(75.6713754950483,-137.762388441984,32.9999999999997));
#15648=CARTESIAN_POINT('Origin',(75.6713754950483,-133.762388441984,32.9999999999997));
#15649=CARTESIAN_POINT('Origin',(37.5902390673564,-133.762388441984,32.9999999999997));
#15650=CARTESIAN_POINT('Origin',(78.2546720249126,-133.762388441984,32.9999999999997));
#15651=CARTESIAN_POINT('Origin',(78.2546720249126,-131.762388441984,32.9999999999997));
#15652=CARTESIAN_POINT('Origin',(80.2546720249126,-131.762388441984,32.9999999999997));
#15653=CARTESIAN_POINT('Origin',(80.2546720249126,-137.378253928314,32.9999999999997));
#15654=CARTESIAN_POINT('Origin',(80.2546720249126,-66.3474661823125,32.9999999999997));
#15655=CARTESIAN_POINT('Origin',(78.2546720249126,-66.3474661823125,32.9999999999997));
#15656=CARTESIAN_POINT('',(0.,0.,70.));
#15657=CARTESIAN_POINT('Origin',(0.,0.,0.));
#15658=UNCERTAINTY_MEASURE_WITH_UNIT(LENGTH_MEASURE(0.01),#15664,
'DISTANCE_ACCURACY_VALUE',
'Maximum model space distance between geometric entities at asserted c
onnectivities');
#15659=UNCERTAINTY_MEASURE_WITH_UNIT(LENGTH_MEASURE(0.01),#15664,
'DISTANCE_ACCURACY_VALUE',
'Maximum model space distance between geometric entities at asserted c
onnectivities');
#15660=UNCERTAINTY_MEASURE_WITH_UNIT(LENGTH_MEASURE(0.01),#15664,
'DISTANCE_ACCURACY_VALUE',
'Maximum model space distance between geometric entities at asserted c
onnectivities');
#15661=(
GEOMETRIC_REPRESENTATION_CONTEXT(3)
GLOBAL_UNCERTAINTY_ASSIGNED_CONTEXT((#15658))
GLOBAL_UNIT_ASSIGNED_CONTEXT((#15664,#15666,#15667))
REPRESENTATION_CONTEXT('','3D')
);
#15662=(
GEOMETRIC_REPRESENTATION_CONTEXT(3)
GLOBAL_UNCERTAINTY_ASSIGNED_CONTEXT((#15659))
GLOBAL_UNIT_ASSIGNED_CONTEXT((#15664,#15666,#15667))
REPRESENTATION_CONTEXT('','3D')
);
#15663=(
GEOMETRIC_REPRESENTATION_CONTEXT(3)
GLOBAL_UNCERTAINTY_ASSIGNED_CONTEXT((#15660))
GLOBAL_UNIT_ASSIGNED_CONTEXT((#15664,#15666,#15667))
REPRESENTATION_CONTEXT('','3D')
);
#15664=(
LENGTH_UNIT()
NAMED_UNIT(*)
SI_UNIT(.MILLI.,.METRE.)
);
#15665=(
LENGTH_UNIT()
NAMED_UNIT(*)
SI_UNIT($,.METRE.)
);
#15666=(
NAMED_UNIT(*)
PLANE_ANGLE_UNIT()
SI_UNIT($,.RADIAN.)
);
#15667=(
NAMED_UNIT(*)
SI_UNIT($,.STERADIAN.)
SOLID_ANGLE_UNIT()
);
#15668=SHAPE_DEFINITION_REPRESENTATION(#15670,#15673);
#15669=SHAPE_DEFINITION_REPRESENTATION(#15671,#15674);
#15670=PRODUCT_DEFINITION_SHAPE('',$,#15676);
#15671=PRODUCT_DEFINITION_SHAPE('',$,#15677);
#15672=PRODUCT_DEFINITION_SHAPE($,$,#17);
#15673=SHAPE_REPRESENTATION('',(#8675,#9441),#15661);
#15674=SHAPE_REPRESENTATION('',(#8676),#15662);
#15675=PRODUCT_DEFINITION_CONTEXT('part definition',#15683,'design');
#15676=PRODUCT_DEFINITION('PCB','PCB',#15678,#15675);
#15677=PRODUCT_DEFINITION('Flipper black ki cad_PCB',
'Flipper black ki cad_PCB',#15679,#15675);
#15678=PRODUCT_DEFINITION_FORMATION('',$,#15685);
#15679=PRODUCT_DEFINITION_FORMATION('',$,#15686);
#15680=PRODUCT_RELATED_PRODUCT_CATEGORY('PCB','PCB',(#15685));
#15681=PRODUCT_RELATED_PRODUCT_CATEGORY('Flipper black ki cad_PCB',
'Flipper black ki cad_PCB',(#15686));
#15682=APPLICATION_PROTOCOL_DEFINITION('international standard',
'automotive_design',2009,#15683);
#15683=APPLICATION_CONTEXT(
'Core Data for Automotive Mechanical Design Process');
#15684=PRODUCT_CONTEXT('part definition',#15683,'mechanical');
#15685=PRODUCT('PCB','PCB',$,(#15684));
#15686=PRODUCT('Flipper black ki cad_PCB','Flipper black ki cad_PCB',$,
(#15684));
#15687=PRESENTATION_STYLE_ASSIGNMENT((#15696));
#15688=PRESENTATION_STYLE_ASSIGNMENT((#15697));
#15689=PRESENTATION_STYLE_ASSIGNMENT((#15698));
#15690=PRESENTATION_STYLE_ASSIGNMENT((#15699));
#15691=PRESENTATION_STYLE_ASSIGNMENT((#15700));
#15692=PRESENTATION_STYLE_ASSIGNMENT((#15701));
#15693=PRESENTATION_STYLE_ASSIGNMENT((#15702));
#15694=PRESENTATION_STYLE_ASSIGNMENT((#15703));
#15695=PRESENTATION_STYLE_ASSIGNMENT((NULL_STYLE(.NULL.)));
#15696=SURFACE_STYLE_USAGE(.BOTH.,#15704);
#15697=SURFACE_STYLE_USAGE(.BOTH.,#15705);
#15698=SURFACE_STYLE_USAGE(.BOTH.,#15706);
#15699=SURFACE_STYLE_USAGE(.BOTH.,#15707);
#15700=SURFACE_STYLE_USAGE(.BOTH.,#15708);
#15701=SURFACE_STYLE_USAGE(.BOTH.,#15709);
#15702=SURFACE_STYLE_USAGE(.BOTH.,#15710);
#15703=SURFACE_STYLE_USAGE(.BOTH.,#15711);
#15704=SURFACE_SIDE_STYLE('',(#15712));
#15705=SURFACE_SIDE_STYLE('',(#15713));
#15706=SURFACE_SIDE_STYLE('',(#15714));
#15707=SURFACE_SIDE_STYLE('',(#15715));
#15708=SURFACE_SIDE_STYLE('',(#15716));
#15709=SURFACE_SIDE_STYLE('',(#15717));
#15710=SURFACE_SIDE_STYLE('',(#15718));
#15711=SURFACE_SIDE_STYLE('',(#15719));
#15712=SURFACE_STYLE_FILL_AREA(#15720);
#15713=SURFACE_STYLE_FILL_AREA(#15721);
#15714=SURFACE_STYLE_FILL_AREA(#15722);
#15715=SURFACE_STYLE_FILL_AREA(#15723);
#15716=SURFACE_STYLE_FILL_AREA(#15724);
#15717=SURFACE_STYLE_FILL_AREA(#15725);
#15718=SURFACE_STYLE_FILL_AREA(#15726);
#15719=SURFACE_STYLE_FILL_AREA(#15727);
#15720=FILL_AREA_STYLE('Paint - Metallic (Black)',(#15728));
#15721=FILL_AREA_STYLE('Opaque(248,247,237)',(#15729));
#15722=FILL_AREA_STYLE('Opaque(80,124,105)',(#15730));
#15723=FILL_AREA_STYLE('Opaque(40,40,40)',(#15731));
#15724=FILL_AREA_STYLE('Opaque(192,192,192)',(#15732));
#15725=FILL_AREA_STYLE('Opaque(204,204,204)',(#15733));
#15726=FILL_AREA_STYLE('Opaque(212,171,33)',(#15734));
#15727=FILL_AREA_STYLE('Coating - Black Oxide',(#15735));
#15728=FILL_AREA_STYLE_COLOUR('Paint - Metallic (Black)',#15736);
#15729=FILL_AREA_STYLE_COLOUR('Opaque(248,247,237)',#15737);
#15730=FILL_AREA_STYLE_COLOUR('Opaque(80,124,105)',#15738);
#15731=FILL_AREA_STYLE_COLOUR('Opaque(40,40,40)',#15739);
#15732=FILL_AREA_STYLE_COLOUR('Opaque(192,192,192)',#15740);
#15733=FILL_AREA_STYLE_COLOUR('Opaque(204,204,204)',#15741);
#15734=FILL_AREA_STYLE_COLOUR('Opaque(212,171,33)',#15742);
#15735=FILL_AREA_STYLE_COLOUR('Coating - Black Oxide',#15743);
#15736=COLOUR_RGB('Paint - Metallic (Black)',0.0980392156862745,0.0980392156862745,
0.0980392156862745);
#15737=COLOUR_RGB('Opaque(248,247,237)',0.972549019607843,0.968627450980392,
0.929411764705882);
#15738=COLOUR_RGB('Opaque(80,124,105)',0.313725490196078,0.486274509803922,
0.411764705882353);
#15739=COLOUR_RGB('Opaque(40,40,40)',0.156862745098039,0.156862745098039,
0.156862745098039);
#15740=COLOUR_RGB('Opaque(192,192,192)',0.752941176470588,0.752941176470588,
0.752941176470588);
#15741=COLOUR_RGB('Opaque(204,204,204)',0.8,0.8,0.8);
#15742=COLOUR_RGB('Opaque(212,171,33)',0.831372549019608,0.670588235294118,
0.129411764705882);
#15743=COLOUR_RGB('Coating - Black Oxide',0.450980392156863,0.450980392156863,
0.450980392156863);
ENDSEC;
END-ISO-10303-21;
