ISO-10303-21;
HEADER;
/* Generated by software containing ST-Developer
 * from STEP Tools, Inc. (www.steptools.com) 
 */

FILE_DESCRIPTION(
/* description */ ('KiCad electronic assembly'),
/* implementation_level */ '2;1');

FILE_NAME(
/* name */ 'lower body.step',
/* time_stamp */ '2026-05-30T09:59:36+05:00',
/* author */ (''),
/* organization */ (''),
/* preprocessor_version */ 'ST-DEVELOPER v20.1',
/* originating_system */ 'Autodesk Translation Framework v15.8.0.0',
/* authorisation */ '');

FILE_SCHEMA (('AUTOMOTIVE_DESIGN { 1 0 10303 214 3 1 1 }'));
ENDSEC;

DATA;
#10=MECHANICAL_DESIGN_GEOMETRIC_PRESENTATION_REPRESENTATION('',(#20,#21),
#4190);
#11=CONTEXT_DEPENDENT_OVER_RIDING_STYLED_ITEM('',(#4221),#4201,#21,(#15));
#12=MAPPED_ITEM('',#13,#2700);
#13=REPRESENTATION_MAP(#2700,#4200);
#14=ITEM_DEFINED_TRANSFORMATION($,$,#2396,#2699);
#15=(
REPRESENTATION_RELATIONSHIP($,$,#4201,#4200)
REPRESENTATION_RELATIONSHIP_WITH_TRANSFORMATION(#14)
SHAPE_REPRESENTATION_RELATIONSHIP()
);
#16=CONTEXT_DEPENDENT_SHAPE_REPRESENTATION(#15,#4199);
#17=NEXT_ASSEMBLY_USAGE_OCCURRENCE('Flipper black ki cad_PCB:1',
'Flipper black ki cad_PCB:1','Flipper black ki cad_PCB:1',#4203,#4204,
'Flipper black ki cad_PCB:1');
#18=SHAPE_REPRESENTATION_RELATIONSHIP('SRR','None',#4201,#19);
#19=ADVANCED_BREP_SHAPE_REPRESENTATION('',(#22),#4189);
#20=STYLED_ITEM('',(#4214),#22);
#21=STYLED_ITEM('',(#4222),#12);
#22=MANIFOLD_SOLID_BREP('Body1',#2382);
#23=SPHERICAL_SURFACE('',#2539,1.);
#24=SPHERICAL_SURFACE('',#2541,1.);
#25=TOROIDAL_SURFACE('',#2453,2.,1.);
#26=TOROIDAL_SURFACE('',#2460,2.,1.);
#27=TOROIDAL_SURFACE('',#2466,2.,1.);
#28=TOROIDAL_SURFACE('',#2472,4.,1.);
#29=TOROIDAL_SURFACE('',#2478,2.,1.);
#30=TOROIDAL_SURFACE('',#2484,2.,1.);
#31=TOROIDAL_SURFACE('',#2490,4.,1.);
#32=TOROIDAL_SURFACE('',#2496,2.,1.);
#33=TOROIDAL_SURFACE('',#2502,4.,1.);
#34=TOROIDAL_SURFACE('',#2508,2.,1.);
#35=TOROIDAL_SURFACE('',#2514,2.,1.);
#36=TOROIDAL_SURFACE('',#2520,2.,1.);
#37=TOROIDAL_SURFACE('',#2524,2.00000000000001,1.);
#38=TOROIDAL_SURFACE('',#2531,4.,1.);
#39=B_SPLINE_CURVE_WITH_KNOTS('',3,(#3632,#3633,#3634,#3635),
 .UNSPECIFIED.,.F.,.F.,(4,4),(0.377671334205401,0.396824836893378),
 .UNSPECIFIED.);
#40=B_SPLINE_CURVE_WITH_KNOTS('',3,(#3638,#3639,#3640,#3641),
 .UNSPECIFIED.,.F.,.F.,(4,4),(0.396824836893378,0.415978339581355),
 .UNSPECIFIED.);
#41=FACE_BOUND('',#277,.T.);
#42=FACE_BOUND('',#278,.T.);
#43=FACE_BOUND('',#279,.T.);
#44=FACE_BOUND('',#280,.T.);
#45=FACE_BOUND('',#282,.T.);
#46=FACE_BOUND('',#283,.T.);
#47=FACE_BOUND('',#284,.T.);
#48=FACE_BOUND('',#285,.T.);
#49=FACE_BOUND('',#349,.T.);
#50=FACE_BOUND('',#369,.T.);
#51=FACE_BOUND('',#370,.T.);
#52=FACE_BOUND('',#371,.T.);
#53=FACE_BOUND('',#372,.T.);
#54=FACE_BOUND('',#373,.T.);
#55=FACE_BOUND('',#374,.T.);
#56=FACE_BOUND('',#375,.T.);
#57=FACE_BOUND('',#376,.T.);
#58=FACE_BOUND('',#377,.T.);
#59=FACE_BOUND('',#390,.T.);
#60=FACE_BOUND('',#393,.T.);
#61=FACE_BOUND('',#396,.T.);
#62=FACE_BOUND('',#399,.T.);
#63=FACE_BOUND('',#406,.T.);
#64=FACE_BOUND('',#407,.T.);
#65=FACE_BOUND('',#408,.T.);
#66=FACE_BOUND('',#409,.T.);
#67=FACE_BOUND('',#410,.T.);
#68=FACE_BOUND('',#411,.T.);
#69=FACE_BOUND('',#412,.T.);
#70=FACE_BOUND('',#414,.T.);
#71=FACE_BOUND('',#415,.T.);
#72=FACE_BOUND('',#416,.T.);
#73=FACE_BOUND('',#417,.T.);
#74=PLANE('',#2400);
#75=PLANE('',#2402);
#76=PLANE('',#2405);
#77=PLANE('',#2406);
#78=PLANE('',#2407);
#79=PLANE('',#2412);
#80=PLANE('',#2420);
#81=PLANE('',#2424);
#82=PLANE('',#2427);
#83=PLANE('',#2430);
#84=PLANE('',#2433);
#85=PLANE('',#2545);
#86=PLANE('',#2548);
#87=PLANE('',#2551);
#88=PLANE('',#2554);
#89=PLANE('',#2557);
#90=PLANE('',#2560);
#91=PLANE('',#2565);
#92=PLANE('',#2566);
#93=PLANE('',#2570);
#94=PLANE('',#2574);
#95=PLANE('',#2578);
#96=PLANE('',#2582);
#97=PLANE('',#2586);
#98=PLANE('',#2590);
#99=PLANE('',#2594);
#100=PLANE('',#2598);
#101=PLANE('',#2601);
#102=PLANE('',#2621);
#103=PLANE('',#2625);
#104=PLANE('',#2629);
#105=PLANE('',#2633);
#106=PLANE('',#2637);
#107=PLANE('',#2641);
#108=PLANE('',#2645);
#109=PLANE('',#2649);
#110=PLANE('',#2653);
#111=PLANE('',#2656);
#112=PLANE('',#2659);
#113=PLANE('',#2662);
#114=PLANE('',#2663);
#115=PLANE('',#2673);
#116=PLANE('',#2674);
#117=PLANE('',#2676);
#118=PLANE('',#2678);
#119=PLANE('',#2682);
#120=PLANE('',#2685);
#121=PLANE('',#2688);
#122=PLANE('',#2690);
#123=PLANE('',#2693);
#124=PLANE('',#2695);
#125=PLANE('',#2696);
#126=PLANE('',#2697);
#127=PLANE('',#2698);
#128=FACE_OUTER_BOUND('',#270,.T.);
#129=FACE_OUTER_BOUND('',#271,.T.);
#130=FACE_OUTER_BOUND('',#272,.T.);
#131=FACE_OUTER_BOUND('',#273,.T.);
#132=FACE_OUTER_BOUND('',#274,.T.);
#133=FACE_OUTER_BOUND('',#275,.T.);
#134=FACE_OUTER_BOUND('',#276,.T.);
#135=FACE_OUTER_BOUND('',#281,.T.);
#136=FACE_OUTER_BOUND('',#286,.T.);
#137=FACE_OUTER_BOUND('',#287,.T.);
#138=FACE_OUTER_BOUND('',#288,.T.);
#139=FACE_OUTER_BOUND('',#289,.T.);
#140=FACE_OUTER_BOUND('',#290,.T.);
#141=FACE_OUTER_BOUND('',#291,.T.);
#142=FACE_OUTER_BOUND('',#292,.T.);
#143=FACE_OUTER_BOUND('',#293,.T.);
#144=FACE_OUTER_BOUND('',#294,.T.);
#145=FACE_OUTER_BOUND('',#295,.T.);
#146=FACE_OUTER_BOUND('',#296,.T.);
#147=FACE_OUTER_BOUND('',#297,.T.);
#148=FACE_OUTER_BOUND('',#298,.T.);
#149=FACE_OUTER_BOUND('',#299,.T.);
#150=FACE_OUTER_BOUND('',#300,.T.);
#151=FACE_OUTER_BOUND('',#301,.T.);
#152=FACE_OUTER_BOUND('',#302,.T.);
#153=FACE_OUTER_BOUND('',#303,.T.);
#154=FACE_OUTER_BOUND('',#304,.T.);
#155=FACE_OUTER_BOUND('',#305,.T.);
#156=FACE_OUTER_BOUND('',#306,.T.);
#157=FACE_OUTER_BOUND('',#307,.T.);
#158=FACE_OUTER_BOUND('',#308,.T.);
#159=FACE_OUTER_BOUND('',#309,.T.);
#160=FACE_OUTER_BOUND('',#310,.T.);
#161=FACE_OUTER_BOUND('',#311,.T.);
#162=FACE_OUTER_BOUND('',#312,.T.);
#163=FACE_OUTER_BOUND('',#313,.T.);
#164=FACE_OUTER_BOUND('',#314,.T.);
#165=FACE_OUTER_BOUND('',#315,.T.);
#166=FACE_OUTER_BOUND('',#316,.T.);
#167=FACE_OUTER_BOUND('',#317,.T.);
#168=FACE_OUTER_BOUND('',#318,.T.);
#169=FACE_OUTER_BOUND('',#319,.T.);
#170=FACE_OUTER_BOUND('',#320,.T.);
#171=FACE_OUTER_BOUND('',#321,.T.);
#172=FACE_OUTER_BOUND('',#322,.T.);
#173=FACE_OUTER_BOUND('',#323,.T.);
#174=FACE_OUTER_BOUND('',#324,.T.);
#175=FACE_OUTER_BOUND('',#325,.T.);
#176=FACE_OUTER_BOUND('',#326,.T.);
#177=FACE_OUTER_BOUND('',#327,.T.);
#178=FACE_OUTER_BOUND('',#328,.T.);
#179=FACE_OUTER_BOUND('',#329,.T.);
#180=FACE_OUTER_BOUND('',#330,.T.);
#181=FACE_OUTER_BOUND('',#331,.T.);
#182=FACE_OUTER_BOUND('',#332,.T.);
#183=FACE_OUTER_BOUND('',#333,.T.);
#184=FACE_OUTER_BOUND('',#334,.T.);
#185=FACE_OUTER_BOUND('',#335,.T.);
#186=FACE_OUTER_BOUND('',#336,.T.);
#187=FACE_OUTER_BOUND('',#337,.T.);
#188=FACE_OUTER_BOUND('',#338,.T.);
#189=FACE_OUTER_BOUND('',#339,.T.);
#190=FACE_OUTER_BOUND('',#340,.T.);
#191=FACE_OUTER_BOUND('',#341,.T.);
#192=FACE_OUTER_BOUND('',#342,.T.);
#193=FACE_OUTER_BOUND('',#343,.T.);
#194=FACE_OUTER_BOUND('',#344,.T.);
#195=FACE_OUTER_BOUND('',#345,.T.);
#196=FACE_OUTER_BOUND('',#346,.T.);
#197=FACE_OUTER_BOUND('',#347,.T.);
#198=FACE_OUTER_BOUND('',#348,.T.);
#199=FACE_OUTER_BOUND('',#350,.T.);
#200=FACE_OUTER_BOUND('',#351,.T.);
#201=FACE_OUTER_BOUND('',#352,.T.);
#202=FACE_OUTER_BOUND('',#353,.T.);
#203=FACE_OUTER_BOUND('',#354,.T.);
#204=FACE_OUTER_BOUND('',#355,.T.);
#205=FACE_OUTER_BOUND('',#356,.T.);
#206=FACE_OUTER_BOUND('',#357,.T.);
#207=FACE_OUTER_BOUND('',#358,.T.);
#208=FACE_OUTER_BOUND('',#359,.T.);
#209=FACE_OUTER_BOUND('',#360,.T.);
#210=FACE_OUTER_BOUND('',#361,.T.);
#211=FACE_OUTER_BOUND('',#362,.T.);
#212=FACE_OUTER_BOUND('',#363,.T.);
#213=FACE_OUTER_BOUND('',#364,.T.);
#214=FACE_OUTER_BOUND('',#365,.T.);
#215=FACE_OUTER_BOUND('',#366,.T.);
#216=FACE_OUTER_BOUND('',#367,.T.);
#217=FACE_OUTER_BOUND('',#368,.T.);
#218=FACE_OUTER_BOUND('',#378,.T.);
#219=FACE_OUTER_BOUND('',#379,.T.);
#220=FACE_OUTER_BOUND('',#380,.T.);
#221=FACE_OUTER_BOUND('',#381,.T.);
#222=FACE_OUTER_BOUND('',#382,.T.);
#223=FACE_OUTER_BOUND('',#383,.T.);
#224=FACE_OUTER_BOUND('',#384,.T.);
#225=FACE_OUTER_BOUND('',#385,.T.);
#226=FACE_OUTER_BOUND('',#386,.T.);
#227=FACE_OUTER_BOUND('',#387,.T.);
#228=FACE_OUTER_BOUND('',#388,.T.);
#229=FACE_OUTER_BOUND('',#389,.T.);
#230=FACE_OUTER_BOUND('',#391,.T.);
#231=FACE_OUTER_BOUND('',#392,.T.);
#232=FACE_OUTER_BOUND('',#394,.T.);
#233=FACE_OUTER_BOUND('',#395,.T.);
#234=FACE_OUTER_BOUND('',#397,.T.);
#235=FACE_OUTER_BOUND('',#398,.T.);
#236=FACE_OUTER_BOUND('',#400,.T.);
#237=FACE_OUTER_BOUND('',#401,.T.);
#238=FACE_OUTER_BOUND('',#402,.T.);
#239=FACE_OUTER_BOUND('',#403,.T.);
#240=FACE_OUTER_BOUND('',#404,.T.);
#241=FACE_OUTER_BOUND('',#405,.T.);
#242=FACE_OUTER_BOUND('',#413,.T.);
#243=FACE_OUTER_BOUND('',#418,.T.);
#244=FACE_OUTER_BOUND('',#419,.T.);
#245=FACE_OUTER_BOUND('',#420,.T.);
#246=FACE_OUTER_BOUND('',#421,.T.);
#247=FACE_OUTER_BOUND('',#422,.T.);
#248=FACE_OUTER_BOUND('',#423,.T.);
#249=FACE_OUTER_BOUND('',#424,.T.);
#250=FACE_OUTER_BOUND('',#425,.T.);
#251=FACE_OUTER_BOUND('',#426,.T.);
#252=FACE_OUTER_BOUND('',#427,.T.);
#253=FACE_OUTER_BOUND('',#428,.T.);
#254=FACE_OUTER_BOUND('',#429,.T.);
#255=FACE_OUTER_BOUND('',#430,.T.);
#256=FACE_OUTER_BOUND('',#431,.T.);
#257=FACE_OUTER_BOUND('',#432,.T.);
#258=FACE_OUTER_BOUND('',#433,.T.);
#259=FACE_OUTER_BOUND('',#434,.T.);
#260=FACE_OUTER_BOUND('',#435,.T.);
#261=FACE_OUTER_BOUND('',#436,.T.);
#262=FACE_OUTER_BOUND('',#437,.T.);
#263=FACE_OUTER_BOUND('',#438,.T.);
#264=FACE_OUTER_BOUND('',#439,.T.);
#265=FACE_OUTER_BOUND('',#440,.T.);
#266=FACE_OUTER_BOUND('',#441,.T.);
#267=FACE_OUTER_BOUND('',#442,.T.);
#268=FACE_OUTER_BOUND('',#443,.T.);
#269=FACE_OUTER_BOUND('',#444,.T.);
#270=EDGE_LOOP('',(#1498,#1499,#1500,#1501));
#271=EDGE_LOOP('',(#1502,#1503,#1504,#1505,#1506,#1507));
#272=EDGE_LOOP('',(#1508,#1509,#1510,#1511));
#273=EDGE_LOOP('',(#1512,#1513,#1514,#1515));
#274=EDGE_LOOP('',(#1516,#1517,#1518,#1519));
#275=EDGE_LOOP('',(#1520,#1521,#1522,#1523));
#276=EDGE_LOOP('',(#1524,#1525,#1526,#1527));
#277=EDGE_LOOP('',(#1528));
#278=EDGE_LOOP('',(#1529));
#279=EDGE_LOOP('',(#1530));
#280=EDGE_LOOP('',(#1531));
#281=EDGE_LOOP('',(#1532,#1533,#1534,#1535));
#282=EDGE_LOOP('',(#1536));
#283=EDGE_LOOP('',(#1537));
#284=EDGE_LOOP('',(#1538));
#285=EDGE_LOOP('',(#1539));
#286=EDGE_LOOP('',(#1540,#1541,#1542,#1543));
#287=EDGE_LOOP('',(#1544,#1545,#1546,#1547));
#288=EDGE_LOOP('',(#1548,#1549,#1550,#1551));
#289=EDGE_LOOP('',(#1552,#1553,#1554,#1555,#1556,#1557,#1558,#1559));
#290=EDGE_LOOP('',(#1560,#1561,#1562,#1563));
#291=EDGE_LOOP('',(#1564,#1565,#1566,#1567));
#292=EDGE_LOOP('',(#1568,#1569,#1570,#1571));
#293=EDGE_LOOP('',(#1572,#1573,#1574,#1575));
#294=EDGE_LOOP('',(#1576,#1577,#1578,#1579));
#295=EDGE_LOOP('',(#1580,#1581,#1582,#1583));
#296=EDGE_LOOP('',(#1584,#1585,#1586,#1587));
#297=EDGE_LOOP('',(#1588,#1589,#1590,#1591));
#298=EDGE_LOOP('',(#1592,#1593,#1594,#1595));
#299=EDGE_LOOP('',(#1596,#1597,#1598,#1599));
#300=EDGE_LOOP('',(#1600,#1601,#1602,#1603));
#301=EDGE_LOOP('',(#1604,#1605,#1606,#1607));
#302=EDGE_LOOP('',(#1608,#1609,#1610,#1611,#1612,#1613));
#303=EDGE_LOOP('',(#1614,#1615,#1616,#1617,#1618,#1619,#1620));
#304=EDGE_LOOP('',(#1621,#1622,#1623,#1624));
#305=EDGE_LOOP('',(#1625,#1626,#1627,#1628));
#306=EDGE_LOOP('',(#1629,#1630,#1631,#1632));
#307=EDGE_LOOP('',(#1633,#1634,#1635,#1636,#1637,#1638));
#308=EDGE_LOOP('',(#1639,#1640,#1641,#1642));
#309=EDGE_LOOP('',(#1643,#1644,#1645,#1646));
#310=EDGE_LOOP('',(#1647,#1648,#1649,#1650));
#311=EDGE_LOOP('',(#1651,#1652,#1653,#1654));
#312=EDGE_LOOP('',(#1655,#1656,#1657,#1658));
#313=EDGE_LOOP('',(#1659,#1660,#1661,#1662));
#314=EDGE_LOOP('',(#1663,#1664,#1665,#1666));
#315=EDGE_LOOP('',(#1667,#1668,#1669,#1670));
#316=EDGE_LOOP('',(#1671,#1672,#1673,#1674));
#317=EDGE_LOOP('',(#1675,#1676,#1677,#1678));
#318=EDGE_LOOP('',(#1679,#1680,#1681,#1682));
#319=EDGE_LOOP('',(#1683,#1684,#1685,#1686));
#320=EDGE_LOOP('',(#1687,#1688,#1689,#1690));
#321=EDGE_LOOP('',(#1691,#1692,#1693,#1694));
#322=EDGE_LOOP('',(#1695,#1696,#1697,#1698));
#323=EDGE_LOOP('',(#1699,#1700,#1701,#1702));
#324=EDGE_LOOP('',(#1703,#1704,#1705,#1706));
#325=EDGE_LOOP('',(#1707,#1708,#1709,#1710));
#326=EDGE_LOOP('',(#1711,#1712,#1713,#1714));
#327=EDGE_LOOP('',(#1715,#1716,#1717,#1718));
#328=EDGE_LOOP('',(#1719,#1720,#1721,#1722));
#329=EDGE_LOOP('',(#1723,#1724,#1725,#1726));
#330=EDGE_LOOP('',(#1727,#1728,#1729,#1730));
#331=EDGE_LOOP('',(#1731,#1732,#1733,#1734));
#332=EDGE_LOOP('',(#1735,#1736,#1737));
#333=EDGE_LOOP('',(#1738,#1739,#1740));
#334=EDGE_LOOP('',(#1741,#1742,#1743,#1744));
#335=EDGE_LOOP('',(#1745,#1746,#1747,#1748));
#336=EDGE_LOOP('',(#1749,#1750,#1751,#1752));
#337=EDGE_LOOP('',(#1753,#1754,#1755,#1756));
#338=EDGE_LOOP('',(#1757,#1758,#1759,#1760));
#339=EDGE_LOOP('',(#1761,#1762,#1763,#1764));
#340=EDGE_LOOP('',(#1765,#1766,#1767,#1768));
#341=EDGE_LOOP('',(#1769,#1770,#1771,#1772));
#342=EDGE_LOOP('',(#1773,#1774,#1775,#1776));
#343=EDGE_LOOP('',(#1777,#1778,#1779,#1780));
#344=EDGE_LOOP('',(#1781,#1782,#1783,#1784));
#345=EDGE_LOOP('',(#1785,#1786,#1787,#1788));
#346=EDGE_LOOP('',(#1789,#1790,#1791,#1792));
#347=EDGE_LOOP('',(#1793,#1794,#1795,#1796));
#348=EDGE_LOOP('',(#1797,#1798,#1799,#1800));
#349=EDGE_LOOP('',(#1801,#1802,#1803,#1804,#1805,#1806,#1807,#1808));
#350=EDGE_LOOP('',(#1809,#1810,#1811,#1812,#1813,#1814,#1815,#1816,#1817,
#1818,#1819,#1820,#1821,#1822,#1823,#1824,#1825,#1826,#1827,#1828,#1829,
#1830,#1831,#1832,#1833,#1834,#1835,#1836));
#351=EDGE_LOOP('',(#1837,#1838,#1839,#1840));
#352=EDGE_LOOP('',(#1841));
#353=EDGE_LOOP('',(#1842,#1843,#1844,#1845));
#354=EDGE_LOOP('',(#1846));
#355=EDGE_LOOP('',(#1847,#1848,#1849,#1850));
#356=EDGE_LOOP('',(#1851));
#357=EDGE_LOOP('',(#1852,#1853,#1854,#1855));
#358=EDGE_LOOP('',(#1856));
#359=EDGE_LOOP('',(#1857,#1858,#1859,#1860));
#360=EDGE_LOOP('',(#1861));
#361=EDGE_LOOP('',(#1862,#1863,#1864,#1865));
#362=EDGE_LOOP('',(#1866));
#363=EDGE_LOOP('',(#1867,#1868,#1869,#1870));
#364=EDGE_LOOP('',(#1871));
#365=EDGE_LOOP('',(#1872,#1873,#1874,#1875));
#366=EDGE_LOOP('',(#1876));
#367=EDGE_LOOP('',(#1877,#1878,#1879,#1880));
#368=EDGE_LOOP('',(#1881,#1882,#1883,#1884,#1885,#1886,#1887,#1888,#1889,
#1890,#1891,#1892,#1893,#1894,#1895,#1896,#1897,#1898,#1899,#1900,#1901,
#1902,#1903,#1904,#1905,#1906,#1907,#1908,#1909,#1910,#1911,#1912,#1913,
#1914,#1915,#1916));
#369=EDGE_LOOP('',(#1917));
#370=EDGE_LOOP('',(#1918));
#371=EDGE_LOOP('',(#1919));
#372=EDGE_LOOP('',(#1920));
#373=EDGE_LOOP('',(#1921));
#374=EDGE_LOOP('',(#1922));
#375=EDGE_LOOP('',(#1923,#1924,#1925,#1926,#1927,#1928,#1929,#1930,#1931,
#1932,#1933,#1934,#1935,#1936,#1937,#1938,#1939,#1940,#1941,#1942,#1943,
#1944,#1945));
#376=EDGE_LOOP('',(#1946));
#377=EDGE_LOOP('',(#1947));
#378=EDGE_LOOP('',(#1948,#1949,#1950,#1951));
#379=EDGE_LOOP('',(#1952,#1953,#1954,#1955));
#380=EDGE_LOOP('',(#1956,#1957,#1958,#1959));
#381=EDGE_LOOP('',(#1960));
#382=EDGE_LOOP('',(#1961,#1962,#1963,#1964));
#383=EDGE_LOOP('',(#1965));
#384=EDGE_LOOP('',(#1966,#1967,#1968,#1969));
#385=EDGE_LOOP('',(#1970));
#386=EDGE_LOOP('',(#1971,#1972,#1973,#1974));
#387=EDGE_LOOP('',(#1975));
#388=EDGE_LOOP('',(#1976,#1977,#1978,#1979));
#389=EDGE_LOOP('',(#1980));
#390=EDGE_LOOP('',(#1981));
#391=EDGE_LOOP('',(#1982,#1983,#1984,#1985));
#392=EDGE_LOOP('',(#1986));
#393=EDGE_LOOP('',(#1987));
#394=EDGE_LOOP('',(#1988,#1989,#1990,#1991));
#395=EDGE_LOOP('',(#1992));
#396=EDGE_LOOP('',(#1993));
#397=EDGE_LOOP('',(#1994,#1995,#1996,#1997));
#398=EDGE_LOOP('',(#1998));
#399=EDGE_LOOP('',(#1999));
#400=EDGE_LOOP('',(#2000,#2001,#2002,#2003));
#401=EDGE_LOOP('',(#2004,#2005,#2006,#2007));
#402=EDGE_LOOP('',(#2008,#2009,#2010,#2011));
#403=EDGE_LOOP('',(#2012,#2013,#2014,#2015));
#404=EDGE_LOOP('',(#2016,#2017,#2018,#2019));
#405=EDGE_LOOP('',(#2020,#2021,#2022,#2023,#2024,#2025));
#406=EDGE_LOOP('',(#2026));
#407=EDGE_LOOP('',(#2027));
#408=EDGE_LOOP('',(#2028));
#409=EDGE_LOOP('',(#2029));
#410=EDGE_LOOP('',(#2030));
#411=EDGE_LOOP('',(#2031));
#412=EDGE_LOOP('',(#2032));
#413=EDGE_LOOP('',(#2033,#2034,#2035,#2036,#2037,#2038,#2039,#2040,#2041,
#2042,#2043,#2044,#2045,#2046,#2047,#2048,#2049,#2050,#2051,#2052,#2053,
#2054,#2055));
#414=EDGE_LOOP('',(#2056));
#415=EDGE_LOOP('',(#2057));
#416=EDGE_LOOP('',(#2058));
#417=EDGE_LOOP('',(#2059));
#418=EDGE_LOOP('',(#2060,#2061,#2062,#2063));
#419=EDGE_LOOP('',(#2064,#2065,#2066,#2067));
#420=EDGE_LOOP('',(#2068,#2069,#2070,#2071));
#421=EDGE_LOOP('',(#2072,#2073,#2074,#2075));
#422=EDGE_LOOP('',(#2076,#2077,#2078,#2079));
#423=EDGE_LOOP('',(#2080,#2081,#2082,#2083));
#424=EDGE_LOOP('',(#2084,#2085,#2086,#2087));
#425=EDGE_LOOP('',(#2088,#2089,#2090,#2091));
#426=EDGE_LOOP('',(#2092,#2093,#2094,#2095));
#427=EDGE_LOOP('',(#2096,#2097,#2098,#2099));
#428=EDGE_LOOP('',(#2100,#2101,#2102,#2103));
#429=EDGE_LOOP('',(#2104,#2105,#2106,#2107));
#430=EDGE_LOOP('',(#2108,#2109,#2110,#2111));
#431=EDGE_LOOP('',(#2112,#2113,#2114,#2115));
#432=EDGE_LOOP('',(#2116,#2117,#2118,#2119));
#433=EDGE_LOOP('',(#2120,#2121,#2122,#2123));
#434=EDGE_LOOP('',(#2124,#2125,#2126,#2127));
#435=EDGE_LOOP('',(#2128,#2129,#2130,#2131));
#436=EDGE_LOOP('',(#2132,#2133,#2134,#2135));
#437=EDGE_LOOP('',(#2136,#2137,#2138,#2139));
#438=EDGE_LOOP('',(#2140,#2141,#2142,#2143));
#439=EDGE_LOOP('',(#2144,#2145,#2146,#2147));
#440=EDGE_LOOP('',(#2148,#2149,#2150,#2151));
#441=EDGE_LOOP('',(#2152,#2153,#2154,#2155));
#442=EDGE_LOOP('',(#2156,#2157,#2158,#2159));
#443=EDGE_LOOP('',(#2160,#2161,#2162,#2163));
#444=EDGE_LOOP('',(#2164,#2165,#2166,#2167));
#445=LINE('',#3493,#618);
#446=LINE('',#3496,#619);
#447=LINE('',#3499,#620);
#448=LINE('',#3503,#621);
#449=LINE('',#3505,#622);
#450=LINE('',#3506,#623);
#451=LINE('',#3509,#624);
#452=LINE('',#3510,#625);
#453=LINE('',#3514,#626);
#454=LINE('',#3517,#627);
#455=LINE('',#3518,#628);
#456=LINE('',#3521,#629);
#457=LINE('',#3522,#630);
#458=LINE('',#3525,#631);
#459=LINE('',#3527,#632);
#460=LINE('',#3528,#633);
#461=LINE('',#3539,#634);
#462=LINE('',#3541,#635);
#463=LINE('',#3542,#636);
#464=LINE('',#3556,#637);
#465=LINE('',#3559,#638);
#466=LINE('',#3562,#639);
#467=LINE('',#3564,#640);
#468=LINE('',#3565,#641);
#469=LINE('',#3571,#642);
#470=LINE('',#3574,#643);
#471=LINE('',#3576,#644);
#472=LINE('',#3578,#645);
#473=LINE('',#3582,#646);
#474=LINE('',#3586,#647);
#475=LINE('',#3587,#648);
#476=LINE('',#3591,#649);
#477=LINE('',#3594,#650);
#478=LINE('',#3595,#651);
#479=LINE('',#3599,#652);
#480=LINE('',#3602,#653);
#481=LINE('',#3606,#654);
#482=LINE('',#3610,#655);
#483=LINE('',#3614,#656);
#484=LINE('',#3618,#657);
#485=LINE('',#3622,#658);
#486=LINE('',#3626,#659);
#487=LINE('',#3630,#660);
#488=LINE('',#3644,#661);
#489=LINE('',#3648,#662);
#490=LINE('',#3651,#663);
#491=LINE('',#3665,#664);
#492=LINE('',#3666,#665);
#493=LINE('',#3675,#666);
#494=LINE('',#3686,#667);
#495=LINE('',#3687,#668);
#496=LINE('',#3698,#669);
#497=LINE('',#3699,#670);
#498=LINE('',#3710,#671);
#499=LINE('',#3711,#672);
#500=LINE('',#3722,#673);
#501=LINE('',#3723,#674);
#502=LINE('',#3734,#675);
#503=LINE('',#3735,#676);
#504=LINE('',#3746,#677);
#505=LINE('',#3747,#678);
#506=LINE('',#3758,#679);
#507=LINE('',#3759,#680);
#508=LINE('',#3770,#681);
#509=LINE('',#3771,#682);
#510=LINE('',#3782,#683);
#511=LINE('',#3783,#684);
#512=LINE('',#3803,#685);
#513=LINE('',#3804,#686);
#514=LINE('',#3812,#687);
#515=LINE('',#3813,#688);
#516=LINE('',#3818,#689);
#517=LINE('',#3820,#690);
#518=LINE('',#3827,#691);
#519=LINE('',#3830,#692);
#520=LINE('',#3833,#693);
#521=LINE('',#3834,#694);
#522=LINE('',#3837,#695);
#523=LINE('',#3841,#696);
#524=LINE('',#3842,#697);
#525=LINE('',#3845,#698);
#526=LINE('',#3849,#699);
#527=LINE('',#3850,#700);
#528=LINE('',#3853,#701);
#529=LINE('',#3857,#702);
#530=LINE('',#3858,#703);
#531=LINE('',#3861,#704);
#532=LINE('',#3865,#705);
#533=LINE('',#3866,#706);
#534=LINE('',#3869,#707);
#535=LINE('',#3873,#708);
#536=LINE('',#3874,#709);
#537=LINE('',#3877,#710);
#538=LINE('',#3881,#711);
#539=LINE('',#3885,#712);
#540=LINE('',#3886,#713);
#541=LINE('',#3892,#714);
#542=LINE('',#3899,#715);
#543=LINE('',#3906,#716);
#544=LINE('',#3913,#717);
#545=LINE('',#3920,#718);
#546=LINE('',#3927,#719);
#547=LINE('',#3934,#720);
#548=LINE('',#3941,#721);
#549=LINE('',#3946,#722);
#550=LINE('',#3952,#723);
#551=LINE('',#3956,#724);
#552=LINE('',#3959,#725);
#553=LINE('',#3963,#726);
#554=LINE('',#3967,#727);
#555=LINE('',#3971,#728);
#556=LINE('',#3974,#729);
#557=LINE('',#3976,#730);
#558=LINE('',#3980,#731);
#559=LINE('',#3984,#732);
#560=LINE('',#3988,#733);
#561=LINE('',#3992,#734);
#562=LINE('',#3996,#735);
#563=LINE('',#4000,#736);
#564=LINE('',#4004,#737);
#565=LINE('',#4008,#738);
#566=LINE('',#4012,#739);
#567=LINE('',#4017,#740);
#568=LINE('',#4019,#741);
#569=LINE('',#4024,#742);
#570=LINE('',#4031,#743);
#571=LINE('',#4038,#744);
#572=LINE('',#4045,#745);
#573=LINE('',#4052,#746);
#574=LINE('',#4059,#747);
#575=LINE('',#4066,#748);
#576=LINE('',#4073,#749);
#577=LINE('',#4080,#750);
#578=LINE('',#4081,#751);
#579=LINE('',#4084,#752);
#580=LINE('',#4085,#753);
#581=LINE('',#4089,#754);
#582=LINE('',#4092,#755);
#583=LINE('',#4093,#756);
#584=LINE('',#4096,#757);
#585=LINE('',#4099,#758);
#586=LINE('',#4101,#759);
#587=LINE('',#4104,#760);
#588=LINE('',#4108,#761);
#589=LINE('',#4111,#762);
#590=LINE('',#4115,#763);
#591=LINE('',#4119,#764);
#592=LINE('',#4123,#765);
#593=LINE('',#4127,#766);
#594=LINE('',#4131,#767);
#595=LINE('',#4134,#768);
#596=LINE('',#4136,#769);
#597=LINE('',#4138,#770);
#598=LINE('',#4140,#771);
#599=LINE('',#4141,#772);
#600=LINE('',#4144,#773);
#601=LINE('',#4147,#774);
#602=LINE('',#4149,#775);
#603=LINE('',#4151,#776);
#604=LINE('',#4152,#777);
#605=LINE('',#4155,#778);
#606=LINE('',#4157,#779);
#607=LINE('',#4158,#780);
#608=LINE('',#4160,#781);
#609=LINE('',#4162,#782);
#610=LINE('',#4164,#783);
#611=LINE('',#4165,#784);
#612=LINE('',#4167,#785);
#613=LINE('',#4169,#786);
#614=LINE('',#4171,#787);
#615=LINE('',#4174,#788);
#616=LINE('',#4175,#789);
#617=LINE('',#4178,#790);
#618=VECTOR('',#2709,10.);
#619=VECTOR('',#2712,10.);
#620=VECTOR('',#2715,10.);
#621=VECTOR('',#2718,10.);
#622=VECTOR('',#2719,10.);
#623=VECTOR('',#2720,10.);
#624=VECTOR('',#2723,10.);
#625=VECTOR('',#2724,10.);
#626=VECTOR('',#2729,10.);
#627=VECTOR('',#2732,10.);
#628=VECTOR('',#2733,10.);
#629=VECTOR('',#2736,10.);
#630=VECTOR('',#2737,10.);
#631=VECTOR('',#2740,10.);
#632=VECTOR('',#2741,10.);
#633=VECTOR('',#2742,10.);
#634=VECTOR('',#2753,10.);
#635=VECTOR('',#2754,10.);
#636=VECTOR('',#2755,10.);
#637=VECTOR('',#2768,10.);
#638=VECTOR('',#2771,10.);
#639=VECTOR('',#2774,10.);
#640=VECTOR('',#2775,10.);
#641=VECTOR('',#2776,10.);
#642=VECTOR('',#2781,10.);
#643=VECTOR('',#2784,10.);
#644=VECTOR('',#2787,10.);
#645=VECTOR('',#2788,10.);
#646=VECTOR('',#2791,10.);
#647=VECTOR('',#2796,10.);
#648=VECTOR('',#2797,10.);
#649=VECTOR('',#2802,10.);
#650=VECTOR('',#2805,10.);
#651=VECTOR('',#2806,10.);
#652=VECTOR('',#2813,10.);
#653=VECTOR('',#2816,1.21916683035945);
#654=VECTOR('',#2821,1.21916683035945);
#655=VECTOR('',#2826,1.21916683035945);
#656=VECTOR('',#2831,1.21916683035945);
#657=VECTOR('',#2836,1.21916683035945);
#658=VECTOR('',#2841,1.21916683035945);
#659=VECTOR('',#2846,1.21916683035945);
#660=VECTOR('',#2851,1.21916683035945);
#661=VECTOR('',#2856,10.);
#662=VECTOR('',#2859,10.);
#663=VECTOR('',#2862,10.);
#664=VECTOR('',#2877,10.);
#665=VECTOR('',#2878,10.);
#666=VECTOR('',#2891,10.);
#667=VECTOR('',#2904,10.);
#668=VECTOR('',#2905,10.);
#669=VECTOR('',#2918,10.);
#670=VECTOR('',#2919,10.);
#671=VECTOR('',#2932,10.);
#672=VECTOR('',#2933,10.);
#673=VECTOR('',#2946,10.);
#674=VECTOR('',#2947,10.);
#675=VECTOR('',#2960,10.);
#676=VECTOR('',#2961,10.);
#677=VECTOR('',#2974,10.);
#678=VECTOR('',#2975,10.);
#679=VECTOR('',#2988,10.);
#680=VECTOR('',#2989,10.);
#681=VECTOR('',#3002,10.);
#682=VECTOR('',#3003,10.);
#683=VECTOR('',#3016,10.);
#684=VECTOR('',#3017,10.);
#685=VECTOR('',#3040,10.);
#686=VECTOR('',#3041,10.);
#687=VECTOR('',#3052,10.);
#688=VECTOR('',#3053,10.);
#689=VECTOR('',#3058,10.);
#690=VECTOR('',#3061,10.);
#691=VECTOR('',#3072,10.);
#692=VECTOR('',#3075,10.);
#693=VECTOR('',#3078,10.);
#694=VECTOR('',#3079,10.);
#695=VECTOR('',#3082,10.);
#696=VECTOR('',#3087,10.);
#697=VECTOR('',#3088,10.);
#698=VECTOR('',#3091,10.);
#699=VECTOR('',#3096,10.);
#700=VECTOR('',#3097,10.);
#701=VECTOR('',#3100,10.);
#702=VECTOR('',#3105,10.);
#703=VECTOR('',#3106,10.);
#704=VECTOR('',#3109,10.);
#705=VECTOR('',#3114,10.);
#706=VECTOR('',#3115,10.);
#707=VECTOR('',#3118,10.);
#708=VECTOR('',#3123,10.);
#709=VECTOR('',#3124,10.);
#710=VECTOR('',#3127,1.00000000000001);
#711=VECTOR('',#3132,1.00000000000001);
#712=VECTOR('',#3137,10.);
#713=VECTOR('',#3138,10.);
#714=VECTOR('',#3145,1.00000000000001);
#715=VECTOR('',#3154,0.999999999999996);
#716=VECTOR('',#3163,0.999999999999979);
#717=VECTOR('',#3172,0.999999999999979);
#718=VECTOR('',#3181,0.999999999999996);
#719=VECTOR('',#3190,0.999999999999996);
#720=VECTOR('',#3199,0.999999999999996);
#721=VECTOR('',#3208,1.04999999999999);
#722=VECTOR('',#3215,10.);
#723=VECTOR('',#3222,10.);
#724=VECTOR('',#3225,10.);
#725=VECTOR('',#3228,10.);
#726=VECTOR('',#3231,10.);
#727=VECTOR('',#3234,10.);
#728=VECTOR('',#3237,10.);
#729=VECTOR('',#3240,10.);
#730=VECTOR('',#3241,10.);
#731=VECTOR('',#3244,10.);
#732=VECTOR('',#3247,10.);
#733=VECTOR('',#3250,10.);
#734=VECTOR('',#3253,10.);
#735=VECTOR('',#3256,10.);
#736=VECTOR('',#3259,10.);
#737=VECTOR('',#3262,10.);
#738=VECTOR('',#3265,10.);
#739=VECTOR('',#3268,10.);
#740=VECTOR('',#3275,1.);
#741=VECTOR('',#3278,10.);
#742=VECTOR('',#3283,1.05);
#743=VECTOR('',#3292,1.05);
#744=VECTOR('',#3301,1.05);
#745=VECTOR('',#3310,1.05);
#746=VECTOR('',#3319,2.5);
#747=VECTOR('',#3328,2.5);
#748=VECTOR('',#3337,2.50000000000002);
#749=VECTOR('',#3346,2.5);
#750=VECTOR('',#3355,10.);
#751=VECTOR('',#3356,10.);
#752=VECTOR('',#3359,10.);
#753=VECTOR('',#3360,10.);
#754=VECTOR('',#3365,10.);
#755=VECTOR('',#3368,10.);
#756=VECTOR('',#3369,10.);
#757=VECTOR('',#3372,3.);
#758=VECTOR('',#3375,3.);
#759=VECTOR('',#3378,10.);
#760=VECTOR('',#3381,10.);
#761=VECTOR('',#3384,10.);
#762=VECTOR('',#3387,10.);
#763=VECTOR('',#3390,10.);
#764=VECTOR('',#3393,10.);
#765=VECTOR('',#3396,10.);
#766=VECTOR('',#3399,10.);
#767=VECTOR('',#3402,10.);
#768=VECTOR('',#3407,10.);
#769=VECTOR('',#3410,10.);
#770=VECTOR('',#3413,10.);
#771=VECTOR('',#3416,10.);
#772=VECTOR('',#3417,10.);
#773=VECTOR('',#3422,10.);
#774=VECTOR('',#3427,10.);
#775=VECTOR('',#3430,10.);
#776=VECTOR('',#3433,10.);
#777=VECTOR('',#3434,10.);
#778=VECTOR('',#3439,10.);
#779=VECTOR('',#3442,10.);
#780=VECTOR('',#3443,10.);
#781=VECTOR('',#3446,10.);
#782=VECTOR('',#3449,10.);
#783=VECTOR('',#3452,10.);
#784=VECTOR('',#3453,10.);
#785=VECTOR('',#3456,10.);
#786=VECTOR('',#3459,10.);
#787=VECTOR('',#3462,10.);
#788=VECTOR('',#3467,10.);
#789=VECTOR('',#3468,10.);
#790=VECTOR('',#3473,10.);
#791=CIRCLE('',#2398,2.);
#792=CIRCLE('',#2399,2.);
#793=CIRCLE('',#2401,2.);
#794=CIRCLE('',#2404,2.);
#795=CIRCLE('',#2408,1.21916683035945);
#796=CIRCLE('',#2409,1.21916683035945);
#797=CIRCLE('',#2410,1.21916683035945);
#798=CIRCLE('',#2411,1.21916683035945);
#799=CIRCLE('',#2413,1.21916683035945);
#800=CIRCLE('',#2414,1.21916683035945);
#801=CIRCLE('',#2415,1.21916683035945);
#802=CIRCLE('',#2416,1.21916683035945);
#803=CIRCLE('',#2418,1.);
#804=CIRCLE('',#2419,1.);
#805=CIRCLE('',#2422,1.);
#806=CIRCLE('',#2423,1.);
#807=CIRCLE('',#2425,1.);
#808=CIRCLE('',#2426,1.);
#809=CIRCLE('',#2429,1.);
#810=CIRCLE('',#2432,1.);
#811=CIRCLE('',#2435,1.21916683035945);
#812=CIRCLE('',#2437,1.21916683035945);
#813=CIRCLE('',#2439,1.21916683035945);
#814=CIRCLE('',#2441,1.21916683035945);
#815=CIRCLE('',#2443,1.21916683035945);
#816=CIRCLE('',#2445,1.21916683035945);
#817=CIRCLE('',#2447,1.21916683035945);
#818=CIRCLE('',#2449,1.21916683035945);
#819=CIRCLE('',#2451,3.);
#820=CIRCLE('',#2452,3.);
#821=CIRCLE('',#2454,1.00000000000001);
#822=CIRCLE('',#2455,2.);
#823=CIRCLE('',#2456,1.);
#824=CIRCLE('',#2457,3.);
#825=CIRCLE('',#2459,1.);
#826=CIRCLE('',#2461,1.);
#827=CIRCLE('',#2462,3.);
#828=CIRCLE('',#2463,2.);
#829=CIRCLE('',#2465,1.);
#830=CIRCLE('',#2467,1.);
#831=CIRCLE('',#2468,3.);
#832=CIRCLE('',#2469,2.);
#833=CIRCLE('',#2471,1.);
#834=CIRCLE('',#2473,1.);
#835=CIRCLE('',#2474,3.);
#836=CIRCLE('',#2475,4.);
#837=CIRCLE('',#2477,1.);
#838=CIRCLE('',#2479,1.);
#839=CIRCLE('',#2480,3.);
#840=CIRCLE('',#2481,2.);
#841=CIRCLE('',#2483,1.);
#842=CIRCLE('',#2485,1.);
#843=CIRCLE('',#2486,3.);
#844=CIRCLE('',#2487,2.);
#845=CIRCLE('',#2489,1.);
#846=CIRCLE('',#2491,1.);
#847=CIRCLE('',#2492,3.);
#848=CIRCLE('',#2493,4.);
#849=CIRCLE('',#2495,1.);
#850=CIRCLE('',#2497,1.);
#851=CIRCLE('',#2498,3.);
#852=CIRCLE('',#2499,2.);
#853=CIRCLE('',#2501,1.);
#854=CIRCLE('',#2503,1.);
#855=CIRCLE('',#2504,3.);
#856=CIRCLE('',#2505,4.);
#857=CIRCLE('',#2507,1.);
#858=CIRCLE('',#2509,1.);
#859=CIRCLE('',#2510,3.);
#860=CIRCLE('',#2511,2.);
#861=CIRCLE('',#2513,1.);
#862=CIRCLE('',#2515,1.);
#863=CIRCLE('',#2516,3.);
#864=CIRCLE('',#2517,2.);
#865=CIRCLE('',#2519,1.);
#866=CIRCLE('',#2521,1.);
#867=CIRCLE('',#2522,1.);
#868=CIRCLE('',#2523,2.);
#869=CIRCLE('',#2525,1.);
#870=CIRCLE('',#2526,1.00000000000001);
#871=CIRCLE('',#2527,1.);
#872=CIRCLE('',#2528,2.00000000000001);
#873=CIRCLE('',#2530,1.);
#874=CIRCLE('',#2532,1.);
#875=CIRCLE('',#2533,3.);
#876=CIRCLE('',#2534,4.);
#877=CIRCLE('',#2537,1.);
#878=CIRCLE('',#2538,1.00000000000001);
#879=CIRCLE('',#2540,1.00000000000001);
#880=CIRCLE('',#2542,1.);
#881=CIRCLE('',#2544,3.);
#882=CIRCLE('',#2547,3.);
#883=CIRCLE('',#2550,3.);
#884=CIRCLE('',#2553,3.);
#885=CIRCLE('',#2556,3.);
#886=CIRCLE('',#2559,3.);
#887=CIRCLE('',#2562,1.);
#888=CIRCLE('',#2564,1.00000000000001);
#889=CIRCLE('',#2568,1.00000000000001);
#890=CIRCLE('',#2569,1.00000000000001);
#891=CIRCLE('',#2572,0.999999999999996);
#892=CIRCLE('',#2573,0.999999999999996);
#893=CIRCLE('',#2576,0.999999999999979);
#894=CIRCLE('',#2577,0.999999999999979);
#895=CIRCLE('',#2580,0.999999999999979);
#896=CIRCLE('',#2581,0.999999999999979);
#897=CIRCLE('',#2584,0.999999999999996);
#898=CIRCLE('',#2585,0.999999999999996);
#899=CIRCLE('',#2588,0.999999999999996);
#900=CIRCLE('',#2589,0.999999999999996);
#901=CIRCLE('',#2592,0.999999999999996);
#902=CIRCLE('',#2593,0.999999999999996);
#903=CIRCLE('',#2596,1.04999999999999);
#904=CIRCLE('',#2597,1.04999999999999);
#905=CIRCLE('',#2600,1.);
#906=CIRCLE('',#2602,3.);
#907=CIRCLE('',#2603,3.);
#908=CIRCLE('',#2604,3.);
#909=CIRCLE('',#2605,1.00000000000001);
#910=CIRCLE('',#2606,3.);
#911=CIRCLE('',#2607,3.);
#912=CIRCLE('',#2608,3.);
#913=CIRCLE('',#2609,3.);
#914=CIRCLE('',#2610,3.);
#915=CIRCLE('',#2611,3.);
#916=CIRCLE('',#2612,3.);
#917=CIRCLE('',#2613,3.);
#918=CIRCLE('',#2614,3.);
#919=CIRCLE('',#2615,3.);
#920=CIRCLE('',#2616,3.);
#921=CIRCLE('',#2617,3.);
#922=CIRCLE('',#2618,3.);
#923=CIRCLE('',#2619,3.);
#924=CIRCLE('',#2623,1.05);
#925=CIRCLE('',#2624,1.05);
#926=CIRCLE('',#2627,1.05);
#927=CIRCLE('',#2628,1.05);
#928=CIRCLE('',#2631,1.05);
#929=CIRCLE('',#2632,1.05);
#930=CIRCLE('',#2635,1.05);
#931=CIRCLE('',#2636,1.05);
#932=CIRCLE('',#2639,2.5);
#933=CIRCLE('',#2640,2.5);
#934=CIRCLE('',#2643,2.5);
#935=CIRCLE('',#2644,2.5);
#936=CIRCLE('',#2647,2.50000000000002);
#937=CIRCLE('',#2648,2.50000000000002);
#938=CIRCLE('',#2651,2.5);
#939=CIRCLE('',#2652,2.5);
#940=CIRCLE('',#2655,3.);
#941=CIRCLE('',#2658,3.);
#942=CIRCLE('',#2661,3.);
#943=CIRCLE('',#2664,3.);
#944=CIRCLE('',#2665,3.);
#945=CIRCLE('',#2666,3.);
#946=CIRCLE('',#2667,3.);
#947=CIRCLE('',#2668,3.);
#948=CIRCLE('',#2669,3.);
#949=CIRCLE('',#2670,3.);
#950=CIRCLE('',#2671,3.);
#951=VERTEX_POINT('',#3489);
#952=VERTEX_POINT('',#3490);
#953=VERTEX_POINT('',#3492);
#954=VERTEX_POINT('',#3494);
#955=VERTEX_POINT('',#3498);
#956=VERTEX_POINT('',#3500);
#957=VERTEX_POINT('',#3502);
#958=VERTEX_POINT('',#3504);
#959=VERTEX_POINT('',#3508);
#960=VERTEX_POINT('',#3512);
#961=VERTEX_POINT('',#3516);
#962=VERTEX_POINT('',#3520);
#963=VERTEX_POINT('',#3524);
#964=VERTEX_POINT('',#3526);
#965=VERTEX_POINT('',#3529);
#966=VERTEX_POINT('',#3531);
#967=VERTEX_POINT('',#3533);
#968=VERTEX_POINT('',#3535);
#969=VERTEX_POINT('',#3538);
#970=VERTEX_POINT('',#3540);
#971=VERTEX_POINT('',#3543);
#972=VERTEX_POINT('',#3545);
#973=VERTEX_POINT('',#3547);
#974=VERTEX_POINT('',#3549);
#975=VERTEX_POINT('',#3552);
#976=VERTEX_POINT('',#3553);
#977=VERTEX_POINT('',#3555);
#978=VERTEX_POINT('',#3557);
#979=VERTEX_POINT('',#3561);
#980=VERTEX_POINT('',#3563);
#981=VERTEX_POINT('',#3567);
#982=VERTEX_POINT('',#3568);
#983=VERTEX_POINT('',#3570);
#984=VERTEX_POINT('',#3572);
#985=VERTEX_POINT('',#3577);
#986=VERTEX_POINT('',#3579);
#987=VERTEX_POINT('',#3581);
#988=VERTEX_POINT('',#3585);
#989=VERTEX_POINT('',#3589);
#990=VERTEX_POINT('',#3593);
#991=VERTEX_POINT('',#3601);
#992=VERTEX_POINT('',#3605);
#993=VERTEX_POINT('',#3609);
#994=VERTEX_POINT('',#3613);
#995=VERTEX_POINT('',#3617);
#996=VERTEX_POINT('',#3621);
#997=VERTEX_POINT('',#3625);
#998=VERTEX_POINT('',#3629);
#999=VERTEX_POINT('',#3631);
#1000=VERTEX_POINT('',#3636);
#1001=VERTEX_POINT('',#3643);
#1002=VERTEX_POINT('',#3645);
#1003=VERTEX_POINT('',#3647);
#1004=VERTEX_POINT('',#3649);
#1005=VERTEX_POINT('',#3653);
#1006=VERTEX_POINT('',#3654);
#1007=VERTEX_POINT('',#3656);
#1008=VERTEX_POINT('',#3658);
#1009=VERTEX_POINT('',#3662);
#1010=VERTEX_POINT('',#3663);
#1011=VERTEX_POINT('',#3668);
#1012=VERTEX_POINT('',#3673);
#1013=VERTEX_POINT('',#3677);
#1014=VERTEX_POINT('',#3678);
#1015=VERTEX_POINT('',#3683);
#1016=VERTEX_POINT('',#3684);
#1017=VERTEX_POINT('',#3689);
#1018=VERTEX_POINT('',#3690);
#1019=VERTEX_POINT('',#3695);
#1020=VERTEX_POINT('',#3696);
#1021=VERTEX_POINT('',#3701);
#1022=VERTEX_POINT('',#3702);
#1023=VERTEX_POINT('',#3707);
#1024=VERTEX_POINT('',#3708);
#1025=VERTEX_POINT('',#3713);
#1026=VERTEX_POINT('',#3714);
#1027=VERTEX_POINT('',#3719);
#1028=VERTEX_POINT('',#3720);
#1029=VERTEX_POINT('',#3725);
#1030=VERTEX_POINT('',#3726);
#1031=VERTEX_POINT('',#3731);
#1032=VERTEX_POINT('',#3732);
#1033=VERTEX_POINT('',#3737);
#1034=VERTEX_POINT('',#3738);
#1035=VERTEX_POINT('',#3743);
#1036=VERTEX_POINT('',#3744);
#1037=VERTEX_POINT('',#3749);
#1038=VERTEX_POINT('',#3750);
#1039=VERTEX_POINT('',#3755);
#1040=VERTEX_POINT('',#3756);
#1041=VERTEX_POINT('',#3761);
#1042=VERTEX_POINT('',#3762);
#1043=VERTEX_POINT('',#3767);
#1044=VERTEX_POINT('',#3768);
#1045=VERTEX_POINT('',#3773);
#1046=VERTEX_POINT('',#3774);
#1047=VERTEX_POINT('',#3779);
#1048=VERTEX_POINT('',#3780);
#1049=VERTEX_POINT('',#3785);
#1050=VERTEX_POINT('',#3786);
#1051=VERTEX_POINT('',#3791);
#1052=VERTEX_POINT('',#3792);
#1053=VERTEX_POINT('',#3794);
#1054=VERTEX_POINT('',#3796);
#1055=VERTEX_POINT('',#3800);
#1056=VERTEX_POINT('',#3801);
#1057=VERTEX_POINT('',#3806);
#1058=VERTEX_POINT('',#3807);
#1059=VERTEX_POINT('',#3815);
#1060=VERTEX_POINT('',#3817);
#1061=VERTEX_POINT('',#3826);
#1062=VERTEX_POINT('',#3828);
#1063=VERTEX_POINT('',#3832);
#1064=VERTEX_POINT('',#3836);
#1065=VERTEX_POINT('',#3840);
#1066=VERTEX_POINT('',#3844);
#1067=VERTEX_POINT('',#3848);
#1068=VERTEX_POINT('',#3852);
#1069=VERTEX_POINT('',#3856);
#1070=VERTEX_POINT('',#3860);
#1071=VERTEX_POINT('',#3864);
#1072=VERTEX_POINT('',#3868);
#1073=VERTEX_POINT('',#3872);
#1074=VERTEX_POINT('',#3876);
#1075=VERTEX_POINT('',#3880);
#1076=VERTEX_POINT('',#3884);
#1077=VERTEX_POINT('',#3889);
#1078=VERTEX_POINT('',#3891);
#1079=VERTEX_POINT('',#3896);
#1080=VERTEX_POINT('',#3898);
#1081=VERTEX_POINT('',#3903);
#1082=VERTEX_POINT('',#3905);
#1083=VERTEX_POINT('',#3910);
#1084=VERTEX_POINT('',#3912);
#1085=VERTEX_POINT('',#3917);
#1086=VERTEX_POINT('',#3919);
#1087=VERTEX_POINT('',#3924);
#1088=VERTEX_POINT('',#3926);
#1089=VERTEX_POINT('',#3931);
#1090=VERTEX_POINT('',#3933);
#1091=VERTEX_POINT('',#3938);
#1092=VERTEX_POINT('',#3940);
#1093=VERTEX_POINT('',#3945);
#1094=VERTEX_POINT('',#3949);
#1095=VERTEX_POINT('',#3951);
#1096=VERTEX_POINT('',#3953);
#1097=VERTEX_POINT('',#3955);
#1098=VERTEX_POINT('',#3957);
#1099=VERTEX_POINT('',#3960);
#1100=VERTEX_POINT('',#3962);
#1101=VERTEX_POINT('',#3964);
#1102=VERTEX_POINT('',#3966);
#1103=VERTEX_POINT('',#3968);
#1104=VERTEX_POINT('',#3970);
#1105=VERTEX_POINT('',#3973);
#1106=VERTEX_POINT('',#3975);
#1107=VERTEX_POINT('',#3977);
#1108=VERTEX_POINT('',#3979);
#1109=VERTEX_POINT('',#3981);
#1110=VERTEX_POINT('',#3983);
#1111=VERTEX_POINT('',#3985);
#1112=VERTEX_POINT('',#3987);
#1113=VERTEX_POINT('',#3989);
#1114=VERTEX_POINT('',#3991);
#1115=VERTEX_POINT('',#3993);
#1116=VERTEX_POINT('',#3995);
#1117=VERTEX_POINT('',#3997);
#1118=VERTEX_POINT('',#3999);
#1119=VERTEX_POINT('',#4001);
#1120=VERTEX_POINT('',#4003);
#1121=VERTEX_POINT('',#4005);
#1122=VERTEX_POINT('',#4007);
#1123=VERTEX_POINT('',#4009);
#1124=VERTEX_POINT('',#4011);
#1125=VERTEX_POINT('',#4013);
#1126=VERTEX_POINT('',#4021);
#1127=VERTEX_POINT('',#4023);
#1128=VERTEX_POINT('',#4028);
#1129=VERTEX_POINT('',#4030);
#1130=VERTEX_POINT('',#4035);
#1131=VERTEX_POINT('',#4037);
#1132=VERTEX_POINT('',#4042);
#1133=VERTEX_POINT('',#4044);
#1134=VERTEX_POINT('',#4049);
#1135=VERTEX_POINT('',#4051);
#1136=VERTEX_POINT('',#4056);
#1137=VERTEX_POINT('',#4058);
#1138=VERTEX_POINT('',#4063);
#1139=VERTEX_POINT('',#4065);
#1140=VERTEX_POINT('',#4070);
#1141=VERTEX_POINT('',#4072);
#1142=VERTEX_POINT('',#4077);
#1143=VERTEX_POINT('',#4078);
#1144=VERTEX_POINT('',#4083);
#1145=VERTEX_POINT('',#4087);
#1146=VERTEX_POINT('',#4091);
#1147=VERTEX_POINT('',#4095);
#1148=VERTEX_POINT('',#4097);
#1149=VERTEX_POINT('',#4103);
#1150=VERTEX_POINT('',#4105);
#1151=VERTEX_POINT('',#4107);
#1152=VERTEX_POINT('',#4109);
#1153=VERTEX_POINT('',#4112);
#1154=VERTEX_POINT('',#4114);
#1155=VERTEX_POINT('',#4116);
#1156=VERTEX_POINT('',#4118);
#1157=VERTEX_POINT('',#4120);
#1158=VERTEX_POINT('',#4122);
#1159=VERTEX_POINT('',#4124);
#1160=VERTEX_POINT('',#4126);
#1161=VERTEX_POINT('',#4128);
#1162=VERTEX_POINT('',#4130);
#1163=EDGE_CURVE('',#951,#952,#791,.T.);
#1164=EDGE_CURVE('',#952,#953,#445,.T.);
#1165=EDGE_CURVE('',#953,#954,#792,.T.);
#1166=EDGE_CURVE('',#954,#951,#446,.T.);
#1167=EDGE_CURVE('',#955,#953,#447,.T.);
#1168=EDGE_CURVE('',#956,#955,#793,.T.);
#1169=EDGE_CURVE('',#957,#956,#448,.T.);
#1170=EDGE_CURVE('',#958,#957,#449,.T.);
#1171=EDGE_CURVE('',#958,#954,#450,.T.);
#1172=EDGE_CURVE('',#952,#959,#451,.T.);
#1173=EDGE_CURVE('',#955,#959,#452,.T.);
#1174=EDGE_CURVE('',#959,#960,#794,.T.);
#1175=EDGE_CURVE('',#960,#956,#453,.T.);
#1176=EDGE_CURVE('',#961,#958,#454,.T.);
#1177=EDGE_CURVE('',#961,#951,#455,.T.);
#1178=EDGE_CURVE('',#962,#960,#456,.T.);
#1179=EDGE_CURVE('',#957,#962,#457,.T.);
#1180=EDGE_CURVE('',#963,#958,#458,.T.);
#1181=EDGE_CURVE('',#964,#963,#459,.T.);
#1182=EDGE_CURVE('',#961,#964,#460,.T.);
#1183=EDGE_CURVE('',#965,#965,#795,.T.);
#1184=EDGE_CURVE('',#966,#966,#796,.T.);
#1185=EDGE_CURVE('',#967,#967,#797,.T.);
#1186=EDGE_CURVE('',#968,#968,#798,.T.);
#1187=EDGE_CURVE('',#969,#962,#461,.T.);
#1188=EDGE_CURVE('',#970,#969,#462,.T.);
#1189=EDGE_CURVE('',#957,#970,#463,.T.);
#1190=EDGE_CURVE('',#971,#971,#799,.T.);
#1191=EDGE_CURVE('',#972,#972,#800,.T.);
#1192=EDGE_CURVE('',#973,#973,#801,.T.);
#1193=EDGE_CURVE('',#974,#974,#802,.T.);
#1194=EDGE_CURVE('',#975,#976,#803,.T.);
#1195=EDGE_CURVE('',#975,#977,#464,.T.);
#1196=EDGE_CURVE('',#977,#978,#804,.T.);
#1197=EDGE_CURVE('',#978,#976,#465,.T.);
#1198=EDGE_CURVE('',#975,#979,#466,.T.);
#1199=EDGE_CURVE('',#980,#979,#467,.T.);
#1200=EDGE_CURVE('',#977,#980,#468,.T.);
#1201=EDGE_CURVE('',#981,#982,#805,.T.);
#1202=EDGE_CURVE('',#981,#983,#469,.T.);
#1203=EDGE_CURVE('',#983,#984,#806,.T.);
#1204=EDGE_CURVE('',#984,#982,#470,.T.);
#1205=EDGE_CURVE('',#981,#976,#471,.T.);
#1206=EDGE_CURVE('',#985,#982,#472,.T.);
#1207=EDGE_CURVE('',#985,#986,#807,.T.);
#1208=EDGE_CURVE('',#987,#986,#473,.T.);
#1209=EDGE_CURVE('',#987,#979,#808,.T.);
#1210=EDGE_CURVE('',#988,#984,#474,.T.);
#1211=EDGE_CURVE('',#985,#988,#475,.T.);
#1212=EDGE_CURVE('',#988,#989,#809,.T.);
#1213=EDGE_CURVE('',#989,#986,#476,.T.);
#1214=EDGE_CURVE('',#990,#989,#477,.T.);
#1215=EDGE_CURVE('',#987,#990,#478,.T.);
#1216=EDGE_CURVE('',#990,#980,#810,.T.);
#1217=EDGE_CURVE('',#983,#978,#479,.T.);
#1218=EDGE_CURVE('',#971,#991,#480,.T.);
#1219=EDGE_CURVE('',#991,#991,#811,.T.);
#1220=EDGE_CURVE('',#965,#992,#481,.T.);
#1221=EDGE_CURVE('',#992,#992,#812,.T.);
#1222=EDGE_CURVE('',#966,#993,#482,.T.);
#1223=EDGE_CURVE('',#993,#993,#813,.T.);
#1224=EDGE_CURVE('',#972,#994,#483,.T.);
#1225=EDGE_CURVE('',#994,#994,#814,.T.);
#1226=EDGE_CURVE('',#973,#995,#484,.T.);
#1227=EDGE_CURVE('',#995,#995,#815,.T.);
#1228=EDGE_CURVE('',#967,#996,#485,.T.);
#1229=EDGE_CURVE('',#996,#996,#816,.T.);
#1230=EDGE_CURVE('',#968,#997,#486,.T.);
#1231=EDGE_CURVE('',#997,#997,#817,.T.);
#1232=EDGE_CURVE('',#974,#998,#487,.T.);
#1233=EDGE_CURVE('',#999,#998,#39,.T.);
#1234=EDGE_CURVE('',#1000,#999,#818,.T.);
#1235=EDGE_CURVE('',#998,#1000,#40,.T.);
#1236=EDGE_CURVE('',#1000,#1001,#488,.T.);
#1237=EDGE_CURVE('',#1002,#1001,#819,.T.);
#1238=EDGE_CURVE('',#1002,#1003,#489,.T.);
#1239=EDGE_CURVE('',#1003,#1004,#820,.T.);
#1240=EDGE_CURVE('',#1004,#999,#490,.T.);
#1241=EDGE_CURVE('',#1005,#1006,#821,.T.);
#1242=EDGE_CURVE('',#1006,#1007,#822,.T.);
#1243=EDGE_CURVE('',#1007,#1008,#823,.T.);
#1244=EDGE_CURVE('',#1008,#1005,#824,.T.);
#1245=EDGE_CURVE('',#1009,#1010,#825,.T.);
#1246=EDGE_CURVE('',#1010,#1008,#491,.T.);
#1247=EDGE_CURVE('',#1007,#1009,#492,.T.);
#1248=EDGE_CURVE('',#1011,#970,#826,.T.);
#1249=EDGE_CURVE('',#970,#1010,#827,.T.);
#1250=EDGE_CURVE('',#1009,#1011,#828,.T.);
#1251=EDGE_CURVE('',#1012,#963,#829,.T.);
#1252=EDGE_CURVE('',#1011,#1012,#493,.T.);
#1253=EDGE_CURVE('',#1013,#1014,#830,.T.);
#1254=EDGE_CURVE('',#1014,#963,#831,.T.);
#1255=EDGE_CURVE('',#1012,#1013,#832,.T.);
#1256=EDGE_CURVE('',#1015,#1016,#833,.T.);
#1257=EDGE_CURVE('',#1016,#1014,#494,.T.);
#1258=EDGE_CURVE('',#1013,#1015,#495,.T.);
#1259=EDGE_CURVE('',#1017,#1018,#834,.T.);
#1260=EDGE_CURVE('',#1018,#1016,#835,.T.);
#1261=EDGE_CURVE('',#1015,#1017,#836,.T.);
#1262=EDGE_CURVE('',#1019,#1020,#837,.T.);
#1263=EDGE_CURVE('',#1020,#1018,#496,.T.);
#1264=EDGE_CURVE('',#1017,#1019,#497,.T.);
#1265=EDGE_CURVE('',#1021,#1022,#838,.T.);
#1266=EDGE_CURVE('',#1022,#1020,#839,.T.);
#1267=EDGE_CURVE('',#1019,#1021,#840,.T.);
#1268=EDGE_CURVE('',#1023,#1024,#841,.T.);
#1269=EDGE_CURVE('',#1024,#1022,#498,.T.);
#1270=EDGE_CURVE('',#1021,#1023,#499,.T.);
#1271=EDGE_CURVE('',#1025,#1026,#842,.T.);
#1272=EDGE_CURVE('',#1026,#1024,#843,.T.);
#1273=EDGE_CURVE('',#1023,#1025,#844,.T.);
#1274=EDGE_CURVE('',#1027,#1028,#845,.T.);
#1275=EDGE_CURVE('',#1028,#1026,#500,.T.);
#1276=EDGE_CURVE('',#1025,#1027,#501,.T.);
#1277=EDGE_CURVE('',#1029,#1030,#846,.T.);
#1278=EDGE_CURVE('',#1030,#1028,#847,.T.);
#1279=EDGE_CURVE('',#1027,#1029,#848,.T.);
#1280=EDGE_CURVE('',#1031,#1032,#849,.T.);
#1281=EDGE_CURVE('',#1032,#1030,#502,.T.);
#1282=EDGE_CURVE('',#1029,#1031,#503,.T.);
#1283=EDGE_CURVE('',#1033,#1034,#850,.T.);
#1284=EDGE_CURVE('',#1034,#1032,#851,.T.);
#1285=EDGE_CURVE('',#1031,#1033,#852,.T.);
#1286=EDGE_CURVE('',#1035,#1036,#853,.T.);
#1287=EDGE_CURVE('',#1036,#1034,#504,.T.);
#1288=EDGE_CURVE('',#1033,#1035,#505,.T.);
#1289=EDGE_CURVE('',#1037,#1038,#854,.T.);
#1290=EDGE_CURVE('',#1038,#1036,#855,.T.);
#1291=EDGE_CURVE('',#1035,#1037,#856,.T.);
#1292=EDGE_CURVE('',#1039,#1040,#857,.T.);
#1293=EDGE_CURVE('',#1040,#1038,#506,.T.);
#1294=EDGE_CURVE('',#1037,#1039,#507,.T.);
#1295=EDGE_CURVE('',#1041,#1042,#858,.T.);
#1296=EDGE_CURVE('',#1042,#1040,#859,.T.);
#1297=EDGE_CURVE('',#1039,#1041,#860,.T.);
#1298=EDGE_CURVE('',#1043,#1044,#861,.T.);
#1299=EDGE_CURVE('',#1044,#1042,#508,.T.);
#1300=EDGE_CURVE('',#1041,#1043,#509,.T.);
#1301=EDGE_CURVE('',#1045,#1046,#862,.T.);
#1302=EDGE_CURVE('',#1046,#1044,#863,.T.);
#1303=EDGE_CURVE('',#1043,#1045,#864,.T.);
#1304=EDGE_CURVE('',#1047,#1048,#865,.T.);
#1305=EDGE_CURVE('',#1048,#1046,#510,.T.);
#1306=EDGE_CURVE('',#1045,#1047,#511,.T.);
#1307=EDGE_CURVE('',#1049,#1050,#866,.T.);
#1308=EDGE_CURVE('',#1050,#1048,#867,.T.);
#1309=EDGE_CURVE('',#1047,#1049,#868,.T.);
#1310=EDGE_CURVE('',#1051,#1052,#869,.T.);
#1311=EDGE_CURVE('',#1052,#1053,#870,.T.);
#1312=EDGE_CURVE('',#1053,#1054,#871,.T.);
#1313=EDGE_CURVE('',#1054,#1051,#872,.T.);
#1314=EDGE_CURVE('',#1055,#1056,#873,.T.);
#1315=EDGE_CURVE('',#1056,#1052,#512,.T.);
#1316=EDGE_CURVE('',#1051,#1055,#513,.T.);
#1317=EDGE_CURVE('',#1057,#1058,#874,.T.);
#1318=EDGE_CURVE('',#1058,#1056,#875,.T.);
#1319=EDGE_CURVE('',#1055,#1057,#876,.T.);
#1320=EDGE_CURVE('',#1057,#1006,#514,.T.);
#1321=EDGE_CURVE('',#1005,#1058,#515,.T.);
#1322=EDGE_CURVE('',#1054,#1059,#877,.T.);
#1323=EDGE_CURVE('',#1059,#1060,#516,.T.);
#1324=EDGE_CURVE('',#1060,#1049,#878,.T.);
#1325=EDGE_CURVE('',#1049,#1054,#517,.T.);
#1326=EDGE_CURVE('',#1060,#1050,#879,.T.);
#1327=EDGE_CURVE('',#1053,#1059,#880,.T.);
#1328=EDGE_CURVE('',#1026,#1061,#518,.T.);
#1329=EDGE_CURVE('',#1061,#1062,#881,.T.);
#1330=EDGE_CURVE('',#1062,#1024,#519,.T.);
#1331=EDGE_CURVE('',#1063,#1028,#520,.T.);
#1332=EDGE_CURVE('',#1061,#1063,#521,.T.);
#1333=EDGE_CURVE('',#1030,#1064,#522,.T.);
#1334=EDGE_CURVE('',#1064,#1063,#882,.T.);
#1335=EDGE_CURVE('',#1065,#1032,#523,.T.);
#1336=EDGE_CURVE('',#1064,#1065,#524,.T.);
#1337=EDGE_CURVE('',#1034,#1066,#525,.T.);
#1338=EDGE_CURVE('',#1066,#1065,#883,.T.);
#1339=EDGE_CURVE('',#1067,#1036,#526,.T.);
#1340=EDGE_CURVE('',#1066,#1067,#527,.T.);
#1341=EDGE_CURVE('',#1038,#1068,#528,.T.);
#1342=EDGE_CURVE('',#1068,#1067,#884,.T.);
#1343=EDGE_CURVE('',#1069,#1040,#529,.T.);
#1344=EDGE_CURVE('',#1068,#1069,#530,.T.);
#1345=EDGE_CURVE('',#1042,#1070,#531,.T.);
#1346=EDGE_CURVE('',#1070,#1069,#885,.T.);
#1347=EDGE_CURVE('',#1071,#1044,#532,.T.);
#1348=EDGE_CURVE('',#1070,#1071,#533,.T.);
#1349=EDGE_CURVE('',#1046,#1072,#534,.T.);
#1350=EDGE_CURVE('',#1072,#1071,#886,.T.);
#1351=EDGE_CURVE('',#1073,#1048,#535,.T.);
#1352=EDGE_CURVE('',#1072,#1073,#536,.T.);
#1353=EDGE_CURVE('',#1074,#1050,#537,.T.);
#1354=EDGE_CURVE('',#1074,#1073,#887,.T.);
#1355=EDGE_CURVE('',#1060,#1075,#538,.T.);
#1356=EDGE_CURVE('',#1075,#1074,#888,.T.);
#1357=EDGE_CURVE('',#1076,#1059,#539,.T.);
#1358=EDGE_CURVE('',#1075,#1076,#540,.T.);
#1359=EDGE_CURVE('',#1077,#1077,#889,.T.);
#1360=EDGE_CURVE('',#1077,#1078,#541,.T.);
#1361=EDGE_CURVE('',#1078,#1078,#890,.T.);
#1362=EDGE_CURVE('',#1079,#1079,#891,.T.);
#1363=EDGE_CURVE('',#1079,#1080,#542,.T.);
#1364=EDGE_CURVE('',#1080,#1080,#892,.T.);
#1365=EDGE_CURVE('',#1081,#1081,#893,.T.);
#1366=EDGE_CURVE('',#1081,#1082,#543,.T.);
#1367=EDGE_CURVE('',#1082,#1082,#894,.T.);
#1368=EDGE_CURVE('',#1083,#1083,#895,.T.);
#1369=EDGE_CURVE('',#1083,#1084,#544,.T.);
#1370=EDGE_CURVE('',#1084,#1084,#896,.T.);
#1371=EDGE_CURVE('',#1085,#1085,#897,.T.);
#1372=EDGE_CURVE('',#1085,#1086,#545,.T.);
#1373=EDGE_CURVE('',#1086,#1086,#898,.T.);
#1374=EDGE_CURVE('',#1087,#1087,#899,.T.);
#1375=EDGE_CURVE('',#1087,#1088,#546,.T.);
#1376=EDGE_CURVE('',#1088,#1088,#900,.T.);
#1377=EDGE_CURVE('',#1089,#1089,#901,.T.);
#1378=EDGE_CURVE('',#1089,#1090,#547,.T.);
#1379=EDGE_CURVE('',#1090,#1090,#902,.T.);
#1380=EDGE_CURVE('',#1091,#1091,#903,.T.);
#1381=EDGE_CURVE('',#1091,#1092,#548,.T.);
#1382=EDGE_CURVE('',#1092,#1092,#904,.T.);
#1383=EDGE_CURVE('',#1053,#1093,#549,.T.);
#1384=EDGE_CURVE('',#1093,#1076,#905,.T.);
#1385=EDGE_CURVE('',#1094,#964,#906,.T.);
#1386=EDGE_CURVE('',#1094,#1095,#550,.T.);
#1387=EDGE_CURVE('',#1096,#1095,#907,.T.);
#1388=EDGE_CURVE('',#1096,#1097,#551,.T.);
#1389=EDGE_CURVE('',#1098,#1097,#908,.T.);
#1390=EDGE_CURVE('',#1098,#1062,#552,.T.);
#1391=EDGE_CURVE('',#1099,#1093,#909,.T.);
#1392=EDGE_CURVE('',#1099,#1100,#553,.T.);
#1393=EDGE_CURVE('',#1101,#1100,#910,.T.);
#1394=EDGE_CURVE('',#1101,#1102,#554,.T.);
#1395=EDGE_CURVE('',#1103,#1102,#911,.T.);
#1396=EDGE_CURVE('',#1103,#1104,#555,.T.);
#1397=EDGE_CURVE('',#969,#1104,#912,.T.);
#1398=EDGE_CURVE('',#1105,#1004,#556,.T.);
#1399=EDGE_CURVE('',#1003,#1106,#557,.T.);
#1400=EDGE_CURVE('',#1107,#1106,#913,.T.);
#1401=EDGE_CURVE('',#1107,#1108,#558,.T.);
#1402=EDGE_CURVE('',#1109,#1108,#914,.T.);
#1403=EDGE_CURVE('',#1109,#1110,#559,.T.);
#1404=EDGE_CURVE('',#1111,#1110,#915,.T.);
#1405=EDGE_CURVE('',#1111,#1112,#560,.T.);
#1406=EDGE_CURVE('',#1113,#1112,#916,.T.);
#1407=EDGE_CURVE('',#1113,#1114,#561,.T.);
#1408=EDGE_CURVE('',#1115,#1114,#917,.T.);
#1409=EDGE_CURVE('',#1115,#1116,#562,.T.);
#1410=EDGE_CURVE('',#1117,#1116,#918,.T.);
#1411=EDGE_CURVE('',#1117,#1118,#563,.T.);
#1412=EDGE_CURVE('',#1119,#1118,#919,.T.);
#1413=EDGE_CURVE('',#1119,#1120,#564,.T.);
#1414=EDGE_CURVE('',#1121,#1120,#920,.T.);
#1415=EDGE_CURVE('',#1121,#1122,#565,.T.);
#1416=EDGE_CURVE('',#1123,#1122,#921,.T.);
#1417=EDGE_CURVE('',#1123,#1124,#566,.T.);
#1418=EDGE_CURVE('',#1125,#1124,#922,.T.);
#1419=EDGE_CURVE('',#1125,#1105,#923,.F.);
#1420=EDGE_CURVE('',#1052,#1099,#567,.T.);
#1421=EDGE_CURVE('',#1022,#1098,#568,.T.);
#1422=EDGE_CURVE('',#1126,#1126,#924,.T.);
#1423=EDGE_CURVE('',#1126,#1127,#569,.T.);
#1424=EDGE_CURVE('',#1127,#1127,#925,.T.);
#1425=EDGE_CURVE('',#1128,#1128,#926,.T.);
#1426=EDGE_CURVE('',#1128,#1129,#570,.T.);
#1427=EDGE_CURVE('',#1129,#1129,#927,.T.);
#1428=EDGE_CURVE('',#1130,#1130,#928,.T.);
#1429=EDGE_CURVE('',#1130,#1131,#571,.T.);
#1430=EDGE_CURVE('',#1131,#1131,#929,.T.);
#1431=EDGE_CURVE('',#1132,#1132,#930,.T.);
#1432=EDGE_CURVE('',#1132,#1133,#572,.T.);
#1433=EDGE_CURVE('',#1133,#1133,#931,.T.);
#1434=EDGE_CURVE('',#1134,#1134,#932,.T.);
#1435=EDGE_CURVE('',#1134,#1135,#573,.T.);
#1436=EDGE_CURVE('',#1135,#1135,#933,.T.);
#1437=EDGE_CURVE('',#1136,#1136,#934,.T.);
#1438=EDGE_CURVE('',#1136,#1137,#574,.T.);
#1439=EDGE_CURVE('',#1137,#1137,#935,.T.);
#1440=EDGE_CURVE('',#1138,#1138,#936,.T.);
#1441=EDGE_CURVE('',#1138,#1139,#575,.T.);
#1442=EDGE_CURVE('',#1139,#1139,#937,.T.);
#1443=EDGE_CURVE('',#1140,#1140,#938,.T.);
#1444=EDGE_CURVE('',#1140,#1141,#576,.T.);
#1445=EDGE_CURVE('',#1141,#1141,#939,.T.);
#1446=EDGE_CURVE('',#1142,#1143,#940,.T.);
#1447=EDGE_CURVE('',#1142,#1111,#577,.T.);
#1448=EDGE_CURVE('',#1110,#1143,#578,.T.);
#1449=EDGE_CURVE('',#1142,#1144,#579,.T.);
#1450=EDGE_CURVE('',#1112,#1144,#580,.T.);
#1451=EDGE_CURVE('',#1145,#1144,#941,.T.);
#1452=EDGE_CURVE('',#1145,#1113,#581,.T.);
#1453=EDGE_CURVE('',#1145,#1146,#582,.T.);
#1454=EDGE_CURVE('',#1114,#1146,#583,.T.);
#1455=EDGE_CURVE('',#1125,#1147,#584,.T.);
#1456=EDGE_CURVE('',#1148,#1147,#942,.T.);
#1457=EDGE_CURVE('',#1148,#1105,#585,.T.);
#1458=EDGE_CURVE('',#1148,#1001,#586,.T.);
#1459=EDGE_CURVE('',#1149,#1143,#587,.T.);
#1460=EDGE_CURVE('',#1150,#1149,#943,.F.);
#1461=EDGE_CURVE('',#1151,#1150,#588,.T.);
#1462=EDGE_CURVE('',#1151,#1152,#944,.T.);
#1463=EDGE_CURVE('',#1002,#1152,#589,.T.);
#1464=EDGE_CURVE('',#1153,#1147,#945,.F.);
#1465=EDGE_CURVE('',#1154,#1153,#590,.T.);
#1466=EDGE_CURVE('',#1154,#1155,#946,.T.);
#1467=EDGE_CURVE('',#1156,#1155,#591,.T.);
#1468=EDGE_CURVE('',#1156,#1157,#947,.T.);
#1469=EDGE_CURVE('',#1158,#1157,#592,.T.);
#1470=EDGE_CURVE('',#1159,#1158,#948,.F.);
#1471=EDGE_CURVE('',#1160,#1159,#593,.T.);
#1472=EDGE_CURVE('',#1160,#1161,#949,.T.);
#1473=EDGE_CURVE('',#1162,#1161,#594,.T.);
#1474=EDGE_CURVE('',#1146,#1162,#950,.F.);
#1475=EDGE_CURVE('',#1124,#1153,#595,.T.);
#1476=EDGE_CURVE('',#1154,#1123,#596,.T.);
#1477=EDGE_CURVE('',#1106,#1152,#597,.T.);
#1478=EDGE_CURVE('',#1108,#1150,#598,.T.);
#1479=EDGE_CURVE('',#1149,#1109,#599,.T.);
#1480=EDGE_CURVE('',#1151,#1107,#600,.T.);
#1481=EDGE_CURVE('',#1097,#1020,#601,.T.);
#1482=EDGE_CURVE('',#1014,#1094,#602,.T.);
#1483=EDGE_CURVE('',#1018,#1096,#603,.T.);
#1484=EDGE_CURVE('',#1095,#1016,#604,.T.);
#1485=EDGE_CURVE('',#1104,#1010,#605,.T.);
#1486=EDGE_CURVE('',#1008,#1103,#606,.T.);
#1487=EDGE_CURVE('',#1102,#1005,#607,.T.);
#1488=EDGE_CURVE('',#1058,#1101,#608,.T.);
#1489=EDGE_CURVE('',#1100,#1056,#609,.T.);
#1490=EDGE_CURVE('',#1118,#1159,#610,.T.);
#1491=EDGE_CURVE('',#1158,#1119,#611,.T.);
#1492=EDGE_CURVE('',#1160,#1117,#612,.T.);
#1493=EDGE_CURVE('',#1116,#1161,#613,.T.);
#1494=EDGE_CURVE('',#1162,#1115,#614,.T.);
#1495=EDGE_CURVE('',#1156,#1121,#615,.T.);
#1496=EDGE_CURVE('',#1120,#1157,#616,.T.);
#1497=EDGE_CURVE('',#1122,#1155,#617,.T.);
#1498=ORIENTED_EDGE('',*,*,#1163,.T.);
#1499=ORIENTED_EDGE('',*,*,#1164,.T.);
#1500=ORIENTED_EDGE('',*,*,#1165,.T.);
#1501=ORIENTED_EDGE('',*,*,#1166,.T.);
#1502=ORIENTED_EDGE('',*,*,#1165,.F.);
#1503=ORIENTED_EDGE('',*,*,#1167,.F.);
#1504=ORIENTED_EDGE('',*,*,#1168,.F.);
#1505=ORIENTED_EDGE('',*,*,#1169,.F.);
#1506=ORIENTED_EDGE('',*,*,#1170,.F.);
#1507=ORIENTED_EDGE('',*,*,#1171,.T.);
#1508=ORIENTED_EDGE('',*,*,#1164,.F.);
#1509=ORIENTED_EDGE('',*,*,#1172,.T.);
#1510=ORIENTED_EDGE('',*,*,#1173,.F.);
#1511=ORIENTED_EDGE('',*,*,#1167,.T.);
#1512=ORIENTED_EDGE('',*,*,#1168,.T.);
#1513=ORIENTED_EDGE('',*,*,#1173,.T.);
#1514=ORIENTED_EDGE('',*,*,#1174,.T.);
#1515=ORIENTED_EDGE('',*,*,#1175,.T.);
#1516=ORIENTED_EDGE('',*,*,#1166,.F.);
#1517=ORIENTED_EDGE('',*,*,#1171,.F.);
#1518=ORIENTED_EDGE('',*,*,#1176,.F.);
#1519=ORIENTED_EDGE('',*,*,#1177,.T.);
#1520=ORIENTED_EDGE('',*,*,#1175,.F.);
#1521=ORIENTED_EDGE('',*,*,#1178,.F.);
#1522=ORIENTED_EDGE('',*,*,#1179,.F.);
#1523=ORIENTED_EDGE('',*,*,#1169,.T.);
#1524=ORIENTED_EDGE('',*,*,#1176,.T.);
#1525=ORIENTED_EDGE('',*,*,#1180,.F.);
#1526=ORIENTED_EDGE('',*,*,#1181,.F.);
#1527=ORIENTED_EDGE('',*,*,#1182,.F.);
#1528=ORIENTED_EDGE('',*,*,#1183,.T.);
#1529=ORIENTED_EDGE('',*,*,#1184,.T.);
#1530=ORIENTED_EDGE('',*,*,#1185,.T.);
#1531=ORIENTED_EDGE('',*,*,#1186,.T.);
#1532=ORIENTED_EDGE('',*,*,#1179,.T.);
#1533=ORIENTED_EDGE('',*,*,#1187,.F.);
#1534=ORIENTED_EDGE('',*,*,#1188,.F.);
#1535=ORIENTED_EDGE('',*,*,#1189,.F.);
#1536=ORIENTED_EDGE('',*,*,#1190,.T.);
#1537=ORIENTED_EDGE('',*,*,#1191,.T.);
#1538=ORIENTED_EDGE('',*,*,#1192,.T.);
#1539=ORIENTED_EDGE('',*,*,#1193,.T.);
#1540=ORIENTED_EDGE('',*,*,#1194,.F.);
#1541=ORIENTED_EDGE('',*,*,#1195,.T.);
#1542=ORIENTED_EDGE('',*,*,#1196,.T.);
#1543=ORIENTED_EDGE('',*,*,#1197,.T.);
#1544=ORIENTED_EDGE('',*,*,#1195,.F.);
#1545=ORIENTED_EDGE('',*,*,#1198,.T.);
#1546=ORIENTED_EDGE('',*,*,#1199,.F.);
#1547=ORIENTED_EDGE('',*,*,#1200,.F.);
#1548=ORIENTED_EDGE('',*,*,#1201,.F.);
#1549=ORIENTED_EDGE('',*,*,#1202,.T.);
#1550=ORIENTED_EDGE('',*,*,#1203,.T.);
#1551=ORIENTED_EDGE('',*,*,#1204,.T.);
#1552=ORIENTED_EDGE('',*,*,#1194,.T.);
#1553=ORIENTED_EDGE('',*,*,#1205,.F.);
#1554=ORIENTED_EDGE('',*,*,#1201,.T.);
#1555=ORIENTED_EDGE('',*,*,#1206,.F.);
#1556=ORIENTED_EDGE('',*,*,#1207,.T.);
#1557=ORIENTED_EDGE('',*,*,#1208,.F.);
#1558=ORIENTED_EDGE('',*,*,#1209,.T.);
#1559=ORIENTED_EDGE('',*,*,#1198,.F.);
#1560=ORIENTED_EDGE('',*,*,#1204,.F.);
#1561=ORIENTED_EDGE('',*,*,#1210,.F.);
#1562=ORIENTED_EDGE('',*,*,#1211,.F.);
#1563=ORIENTED_EDGE('',*,*,#1206,.T.);
#1564=ORIENTED_EDGE('',*,*,#1207,.F.);
#1565=ORIENTED_EDGE('',*,*,#1211,.T.);
#1566=ORIENTED_EDGE('',*,*,#1212,.T.);
#1567=ORIENTED_EDGE('',*,*,#1213,.T.);
#1568=ORIENTED_EDGE('',*,*,#1213,.F.);
#1569=ORIENTED_EDGE('',*,*,#1214,.F.);
#1570=ORIENTED_EDGE('',*,*,#1215,.F.);
#1571=ORIENTED_EDGE('',*,*,#1208,.T.);
#1572=ORIENTED_EDGE('',*,*,#1209,.F.);
#1573=ORIENTED_EDGE('',*,*,#1215,.T.);
#1574=ORIENTED_EDGE('',*,*,#1216,.T.);
#1575=ORIENTED_EDGE('',*,*,#1199,.T.);
#1576=ORIENTED_EDGE('',*,*,#1197,.F.);
#1577=ORIENTED_EDGE('',*,*,#1217,.F.);
#1578=ORIENTED_EDGE('',*,*,#1202,.F.);
#1579=ORIENTED_EDGE('',*,*,#1205,.T.);
#1580=ORIENTED_EDGE('',*,*,#1190,.F.);
#1581=ORIENTED_EDGE('',*,*,#1218,.T.);
#1582=ORIENTED_EDGE('',*,*,#1219,.F.);
#1583=ORIENTED_EDGE('',*,*,#1218,.F.);
#1584=ORIENTED_EDGE('',*,*,#1183,.F.);
#1585=ORIENTED_EDGE('',*,*,#1220,.T.);
#1586=ORIENTED_EDGE('',*,*,#1221,.F.);
#1587=ORIENTED_EDGE('',*,*,#1220,.F.);
#1588=ORIENTED_EDGE('',*,*,#1184,.F.);
#1589=ORIENTED_EDGE('',*,*,#1222,.T.);
#1590=ORIENTED_EDGE('',*,*,#1223,.F.);
#1591=ORIENTED_EDGE('',*,*,#1222,.F.);
#1592=ORIENTED_EDGE('',*,*,#1191,.F.);
#1593=ORIENTED_EDGE('',*,*,#1224,.T.);
#1594=ORIENTED_EDGE('',*,*,#1225,.F.);
#1595=ORIENTED_EDGE('',*,*,#1224,.F.);
#1596=ORIENTED_EDGE('',*,*,#1192,.F.);
#1597=ORIENTED_EDGE('',*,*,#1226,.T.);
#1598=ORIENTED_EDGE('',*,*,#1227,.F.);
#1599=ORIENTED_EDGE('',*,*,#1226,.F.);
#1600=ORIENTED_EDGE('',*,*,#1185,.F.);
#1601=ORIENTED_EDGE('',*,*,#1228,.T.);
#1602=ORIENTED_EDGE('',*,*,#1229,.F.);
#1603=ORIENTED_EDGE('',*,*,#1228,.F.);
#1604=ORIENTED_EDGE('',*,*,#1186,.F.);
#1605=ORIENTED_EDGE('',*,*,#1230,.T.);
#1606=ORIENTED_EDGE('',*,*,#1231,.F.);
#1607=ORIENTED_EDGE('',*,*,#1230,.F.);
#1608=ORIENTED_EDGE('',*,*,#1193,.F.);
#1609=ORIENTED_EDGE('',*,*,#1232,.T.);
#1610=ORIENTED_EDGE('',*,*,#1233,.F.);
#1611=ORIENTED_EDGE('',*,*,#1234,.F.);
#1612=ORIENTED_EDGE('',*,*,#1235,.F.);
#1613=ORIENTED_EDGE('',*,*,#1232,.F.);
#1614=ORIENTED_EDGE('',*,*,#1233,.T.);
#1615=ORIENTED_EDGE('',*,*,#1235,.T.);
#1616=ORIENTED_EDGE('',*,*,#1236,.T.);
#1617=ORIENTED_EDGE('',*,*,#1237,.F.);
#1618=ORIENTED_EDGE('',*,*,#1238,.T.);
#1619=ORIENTED_EDGE('',*,*,#1239,.T.);
#1620=ORIENTED_EDGE('',*,*,#1240,.T.);
#1621=ORIENTED_EDGE('',*,*,#1241,.T.);
#1622=ORIENTED_EDGE('',*,*,#1242,.T.);
#1623=ORIENTED_EDGE('',*,*,#1243,.T.);
#1624=ORIENTED_EDGE('',*,*,#1244,.T.);
#1625=ORIENTED_EDGE('',*,*,#1245,.T.);
#1626=ORIENTED_EDGE('',*,*,#1246,.T.);
#1627=ORIENTED_EDGE('',*,*,#1243,.F.);
#1628=ORIENTED_EDGE('',*,*,#1247,.T.);
#1629=ORIENTED_EDGE('',*,*,#1248,.T.);
#1630=ORIENTED_EDGE('',*,*,#1249,.T.);
#1631=ORIENTED_EDGE('',*,*,#1245,.F.);
#1632=ORIENTED_EDGE('',*,*,#1250,.T.);
#1633=ORIENTED_EDGE('',*,*,#1251,.T.);
#1634=ORIENTED_EDGE('',*,*,#1180,.T.);
#1635=ORIENTED_EDGE('',*,*,#1170,.T.);
#1636=ORIENTED_EDGE('',*,*,#1189,.T.);
#1637=ORIENTED_EDGE('',*,*,#1248,.F.);
#1638=ORIENTED_EDGE('',*,*,#1252,.T.);
#1639=ORIENTED_EDGE('',*,*,#1253,.T.);
#1640=ORIENTED_EDGE('',*,*,#1254,.T.);
#1641=ORIENTED_EDGE('',*,*,#1251,.F.);
#1642=ORIENTED_EDGE('',*,*,#1255,.T.);
#1643=ORIENTED_EDGE('',*,*,#1256,.T.);
#1644=ORIENTED_EDGE('',*,*,#1257,.T.);
#1645=ORIENTED_EDGE('',*,*,#1253,.F.);
#1646=ORIENTED_EDGE('',*,*,#1258,.T.);
#1647=ORIENTED_EDGE('',*,*,#1259,.T.);
#1648=ORIENTED_EDGE('',*,*,#1260,.T.);
#1649=ORIENTED_EDGE('',*,*,#1256,.F.);
#1650=ORIENTED_EDGE('',*,*,#1261,.T.);
#1651=ORIENTED_EDGE('',*,*,#1262,.T.);
#1652=ORIENTED_EDGE('',*,*,#1263,.T.);
#1653=ORIENTED_EDGE('',*,*,#1259,.F.);
#1654=ORIENTED_EDGE('',*,*,#1264,.T.);
#1655=ORIENTED_EDGE('',*,*,#1265,.T.);
#1656=ORIENTED_EDGE('',*,*,#1266,.T.);
#1657=ORIENTED_EDGE('',*,*,#1262,.F.);
#1658=ORIENTED_EDGE('',*,*,#1267,.T.);
#1659=ORIENTED_EDGE('',*,*,#1268,.T.);
#1660=ORIENTED_EDGE('',*,*,#1269,.T.);
#1661=ORIENTED_EDGE('',*,*,#1265,.F.);
#1662=ORIENTED_EDGE('',*,*,#1270,.T.);
#1663=ORIENTED_EDGE('',*,*,#1271,.T.);
#1664=ORIENTED_EDGE('',*,*,#1272,.T.);
#1665=ORIENTED_EDGE('',*,*,#1268,.F.);
#1666=ORIENTED_EDGE('',*,*,#1273,.T.);
#1667=ORIENTED_EDGE('',*,*,#1274,.T.);
#1668=ORIENTED_EDGE('',*,*,#1275,.T.);
#1669=ORIENTED_EDGE('',*,*,#1271,.F.);
#1670=ORIENTED_EDGE('',*,*,#1276,.T.);
#1671=ORIENTED_EDGE('',*,*,#1277,.T.);
#1672=ORIENTED_EDGE('',*,*,#1278,.T.);
#1673=ORIENTED_EDGE('',*,*,#1274,.F.);
#1674=ORIENTED_EDGE('',*,*,#1279,.T.);
#1675=ORIENTED_EDGE('',*,*,#1280,.T.);
#1676=ORIENTED_EDGE('',*,*,#1281,.T.);
#1677=ORIENTED_EDGE('',*,*,#1277,.F.);
#1678=ORIENTED_EDGE('',*,*,#1282,.T.);
#1679=ORIENTED_EDGE('',*,*,#1283,.T.);
#1680=ORIENTED_EDGE('',*,*,#1284,.T.);
#1681=ORIENTED_EDGE('',*,*,#1280,.F.);
#1682=ORIENTED_EDGE('',*,*,#1285,.T.);
#1683=ORIENTED_EDGE('',*,*,#1286,.T.);
#1684=ORIENTED_EDGE('',*,*,#1287,.T.);
#1685=ORIENTED_EDGE('',*,*,#1283,.F.);
#1686=ORIENTED_EDGE('',*,*,#1288,.T.);
#1687=ORIENTED_EDGE('',*,*,#1289,.T.);
#1688=ORIENTED_EDGE('',*,*,#1290,.T.);
#1689=ORIENTED_EDGE('',*,*,#1286,.F.);
#1690=ORIENTED_EDGE('',*,*,#1291,.T.);
#1691=ORIENTED_EDGE('',*,*,#1292,.T.);
#1692=ORIENTED_EDGE('',*,*,#1293,.T.);
#1693=ORIENTED_EDGE('',*,*,#1289,.F.);
#1694=ORIENTED_EDGE('',*,*,#1294,.T.);
#1695=ORIENTED_EDGE('',*,*,#1295,.T.);
#1696=ORIENTED_EDGE('',*,*,#1296,.T.);
#1697=ORIENTED_EDGE('',*,*,#1292,.F.);
#1698=ORIENTED_EDGE('',*,*,#1297,.T.);
#1699=ORIENTED_EDGE('',*,*,#1298,.T.);
#1700=ORIENTED_EDGE('',*,*,#1299,.T.);
#1701=ORIENTED_EDGE('',*,*,#1295,.F.);
#1702=ORIENTED_EDGE('',*,*,#1300,.T.);
#1703=ORIENTED_EDGE('',*,*,#1301,.T.);
#1704=ORIENTED_EDGE('',*,*,#1302,.T.);
#1705=ORIENTED_EDGE('',*,*,#1298,.F.);
#1706=ORIENTED_EDGE('',*,*,#1303,.T.);
#1707=ORIENTED_EDGE('',*,*,#1304,.T.);
#1708=ORIENTED_EDGE('',*,*,#1305,.T.);
#1709=ORIENTED_EDGE('',*,*,#1301,.F.);
#1710=ORIENTED_EDGE('',*,*,#1306,.T.);
#1711=ORIENTED_EDGE('',*,*,#1307,.T.);
#1712=ORIENTED_EDGE('',*,*,#1308,.T.);
#1713=ORIENTED_EDGE('',*,*,#1304,.F.);
#1714=ORIENTED_EDGE('',*,*,#1309,.T.);
#1715=ORIENTED_EDGE('',*,*,#1310,.T.);
#1716=ORIENTED_EDGE('',*,*,#1311,.T.);
#1717=ORIENTED_EDGE('',*,*,#1312,.T.);
#1718=ORIENTED_EDGE('',*,*,#1313,.T.);
#1719=ORIENTED_EDGE('',*,*,#1314,.T.);
#1720=ORIENTED_EDGE('',*,*,#1315,.T.);
#1721=ORIENTED_EDGE('',*,*,#1310,.F.);
#1722=ORIENTED_EDGE('',*,*,#1316,.T.);
#1723=ORIENTED_EDGE('',*,*,#1317,.T.);
#1724=ORIENTED_EDGE('',*,*,#1318,.T.);
#1725=ORIENTED_EDGE('',*,*,#1314,.F.);
#1726=ORIENTED_EDGE('',*,*,#1319,.T.);
#1727=ORIENTED_EDGE('',*,*,#1317,.F.);
#1728=ORIENTED_EDGE('',*,*,#1320,.T.);
#1729=ORIENTED_EDGE('',*,*,#1241,.F.);
#1730=ORIENTED_EDGE('',*,*,#1321,.T.);
#1731=ORIENTED_EDGE('',*,*,#1322,.T.);
#1732=ORIENTED_EDGE('',*,*,#1323,.T.);
#1733=ORIENTED_EDGE('',*,*,#1324,.T.);
#1734=ORIENTED_EDGE('',*,*,#1325,.T.);
#1735=ORIENTED_EDGE('',*,*,#1324,.F.);
#1736=ORIENTED_EDGE('',*,*,#1326,.T.);
#1737=ORIENTED_EDGE('',*,*,#1307,.F.);
#1738=ORIENTED_EDGE('',*,*,#1312,.F.);
#1739=ORIENTED_EDGE('',*,*,#1327,.T.);
#1740=ORIENTED_EDGE('',*,*,#1322,.F.);
#1741=ORIENTED_EDGE('',*,*,#1272,.F.);
#1742=ORIENTED_EDGE('',*,*,#1328,.T.);
#1743=ORIENTED_EDGE('',*,*,#1329,.T.);
#1744=ORIENTED_EDGE('',*,*,#1330,.T.);
#1745=ORIENTED_EDGE('',*,*,#1275,.F.);
#1746=ORIENTED_EDGE('',*,*,#1331,.F.);
#1747=ORIENTED_EDGE('',*,*,#1332,.F.);
#1748=ORIENTED_EDGE('',*,*,#1328,.F.);
#1749=ORIENTED_EDGE('',*,*,#1278,.F.);
#1750=ORIENTED_EDGE('',*,*,#1333,.T.);
#1751=ORIENTED_EDGE('',*,*,#1334,.T.);
#1752=ORIENTED_EDGE('',*,*,#1331,.T.);
#1753=ORIENTED_EDGE('',*,*,#1281,.F.);
#1754=ORIENTED_EDGE('',*,*,#1335,.F.);
#1755=ORIENTED_EDGE('',*,*,#1336,.F.);
#1756=ORIENTED_EDGE('',*,*,#1333,.F.);
#1757=ORIENTED_EDGE('',*,*,#1284,.F.);
#1758=ORIENTED_EDGE('',*,*,#1337,.T.);
#1759=ORIENTED_EDGE('',*,*,#1338,.T.);
#1760=ORIENTED_EDGE('',*,*,#1335,.T.);
#1761=ORIENTED_EDGE('',*,*,#1287,.F.);
#1762=ORIENTED_EDGE('',*,*,#1339,.F.);
#1763=ORIENTED_EDGE('',*,*,#1340,.F.);
#1764=ORIENTED_EDGE('',*,*,#1337,.F.);
#1765=ORIENTED_EDGE('',*,*,#1290,.F.);
#1766=ORIENTED_EDGE('',*,*,#1341,.T.);
#1767=ORIENTED_EDGE('',*,*,#1342,.T.);
#1768=ORIENTED_EDGE('',*,*,#1339,.T.);
#1769=ORIENTED_EDGE('',*,*,#1293,.F.);
#1770=ORIENTED_EDGE('',*,*,#1343,.F.);
#1771=ORIENTED_EDGE('',*,*,#1344,.F.);
#1772=ORIENTED_EDGE('',*,*,#1341,.F.);
#1773=ORIENTED_EDGE('',*,*,#1296,.F.);
#1774=ORIENTED_EDGE('',*,*,#1345,.T.);
#1775=ORIENTED_EDGE('',*,*,#1346,.T.);
#1776=ORIENTED_EDGE('',*,*,#1343,.T.);
#1777=ORIENTED_EDGE('',*,*,#1299,.F.);
#1778=ORIENTED_EDGE('',*,*,#1347,.F.);
#1779=ORIENTED_EDGE('',*,*,#1348,.F.);
#1780=ORIENTED_EDGE('',*,*,#1345,.F.);
#1781=ORIENTED_EDGE('',*,*,#1302,.F.);
#1782=ORIENTED_EDGE('',*,*,#1349,.T.);
#1783=ORIENTED_EDGE('',*,*,#1350,.T.);
#1784=ORIENTED_EDGE('',*,*,#1347,.T.);
#1785=ORIENTED_EDGE('',*,*,#1305,.F.);
#1786=ORIENTED_EDGE('',*,*,#1351,.F.);
#1787=ORIENTED_EDGE('',*,*,#1352,.F.);
#1788=ORIENTED_EDGE('',*,*,#1349,.F.);
#1789=ORIENTED_EDGE('',*,*,#1308,.F.);
#1790=ORIENTED_EDGE('',*,*,#1353,.F.);
#1791=ORIENTED_EDGE('',*,*,#1354,.T.);
#1792=ORIENTED_EDGE('',*,*,#1351,.T.);
#1793=ORIENTED_EDGE('',*,*,#1326,.F.);
#1794=ORIENTED_EDGE('',*,*,#1355,.T.);
#1795=ORIENTED_EDGE('',*,*,#1356,.T.);
#1796=ORIENTED_EDGE('',*,*,#1353,.T.);
#1797=ORIENTED_EDGE('',*,*,#1323,.F.);
#1798=ORIENTED_EDGE('',*,*,#1357,.F.);
#1799=ORIENTED_EDGE('',*,*,#1358,.F.);
#1800=ORIENTED_EDGE('',*,*,#1355,.F.);
#1801=ORIENTED_EDGE('',*,*,#1210,.T.);
#1802=ORIENTED_EDGE('',*,*,#1203,.F.);
#1803=ORIENTED_EDGE('',*,*,#1217,.T.);
#1804=ORIENTED_EDGE('',*,*,#1196,.F.);
#1805=ORIENTED_EDGE('',*,*,#1200,.T.);
#1806=ORIENTED_EDGE('',*,*,#1216,.F.);
#1807=ORIENTED_EDGE('',*,*,#1214,.T.);
#1808=ORIENTED_EDGE('',*,*,#1212,.F.);
#1809=ORIENTED_EDGE('',*,*,#1313,.F.);
#1810=ORIENTED_EDGE('',*,*,#1325,.F.);
#1811=ORIENTED_EDGE('',*,*,#1309,.F.);
#1812=ORIENTED_EDGE('',*,*,#1306,.F.);
#1813=ORIENTED_EDGE('',*,*,#1303,.F.);
#1814=ORIENTED_EDGE('',*,*,#1300,.F.);
#1815=ORIENTED_EDGE('',*,*,#1297,.F.);
#1816=ORIENTED_EDGE('',*,*,#1294,.F.);
#1817=ORIENTED_EDGE('',*,*,#1291,.F.);
#1818=ORIENTED_EDGE('',*,*,#1288,.F.);
#1819=ORIENTED_EDGE('',*,*,#1285,.F.);
#1820=ORIENTED_EDGE('',*,*,#1282,.F.);
#1821=ORIENTED_EDGE('',*,*,#1279,.F.);
#1822=ORIENTED_EDGE('',*,*,#1276,.F.);
#1823=ORIENTED_EDGE('',*,*,#1273,.F.);
#1824=ORIENTED_EDGE('',*,*,#1270,.F.);
#1825=ORIENTED_EDGE('',*,*,#1267,.F.);
#1826=ORIENTED_EDGE('',*,*,#1264,.F.);
#1827=ORIENTED_EDGE('',*,*,#1261,.F.);
#1828=ORIENTED_EDGE('',*,*,#1258,.F.);
#1829=ORIENTED_EDGE('',*,*,#1255,.F.);
#1830=ORIENTED_EDGE('',*,*,#1252,.F.);
#1831=ORIENTED_EDGE('',*,*,#1250,.F.);
#1832=ORIENTED_EDGE('',*,*,#1247,.F.);
#1833=ORIENTED_EDGE('',*,*,#1242,.F.);
#1834=ORIENTED_EDGE('',*,*,#1320,.F.);
#1835=ORIENTED_EDGE('',*,*,#1319,.F.);
#1836=ORIENTED_EDGE('',*,*,#1316,.F.);
#1837=ORIENTED_EDGE('',*,*,#1359,.F.);
#1838=ORIENTED_EDGE('',*,*,#1360,.T.);
#1839=ORIENTED_EDGE('',*,*,#1361,.T.);
#1840=ORIENTED_EDGE('',*,*,#1360,.F.);
#1841=ORIENTED_EDGE('',*,*,#1361,.F.);
#1842=ORIENTED_EDGE('',*,*,#1362,.F.);
#1843=ORIENTED_EDGE('',*,*,#1363,.T.);
#1844=ORIENTED_EDGE('',*,*,#1364,.T.);
#1845=ORIENTED_EDGE('',*,*,#1363,.F.);
#1846=ORIENTED_EDGE('',*,*,#1364,.F.);
#1847=ORIENTED_EDGE('',*,*,#1365,.F.);
#1848=ORIENTED_EDGE('',*,*,#1366,.T.);
#1849=ORIENTED_EDGE('',*,*,#1367,.T.);
#1850=ORIENTED_EDGE('',*,*,#1366,.F.);
#1851=ORIENTED_EDGE('',*,*,#1367,.F.);
#1852=ORIENTED_EDGE('',*,*,#1368,.F.);
#1853=ORIENTED_EDGE('',*,*,#1369,.T.);
#1854=ORIENTED_EDGE('',*,*,#1370,.T.);
#1855=ORIENTED_EDGE('',*,*,#1369,.F.);
#1856=ORIENTED_EDGE('',*,*,#1370,.F.);
#1857=ORIENTED_EDGE('',*,*,#1371,.F.);
#1858=ORIENTED_EDGE('',*,*,#1372,.T.);
#1859=ORIENTED_EDGE('',*,*,#1373,.T.);
#1860=ORIENTED_EDGE('',*,*,#1372,.F.);
#1861=ORIENTED_EDGE('',*,*,#1373,.F.);
#1862=ORIENTED_EDGE('',*,*,#1374,.F.);
#1863=ORIENTED_EDGE('',*,*,#1375,.T.);
#1864=ORIENTED_EDGE('',*,*,#1376,.T.);
#1865=ORIENTED_EDGE('',*,*,#1375,.F.);
#1866=ORIENTED_EDGE('',*,*,#1376,.F.);
#1867=ORIENTED_EDGE('',*,*,#1377,.F.);
#1868=ORIENTED_EDGE('',*,*,#1378,.T.);
#1869=ORIENTED_EDGE('',*,*,#1379,.T.);
#1870=ORIENTED_EDGE('',*,*,#1378,.F.);
#1871=ORIENTED_EDGE('',*,*,#1379,.F.);
#1872=ORIENTED_EDGE('',*,*,#1380,.F.);
#1873=ORIENTED_EDGE('',*,*,#1381,.T.);
#1874=ORIENTED_EDGE('',*,*,#1382,.T.);
#1875=ORIENTED_EDGE('',*,*,#1381,.F.);
#1876=ORIENTED_EDGE('',*,*,#1382,.F.);
#1877=ORIENTED_EDGE('',*,*,#1327,.F.);
#1878=ORIENTED_EDGE('',*,*,#1383,.T.);
#1879=ORIENTED_EDGE('',*,*,#1384,.T.);
#1880=ORIENTED_EDGE('',*,*,#1357,.T.);
#1881=ORIENTED_EDGE('',*,*,#1163,.F.);
#1882=ORIENTED_EDGE('',*,*,#1177,.F.);
#1883=ORIENTED_EDGE('',*,*,#1182,.T.);
#1884=ORIENTED_EDGE('',*,*,#1385,.F.);
#1885=ORIENTED_EDGE('',*,*,#1386,.T.);
#1886=ORIENTED_EDGE('',*,*,#1387,.F.);
#1887=ORIENTED_EDGE('',*,*,#1388,.T.);
#1888=ORIENTED_EDGE('',*,*,#1389,.F.);
#1889=ORIENTED_EDGE('',*,*,#1390,.T.);
#1890=ORIENTED_EDGE('',*,*,#1329,.F.);
#1891=ORIENTED_EDGE('',*,*,#1332,.T.);
#1892=ORIENTED_EDGE('',*,*,#1334,.F.);
#1893=ORIENTED_EDGE('',*,*,#1336,.T.);
#1894=ORIENTED_EDGE('',*,*,#1338,.F.);
#1895=ORIENTED_EDGE('',*,*,#1340,.T.);
#1896=ORIENTED_EDGE('',*,*,#1342,.F.);
#1897=ORIENTED_EDGE('',*,*,#1344,.T.);
#1898=ORIENTED_EDGE('',*,*,#1346,.F.);
#1899=ORIENTED_EDGE('',*,*,#1348,.T.);
#1900=ORIENTED_EDGE('',*,*,#1350,.F.);
#1901=ORIENTED_EDGE('',*,*,#1352,.T.);
#1902=ORIENTED_EDGE('',*,*,#1354,.F.);
#1903=ORIENTED_EDGE('',*,*,#1356,.F.);
#1904=ORIENTED_EDGE('',*,*,#1358,.T.);
#1905=ORIENTED_EDGE('',*,*,#1384,.F.);
#1906=ORIENTED_EDGE('',*,*,#1391,.F.);
#1907=ORIENTED_EDGE('',*,*,#1392,.T.);
#1908=ORIENTED_EDGE('',*,*,#1393,.F.);
#1909=ORIENTED_EDGE('',*,*,#1394,.T.);
#1910=ORIENTED_EDGE('',*,*,#1395,.F.);
#1911=ORIENTED_EDGE('',*,*,#1396,.T.);
#1912=ORIENTED_EDGE('',*,*,#1397,.F.);
#1913=ORIENTED_EDGE('',*,*,#1187,.T.);
#1914=ORIENTED_EDGE('',*,*,#1178,.T.);
#1915=ORIENTED_EDGE('',*,*,#1174,.F.);
#1916=ORIENTED_EDGE('',*,*,#1172,.F.);
#1917=ORIENTED_EDGE('',*,*,#1365,.T.);
#1918=ORIENTED_EDGE('',*,*,#1368,.T.);
#1919=ORIENTED_EDGE('',*,*,#1371,.T.);
#1920=ORIENTED_EDGE('',*,*,#1374,.T.);
#1921=ORIENTED_EDGE('',*,*,#1377,.T.);
#1922=ORIENTED_EDGE('',*,*,#1380,.T.);
#1923=ORIENTED_EDGE('',*,*,#1398,.T.);
#1924=ORIENTED_EDGE('',*,*,#1239,.F.);
#1925=ORIENTED_EDGE('',*,*,#1399,.T.);
#1926=ORIENTED_EDGE('',*,*,#1400,.F.);
#1927=ORIENTED_EDGE('',*,*,#1401,.T.);
#1928=ORIENTED_EDGE('',*,*,#1402,.F.);
#1929=ORIENTED_EDGE('',*,*,#1403,.T.);
#1930=ORIENTED_EDGE('',*,*,#1404,.F.);
#1931=ORIENTED_EDGE('',*,*,#1405,.T.);
#1932=ORIENTED_EDGE('',*,*,#1406,.F.);
#1933=ORIENTED_EDGE('',*,*,#1407,.T.);
#1934=ORIENTED_EDGE('',*,*,#1408,.F.);
#1935=ORIENTED_EDGE('',*,*,#1409,.T.);
#1936=ORIENTED_EDGE('',*,*,#1410,.F.);
#1937=ORIENTED_EDGE('',*,*,#1411,.T.);
#1938=ORIENTED_EDGE('',*,*,#1412,.F.);
#1939=ORIENTED_EDGE('',*,*,#1413,.T.);
#1940=ORIENTED_EDGE('',*,*,#1414,.F.);
#1941=ORIENTED_EDGE('',*,*,#1415,.T.);
#1942=ORIENTED_EDGE('',*,*,#1416,.F.);
#1943=ORIENTED_EDGE('',*,*,#1417,.T.);
#1944=ORIENTED_EDGE('',*,*,#1418,.F.);
#1945=ORIENTED_EDGE('',*,*,#1419,.T.);
#1946=ORIENTED_EDGE('',*,*,#1362,.T.);
#1947=ORIENTED_EDGE('',*,*,#1359,.T.);
#1948=ORIENTED_EDGE('',*,*,#1311,.F.);
#1949=ORIENTED_EDGE('',*,*,#1420,.T.);
#1950=ORIENTED_EDGE('',*,*,#1391,.T.);
#1951=ORIENTED_EDGE('',*,*,#1383,.F.);
#1952=ORIENTED_EDGE('',*,*,#1269,.F.);
#1953=ORIENTED_EDGE('',*,*,#1330,.F.);
#1954=ORIENTED_EDGE('',*,*,#1390,.F.);
#1955=ORIENTED_EDGE('',*,*,#1421,.F.);
#1956=ORIENTED_EDGE('',*,*,#1422,.F.);
#1957=ORIENTED_EDGE('',*,*,#1423,.T.);
#1958=ORIENTED_EDGE('',*,*,#1424,.T.);
#1959=ORIENTED_EDGE('',*,*,#1423,.F.);
#1960=ORIENTED_EDGE('',*,*,#1424,.F.);
#1961=ORIENTED_EDGE('',*,*,#1425,.F.);
#1962=ORIENTED_EDGE('',*,*,#1426,.T.);
#1963=ORIENTED_EDGE('',*,*,#1427,.T.);
#1964=ORIENTED_EDGE('',*,*,#1426,.F.);
#1965=ORIENTED_EDGE('',*,*,#1427,.F.);
#1966=ORIENTED_EDGE('',*,*,#1428,.F.);
#1967=ORIENTED_EDGE('',*,*,#1429,.T.);
#1968=ORIENTED_EDGE('',*,*,#1430,.T.);
#1969=ORIENTED_EDGE('',*,*,#1429,.F.);
#1970=ORIENTED_EDGE('',*,*,#1430,.F.);
#1971=ORIENTED_EDGE('',*,*,#1431,.F.);
#1972=ORIENTED_EDGE('',*,*,#1432,.T.);
#1973=ORIENTED_EDGE('',*,*,#1433,.T.);
#1974=ORIENTED_EDGE('',*,*,#1432,.F.);
#1975=ORIENTED_EDGE('',*,*,#1433,.F.);
#1976=ORIENTED_EDGE('',*,*,#1434,.F.);
#1977=ORIENTED_EDGE('',*,*,#1435,.T.);
#1978=ORIENTED_EDGE('',*,*,#1436,.F.);
#1979=ORIENTED_EDGE('',*,*,#1435,.F.);
#1980=ORIENTED_EDGE('',*,*,#1434,.T.);
#1981=ORIENTED_EDGE('',*,*,#1422,.T.);
#1982=ORIENTED_EDGE('',*,*,#1437,.F.);
#1983=ORIENTED_EDGE('',*,*,#1438,.T.);
#1984=ORIENTED_EDGE('',*,*,#1439,.F.);
#1985=ORIENTED_EDGE('',*,*,#1438,.F.);
#1986=ORIENTED_EDGE('',*,*,#1437,.T.);
#1987=ORIENTED_EDGE('',*,*,#1425,.T.);
#1988=ORIENTED_EDGE('',*,*,#1440,.F.);
#1989=ORIENTED_EDGE('',*,*,#1441,.T.);
#1990=ORIENTED_EDGE('',*,*,#1442,.F.);
#1991=ORIENTED_EDGE('',*,*,#1441,.F.);
#1992=ORIENTED_EDGE('',*,*,#1440,.T.);
#1993=ORIENTED_EDGE('',*,*,#1428,.T.);
#1994=ORIENTED_EDGE('',*,*,#1443,.F.);
#1995=ORIENTED_EDGE('',*,*,#1444,.T.);
#1996=ORIENTED_EDGE('',*,*,#1445,.F.);
#1997=ORIENTED_EDGE('',*,*,#1444,.F.);
#1998=ORIENTED_EDGE('',*,*,#1443,.T.);
#1999=ORIENTED_EDGE('',*,*,#1431,.T.);
#2000=ORIENTED_EDGE('',*,*,#1446,.F.);
#2001=ORIENTED_EDGE('',*,*,#1447,.T.);
#2002=ORIENTED_EDGE('',*,*,#1404,.T.);
#2003=ORIENTED_EDGE('',*,*,#1448,.T.);
#2004=ORIENTED_EDGE('',*,*,#1447,.F.);
#2005=ORIENTED_EDGE('',*,*,#1449,.T.);
#2006=ORIENTED_EDGE('',*,*,#1450,.F.);
#2007=ORIENTED_EDGE('',*,*,#1405,.F.);
#2008=ORIENTED_EDGE('',*,*,#1451,.F.);
#2009=ORIENTED_EDGE('',*,*,#1452,.T.);
#2010=ORIENTED_EDGE('',*,*,#1406,.T.);
#2011=ORIENTED_EDGE('',*,*,#1450,.T.);
#2012=ORIENTED_EDGE('',*,*,#1452,.F.);
#2013=ORIENTED_EDGE('',*,*,#1453,.T.);
#2014=ORIENTED_EDGE('',*,*,#1454,.F.);
#2015=ORIENTED_EDGE('',*,*,#1407,.F.);
#2016=ORIENTED_EDGE('',*,*,#1419,.F.);
#2017=ORIENTED_EDGE('',*,*,#1455,.T.);
#2018=ORIENTED_EDGE('',*,*,#1456,.F.);
#2019=ORIENTED_EDGE('',*,*,#1457,.T.);
#2020=ORIENTED_EDGE('',*,*,#1234,.T.);
#2021=ORIENTED_EDGE('',*,*,#1240,.F.);
#2022=ORIENTED_EDGE('',*,*,#1398,.F.);
#2023=ORIENTED_EDGE('',*,*,#1457,.F.);
#2024=ORIENTED_EDGE('',*,*,#1458,.T.);
#2025=ORIENTED_EDGE('',*,*,#1236,.F.);
#2026=ORIENTED_EDGE('',*,*,#1231,.T.);
#2027=ORIENTED_EDGE('',*,*,#1229,.T.);
#2028=ORIENTED_EDGE('',*,*,#1227,.T.);
#2029=ORIENTED_EDGE('',*,*,#1225,.T.);
#2030=ORIENTED_EDGE('',*,*,#1223,.T.);
#2031=ORIENTED_EDGE('',*,*,#1221,.T.);
#2032=ORIENTED_EDGE('',*,*,#1219,.T.);
#2033=ORIENTED_EDGE('',*,*,#1446,.T.);
#2034=ORIENTED_EDGE('',*,*,#1459,.F.);
#2035=ORIENTED_EDGE('',*,*,#1460,.F.);
#2036=ORIENTED_EDGE('',*,*,#1461,.F.);
#2037=ORIENTED_EDGE('',*,*,#1462,.T.);
#2038=ORIENTED_EDGE('',*,*,#1463,.F.);
#2039=ORIENTED_EDGE('',*,*,#1237,.T.);
#2040=ORIENTED_EDGE('',*,*,#1458,.F.);
#2041=ORIENTED_EDGE('',*,*,#1456,.T.);
#2042=ORIENTED_EDGE('',*,*,#1464,.F.);
#2043=ORIENTED_EDGE('',*,*,#1465,.F.);
#2044=ORIENTED_EDGE('',*,*,#1466,.T.);
#2045=ORIENTED_EDGE('',*,*,#1467,.F.);
#2046=ORIENTED_EDGE('',*,*,#1468,.T.);
#2047=ORIENTED_EDGE('',*,*,#1469,.F.);
#2048=ORIENTED_EDGE('',*,*,#1470,.F.);
#2049=ORIENTED_EDGE('',*,*,#1471,.F.);
#2050=ORIENTED_EDGE('',*,*,#1472,.T.);
#2051=ORIENTED_EDGE('',*,*,#1473,.F.);
#2052=ORIENTED_EDGE('',*,*,#1474,.F.);
#2053=ORIENTED_EDGE('',*,*,#1453,.F.);
#2054=ORIENTED_EDGE('',*,*,#1451,.T.);
#2055=ORIENTED_EDGE('',*,*,#1449,.F.);
#2056=ORIENTED_EDGE('',*,*,#1436,.T.);
#2057=ORIENTED_EDGE('',*,*,#1439,.T.);
#2058=ORIENTED_EDGE('',*,*,#1442,.T.);
#2059=ORIENTED_EDGE('',*,*,#1445,.T.);
#2060=ORIENTED_EDGE('',*,*,#1455,.F.);
#2061=ORIENTED_EDGE('',*,*,#1418,.T.);
#2062=ORIENTED_EDGE('',*,*,#1475,.T.);
#2063=ORIENTED_EDGE('',*,*,#1464,.T.);
#2064=ORIENTED_EDGE('',*,*,#1475,.F.);
#2065=ORIENTED_EDGE('',*,*,#1417,.F.);
#2066=ORIENTED_EDGE('',*,*,#1476,.F.);
#2067=ORIENTED_EDGE('',*,*,#1465,.T.);
#2068=ORIENTED_EDGE('',*,*,#1238,.F.);
#2069=ORIENTED_EDGE('',*,*,#1463,.T.);
#2070=ORIENTED_EDGE('',*,*,#1477,.F.);
#2071=ORIENTED_EDGE('',*,*,#1399,.F.);
#2072=ORIENTED_EDGE('',*,*,#1402,.T.);
#2073=ORIENTED_EDGE('',*,*,#1478,.T.);
#2074=ORIENTED_EDGE('',*,*,#1460,.T.);
#2075=ORIENTED_EDGE('',*,*,#1479,.T.);
#2076=ORIENTED_EDGE('',*,*,#1448,.F.);
#2077=ORIENTED_EDGE('',*,*,#1403,.F.);
#2078=ORIENTED_EDGE('',*,*,#1479,.F.);
#2079=ORIENTED_EDGE('',*,*,#1459,.T.);
#2080=ORIENTED_EDGE('',*,*,#1462,.F.);
#2081=ORIENTED_EDGE('',*,*,#1480,.T.);
#2082=ORIENTED_EDGE('',*,*,#1400,.T.);
#2083=ORIENTED_EDGE('',*,*,#1477,.T.);
#2084=ORIENTED_EDGE('',*,*,#1478,.F.);
#2085=ORIENTED_EDGE('',*,*,#1401,.F.);
#2086=ORIENTED_EDGE('',*,*,#1480,.F.);
#2087=ORIENTED_EDGE('',*,*,#1461,.T.);
#2088=ORIENTED_EDGE('',*,*,#1266,.F.);
#2089=ORIENTED_EDGE('',*,*,#1421,.T.);
#2090=ORIENTED_EDGE('',*,*,#1389,.T.);
#2091=ORIENTED_EDGE('',*,*,#1481,.T.);
#2092=ORIENTED_EDGE('',*,*,#1254,.F.);
#2093=ORIENTED_EDGE('',*,*,#1482,.T.);
#2094=ORIENTED_EDGE('',*,*,#1385,.T.);
#2095=ORIENTED_EDGE('',*,*,#1181,.T.);
#2096=ORIENTED_EDGE('',*,*,#1260,.F.);
#2097=ORIENTED_EDGE('',*,*,#1483,.T.);
#2098=ORIENTED_EDGE('',*,*,#1387,.T.);
#2099=ORIENTED_EDGE('',*,*,#1484,.T.);
#2100=ORIENTED_EDGE('',*,*,#1263,.F.);
#2101=ORIENTED_EDGE('',*,*,#1481,.F.);
#2102=ORIENTED_EDGE('',*,*,#1388,.F.);
#2103=ORIENTED_EDGE('',*,*,#1483,.F.);
#2104=ORIENTED_EDGE('',*,*,#1249,.F.);
#2105=ORIENTED_EDGE('',*,*,#1188,.T.);
#2106=ORIENTED_EDGE('',*,*,#1397,.T.);
#2107=ORIENTED_EDGE('',*,*,#1485,.T.);
#2108=ORIENTED_EDGE('',*,*,#1244,.F.);
#2109=ORIENTED_EDGE('',*,*,#1486,.T.);
#2110=ORIENTED_EDGE('',*,*,#1395,.T.);
#2111=ORIENTED_EDGE('',*,*,#1487,.T.);
#2112=ORIENTED_EDGE('',*,*,#1321,.F.);
#2113=ORIENTED_EDGE('',*,*,#1487,.F.);
#2114=ORIENTED_EDGE('',*,*,#1394,.F.);
#2115=ORIENTED_EDGE('',*,*,#1488,.F.);
#2116=ORIENTED_EDGE('',*,*,#1318,.F.);
#2117=ORIENTED_EDGE('',*,*,#1488,.T.);
#2118=ORIENTED_EDGE('',*,*,#1393,.T.);
#2119=ORIENTED_EDGE('',*,*,#1489,.T.);
#2120=ORIENTED_EDGE('',*,*,#1412,.T.);
#2121=ORIENTED_EDGE('',*,*,#1490,.T.);
#2122=ORIENTED_EDGE('',*,*,#1470,.T.);
#2123=ORIENTED_EDGE('',*,*,#1491,.T.);
#2124=ORIENTED_EDGE('',*,*,#1490,.F.);
#2125=ORIENTED_EDGE('',*,*,#1411,.F.);
#2126=ORIENTED_EDGE('',*,*,#1492,.F.);
#2127=ORIENTED_EDGE('',*,*,#1471,.T.);
#2128=ORIENTED_EDGE('',*,*,#1472,.F.);
#2129=ORIENTED_EDGE('',*,*,#1492,.T.);
#2130=ORIENTED_EDGE('',*,*,#1410,.T.);
#2131=ORIENTED_EDGE('',*,*,#1493,.T.);
#2132=ORIENTED_EDGE('',*,*,#1493,.F.);
#2133=ORIENTED_EDGE('',*,*,#1409,.F.);
#2134=ORIENTED_EDGE('',*,*,#1494,.F.);
#2135=ORIENTED_EDGE('',*,*,#1473,.T.);
#2136=ORIENTED_EDGE('',*,*,#1408,.T.);
#2137=ORIENTED_EDGE('',*,*,#1454,.T.);
#2138=ORIENTED_EDGE('',*,*,#1474,.T.);
#2139=ORIENTED_EDGE('',*,*,#1494,.T.);
#2140=ORIENTED_EDGE('',*,*,#1468,.F.);
#2141=ORIENTED_EDGE('',*,*,#1495,.T.);
#2142=ORIENTED_EDGE('',*,*,#1414,.T.);
#2143=ORIENTED_EDGE('',*,*,#1496,.T.);
#2144=ORIENTED_EDGE('',*,*,#1491,.F.);
#2145=ORIENTED_EDGE('',*,*,#1469,.T.);
#2146=ORIENTED_EDGE('',*,*,#1496,.F.);
#2147=ORIENTED_EDGE('',*,*,#1413,.F.);
#2148=ORIENTED_EDGE('',*,*,#1466,.F.);
#2149=ORIENTED_EDGE('',*,*,#1476,.T.);
#2150=ORIENTED_EDGE('',*,*,#1416,.T.);
#2151=ORIENTED_EDGE('',*,*,#1497,.T.);
#2152=ORIENTED_EDGE('',*,*,#1495,.F.);
#2153=ORIENTED_EDGE('',*,*,#1467,.T.);
#2154=ORIENTED_EDGE('',*,*,#1497,.F.);
#2155=ORIENTED_EDGE('',*,*,#1415,.F.);
#2156=ORIENTED_EDGE('',*,*,#1246,.F.);
#2157=ORIENTED_EDGE('',*,*,#1485,.F.);
#2158=ORIENTED_EDGE('',*,*,#1396,.F.);
#2159=ORIENTED_EDGE('',*,*,#1486,.F.);
#2160=ORIENTED_EDGE('',*,*,#1315,.F.);
#2161=ORIENTED_EDGE('',*,*,#1489,.F.);
#2162=ORIENTED_EDGE('',*,*,#1392,.F.);
#2163=ORIENTED_EDGE('',*,*,#1420,.F.);
#2164=ORIENTED_EDGE('',*,*,#1257,.F.);
#2165=ORIENTED_EDGE('',*,*,#1484,.F.);
#2166=ORIENTED_EDGE('',*,*,#1386,.F.);
#2167=ORIENTED_EDGE('',*,*,#1482,.F.);
#2168=CYLINDRICAL_SURFACE('',#2397,2.);
#2169=CYLINDRICAL_SURFACE('',#2403,2.);
#2170=CYLINDRICAL_SURFACE('',#2417,1.);
#2171=CYLINDRICAL_SURFACE('',#2421,1.);
#2172=CYLINDRICAL_SURFACE('',#2428,1.);
#2173=CYLINDRICAL_SURFACE('',#2431,1.);
#2174=CYLINDRICAL_SURFACE('',#2434,1.21916683035945);
#2175=CYLINDRICAL_SURFACE('',#2436,1.21916683035945);
#2176=CYLINDRICAL_SURFACE('',#2438,1.21916683035945);
#2177=CYLINDRICAL_SURFACE('',#2440,1.21916683035945);
#2178=CYLINDRICAL_SURFACE('',#2442,1.21916683035945);
#2179=CYLINDRICAL_SURFACE('',#2444,1.21916683035945);
#2180=CYLINDRICAL_SURFACE('',#2446,1.21916683035945);
#2181=CYLINDRICAL_SURFACE('',#2448,1.21916683035945);
#2182=CYLINDRICAL_SURFACE('',#2450,3.);
#2183=CYLINDRICAL_SURFACE('',#2458,1.);
#2184=CYLINDRICAL_SURFACE('',#2464,1.);
#2185=CYLINDRICAL_SURFACE('',#2470,1.);
#2186=CYLINDRICAL_SURFACE('',#2476,1.);
#2187=CYLINDRICAL_SURFACE('',#2482,1.);
#2188=CYLINDRICAL_SURFACE('',#2488,1.);
#2189=CYLINDRICAL_SURFACE('',#2494,1.);
#2190=CYLINDRICAL_SURFACE('',#2500,1.);
#2191=CYLINDRICAL_SURFACE('',#2506,1.);
#2192=CYLINDRICAL_SURFACE('',#2512,1.);
#2193=CYLINDRICAL_SURFACE('',#2518,1.);
#2194=CYLINDRICAL_SURFACE('',#2529,1.);
#2195=CYLINDRICAL_SURFACE('',#2535,1.);
#2196=CYLINDRICAL_SURFACE('',#2536,1.);
#2197=CYLINDRICAL_SURFACE('',#2543,3.);
#2198=CYLINDRICAL_SURFACE('',#2546,3.);
#2199=CYLINDRICAL_SURFACE('',#2549,3.);
#2200=CYLINDRICAL_SURFACE('',#2552,3.);
#2201=CYLINDRICAL_SURFACE('',#2555,3.);
#2202=CYLINDRICAL_SURFACE('',#2558,3.);
#2203=CYLINDRICAL_SURFACE('',#2561,1.);
#2204=CYLINDRICAL_SURFACE('',#2563,1.00000000000001);
#2205=CYLINDRICAL_SURFACE('',#2567,1.00000000000001);
#2206=CYLINDRICAL_SURFACE('',#2571,0.999999999999996);
#2207=CYLINDRICAL_SURFACE('',#2575,0.999999999999979);
#2208=CYLINDRICAL_SURFACE('',#2579,0.999999999999979);
#2209=CYLINDRICAL_SURFACE('',#2583,0.999999999999996);
#2210=CYLINDRICAL_SURFACE('',#2587,0.999999999999996);
#2211=CYLINDRICAL_SURFACE('',#2591,0.999999999999996);
#2212=CYLINDRICAL_SURFACE('',#2595,1.04999999999999);
#2213=CYLINDRICAL_SURFACE('',#2599,1.);
#2214=CYLINDRICAL_SURFACE('',#2620,1.00000000000001);
#2215=CYLINDRICAL_SURFACE('',#2622,1.05);
#2216=CYLINDRICAL_SURFACE('',#2626,1.05);
#2217=CYLINDRICAL_SURFACE('',#2630,1.05);
#2218=CYLINDRICAL_SURFACE('',#2634,1.05);
#2219=CYLINDRICAL_SURFACE('',#2638,2.5);
#2220=CYLINDRICAL_SURFACE('',#2642,2.5);
#2221=CYLINDRICAL_SURFACE('',#2646,2.50000000000002);
#2222=CYLINDRICAL_SURFACE('',#2650,2.5);
#2223=CYLINDRICAL_SURFACE('',#2654,3.);
#2224=CYLINDRICAL_SURFACE('',#2657,3.);
#2225=CYLINDRICAL_SURFACE('',#2660,3.);
#2226=CYLINDRICAL_SURFACE('',#2672,3.);
#2227=CYLINDRICAL_SURFACE('',#2675,3.);
#2228=CYLINDRICAL_SURFACE('',#2677,3.);
#2229=CYLINDRICAL_SURFACE('',#2679,3.);
#2230=CYLINDRICAL_SURFACE('',#2680,3.);
#2231=CYLINDRICAL_SURFACE('',#2681,3.);
#2232=CYLINDRICAL_SURFACE('',#2683,3.);
#2233=CYLINDRICAL_SURFACE('',#2684,3.);
#2234=CYLINDRICAL_SURFACE('',#2686,3.);
#2235=CYLINDRICAL_SURFACE('',#2687,3.);
#2236=CYLINDRICAL_SURFACE('',#2689,3.);
#2237=CYLINDRICAL_SURFACE('',#2691,3.);
#2238=CYLINDRICAL_SURFACE('',#2692,3.);
#2239=CYLINDRICAL_SURFACE('',#2694,3.);
#2240=ADVANCED_FACE('',(#128),#2168,.T.);
#2241=ADVANCED_FACE('',(#129),#74,.T.);
#2242=ADVANCED_FACE('',(#130),#75,.T.);
#2243=ADVANCED_FACE('',(#131),#2169,.T.);
#2244=ADVANCED_FACE('',(#132),#76,.T.);
#2245=ADVANCED_FACE('',(#133),#77,.T.);
#2246=ADVANCED_FACE('',(#134,#41,#42,#43,#44),#78,.T.);
#2247=ADVANCED_FACE('',(#135,#45,#46,#47,#48),#79,.T.);
#2248=ADVANCED_FACE('',(#136),#2170,.F.);
#2249=ADVANCED_FACE('',(#137),#80,.F.);
#2250=ADVANCED_FACE('',(#138),#2171,.F.);
#2251=ADVANCED_FACE('',(#139),#81,.F.);
#2252=ADVANCED_FACE('',(#140),#82,.F.);
#2253=ADVANCED_FACE('',(#141),#2172,.F.);
#2254=ADVANCED_FACE('',(#142),#83,.F.);
#2255=ADVANCED_FACE('',(#143),#2173,.F.);
#2256=ADVANCED_FACE('',(#144),#84,.F.);
#2257=ADVANCED_FACE('',(#145),#2174,.F.);
#2258=ADVANCED_FACE('',(#146),#2175,.F.);
#2259=ADVANCED_FACE('',(#147),#2176,.F.);
#2260=ADVANCED_FACE('',(#148),#2177,.F.);
#2261=ADVANCED_FACE('',(#149),#2178,.F.);
#2262=ADVANCED_FACE('',(#150),#2179,.F.);
#2263=ADVANCED_FACE('',(#151),#2180,.F.);
#2264=ADVANCED_FACE('',(#152),#2181,.F.);
#2265=ADVANCED_FACE('',(#153),#2182,.F.);
#2266=ADVANCED_FACE('',(#154),#25,.T.);
#2267=ADVANCED_FACE('',(#155),#2183,.T.);
#2268=ADVANCED_FACE('',(#156),#26,.T.);
#2269=ADVANCED_FACE('',(#157),#2184,.T.);
#2270=ADVANCED_FACE('',(#158),#27,.T.);
#2271=ADVANCED_FACE('',(#159),#2185,.T.);
#2272=ADVANCED_FACE('',(#160),#28,.T.);
#2273=ADVANCED_FACE('',(#161),#2186,.T.);
#2274=ADVANCED_FACE('',(#162),#29,.T.);
#2275=ADVANCED_FACE('',(#163),#2187,.T.);
#2276=ADVANCED_FACE('',(#164),#30,.T.);
#2277=ADVANCED_FACE('',(#165),#2188,.T.);
#2278=ADVANCED_FACE('',(#166),#31,.T.);
#2279=ADVANCED_FACE('',(#167),#2189,.T.);
#2280=ADVANCED_FACE('',(#168),#32,.T.);
#2281=ADVANCED_FACE('',(#169),#2190,.T.);
#2282=ADVANCED_FACE('',(#170),#33,.T.);
#2283=ADVANCED_FACE('',(#171),#2191,.T.);
#2284=ADVANCED_FACE('',(#172),#34,.T.);
#2285=ADVANCED_FACE('',(#173),#2192,.T.);
#2286=ADVANCED_FACE('',(#174),#35,.T.);
#2287=ADVANCED_FACE('',(#175),#2193,.T.);
#2288=ADVANCED_FACE('',(#176),#36,.T.);
#2289=ADVANCED_FACE('',(#177),#37,.T.);
#2290=ADVANCED_FACE('',(#178),#2194,.T.);
#2291=ADVANCED_FACE('',(#179),#38,.T.);
#2292=ADVANCED_FACE('',(#180),#2195,.T.);
#2293=ADVANCED_FACE('',(#181),#2196,.T.);
#2294=ADVANCED_FACE('',(#182),#23,.T.);
#2295=ADVANCED_FACE('',(#183),#24,.T.);
#2296=ADVANCED_FACE('',(#184),#2197,.T.);
#2297=ADVANCED_FACE('',(#185),#85,.T.);
#2298=ADVANCED_FACE('',(#186),#2198,.F.);
#2299=ADVANCED_FACE('',(#187),#86,.T.);
#2300=ADVANCED_FACE('',(#188),#2199,.T.);
#2301=ADVANCED_FACE('',(#189),#87,.T.);
#2302=ADVANCED_FACE('',(#190),#2200,.F.);
#2303=ADVANCED_FACE('',(#191),#88,.T.);
#2304=ADVANCED_FACE('',(#192),#2201,.T.);
#2305=ADVANCED_FACE('',(#193),#89,.T.);
#2306=ADVANCED_FACE('',(#194),#2202,.T.);
#2307=ADVANCED_FACE('',(#195),#90,.T.);
#2308=ADVANCED_FACE('',(#196),#2203,.F.);
#2309=ADVANCED_FACE('',(#197),#2204,.T.);
#2310=ADVANCED_FACE('',(#198,#49),#91,.T.);
#2311=ADVANCED_FACE('',(#199),#92,.F.);
#2312=ADVANCED_FACE('',(#200),#2205,.F.);
#2313=ADVANCED_FACE('',(#201),#93,.T.);
#2314=ADVANCED_FACE('',(#202),#2206,.F.);
#2315=ADVANCED_FACE('',(#203),#94,.T.);
#2316=ADVANCED_FACE('',(#204),#2207,.F.);
#2317=ADVANCED_FACE('',(#205),#95,.T.);
#2318=ADVANCED_FACE('',(#206),#2208,.F.);
#2319=ADVANCED_FACE('',(#207),#96,.T.);
#2320=ADVANCED_FACE('',(#208),#2209,.F.);
#2321=ADVANCED_FACE('',(#209),#97,.T.);
#2322=ADVANCED_FACE('',(#210),#2210,.F.);
#2323=ADVANCED_FACE('',(#211),#98,.T.);
#2324=ADVANCED_FACE('',(#212),#2211,.F.);
#2325=ADVANCED_FACE('',(#213),#99,.T.);
#2326=ADVANCED_FACE('',(#214),#2212,.F.);
#2327=ADVANCED_FACE('',(#215),#100,.T.);
#2328=ADVANCED_FACE('',(#216),#2213,.T.);
#2329=ADVANCED_FACE('',(#217,#50,#51,#52,#53,#54,#55,#56,#57,#58),#101,
 .T.);
#2330=ADVANCED_FACE('',(#218),#2214,.F.);
#2331=ADVANCED_FACE('',(#219),#102,.T.);
#2332=ADVANCED_FACE('',(#220),#2215,.F.);
#2333=ADVANCED_FACE('',(#221),#103,.T.);
#2334=ADVANCED_FACE('',(#222),#2216,.F.);
#2335=ADVANCED_FACE('',(#223),#104,.T.);
#2336=ADVANCED_FACE('',(#224),#2217,.F.);
#2337=ADVANCED_FACE('',(#225),#105,.T.);
#2338=ADVANCED_FACE('',(#226),#2218,.F.);
#2339=ADVANCED_FACE('',(#227),#106,.T.);
#2340=ADVANCED_FACE('',(#228),#2219,.T.);
#2341=ADVANCED_FACE('',(#229,#59),#107,.T.);
#2342=ADVANCED_FACE('',(#230),#2220,.T.);
#2343=ADVANCED_FACE('',(#231,#60),#108,.T.);
#2344=ADVANCED_FACE('',(#232),#2221,.T.);
#2345=ADVANCED_FACE('',(#233,#61),#109,.T.);
#2346=ADVANCED_FACE('',(#234),#2222,.T.);
#2347=ADVANCED_FACE('',(#235,#62),#110,.T.);
#2348=ADVANCED_FACE('',(#236),#2223,.F.);
#2349=ADVANCED_FACE('',(#237),#111,.F.);
#2350=ADVANCED_FACE('',(#238),#2224,.F.);
#2351=ADVANCED_FACE('',(#239),#112,.F.);
#2352=ADVANCED_FACE('',(#240),#2225,.F.);
#2353=ADVANCED_FACE('',(#241,#63,#64,#65,#66,#67,#68,#69),#113,.F.);
#2354=ADVANCED_FACE('',(#242,#70,#71,#72,#73),#114,.F.);
#2355=ADVANCED_FACE('',(#243),#2226,.T.);
#2356=ADVANCED_FACE('',(#244),#115,.F.);
#2357=ADVANCED_FACE('',(#245),#116,.F.);
#2358=ADVANCED_FACE('',(#246),#2227,.T.);
#2359=ADVANCED_FACE('',(#247),#117,.F.);
#2360=ADVANCED_FACE('',(#248),#2228,.F.);
#2361=ADVANCED_FACE('',(#249),#118,.F.);
#2362=ADVANCED_FACE('',(#250),#2229,.T.);
#2363=ADVANCED_FACE('',(#251),#2230,.T.);
#2364=ADVANCED_FACE('',(#252),#2231,.F.);
#2365=ADVANCED_FACE('',(#253),#119,.T.);
#2366=ADVANCED_FACE('',(#254),#2232,.T.);
#2367=ADVANCED_FACE('',(#255),#2233,.T.);
#2368=ADVANCED_FACE('',(#256),#120,.T.);
#2369=ADVANCED_FACE('',(#257),#2234,.F.);
#2370=ADVANCED_FACE('',(#258),#2235,.T.);
#2371=ADVANCED_FACE('',(#259),#121,.F.);
#2372=ADVANCED_FACE('',(#260),#2236,.F.);
#2373=ADVANCED_FACE('',(#261),#122,.F.);
#2374=ADVANCED_FACE('',(#262),#2237,.T.);
#2375=ADVANCED_FACE('',(#263),#2238,.F.);
#2376=ADVANCED_FACE('',(#264),#123,.F.);
#2377=ADVANCED_FACE('',(#265),#2239,.F.);
#2378=ADVANCED_FACE('',(#266),#124,.F.);
#2379=ADVANCED_FACE('',(#267),#125,.T.);
#2380=ADVANCED_FACE('',(#268),#126,.T.);
#2381=ADVANCED_FACE('',(#269),#127,.T.);
#2382=CLOSED_SHELL('',(#2240,#2241,#2242,#2243,#2244,#2245,#2246,#2247,
#2248,#2249,#2250,#2251,#2252,#2253,#2254,#2255,#2256,#2257,#2258,#2259,
#2260,#2261,#2262,#2263,#2264,#2265,#2266,#2267,#2268,#2269,#2270,#2271,
#2272,#2273,#2274,#2275,#2276,#2277,#2278,#2279,#2280,#2281,#2282,#2283,
#2284,#2285,#2286,#2287,#2288,#2289,#2290,#2291,#2292,#2293,#2294,#2295,
#2296,#2297,#2298,#2299,#2300,#2301,#2302,#2303,#2304,#2305,#2306,#2307,
#2308,#2309,#2310,#2311,#2312,#2313,#2314,#2315,#2316,#2317,#2318,#2319,
#2320,#2321,#2322,#2323,#2324,#2325,#2326,#2327,#2328,#2329,#2330,#2331,
#2332,#2333,#2334,#2335,#2336,#2337,#2338,#2339,#2340,#2341,#2342,#2343,
#2344,#2345,#2346,#2347,#2348,#2349,#2350,#2351,#2352,#2353,#2354,#2355,
#2356,#2357,#2358,#2359,#2360,#2361,#2362,#2363,#2364,#2365,#2366,#2367,
#2368,#2369,#2370,#2371,#2372,#2373,#2374,#2375,#2376,#2377,#2378,#2379,
#2380,#2381));
#2383=DERIVED_UNIT_ELEMENT(#2385,1.);
#2384=DERIVED_UNIT_ELEMENT(#4192,-3.);
#2385=(
MASS_UNIT()
NAMED_UNIT(*)
SI_UNIT(.KILO.,.GRAM.)
);
#2386=DERIVED_UNIT((#2383,#2384));
#2387=MEASURE_REPRESENTATION_ITEM('density measure',
POSITIVE_RATIO_MEASURE(7850.),#2386);
#2388=PROPERTY_DEFINITION_REPRESENTATION(#2393,#2390);
#2389=PROPERTY_DEFINITION_REPRESENTATION(#2394,#2391);
#2390=REPRESENTATION('material name',(#2392),#4189);
#2391=REPRESENTATION('density',(#2387),#4189);
#2392=DESCRIPTIVE_REPRESENTATION_ITEM('Steel','Steel');
#2393=PROPERTY_DEFINITION('material property','material name',#4204);
#2394=PROPERTY_DEFINITION('material property','density of part',#4204);
#2395=AXIS2_PLACEMENT_3D('',#3486,#2701,#2702);
#2396=AXIS2_PLACEMENT_3D('',#3487,#2703,#2704);
#2397=AXIS2_PLACEMENT_3D('',#3488,#2705,#2706);
#2398=AXIS2_PLACEMENT_3D('',#3491,#2707,#2708);
#2399=AXIS2_PLACEMENT_3D('',#3495,#2710,#2711);
#2400=AXIS2_PLACEMENT_3D('',#3497,#2713,#2714);
#2401=AXIS2_PLACEMENT_3D('',#3501,#2716,#2717);
#2402=AXIS2_PLACEMENT_3D('',#3507,#2721,#2722);
#2403=AXIS2_PLACEMENT_3D('',#3511,#2725,#2726);
#2404=AXIS2_PLACEMENT_3D('',#3513,#2727,#2728);
#2405=AXIS2_PLACEMENT_3D('',#3515,#2730,#2731);
#2406=AXIS2_PLACEMENT_3D('',#3519,#2734,#2735);
#2407=AXIS2_PLACEMENT_3D('',#3523,#2738,#2739);
#2408=AXIS2_PLACEMENT_3D('',#3530,#2743,#2744);
#2409=AXIS2_PLACEMENT_3D('',#3532,#2745,#2746);
#2410=AXIS2_PLACEMENT_3D('',#3534,#2747,#2748);
#2411=AXIS2_PLACEMENT_3D('',#3536,#2749,#2750);
#2412=AXIS2_PLACEMENT_3D('',#3537,#2751,#2752);
#2413=AXIS2_PLACEMENT_3D('',#3544,#2756,#2757);
#2414=AXIS2_PLACEMENT_3D('',#3546,#2758,#2759);
#2415=AXIS2_PLACEMENT_3D('',#3548,#2760,#2761);
#2416=AXIS2_PLACEMENT_3D('',#3550,#2762,#2763);
#2417=AXIS2_PLACEMENT_3D('',#3551,#2764,#2765);
#2418=AXIS2_PLACEMENT_3D('',#3554,#2766,#2767);
#2419=AXIS2_PLACEMENT_3D('',#3558,#2769,#2770);
#2420=AXIS2_PLACEMENT_3D('',#3560,#2772,#2773);
#2421=AXIS2_PLACEMENT_3D('',#3566,#2777,#2778);
#2422=AXIS2_PLACEMENT_3D('',#3569,#2779,#2780);
#2423=AXIS2_PLACEMENT_3D('',#3573,#2782,#2783);
#2424=AXIS2_PLACEMENT_3D('',#3575,#2785,#2786);
#2425=AXIS2_PLACEMENT_3D('',#3580,#2789,#2790);
#2426=AXIS2_PLACEMENT_3D('',#3583,#2792,#2793);
#2427=AXIS2_PLACEMENT_3D('',#3584,#2794,#2795);
#2428=AXIS2_PLACEMENT_3D('',#3588,#2798,#2799);
#2429=AXIS2_PLACEMENT_3D('',#3590,#2800,#2801);
#2430=AXIS2_PLACEMENT_3D('',#3592,#2803,#2804);
#2431=AXIS2_PLACEMENT_3D('',#3596,#2807,#2808);
#2432=AXIS2_PLACEMENT_3D('',#3597,#2809,#2810);
#2433=AXIS2_PLACEMENT_3D('',#3598,#2811,#2812);
#2434=AXIS2_PLACEMENT_3D('',#3600,#2814,#2815);
#2435=AXIS2_PLACEMENT_3D('',#3603,#2817,#2818);
#2436=AXIS2_PLACEMENT_3D('',#3604,#2819,#2820);
#2437=AXIS2_PLACEMENT_3D('',#3607,#2822,#2823);
#2438=AXIS2_PLACEMENT_3D('',#3608,#2824,#2825);
#2439=AXIS2_PLACEMENT_3D('',#3611,#2827,#2828);
#2440=AXIS2_PLACEMENT_3D('',#3612,#2829,#2830);
#2441=AXIS2_PLACEMENT_3D('',#3615,#2832,#2833);
#2442=AXIS2_PLACEMENT_3D('',#3616,#2834,#2835);
#2443=AXIS2_PLACEMENT_3D('',#3619,#2837,#2838);
#2444=AXIS2_PLACEMENT_3D('',#3620,#2839,#2840);
#2445=AXIS2_PLACEMENT_3D('',#3623,#2842,#2843);
#2446=AXIS2_PLACEMENT_3D('',#3624,#2844,#2845);
#2447=AXIS2_PLACEMENT_3D('',#3627,#2847,#2848);
#2448=AXIS2_PLACEMENT_3D('',#3628,#2849,#2850);
#2449=AXIS2_PLACEMENT_3D('',#3637,#2852,#2853);
#2450=AXIS2_PLACEMENT_3D('',#3642,#2854,#2855);
#2451=AXIS2_PLACEMENT_3D('',#3646,#2857,#2858);
#2452=AXIS2_PLACEMENT_3D('',#3650,#2860,#2861);
#2453=AXIS2_PLACEMENT_3D('',#3652,#2863,#2864);
#2454=AXIS2_PLACEMENT_3D('',#3655,#2865,#2866);
#2455=AXIS2_PLACEMENT_3D('',#3657,#2867,#2868);
#2456=AXIS2_PLACEMENT_3D('',#3659,#2869,#2870);
#2457=AXIS2_PLACEMENT_3D('',#3660,#2871,#2872);
#2458=AXIS2_PLACEMENT_3D('',#3661,#2873,#2874);
#2459=AXIS2_PLACEMENT_3D('',#3664,#2875,#2876);
#2460=AXIS2_PLACEMENT_3D('',#3667,#2879,#2880);
#2461=AXIS2_PLACEMENT_3D('',#3669,#2881,#2882);
#2462=AXIS2_PLACEMENT_3D('',#3670,#2883,#2884);
#2463=AXIS2_PLACEMENT_3D('',#3671,#2885,#2886);
#2464=AXIS2_PLACEMENT_3D('',#3672,#2887,#2888);
#2465=AXIS2_PLACEMENT_3D('',#3674,#2889,#2890);
#2466=AXIS2_PLACEMENT_3D('',#3676,#2892,#2893);
#2467=AXIS2_PLACEMENT_3D('',#3679,#2894,#2895);
#2468=AXIS2_PLACEMENT_3D('',#3680,#2896,#2897);
#2469=AXIS2_PLACEMENT_3D('',#3681,#2898,#2899);
#2470=AXIS2_PLACEMENT_3D('',#3682,#2900,#2901);
#2471=AXIS2_PLACEMENT_3D('',#3685,#2902,#2903);
#2472=AXIS2_PLACEMENT_3D('',#3688,#2906,#2907);
#2473=AXIS2_PLACEMENT_3D('',#3691,#2908,#2909);
#2474=AXIS2_PLACEMENT_3D('',#3692,#2910,#2911);
#2475=AXIS2_PLACEMENT_3D('',#3693,#2912,#2913);
#2476=AXIS2_PLACEMENT_3D('',#3694,#2914,#2915);
#2477=AXIS2_PLACEMENT_3D('',#3697,#2916,#2917);
#2478=AXIS2_PLACEMENT_3D('',#3700,#2920,#2921);
#2479=AXIS2_PLACEMENT_3D('',#3703,#2922,#2923);
#2480=AXIS2_PLACEMENT_3D('',#3704,#2924,#2925);
#2481=AXIS2_PLACEMENT_3D('',#3705,#2926,#2927);
#2482=AXIS2_PLACEMENT_3D('',#3706,#2928,#2929);
#2483=AXIS2_PLACEMENT_3D('',#3709,#2930,#2931);
#2484=AXIS2_PLACEMENT_3D('',#3712,#2934,#2935);
#2485=AXIS2_PLACEMENT_3D('',#3715,#2936,#2937);
#2486=AXIS2_PLACEMENT_3D('',#3716,#2938,#2939);
#2487=AXIS2_PLACEMENT_3D('',#3717,#2940,#2941);
#2488=AXIS2_PLACEMENT_3D('',#3718,#2942,#2943);
#2489=AXIS2_PLACEMENT_3D('',#3721,#2944,#2945);
#2490=AXIS2_PLACEMENT_3D('',#3724,#2948,#2949);
#2491=AXIS2_PLACEMENT_3D('',#3727,#2950,#2951);
#2492=AXIS2_PLACEMENT_3D('',#3728,#2952,#2953);
#2493=AXIS2_PLACEMENT_3D('',#3729,#2954,#2955);
#2494=AXIS2_PLACEMENT_3D('',#3730,#2956,#2957);
#2495=AXIS2_PLACEMENT_3D('',#3733,#2958,#2959);
#2496=AXIS2_PLACEMENT_3D('',#3736,#2962,#2963);
#2497=AXIS2_PLACEMENT_3D('',#3739,#2964,#2965);
#2498=AXIS2_PLACEMENT_3D('',#3740,#2966,#2967);
#2499=AXIS2_PLACEMENT_3D('',#3741,#2968,#2969);
#2500=AXIS2_PLACEMENT_3D('',#3742,#2970,#2971);
#2501=AXIS2_PLACEMENT_3D('',#3745,#2972,#2973);
#2502=AXIS2_PLACEMENT_3D('',#3748,#2976,#2977);
#2503=AXIS2_PLACEMENT_3D('',#3751,#2978,#2979);
#2504=AXIS2_PLACEMENT_3D('',#3752,#2980,#2981);
#2505=AXIS2_PLACEMENT_3D('',#3753,#2982,#2983);
#2506=AXIS2_PLACEMENT_3D('',#3754,#2984,#2985);
#2507=AXIS2_PLACEMENT_3D('',#3757,#2986,#2987);
#2508=AXIS2_PLACEMENT_3D('',#3760,#2990,#2991);
#2509=AXIS2_PLACEMENT_3D('',#3763,#2992,#2993);
#2510=AXIS2_PLACEMENT_3D('',#3764,#2994,#2995);
#2511=AXIS2_PLACEMENT_3D('',#3765,#2996,#2997);
#2512=AXIS2_PLACEMENT_3D('',#3766,#2998,#2999);
#2513=AXIS2_PLACEMENT_3D('',#3769,#3000,#3001);
#2514=AXIS2_PLACEMENT_3D('',#3772,#3004,#3005);
#2515=AXIS2_PLACEMENT_3D('',#3775,#3006,#3007);
#2516=AXIS2_PLACEMENT_3D('',#3776,#3008,#3009);
#2517=AXIS2_PLACEMENT_3D('',#3777,#3010,#3011);
#2518=AXIS2_PLACEMENT_3D('',#3778,#3012,#3013);
#2519=AXIS2_PLACEMENT_3D('',#3781,#3014,#3015);
#2520=AXIS2_PLACEMENT_3D('',#3784,#3018,#3019);
#2521=AXIS2_PLACEMENT_3D('',#3787,#3020,#3021);
#2522=AXIS2_PLACEMENT_3D('',#3788,#3022,#3023);
#2523=AXIS2_PLACEMENT_3D('',#3789,#3024,#3025);
#2524=AXIS2_PLACEMENT_3D('',#3790,#3026,#3027);
#2525=AXIS2_PLACEMENT_3D('',#3793,#3028,#3029);
#2526=AXIS2_PLACEMENT_3D('',#3795,#3030,#3031);
#2527=AXIS2_PLACEMENT_3D('',#3797,#3032,#3033);
#2528=AXIS2_PLACEMENT_3D('',#3798,#3034,#3035);
#2529=AXIS2_PLACEMENT_3D('',#3799,#3036,#3037);
#2530=AXIS2_PLACEMENT_3D('',#3802,#3038,#3039);
#2531=AXIS2_PLACEMENT_3D('',#3805,#3042,#3043);
#2532=AXIS2_PLACEMENT_3D('',#3808,#3044,#3045);
#2533=AXIS2_PLACEMENT_3D('',#3809,#3046,#3047);
#2534=AXIS2_PLACEMENT_3D('',#3810,#3048,#3049);
#2535=AXIS2_PLACEMENT_3D('',#3811,#3050,#3051);
#2536=AXIS2_PLACEMENT_3D('',#3814,#3054,#3055);
#2537=AXIS2_PLACEMENT_3D('',#3816,#3056,#3057);
#2538=AXIS2_PLACEMENT_3D('',#3819,#3059,#3060);
#2539=AXIS2_PLACEMENT_3D('',#3821,#3062,#3063);
#2540=AXIS2_PLACEMENT_3D('',#3822,#3064,#3065);
#2541=AXIS2_PLACEMENT_3D('',#3823,#3066,#3067);
#2542=AXIS2_PLACEMENT_3D('',#3824,#3068,#3069);
#2543=AXIS2_PLACEMENT_3D('',#3825,#3070,#3071);
#2544=AXIS2_PLACEMENT_3D('',#3829,#3073,#3074);
#2545=AXIS2_PLACEMENT_3D('',#3831,#3076,#3077);
#2546=AXIS2_PLACEMENT_3D('',#3835,#3080,#3081);
#2547=AXIS2_PLACEMENT_3D('',#3838,#3083,#3084);
#2548=AXIS2_PLACEMENT_3D('',#3839,#3085,#3086);
#2549=AXIS2_PLACEMENT_3D('',#3843,#3089,#3090);
#2550=AXIS2_PLACEMENT_3D('',#3846,#3092,#3093);
#2551=AXIS2_PLACEMENT_3D('',#3847,#3094,#3095);
#2552=AXIS2_PLACEMENT_3D('',#3851,#3098,#3099);
#2553=AXIS2_PLACEMENT_3D('',#3854,#3101,#3102);
#2554=AXIS2_PLACEMENT_3D('',#3855,#3103,#3104);
#2555=AXIS2_PLACEMENT_3D('',#3859,#3107,#3108);
#2556=AXIS2_PLACEMENT_3D('',#3862,#3110,#3111);
#2557=AXIS2_PLACEMENT_3D('',#3863,#3112,#3113);
#2558=AXIS2_PLACEMENT_3D('',#3867,#3116,#3117);
#2559=AXIS2_PLACEMENT_3D('',#3870,#3119,#3120);
#2560=AXIS2_PLACEMENT_3D('',#3871,#3121,#3122);
#2561=AXIS2_PLACEMENT_3D('',#3875,#3125,#3126);
#2562=AXIS2_PLACEMENT_3D('',#3878,#3128,#3129);
#2563=AXIS2_PLACEMENT_3D('',#3879,#3130,#3131);
#2564=AXIS2_PLACEMENT_3D('',#3882,#3133,#3134);
#2565=AXIS2_PLACEMENT_3D('',#3883,#3135,#3136);
#2566=AXIS2_PLACEMENT_3D('',#3887,#3139,#3140);
#2567=AXIS2_PLACEMENT_3D('',#3888,#3141,#3142);
#2568=AXIS2_PLACEMENT_3D('',#3890,#3143,#3144);
#2569=AXIS2_PLACEMENT_3D('',#3893,#3146,#3147);
#2570=AXIS2_PLACEMENT_3D('',#3894,#3148,#3149);
#2571=AXIS2_PLACEMENT_3D('',#3895,#3150,#3151);
#2572=AXIS2_PLACEMENT_3D('',#3897,#3152,#3153);
#2573=AXIS2_PLACEMENT_3D('',#3900,#3155,#3156);
#2574=AXIS2_PLACEMENT_3D('',#3901,#3157,#3158);
#2575=AXIS2_PLACEMENT_3D('',#3902,#3159,#3160);
#2576=AXIS2_PLACEMENT_3D('',#3904,#3161,#3162);
#2577=AXIS2_PLACEMENT_3D('',#3907,#3164,#3165);
#2578=AXIS2_PLACEMENT_3D('',#3908,#3166,#3167);
#2579=AXIS2_PLACEMENT_3D('',#3909,#3168,#3169);
#2580=AXIS2_PLACEMENT_3D('',#3911,#3170,#3171);
#2581=AXIS2_PLACEMENT_3D('',#3914,#3173,#3174);
#2582=AXIS2_PLACEMENT_3D('',#3915,#3175,#3176);
#2583=AXIS2_PLACEMENT_3D('',#3916,#3177,#3178);
#2584=AXIS2_PLACEMENT_3D('',#3918,#3179,#3180);
#2585=AXIS2_PLACEMENT_3D('',#3921,#3182,#3183);
#2586=AXIS2_PLACEMENT_3D('',#3922,#3184,#3185);
#2587=AXIS2_PLACEMENT_3D('',#3923,#3186,#3187);
#2588=AXIS2_PLACEMENT_3D('',#3925,#3188,#3189);
#2589=AXIS2_PLACEMENT_3D('',#3928,#3191,#3192);
#2590=AXIS2_PLACEMENT_3D('',#3929,#3193,#3194);
#2591=AXIS2_PLACEMENT_3D('',#3930,#3195,#3196);
#2592=AXIS2_PLACEMENT_3D('',#3932,#3197,#3198);
#2593=AXIS2_PLACEMENT_3D('',#3935,#3200,#3201);
#2594=AXIS2_PLACEMENT_3D('',#3936,#3202,#3203);
#2595=AXIS2_PLACEMENT_3D('',#3937,#3204,#3205);
#2596=AXIS2_PLACEMENT_3D('',#3939,#3206,#3207);
#2597=AXIS2_PLACEMENT_3D('',#3942,#3209,#3210);
#2598=AXIS2_PLACEMENT_3D('',#3943,#3211,#3212);
#2599=AXIS2_PLACEMENT_3D('',#3944,#3213,#3214);
#2600=AXIS2_PLACEMENT_3D('',#3947,#3216,#3217);
#2601=AXIS2_PLACEMENT_3D('',#3948,#3218,#3219);
#2602=AXIS2_PLACEMENT_3D('',#3950,#3220,#3221);
#2603=AXIS2_PLACEMENT_3D('',#3954,#3223,#3224);
#2604=AXIS2_PLACEMENT_3D('',#3958,#3226,#3227);
#2605=AXIS2_PLACEMENT_3D('',#3961,#3229,#3230);
#2606=AXIS2_PLACEMENT_3D('',#3965,#3232,#3233);
#2607=AXIS2_PLACEMENT_3D('',#3969,#3235,#3236);
#2608=AXIS2_PLACEMENT_3D('',#3972,#3238,#3239);
#2609=AXIS2_PLACEMENT_3D('',#3978,#3242,#3243);
#2610=AXIS2_PLACEMENT_3D('',#3982,#3245,#3246);
#2611=AXIS2_PLACEMENT_3D('',#3986,#3248,#3249);
#2612=AXIS2_PLACEMENT_3D('',#3990,#3251,#3252);
#2613=AXIS2_PLACEMENT_3D('',#3994,#3254,#3255);
#2614=AXIS2_PLACEMENT_3D('',#3998,#3257,#3258);
#2615=AXIS2_PLACEMENT_3D('',#4002,#3260,#3261);
#2616=AXIS2_PLACEMENT_3D('',#4006,#3263,#3264);
#2617=AXIS2_PLACEMENT_3D('',#4010,#3266,#3267);
#2618=AXIS2_PLACEMENT_3D('',#4014,#3269,#3270);
#2619=AXIS2_PLACEMENT_3D('',#4015,#3271,#3272);
#2620=AXIS2_PLACEMENT_3D('',#4016,#3273,#3274);
#2621=AXIS2_PLACEMENT_3D('',#4018,#3276,#3277);
#2622=AXIS2_PLACEMENT_3D('',#4020,#3279,#3280);
#2623=AXIS2_PLACEMENT_3D('',#4022,#3281,#3282);
#2624=AXIS2_PLACEMENT_3D('',#4025,#3284,#3285);
#2625=AXIS2_PLACEMENT_3D('',#4026,#3286,#3287);
#2626=AXIS2_PLACEMENT_3D('',#4027,#3288,#3289);
#2627=AXIS2_PLACEMENT_3D('',#4029,#3290,#3291);
#2628=AXIS2_PLACEMENT_3D('',#4032,#3293,#3294);
#2629=AXIS2_PLACEMENT_3D('',#4033,#3295,#3296);
#2630=AXIS2_PLACEMENT_3D('',#4034,#3297,#3298);
#2631=AXIS2_PLACEMENT_3D('',#4036,#3299,#3300);
#2632=AXIS2_PLACEMENT_3D('',#4039,#3302,#3303);
#2633=AXIS2_PLACEMENT_3D('',#4040,#3304,#3305);
#2634=AXIS2_PLACEMENT_3D('',#4041,#3306,#3307);
#2635=AXIS2_PLACEMENT_3D('',#4043,#3308,#3309);
#2636=AXIS2_PLACEMENT_3D('',#4046,#3311,#3312);
#2637=AXIS2_PLACEMENT_3D('',#4047,#3313,#3314);
#2638=AXIS2_PLACEMENT_3D('',#4048,#3315,#3316);
#2639=AXIS2_PLACEMENT_3D('',#4050,#3317,#3318);
#2640=AXIS2_PLACEMENT_3D('',#4053,#3320,#3321);
#2641=AXIS2_PLACEMENT_3D('',#4054,#3322,#3323);
#2642=AXIS2_PLACEMENT_3D('',#4055,#3324,#3325);
#2643=AXIS2_PLACEMENT_3D('',#4057,#3326,#3327);
#2644=AXIS2_PLACEMENT_3D('',#4060,#3329,#3330);
#2645=AXIS2_PLACEMENT_3D('',#4061,#3331,#3332);
#2646=AXIS2_PLACEMENT_3D('',#4062,#3333,#3334);
#2647=AXIS2_PLACEMENT_3D('',#4064,#3335,#3336);
#2648=AXIS2_PLACEMENT_3D('',#4067,#3338,#3339);
#2649=AXIS2_PLACEMENT_3D('',#4068,#3340,#3341);
#2650=AXIS2_PLACEMENT_3D('',#4069,#3342,#3343);
#2651=AXIS2_PLACEMENT_3D('',#4071,#3344,#3345);
#2652=AXIS2_PLACEMENT_3D('',#4074,#3347,#3348);
#2653=AXIS2_PLACEMENT_3D('',#4075,#3349,#3350);
#2654=AXIS2_PLACEMENT_3D('',#4076,#3351,#3352);
#2655=AXIS2_PLACEMENT_3D('',#4079,#3353,#3354);
#2656=AXIS2_PLACEMENT_3D('',#4082,#3357,#3358);
#2657=AXIS2_PLACEMENT_3D('',#4086,#3361,#3362);
#2658=AXIS2_PLACEMENT_3D('',#4088,#3363,#3364);
#2659=AXIS2_PLACEMENT_3D('',#4090,#3366,#3367);
#2660=AXIS2_PLACEMENT_3D('',#4094,#3370,#3371);
#2661=AXIS2_PLACEMENT_3D('',#4098,#3373,#3374);
#2662=AXIS2_PLACEMENT_3D('',#4100,#3376,#3377);
#2663=AXIS2_PLACEMENT_3D('',#4102,#3379,#3380);
#2664=AXIS2_PLACEMENT_3D('',#4106,#3382,#3383);
#2665=AXIS2_PLACEMENT_3D('',#4110,#3385,#3386);
#2666=AXIS2_PLACEMENT_3D('',#4113,#3388,#3389);
#2667=AXIS2_PLACEMENT_3D('',#4117,#3391,#3392);
#2668=AXIS2_PLACEMENT_3D('',#4121,#3394,#3395);
#2669=AXIS2_PLACEMENT_3D('',#4125,#3397,#3398);
#2670=AXIS2_PLACEMENT_3D('',#4129,#3400,#3401);
#2671=AXIS2_PLACEMENT_3D('',#4132,#3403,#3404);
#2672=AXIS2_PLACEMENT_3D('',#4133,#3405,#3406);
#2673=AXIS2_PLACEMENT_3D('',#4135,#3408,#3409);
#2674=AXIS2_PLACEMENT_3D('',#4137,#3411,#3412);
#2675=AXIS2_PLACEMENT_3D('',#4139,#3414,#3415);
#2676=AXIS2_PLACEMENT_3D('',#4142,#3418,#3419);
#2677=AXIS2_PLACEMENT_3D('',#4143,#3420,#3421);
#2678=AXIS2_PLACEMENT_3D('',#4145,#3423,#3424);
#2679=AXIS2_PLACEMENT_3D('',#4146,#3425,#3426);
#2680=AXIS2_PLACEMENT_3D('',#4148,#3428,#3429);
#2681=AXIS2_PLACEMENT_3D('',#4150,#3431,#3432);
#2682=AXIS2_PLACEMENT_3D('',#4153,#3435,#3436);
#2683=AXIS2_PLACEMENT_3D('',#4154,#3437,#3438);
#2684=AXIS2_PLACEMENT_3D('',#4156,#3440,#3441);
#2685=AXIS2_PLACEMENT_3D('',#4159,#3444,#3445);
#2686=AXIS2_PLACEMENT_3D('',#4161,#3447,#3448);
#2687=AXIS2_PLACEMENT_3D('',#4163,#3450,#3451);
#2688=AXIS2_PLACEMENT_3D('',#4166,#3454,#3455);
#2689=AXIS2_PLACEMENT_3D('',#4168,#3457,#3458);
#2690=AXIS2_PLACEMENT_3D('',#4170,#3460,#3461);
#2691=AXIS2_PLACEMENT_3D('',#4172,#3463,#3464);
#2692=AXIS2_PLACEMENT_3D('',#4173,#3465,#3466);
#2693=AXIS2_PLACEMENT_3D('',#4176,#3469,#3470);
#2694=AXIS2_PLACEMENT_3D('',#4177,#3471,#3472);
#2695=AXIS2_PLACEMENT_3D('',#4179,#3474,#3475);
#2696=AXIS2_PLACEMENT_3D('',#4180,#3476,#3477);
#2697=AXIS2_PLACEMENT_3D('',#4181,#3478,#3479);
#2698=AXIS2_PLACEMENT_3D('',#4182,#3480,#3481);
#2699=AXIS2_PLACEMENT_3D('',#4183,#3482,#3483);
#2700=AXIS2_PLACEMENT_3D('',#4184,#3484,#3485);
#2701=DIRECTION('axis',(0.,0.,1.));
#2702=DIRECTION('refdir',(1.,0.,0.));
#2703=DIRECTION('axis',(0.,0.,1.));
#2704=DIRECTION('refdir',(1.,0.,0.));
#2705=DIRECTION('center_axis',(0.,0.,1.));
#2706=DIRECTION('ref_axis',(-0.707106781186541,0.707106781186554,0.));
#2707=DIRECTION('center_axis',(0.,0.,-1.));
#2708=DIRECTION('ref_axis',(-0.707106781186541,0.707106781186554,0.));
#2709=DIRECTION('',(0.,0.,-1.));
#2710=DIRECTION('center_axis',(0.,0.,1.));
#2711=DIRECTION('ref_axis',(-0.707106781186541,0.707106781186554,0.));
#2712=DIRECTION('',(0.,0.,1.));
#2713=DIRECTION('center_axis',(0.,0.,-1.));
#2714=DIRECTION('ref_axis',(-1.,0.,0.));
#2715=DIRECTION('',(-1.,0.,0.));
#2716=DIRECTION('center_axis',(0.,0.,1.));
#2717=DIRECTION('ref_axis',(0.707106781186541,0.707106781186554,0.));
#2718=DIRECTION('',(0.,1.,0.));
#2719=DIRECTION('',(1.,0.,0.));
#2720=DIRECTION('',(0.,1.,0.));
#2721=DIRECTION('center_axis',(0.,1.,0.));
#2722=DIRECTION('ref_axis',(0.,0.,1.));
#2723=DIRECTION('',(1.,0.,0.));
#2724=DIRECTION('',(0.,0.,1.));
#2725=DIRECTION('center_axis',(0.,0.,-1.));
#2726=DIRECTION('ref_axis',(0.707106781186541,0.707106781186554,0.));
#2727=DIRECTION('center_axis',(0.,0.,-1.));
#2728=DIRECTION('ref_axis',(0.707106781186541,0.707106781186554,0.));
#2729=DIRECTION('',(0.,0.,-1.));
#2730=DIRECTION('center_axis',(-1.,0.,0.));
#2731=DIRECTION('ref_axis',(0.,0.,1.));
#2732=DIRECTION('',(0.,0.,-1.));
#2733=DIRECTION('',(0.,1.,0.));
#2734=DIRECTION('center_axis',(1.,0.,0.));
#2735=DIRECTION('ref_axis',(0.,0.,-1.));
#2736=DIRECTION('',(0.,1.,0.));
#2737=DIRECTION('',(0.,0.,1.));
#2738=DIRECTION('center_axis',(0.,1.,0.));
#2739=DIRECTION('ref_axis',(-1.,0.,0.));
#2740=DIRECTION('',(1.,0.,0.));
#2741=DIRECTION('',(0.,0.,-1.));
#2742=DIRECTION('',(-1.,0.,0.));
#2743=DIRECTION('center_axis',(0.,-1.,0.));
#2744=DIRECTION('ref_axis',(-1.,0.,0.));
#2745=DIRECTION('center_axis',(0.,-1.,0.));
#2746=DIRECTION('ref_axis',(-1.,0.,0.));
#2747=DIRECTION('center_axis',(0.,-1.,0.));
#2748=DIRECTION('ref_axis',(-1.,0.,0.));
#2749=DIRECTION('center_axis',(0.,-1.,0.));
#2750=DIRECTION('ref_axis',(-1.,0.,0.));
#2751=DIRECTION('center_axis',(0.,1.,0.));
#2752=DIRECTION('ref_axis',(-1.,0.,0.));
#2753=DIRECTION('',(-1.,0.,0.));
#2754=DIRECTION('',(0.,0.,1.));
#2755=DIRECTION('',(1.,0.,0.));
#2756=DIRECTION('center_axis',(0.,-1.,0.));
#2757=DIRECTION('ref_axis',(-1.,0.,0.));
#2758=DIRECTION('center_axis',(0.,-1.,0.));
#2759=DIRECTION('ref_axis',(-1.,0.,0.));
#2760=DIRECTION('center_axis',(0.,-1.,0.));
#2761=DIRECTION('ref_axis',(-1.,0.,0.));
#2762=DIRECTION('center_axis',(0.,-1.,0.));
#2763=DIRECTION('ref_axis',(-1.,0.,0.));
#2764=DIRECTION('center_axis',(-1.,0.,0.));
#2765=DIRECTION('ref_axis',(0.,-0.707106781186554,-0.707106781186541));
#2766=DIRECTION('center_axis',(1.,0.,0.));
#2767=DIRECTION('ref_axis',(0.,-0.707106781186554,-0.707106781186541));
#2768=DIRECTION('',(1.,0.,0.));
#2769=DIRECTION('center_axis',(1.,0.,0.));
#2770=DIRECTION('ref_axis',(0.,-0.707106781186554,-0.707106781186541));
#2771=DIRECTION('',(-1.,0.,0.));
#2772=DIRECTION('center_axis',(0.,-1.,0.));
#2773=DIRECTION('ref_axis',(0.,0.,1.));
#2774=DIRECTION('',(0.,0.,1.));
#2775=DIRECTION('',(-1.,0.,0.));
#2776=DIRECTION('',(0.,0.,1.));
#2777=DIRECTION('center_axis',(-1.,0.,0.));
#2778=DIRECTION('ref_axis',(0.,0.707106781186554,-0.707106781186541));
#2779=DIRECTION('center_axis',(1.,0.,0.));
#2780=DIRECTION('ref_axis',(0.,0.707106781186554,-0.707106781186541));
#2781=DIRECTION('',(1.,0.,0.));
#2782=DIRECTION('center_axis',(1.,0.,0.));
#2783=DIRECTION('ref_axis',(0.,0.707106781186554,-0.707106781186541));
#2784=DIRECTION('',(-1.,0.,0.));
#2785=DIRECTION('center_axis',(-1.,0.,0.));
#2786=DIRECTION('ref_axis',(0.,0.,1.));
#2787=DIRECTION('',(0.,-1.,0.));
#2788=DIRECTION('',(0.,0.,-1.));
#2789=DIRECTION('center_axis',(1.,0.,0.));
#2790=DIRECTION('ref_axis',(0.,0.707106781186554,0.707106781186541));
#2791=DIRECTION('',(0.,1.,0.));
#2792=DIRECTION('center_axis',(1.,0.,0.));
#2793=DIRECTION('ref_axis',(0.,-0.707106781186554,0.707106781186541));
#2794=DIRECTION('center_axis',(0.,1.,0.));
#2795=DIRECTION('ref_axis',(0.,0.,-1.));
#2796=DIRECTION('',(0.,0.,-1.));
#2797=DIRECTION('',(1.,0.,0.));
#2798=DIRECTION('center_axis',(-1.,0.,0.));
#2799=DIRECTION('ref_axis',(0.,0.707106781186554,0.707106781186541));
#2800=DIRECTION('center_axis',(1.,0.,0.));
#2801=DIRECTION('ref_axis',(0.,0.707106781186554,0.707106781186541));
#2802=DIRECTION('',(-1.,0.,0.));
#2803=DIRECTION('center_axis',(0.,0.,1.));
#2804=DIRECTION('ref_axis',(0.,1.,0.));
#2805=DIRECTION('',(0.,1.,0.));
#2806=DIRECTION('',(1.,0.,0.));
#2807=DIRECTION('center_axis',(-1.,0.,0.));
#2808=DIRECTION('ref_axis',(0.,-0.707106781186554,0.707106781186541));
#2809=DIRECTION('center_axis',(1.,0.,0.));
#2810=DIRECTION('ref_axis',(0.,-0.707106781186554,0.707106781186541));
#2811=DIRECTION('center_axis',(0.,0.,-1.));
#2812=DIRECTION('ref_axis',(0.,-1.,0.));
#2813=DIRECTION('',(0.,-1.,0.));
#2814=DIRECTION('center_axis',(0.,-1.,0.));
#2815=DIRECTION('ref_axis',(-1.,0.,0.));
#2816=DIRECTION('',(0.,-1.,0.));
#2817=DIRECTION('center_axis',(0.,1.,0.));
#2818=DIRECTION('ref_axis',(-1.,0.,0.));
#2819=DIRECTION('center_axis',(0.,-1.,0.));
#2820=DIRECTION('ref_axis',(-1.,0.,0.));
#2821=DIRECTION('',(0.,-1.,0.));
#2822=DIRECTION('center_axis',(0.,1.,0.));
#2823=DIRECTION('ref_axis',(-1.,0.,0.));
#2824=DIRECTION('center_axis',(0.,-1.,0.));
#2825=DIRECTION('ref_axis',(-1.,0.,0.));
#2826=DIRECTION('',(0.,-1.,0.));
#2827=DIRECTION('center_axis',(0.,1.,0.));
#2828=DIRECTION('ref_axis',(-1.,0.,0.));
#2829=DIRECTION('center_axis',(0.,-1.,0.));
#2830=DIRECTION('ref_axis',(-1.,0.,0.));
#2831=DIRECTION('',(0.,-1.,0.));
#2832=DIRECTION('center_axis',(0.,1.,0.));
#2833=DIRECTION('ref_axis',(-1.,0.,0.));
#2834=DIRECTION('center_axis',(0.,-1.,0.));
#2835=DIRECTION('ref_axis',(-1.,0.,0.));
#2836=DIRECTION('',(0.,-1.,0.));
#2837=DIRECTION('center_axis',(0.,1.,0.));
#2838=DIRECTION('ref_axis',(-1.,0.,0.));
#2839=DIRECTION('center_axis',(0.,-1.,0.));
#2840=DIRECTION('ref_axis',(-1.,0.,0.));
#2841=DIRECTION('',(0.,-1.,0.));
#2842=DIRECTION('center_axis',(0.,1.,0.));
#2843=DIRECTION('ref_axis',(-1.,0.,0.));
#2844=DIRECTION('center_axis',(0.,-1.,0.));
#2845=DIRECTION('ref_axis',(-1.,0.,0.));
#2846=DIRECTION('',(0.,-1.,0.));
#2847=DIRECTION('center_axis',(0.,1.,0.));
#2848=DIRECTION('ref_axis',(-1.,0.,0.));
#2849=DIRECTION('center_axis',(0.,-1.,0.));
#2850=DIRECTION('ref_axis',(-1.,0.,0.));
#2851=DIRECTION('',(0.,-1.,0.));
#2852=DIRECTION('center_axis',(0.,1.,0.));
#2853=DIRECTION('ref_axis',(-1.,0.,0.));
#2854=DIRECTION('center_axis',(0.,0.,-1.));
#2855=DIRECTION('ref_axis',(0.707106781186554,0.707106781186541,0.));
#2856=DIRECTION('',(0.,0.,-1.));
#2857=DIRECTION('center_axis',(0.,0.,1.));
#2858=DIRECTION('ref_axis',(0.707106781186554,0.707106781186541,0.));
#2859=DIRECTION('',(0.,0.,1.));
#2860=DIRECTION('center_axis',(0.,0.,1.));
#2861=DIRECTION('ref_axis',(0.707106781186554,0.707106781186541,0.));
#2862=DIRECTION('',(0.,0.,-1.));
#2863=DIRECTION('center_axis',(0.,0.,1.));
#2864=DIRECTION('ref_axis',(1.,0.,0.));
#2865=DIRECTION('center_axis',(1.,0.,0.));
#2866=DIRECTION('ref_axis',(0.,-1.,0.));
#2867=DIRECTION('center_axis',(0.,0.,1.));
#2868=DIRECTION('ref_axis',(0.707106781186548,-0.707106781186548,0.));
#2869=DIRECTION('center_axis',(0.,-1.,0.));
#2870=DIRECTION('ref_axis',(0.,0.,-1.));
#2871=DIRECTION('center_axis',(0.,0.,-1.));
#2872=DIRECTION('ref_axis',(0.707106781186548,-0.707106781186548,0.));
#2873=DIRECTION('center_axis',(0.,-1.,0.));
#2874=DIRECTION('ref_axis',(0.707106781186553,0.,-0.707106781186543));
#2875=DIRECTION('center_axis',(0.,-1.,0.));
#2876=DIRECTION('ref_axis',(0.,0.,-1.));
#2877=DIRECTION('',(0.,-1.,0.));
#2878=DIRECTION('',(0.,1.,0.));
#2879=DIRECTION('center_axis',(0.,0.,1.));
#2880=DIRECTION('ref_axis',(1.,0.,0.));
#2881=DIRECTION('center_axis',(1.,0.,0.));
#2882=DIRECTION('ref_axis',(0.,0.,-1.));
#2883=DIRECTION('center_axis',(0.,0.,-1.));
#2884=DIRECTION('ref_axis',(0.707106781186548,0.707106781186548,0.));
#2885=DIRECTION('center_axis',(0.,0.,1.));
#2886=DIRECTION('ref_axis',(0.707106781186548,0.707106781186548,0.));
#2887=DIRECTION('center_axis',(1.,0.,0.));
#2888=DIRECTION('ref_axis',(0.,0.707106781186546,-0.707106781186549));
#2889=DIRECTION('center_axis',(1.,0.,0.));
#2890=DIRECTION('ref_axis',(0.,0.,-1.));
#2891=DIRECTION('',(-1.,0.,0.));
#2892=DIRECTION('center_axis',(0.,0.,1.));
#2893=DIRECTION('ref_axis',(1.,0.,0.));
#2894=DIRECTION('center_axis',(0.,1.,0.));
#2895=DIRECTION('ref_axis',(0.,0.,-1.));
#2896=DIRECTION('center_axis',(0.,0.,-1.));
#2897=DIRECTION('ref_axis',(-0.707106781186546,0.707106781186549,0.));
#2898=DIRECTION('center_axis',(0.,0.,1.));
#2899=DIRECTION('ref_axis',(-0.707106781186546,0.707106781186549,0.));
#2900=DIRECTION('center_axis',(0.,-1.,0.));
#2901=DIRECTION('ref_axis',(-0.70710678118654,0.,-0.707106781186555));
#2902=DIRECTION('center_axis',(0.,1.,0.));
#2903=DIRECTION('ref_axis',(0.,0.,-1.));
#2904=DIRECTION('',(0.,1.,0.));
#2905=DIRECTION('',(0.,-1.,0.));
#2906=DIRECTION('center_axis',(0.,0.,-1.));
#2907=DIRECTION('ref_axis',(-1.,0.,0.));
#2908=DIRECTION('center_axis',(1.,0.,0.));
#2909=DIRECTION('ref_axis',(0.,0.,-1.));
#2910=DIRECTION('center_axis',(0.,0.,1.));
#2911=DIRECTION('ref_axis',(0.707106781186546,-0.707106781186549,0.));
#2912=DIRECTION('center_axis',(0.,0.,-1.));
#2913=DIRECTION('ref_axis',(0.707106781186546,-0.707106781186549,0.));
#2914=DIRECTION('center_axis',(-1.,-3.33694356014522E-16,0.));
#2915=DIRECTION('ref_axis',(0.,0.707106781186546,-0.707106781186549));
#2916=DIRECTION('center_axis',(1.,0.,0.));
#2917=DIRECTION('ref_axis',(0.,0.,-1.));
#2918=DIRECTION('',(1.,3.33694356014522E-16,0.));
#2919=DIRECTION('',(-1.,-3.33694356014522E-16,0.));
#2920=DIRECTION('center_axis',(0.,0.,1.));
#2921=DIRECTION('ref_axis',(1.,0.,0.));
#2922=DIRECTION('center_axis',(0.,1.,0.));
#2923=DIRECTION('ref_axis',(0.,0.,-1.));
#2924=DIRECTION('center_axis',(0.,0.,-1.));
#2925=DIRECTION('ref_axis',(-0.707106781186546,0.707106781186549,0.));
#2926=DIRECTION('center_axis',(0.,0.,1.));
#2927=DIRECTION('ref_axis',(-0.707106781186546,0.707106781186549,0.));
#2928=DIRECTION('center_axis',(0.,-1.,0.));
#2929=DIRECTION('ref_axis',(-0.70710678118654,0.,-0.707106781186555));
#2930=DIRECTION('center_axis',(0.,1.,0.));
#2931=DIRECTION('ref_axis',(0.,0.,-1.));
#2932=DIRECTION('',(0.,1.,0.));
#2933=DIRECTION('',(0.,-1.,0.));
#2934=DIRECTION('center_axis',(0.,0.,1.));
#2935=DIRECTION('ref_axis',(1.,0.,0.));
#2936=DIRECTION('center_axis',(-1.,0.,0.));
#2937=DIRECTION('ref_axis',(0.,0.,-1.));
#2938=DIRECTION('center_axis',(0.,0.,-1.));
#2939=DIRECTION('ref_axis',(-0.707106781186548,-0.707106781186548,0.));
#2940=DIRECTION('center_axis',(0.,0.,1.));
#2941=DIRECTION('ref_axis',(-0.707106781186548,-0.707106781186548,0.));
#2942=DIRECTION('center_axis',(1.,-3.67148956778478E-16,0.));
#2943=DIRECTION('ref_axis',(0.,-0.707106781186553,-0.707106781186543));
#2944=DIRECTION('center_axis',(-1.,0.,0.));
#2945=DIRECTION('ref_axis',(0.,0.,-1.));
#2946=DIRECTION('',(-1.,3.67148956778478E-16,0.));
#2947=DIRECTION('',(1.,-3.67148956778478E-16,0.));
#2948=DIRECTION('center_axis',(0.,0.,-1.));
#2949=DIRECTION('ref_axis',(-1.,0.,0.));
#2950=DIRECTION('center_axis',(0.,1.,0.));
#2951=DIRECTION('ref_axis',(0.,0.,-1.));
#2952=DIRECTION('center_axis',(0.,0.,1.));
#2953=DIRECTION('ref_axis',(0.707106781186548,0.707106781186548,0.));
#2954=DIRECTION('center_axis',(0.,0.,-1.));
#2955=DIRECTION('ref_axis',(0.707106781186548,0.707106781186548,0.));
#2956=DIRECTION('center_axis',(0.,1.,0.));
#2957=DIRECTION('ref_axis',(-0.70710678118654,0.,-0.707106781186555));
#2958=DIRECTION('center_axis',(0.,1.,0.));
#2959=DIRECTION('ref_axis',(0.,0.,-1.));
#2960=DIRECTION('',(0.,1.,0.));
#2961=DIRECTION('',(0.,-1.,0.));
#2962=DIRECTION('center_axis',(0.,0.,1.));
#2963=DIRECTION('ref_axis',(1.,0.,0.));
#2964=DIRECTION('center_axis',(-1.,0.,0.));
#2965=DIRECTION('ref_axis',(0.,0.,-1.));
#2966=DIRECTION('center_axis',(0.,0.,-1.));
#2967=DIRECTION('ref_axis',(-0.707106781186548,-0.707106781186548,0.));
#2968=DIRECTION('center_axis',(0.,0.,1.));
#2969=DIRECTION('ref_axis',(-0.707106781186548,-0.707106781186548,0.));
#2970=DIRECTION('center_axis',(-1.,0.,0.));
#2971=DIRECTION('ref_axis',(0.,-0.70710678118654,-0.707106781186555));
#2972=DIRECTION('center_axis',(-1.,0.,0.));
#2973=DIRECTION('ref_axis',(0.,0.,-1.));
#2974=DIRECTION('',(-1.,0.,0.));
#2975=DIRECTION('',(1.,0.,0.));
#2976=DIRECTION('center_axis',(0.,0.,-1.));
#2977=DIRECTION('ref_axis',(-1.,0.,0.));
#2978=DIRECTION('center_axis',(0.,1.,0.));
#2979=DIRECTION('ref_axis',(0.,0.,-1.));
#2980=DIRECTION('center_axis',(0.,0.,1.));
#2981=DIRECTION('ref_axis',(0.707106781186548,0.707106781186548,0.));
#2982=DIRECTION('center_axis',(0.,0.,-1.));
#2983=DIRECTION('ref_axis',(0.707106781186548,0.707106781186548,0.));
#2984=DIRECTION('center_axis',(-4.57196789304815E-16,1.,0.));
#2985=DIRECTION('ref_axis',(-0.70710678118654,0.,-0.707106781186555));
#2986=DIRECTION('center_axis',(0.,1.,0.));
#2987=DIRECTION('ref_axis',(0.,0.,-1.));
#2988=DIRECTION('',(-4.57196789304815E-16,1.,0.));
#2989=DIRECTION('',(4.57196789304815E-16,-1.,0.));
#2990=DIRECTION('center_axis',(0.,0.,1.));
#2991=DIRECTION('ref_axis',(1.,0.,0.));
#2992=DIRECTION('center_axis',(-1.,0.,0.));
#2993=DIRECTION('ref_axis',(0.,0.,-1.));
#2994=DIRECTION('center_axis',(0.,0.,-1.));
#2995=DIRECTION('ref_axis',(-0.70710678118655,-0.707106781186545,0.));
#2996=DIRECTION('center_axis',(0.,0.,1.));
#2997=DIRECTION('ref_axis',(-0.70710678118655,-0.707106781186545,0.));
#2998=DIRECTION('center_axis',(-1.,0.,0.));
#2999=DIRECTION('ref_axis',(0.,-0.707106781186553,-0.707106781186543));
#3000=DIRECTION('center_axis',(-1.,0.,0.));
#3001=DIRECTION('ref_axis',(0.,0.,-1.));
#3002=DIRECTION('',(-1.,0.,0.));
#3003=DIRECTION('',(1.,0.,0.));
#3004=DIRECTION('center_axis',(0.,0.,1.));
#3005=DIRECTION('ref_axis',(1.,0.,0.));
#3006=DIRECTION('center_axis',(0.,-1.,0.));
#3007=DIRECTION('ref_axis',(0.,0.,-1.));
#3008=DIRECTION('center_axis',(0.,0.,-1.));
#3009=DIRECTION('ref_axis',(0.707106781186548,-0.707106781186548,0.));
#3010=DIRECTION('center_axis',(0.,0.,1.));
#3011=DIRECTION('ref_axis',(0.707106781186548,-0.707106781186548,0.));
#3012=DIRECTION('center_axis',(0.,-1.,0.));
#3013=DIRECTION('ref_axis',(0.707106781186553,0.,-0.707106781186543));
#3014=DIRECTION('center_axis',(0.,-1.,0.));
#3015=DIRECTION('ref_axis',(0.,0.,-1.));
#3016=DIRECTION('',(0.,-1.,0.));
#3017=DIRECTION('',(0.,1.,0.));
#3018=DIRECTION('center_axis',(0.,0.,-1.));
#3019=DIRECTION('ref_axis',(-1.,0.,0.));
#3020=DIRECTION('center_axis',(-0.871920373972973,-0.489647691152353,0.));
#3021=DIRECTION('ref_axis',(0.,0.,-1.));
#3022=DIRECTION('center_axis',(0.,0.,1.));
#3023=DIRECTION('ref_axis',(-0.863031775530993,0.505149635676224,0.));
#3024=DIRECTION('center_axis',(0.,0.,-1.));
#3025=DIRECTION('ref_axis',(-0.863031775530993,0.505149635676224,0.));
#3026=DIRECTION('center_axis',(0.,0.,1.));
#3027=DIRECTION('ref_axis',(1.,0.,0.));
#3028=DIRECTION('center_axis',(0.,-1.,0.));
#3029=DIRECTION('ref_axis',(0.,0.,-1.));
#3030=DIRECTION('center_axis',(0.,0.,1.));
#3031=DIRECTION('ref_axis',(-0.884809142794366,-0.465953625189782,0.));
#3032=DIRECTION('center_axis',(-0.824560055372206,0.565774438344986,0.));
#3033=DIRECTION('ref_axis',(0.565774438344986,0.824560055372206,0.));
#3034=DIRECTION('center_axis',(0.,0.,-1.));
#3035=DIRECTION('ref_axis',(-0.884809142794365,-0.465953625189782,0.));
#3036=DIRECTION('center_axis',(0.,-1.,0.));
#3037=DIRECTION('ref_axis',(0.707106781186553,0.,-0.707106781186543));
#3038=DIRECTION('center_axis',(0.,-1.,0.));
#3039=DIRECTION('ref_axis',(0.,0.,-1.));
#3040=DIRECTION('',(0.,-1.,0.));
#3041=DIRECTION('',(0.,1.,0.));
#3042=DIRECTION('center_axis',(0.,0.,-1.));
#3043=DIRECTION('ref_axis',(-1.,0.,0.));
#3044=DIRECTION('center_axis',(-1.,0.,0.));
#3045=DIRECTION('ref_axis',(0.,0.,-1.));
#3046=DIRECTION('center_axis',(0.,0.,1.));
#3047=DIRECTION('ref_axis',(-0.707106781186547,0.707106781186547,0.));
#3048=DIRECTION('center_axis',(0.,0.,-1.));
#3049=DIRECTION('ref_axis',(-0.707106781186548,0.707106781186548,0.));
#3050=DIRECTION('center_axis',(-1.,0.,0.));
#3051=DIRECTION('ref_axis',(0.,-0.707106781186553,-0.707106781186543));
#3052=DIRECTION('',(1.,0.,0.));
#3053=DIRECTION('',(-1.,0.,0.));
#3054=DIRECTION('center_axis',(0.,-1.,0.));
#3055=DIRECTION('ref_axis',(0.707106781186553,0.,-0.707106781186543));
#3056=DIRECTION('center_axis',(0.,-1.,0.));
#3057=DIRECTION('ref_axis',(0.,0.,-1.));
#3058=DIRECTION('',(0.,-1.,0.));
#3059=DIRECTION('center_axis',(0.,1.,0.));
#3060=DIRECTION('ref_axis',(1.,0.,0.));
#3061=DIRECTION('',(0.,1.,0.));
#3062=DIRECTION('center_axis',(-0.432637038520541,0.253231049638033,-0.865274077041139));
#3063=DIRECTION('ref_axis',(0.746759023029749,-0.437092884777406,-0.501299083981429));
#3064=DIRECTION('center_axis',(0.,0.,-1.));
#3065=DIRECTION('ref_axis',(-1.,0.,0.));
#3066=DIRECTION('center_axis',(-0.43530449739555,-0.229237808260337,-0.87060899479112));
#3067=DIRECTION('ref_axis',(0.770322798390194,0.405663417245761,-0.49197558698455));
#3068=DIRECTION('center_axis',(0.,0.,-1.));
#3069=DIRECTION('ref_axis',(0.884809142794365,0.465953625189782,0.));
#3070=DIRECTION('center_axis',(0.,0.,1.));
#3071=DIRECTION('ref_axis',(-0.707106781186548,-0.707106781186548,0.));
#3072=DIRECTION('',(0.,0.,1.));
#3073=DIRECTION('center_axis',(0.,0.,-1.));
#3074=DIRECTION('ref_axis',(-0.707106781186548,-0.707106781186548,0.));
#3075=DIRECTION('',(0.,0.,-1.));
#3076=DIRECTION('center_axis',(-3.67148956778478E-16,-1.,0.));
#3077=DIRECTION('ref_axis',(1.,-3.67148956778478E-16,0.));
#3078=DIRECTION('',(0.,0.,-1.));
#3079=DIRECTION('',(1.,-3.67148956778478E-16,0.));
#3080=DIRECTION('center_axis',(0.,0.,1.));
#3081=DIRECTION('ref_axis',(0.707106781186548,0.707106781186548,0.));
#3082=DIRECTION('',(0.,0.,1.));
#3083=DIRECTION('center_axis',(0.,0.,1.));
#3084=DIRECTION('ref_axis',(0.707106781186548,0.707106781186548,0.));
#3085=DIRECTION('center_axis',(-1.,0.,0.));
#3086=DIRECTION('ref_axis',(0.,-1.,0.));
#3087=DIRECTION('',(0.,0.,-1.));
#3088=DIRECTION('',(0.,-1.,0.));
#3089=DIRECTION('center_axis',(0.,0.,1.));
#3090=DIRECTION('ref_axis',(-0.707106781186548,-0.707106781186548,0.));
#3091=DIRECTION('',(0.,0.,1.));
#3092=DIRECTION('center_axis',(0.,0.,-1.));
#3093=DIRECTION('ref_axis',(-0.707106781186548,-0.707106781186548,0.));
#3094=DIRECTION('center_axis',(0.,-1.,0.));
#3095=DIRECTION('ref_axis',(1.,0.,0.));
#3096=DIRECTION('',(0.,0.,-1.));
#3097=DIRECTION('',(1.,0.,0.));
#3098=DIRECTION('center_axis',(0.,0.,1.));
#3099=DIRECTION('ref_axis',(0.707106781186548,0.707106781186548,0.));
#3100=DIRECTION('',(0.,0.,1.));
#3101=DIRECTION('center_axis',(0.,0.,1.));
#3102=DIRECTION('ref_axis',(0.707106781186548,0.707106781186548,0.));
#3103=DIRECTION('center_axis',(-1.,-4.57196789304815E-16,0.));
#3104=DIRECTION('ref_axis',(4.57196789304815E-16,-1.,0.));
#3105=DIRECTION('',(0.,0.,-1.));
#3106=DIRECTION('',(4.57196789304815E-16,-1.,0.));
#3107=DIRECTION('center_axis',(0.,0.,1.));
#3108=DIRECTION('ref_axis',(-0.707106781186543,-0.707106781186552,0.));
#3109=DIRECTION('',(0.,0.,1.));
#3110=DIRECTION('center_axis',(0.,0.,-1.));
#3111=DIRECTION('ref_axis',(-0.707106781186543,-0.707106781186552,0.));
#3112=DIRECTION('center_axis',(0.,-1.,0.));
#3113=DIRECTION('ref_axis',(1.,0.,0.));
#3114=DIRECTION('',(0.,0.,-1.));
#3115=DIRECTION('',(1.,0.,0.));
#3116=DIRECTION('center_axis',(0.,0.,1.));
#3117=DIRECTION('ref_axis',(0.707106781186556,-0.707106781186539,0.));
#3118=DIRECTION('',(0.,0.,1.));
#3119=DIRECTION('center_axis',(0.,0.,-1.));
#3120=DIRECTION('ref_axis',(0.707106781186556,-0.707106781186539,0.));
#3121=DIRECTION('center_axis',(1.,0.,0.));
#3122=DIRECTION('ref_axis',(0.,1.,0.));
#3123=DIRECTION('',(0.,0.,-1.));
#3124=DIRECTION('',(0.,1.,0.));
#3125=DIRECTION('center_axis',(0.,0.,1.));
#3126=DIRECTION('ref_axis',(-0.707106781186548,0.707106781186548,0.));
#3127=DIRECTION('',(0.,0.,-1.));
#3128=DIRECTION('center_axis',(0.,0.,1.));
#3129=DIRECTION('ref_axis',(-0.707106781186548,0.707106781186548,0.));
#3130=DIRECTION('center_axis',(0.,0.,-1.));
#3131=DIRECTION('ref_axis',(-1.,0.,0.));
#3132=DIRECTION('',(0.,0.,1.));
#3133=DIRECTION('center_axis',(0.,0.,-1.));
#3134=DIRECTION('ref_axis',(-1.,0.,0.));
#3135=DIRECTION('center_axis',(1.,0.,0.));
#3136=DIRECTION('ref_axis',(0.,1.,0.));
#3137=DIRECTION('',(0.,0.,-1.));
#3138=DIRECTION('',(0.,1.,0.));
#3139=DIRECTION('center_axis',(0.,0.,1.));
#3140=DIRECTION('ref_axis',(1.,0.,0.));
#3141=DIRECTION('center_axis',(0.,0.,-1.));
#3142=DIRECTION('ref_axis',(-1.,0.,0.));
#3143=DIRECTION('center_axis',(0.,0.,-1.));
#3144=DIRECTION('ref_axis',(-1.,0.,0.));
#3145=DIRECTION('',(0.,0.,-1.));
#3146=DIRECTION('center_axis',(0.,0.,-1.));
#3147=DIRECTION('ref_axis',(-1.,0.,0.));
#3148=DIRECTION('center_axis',(0.,0.,1.));
#3149=DIRECTION('ref_axis',(-1.,0.,0.));
#3150=DIRECTION('center_axis',(0.,0.,-1.));
#3151=DIRECTION('ref_axis',(-1.,0.,0.));
#3152=DIRECTION('center_axis',(0.,0.,-1.));
#3153=DIRECTION('ref_axis',(-1.,0.,0.));
#3154=DIRECTION('',(0.,0.,-1.));
#3155=DIRECTION('center_axis',(0.,0.,-1.));
#3156=DIRECTION('ref_axis',(-1.,0.,0.));
#3157=DIRECTION('center_axis',(0.,0.,1.));
#3158=DIRECTION('ref_axis',(-1.,0.,0.));
#3159=DIRECTION('center_axis',(0.,0.,-1.));
#3160=DIRECTION('ref_axis',(-1.,0.,0.));
#3161=DIRECTION('center_axis',(0.,0.,-1.));
#3162=DIRECTION('ref_axis',(-1.,0.,0.));
#3163=DIRECTION('',(0.,0.,-1.));
#3164=DIRECTION('center_axis',(0.,0.,-1.));
#3165=DIRECTION('ref_axis',(-1.,0.,0.));
#3166=DIRECTION('center_axis',(0.,0.,1.));
#3167=DIRECTION('ref_axis',(-1.,0.,0.));
#3168=DIRECTION('center_axis',(0.,0.,-1.));
#3169=DIRECTION('ref_axis',(-1.,0.,0.));
#3170=DIRECTION('center_axis',(0.,0.,-1.));
#3171=DIRECTION('ref_axis',(-1.,0.,0.));
#3172=DIRECTION('',(0.,0.,-1.));
#3173=DIRECTION('center_axis',(0.,0.,-1.));
#3174=DIRECTION('ref_axis',(-1.,0.,0.));
#3175=DIRECTION('center_axis',(0.,0.,1.));
#3176=DIRECTION('ref_axis',(-1.,0.,0.));
#3177=DIRECTION('center_axis',(0.,0.,-1.));
#3178=DIRECTION('ref_axis',(-1.,0.,0.));
#3179=DIRECTION('center_axis',(0.,0.,-1.));
#3180=DIRECTION('ref_axis',(-1.,0.,0.));
#3181=DIRECTION('',(0.,0.,-1.));
#3182=DIRECTION('center_axis',(0.,0.,-1.));
#3183=DIRECTION('ref_axis',(-1.,0.,0.));
#3184=DIRECTION('center_axis',(0.,0.,1.));
#3185=DIRECTION('ref_axis',(-1.,0.,0.));
#3186=DIRECTION('center_axis',(0.,0.,-1.));
#3187=DIRECTION('ref_axis',(-1.,0.,0.));
#3188=DIRECTION('center_axis',(0.,0.,-1.));
#3189=DIRECTION('ref_axis',(-1.,0.,0.));
#3190=DIRECTION('',(0.,0.,-1.));
#3191=DIRECTION('center_axis',(0.,0.,-1.));
#3192=DIRECTION('ref_axis',(-1.,0.,0.));
#3193=DIRECTION('center_axis',(0.,0.,1.));
#3194=DIRECTION('ref_axis',(-1.,0.,0.));
#3195=DIRECTION('center_axis',(0.,0.,-1.));
#3196=DIRECTION('ref_axis',(-1.,0.,0.));
#3197=DIRECTION('center_axis',(0.,0.,-1.));
#3198=DIRECTION('ref_axis',(-1.,0.,0.));
#3199=DIRECTION('',(0.,0.,-1.));
#3200=DIRECTION('center_axis',(0.,0.,-1.));
#3201=DIRECTION('ref_axis',(-1.,0.,0.));
#3202=DIRECTION('center_axis',(0.,0.,1.));
#3203=DIRECTION('ref_axis',(-1.,0.,0.));
#3204=DIRECTION('center_axis',(0.,0.,-1.));
#3205=DIRECTION('ref_axis',(-1.,0.,0.));
#3206=DIRECTION('center_axis',(0.,0.,-1.));
#3207=DIRECTION('ref_axis',(-1.,0.,0.));
#3208=DIRECTION('',(0.,0.,-1.));
#3209=DIRECTION('center_axis',(0.,0.,-1.));
#3210=DIRECTION('ref_axis',(-1.,0.,0.));
#3211=DIRECTION('center_axis',(0.,0.,1.));
#3212=DIRECTION('ref_axis',(-1.,0.,0.));
#3213=DIRECTION('center_axis',(0.,0.,1.));
#3214=DIRECTION('ref_axis',(0.884809142794371,0.465953625189772,0.));
#3215=DIRECTION('',(0.,0.,1.));
#3216=DIRECTION('center_axis',(0.,0.,-1.));
#3217=DIRECTION('ref_axis',(0.884809142794371,0.465953625189772,0.));
#3218=DIRECTION('center_axis',(0.,0.,1.));
#3219=DIRECTION('ref_axis',(1.,0.,0.));
#3220=DIRECTION('center_axis',(0.,0.,-1.));
#3221=DIRECTION('ref_axis',(-0.707106781186548,0.707106781186548,0.));
#3222=DIRECTION('',(0.,-1.,0.));
#3223=DIRECTION('center_axis',(0.,0.,1.));
#3224=DIRECTION('ref_axis',(0.707106781186548,-0.707106781186548,0.));
#3225=DIRECTION('',(-1.,-3.33694356014522E-16,0.));
#3226=DIRECTION('center_axis',(0.,0.,-1.));
#3227=DIRECTION('ref_axis',(-0.707106781186548,0.707106781186548,0.));
#3228=DIRECTION('',(0.,-1.,0.));
#3229=DIRECTION('center_axis',(0.,0.,1.));
#3230=DIRECTION('ref_axis',(-0.131548876689961,-0.991309685739835,0.));
#3231=DIRECTION('',(0.,1.,0.));
#3232=DIRECTION('center_axis',(0.,0.,1.));
#3233=DIRECTION('ref_axis',(-0.707106781186543,0.707106781186552,0.));
#3234=DIRECTION('',(1.,0.,0.));
#3235=DIRECTION('center_axis',(0.,0.,-1.));
#3236=DIRECTION('ref_axis',(0.707106781186543,-0.707106781186552,0.));
#3237=DIRECTION('',(0.,1.,0.));
#3238=DIRECTION('center_axis',(0.,0.,-1.));
#3239=DIRECTION('ref_axis',(0.707106781186545,0.70710678118655,0.));
#3240=DIRECTION('',(1.,0.,0.));
#3241=DIRECTION('',(0.,-1.,0.));
#3242=DIRECTION('center_axis',(0.,0.,1.));
#3243=DIRECTION('ref_axis',(0.707106781186552,-0.707106781186543,0.));
#3244=DIRECTION('',(-1.,0.,0.));
#3245=DIRECTION('center_axis',(0.,0.,-1.));
#3246=DIRECTION('ref_axis',(-0.707106781186543,0.707106781186552,0.));
#3247=DIRECTION('',(0.,-1.,0.));
#3248=DIRECTION('center_axis',(0.,0.,1.));
#3249=DIRECTION('ref_axis',(0.711961881023946,-0.702218114241469,0.));
#3250=DIRECTION('',(-0.999905059008888,-0.0137794400623305,0.));
#3251=DIRECTION('center_axis',(0.,0.,1.));
#3252=DIRECTION('ref_axis',(-0.702218114241464,-0.711961881023951,0.));
#3253=DIRECTION('',(0.,1.,0.));
#3254=DIRECTION('center_axis',(0.,0.,-1.));
#3255=DIRECTION('ref_axis',(0.707106781186548,0.707106781186548,0.));
#3256=DIRECTION('',(-1.,0.,0.));
#3257=DIRECTION('center_axis',(0.,0.,1.));
#3258=DIRECTION('ref_axis',(-0.707106781186548,-0.707106781186548,0.));
#3259=DIRECTION('',(0.,1.,0.));
#3260=DIRECTION('center_axis',(0.,0.,-1.));
#3261=DIRECTION('ref_axis',(0.707106781186548,0.707106781186548,0.));
#3262=DIRECTION('',(-1.,0.,0.));
#3263=DIRECTION('center_axis',(0.,0.,1.));
#3264=DIRECTION('ref_axis',(-0.707106781186548,-0.707106781186548,0.));
#3265=DIRECTION('',(0.,1.,0.));
#3266=DIRECTION('center_axis',(0.,0.,1.));
#3267=DIRECTION('ref_axis',(-0.70710678118655,0.707106781186545,0.));
#3268=DIRECTION('',(1.,0.,0.));
#3269=DIRECTION('center_axis',(0.,0.,-1.));
#3270=DIRECTION('ref_axis',(0.707106781186552,-0.707106781186543,0.));
#3271=DIRECTION('center_axis',(0.,0.,1.));
#3272=DIRECTION('ref_axis',(0.,-1.,0.));
#3273=DIRECTION('center_axis',(0.,0.,-1.));
#3274=DIRECTION('ref_axis',(-0.131548876689961,-0.991309685739835,0.));
#3275=DIRECTION('',(0.,0.,1.));
#3276=DIRECTION('center_axis',(-1.,0.,0.));
#3277=DIRECTION('ref_axis',(0.,-1.,0.));
#3278=DIRECTION('',(0.,0.,1.));
#3279=DIRECTION('center_axis',(0.,0.,-1.));
#3280=DIRECTION('ref_axis',(-1.,0.,0.));
#3281=DIRECTION('center_axis',(0.,0.,-1.));
#3282=DIRECTION('ref_axis',(-1.,0.,0.));
#3283=DIRECTION('',(0.,0.,-1.));
#3284=DIRECTION('center_axis',(0.,0.,-1.));
#3285=DIRECTION('ref_axis',(-1.,0.,0.));
#3286=DIRECTION('center_axis',(0.,0.,1.));
#3287=DIRECTION('ref_axis',(-1.,0.,0.));
#3288=DIRECTION('center_axis',(0.,0.,-1.));
#3289=DIRECTION('ref_axis',(-1.,0.,0.));
#3290=DIRECTION('center_axis',(0.,0.,-1.));
#3291=DIRECTION('ref_axis',(-1.,0.,0.));
#3292=DIRECTION('',(0.,0.,-1.));
#3293=DIRECTION('center_axis',(0.,0.,-1.));
#3294=DIRECTION('ref_axis',(-1.,0.,0.));
#3295=DIRECTION('center_axis',(0.,0.,1.));
#3296=DIRECTION('ref_axis',(-1.,0.,0.));
#3297=DIRECTION('center_axis',(0.,0.,-1.));
#3298=DIRECTION('ref_axis',(-1.,0.,0.));
#3299=DIRECTION('center_axis',(0.,0.,-1.));
#3300=DIRECTION('ref_axis',(-1.,0.,0.));
#3301=DIRECTION('',(0.,0.,-1.));
#3302=DIRECTION('center_axis',(0.,0.,-1.));
#3303=DIRECTION('ref_axis',(-1.,0.,0.));
#3304=DIRECTION('center_axis',(0.,0.,1.));
#3305=DIRECTION('ref_axis',(-1.,0.,0.));
#3306=DIRECTION('center_axis',(0.,0.,-1.));
#3307=DIRECTION('ref_axis',(-1.,0.,0.));
#3308=DIRECTION('center_axis',(0.,0.,-1.));
#3309=DIRECTION('ref_axis',(-1.,0.,0.));
#3310=DIRECTION('',(0.,0.,-1.));
#3311=DIRECTION('center_axis',(0.,0.,-1.));
#3312=DIRECTION('ref_axis',(-1.,0.,0.));
#3313=DIRECTION('center_axis',(0.,0.,1.));
#3314=DIRECTION('ref_axis',(-1.,0.,0.));
#3315=DIRECTION('center_axis',(0.,0.,1.));
#3316=DIRECTION('ref_axis',(-1.,0.,0.));
#3317=DIRECTION('center_axis',(0.,0.,1.));
#3318=DIRECTION('ref_axis',(-1.,0.,0.));
#3319=DIRECTION('',(0.,0.,-1.));
#3320=DIRECTION('center_axis',(0.,0.,-1.));
#3321=DIRECTION('ref_axis',(-1.,0.,0.));
#3322=DIRECTION('center_axis',(0.,0.,1.));
#3323=DIRECTION('ref_axis',(-1.,0.,0.));
#3324=DIRECTION('center_axis',(0.,0.,1.));
#3325=DIRECTION('ref_axis',(-1.,0.,0.));
#3326=DIRECTION('center_axis',(0.,0.,1.));
#3327=DIRECTION('ref_axis',(-1.,0.,0.));
#3328=DIRECTION('',(0.,0.,-1.));
#3329=DIRECTION('center_axis',(0.,0.,-1.));
#3330=DIRECTION('ref_axis',(-1.,0.,0.));
#3331=DIRECTION('center_axis',(0.,0.,1.));
#3332=DIRECTION('ref_axis',(-1.,0.,0.));
#3333=DIRECTION('center_axis',(0.,0.,1.));
#3334=DIRECTION('ref_axis',(-1.,0.,0.));
#3335=DIRECTION('center_axis',(0.,0.,1.));
#3336=DIRECTION('ref_axis',(-1.,0.,0.));
#3337=DIRECTION('',(0.,0.,-1.));
#3338=DIRECTION('center_axis',(0.,0.,-1.));
#3339=DIRECTION('ref_axis',(-1.,0.,0.));
#3340=DIRECTION('center_axis',(0.,0.,1.));
#3341=DIRECTION('ref_axis',(-1.,0.,0.));
#3342=DIRECTION('center_axis',(0.,0.,1.));
#3343=DIRECTION('ref_axis',(-1.,0.,0.));
#3344=DIRECTION('center_axis',(0.,0.,1.));
#3345=DIRECTION('ref_axis',(-1.,0.,0.));
#3346=DIRECTION('',(0.,0.,-1.));
#3347=DIRECTION('center_axis',(0.,0.,-1.));
#3348=DIRECTION('ref_axis',(-1.,0.,0.));
#3349=DIRECTION('center_axis',(0.,0.,1.));
#3350=DIRECTION('ref_axis',(-1.,0.,0.));
#3351=DIRECTION('center_axis',(0.,0.,-1.));
#3352=DIRECTION('ref_axis',(0.711961881023946,-0.702218114241469,0.));
#3353=DIRECTION('center_axis',(0.,0.,1.));
#3354=DIRECTION('ref_axis',(0.711961881023946,-0.702218114241469,0.));
#3355=DIRECTION('',(0.,0.,1.));
#3356=DIRECTION('',(0.,0.,-1.));
#3357=DIRECTION('center_axis',(0.0137794400623305,-0.999905059008888,0.));
#3358=DIRECTION('ref_axis',(-0.999905059008888,-0.0137794400623305,0.));
#3359=DIRECTION('',(-0.999905059008888,-0.0137794400623305,0.));
#3360=DIRECTION('',(0.,0.,-1.));
#3361=DIRECTION('center_axis',(0.,0.,-1.));
#3362=DIRECTION('ref_axis',(-0.702218114241464,-0.711961881023951,0.));
#3363=DIRECTION('center_axis',(0.,0.,1.));
#3364=DIRECTION('ref_axis',(-0.702218114241464,-0.711961881023951,0.));
#3365=DIRECTION('',(0.,0.,1.));
#3366=DIRECTION('center_axis',(-1.,0.,0.));
#3367=DIRECTION('ref_axis',(0.,1.,0.));
#3368=DIRECTION('',(0.,1.,0.));
#3369=DIRECTION('',(0.,0.,-1.));
#3370=DIRECTION('center_axis',(0.,0.,1.));
#3371=DIRECTION('ref_axis',(0.,-1.,0.));
#3372=DIRECTION('',(0.,0.,-1.));
#3373=DIRECTION('center_axis',(0.,0.,1.));
#3374=DIRECTION('ref_axis',(0.,-1.,0.));
#3375=DIRECTION('',(0.,0.,1.));
#3376=DIRECTION('center_axis',(0.,1.,0.));
#3377=DIRECTION('ref_axis',(1.,0.,0.));
#3378=DIRECTION('',(1.,0.,0.));
#3379=DIRECTION('center_axis',(0.,0.,-1.));
#3380=DIRECTION('ref_axis',(-1.,0.,0.));
#3381=DIRECTION('',(0.,-1.,0.));
#3382=DIRECTION('center_axis',(0.,0.,-1.));
#3383=DIRECTION('ref_axis',(-0.707106781186543,0.707106781186552,0.));
#3384=DIRECTION('',(-1.,0.,0.));
#3385=DIRECTION('center_axis',(0.,0.,1.));
#3386=DIRECTION('ref_axis',(0.707106781186552,-0.707106781186543,0.));
#3387=DIRECTION('',(0.,-1.,0.));
#3388=DIRECTION('center_axis',(0.,0.,-1.));
#3389=DIRECTION('ref_axis',(0.707106781186552,-0.707106781186543,0.));
#3390=DIRECTION('',(1.,0.,0.));
#3391=DIRECTION('center_axis',(0.,0.,1.));
#3392=DIRECTION('ref_axis',(-0.70710678118655,0.707106781186545,0.));
#3393=DIRECTION('',(0.,1.,0.));
#3394=DIRECTION('center_axis',(0.,0.,1.));
#3395=DIRECTION('ref_axis',(-0.707106781186548,-0.707106781186548,0.));
#3396=DIRECTION('',(-1.,0.,0.));
#3397=DIRECTION('center_axis',(0.,0.,-1.));
#3398=DIRECTION('ref_axis',(0.707106781186548,0.707106781186548,0.));
#3399=DIRECTION('',(0.,1.,0.));
#3400=DIRECTION('center_axis',(0.,0.,1.));
#3401=DIRECTION('ref_axis',(-0.707106781186548,-0.707106781186548,0.));
#3402=DIRECTION('',(-1.,0.,0.));
#3403=DIRECTION('center_axis',(0.,0.,-1.));
#3404=DIRECTION('ref_axis',(0.707106781186548,0.707106781186548,0.));
#3405=DIRECTION('center_axis',(0.,0.,-1.));
#3406=DIRECTION('ref_axis',(0.707106781186552,-0.707106781186543,0.));
#3407=DIRECTION('',(0.,0.,-1.));
#3408=DIRECTION('center_axis',(0.,1.,0.));
#3409=DIRECTION('ref_axis',(1.,0.,0.));
#3410=DIRECTION('',(0.,0.,1.));
#3411=DIRECTION('center_axis',(1.,0.,0.));
#3412=DIRECTION('ref_axis',(0.,-1.,0.));
#3413=DIRECTION('',(0.,0.,-1.));
#3414=DIRECTION('center_axis',(0.,0.,-1.));
#3415=DIRECTION('ref_axis',(-0.707106781186543,0.707106781186552,0.));
#3416=DIRECTION('',(0.,0.,-1.));
#3417=DIRECTION('',(0.,0.,1.));
#3418=DIRECTION('center_axis',(1.,0.,0.));
#3419=DIRECTION('ref_axis',(0.,-1.,0.));
#3420=DIRECTION('center_axis',(0.,0.,-1.));
#3421=DIRECTION('ref_axis',(0.707106781186552,-0.707106781186543,0.));
#3422=DIRECTION('',(0.,0.,1.));
#3423=DIRECTION('center_axis',(0.,-1.,0.));
#3424=DIRECTION('ref_axis',(-1.,0.,0.));
#3425=DIRECTION('center_axis',(0.,0.,1.));
#3426=DIRECTION('ref_axis',(-0.707106781186548,0.707106781186548,0.));
#3427=DIRECTION('',(0.,0.,-1.));
#3428=DIRECTION('center_axis',(0.,0.,1.));
#3429=DIRECTION('ref_axis',(-0.707106781186548,0.707106781186548,0.));
#3430=DIRECTION('',(0.,0.,1.));
#3431=DIRECTION('center_axis',(0.,0.,1.));
#3432=DIRECTION('ref_axis',(0.707106781186548,-0.707106781186548,0.));
#3433=DIRECTION('',(0.,0.,1.));
#3434=DIRECTION('',(0.,0.,-1.));
#3435=DIRECTION('center_axis',(-3.33694356014522E-16,1.,0.));
#3436=DIRECTION('ref_axis',(-1.,-3.33694356014522E-16,0.));
#3437=DIRECTION('center_axis',(0.,0.,1.));
#3438=DIRECTION('ref_axis',(0.707106781186545,0.70710678118655,0.));
#3439=DIRECTION('',(0.,0.,-1.));
#3440=DIRECTION('center_axis',(0.,0.,1.));
#3441=DIRECTION('ref_axis',(0.707106781186543,-0.707106781186552,0.));
#3442=DIRECTION('',(0.,0.,1.));
#3443=DIRECTION('',(0.,0.,-1.));
#3444=DIRECTION('center_axis',(0.,-1.,0.));
#3445=DIRECTION('ref_axis',(1.,0.,0.));
#3446=DIRECTION('',(0.,0.,1.));
#3447=DIRECTION('center_axis',(0.,0.,1.));
#3448=DIRECTION('ref_axis',(-0.707106781186543,0.707106781186552,0.));
#3449=DIRECTION('',(0.,0.,-1.));
#3450=DIRECTION('center_axis',(0.,0.,-1.));
#3451=DIRECTION('ref_axis',(0.707106781186548,0.707106781186548,0.));
#3452=DIRECTION('',(0.,0.,-1.));
#3453=DIRECTION('',(0.,0.,1.));
#3454=DIRECTION('center_axis',(-1.,0.,0.));
#3455=DIRECTION('ref_axis',(0.,1.,0.));
#3456=DIRECTION('',(0.,0.,1.));
#3457=DIRECTION('center_axis',(0.,0.,-1.));
#3458=DIRECTION('ref_axis',(-0.707106781186548,-0.707106781186548,0.));
#3459=DIRECTION('',(0.,0.,-1.));
#3460=DIRECTION('center_axis',(0.,-1.,0.));
#3461=DIRECTION('ref_axis',(-1.,0.,0.));
#3462=DIRECTION('',(0.,0.,1.));
#3463=DIRECTION('center_axis',(0.,0.,-1.));
#3464=DIRECTION('ref_axis',(0.707106781186548,0.707106781186548,0.));
#3465=DIRECTION('center_axis',(0.,0.,-1.));
#3466=DIRECTION('ref_axis',(-0.707106781186548,-0.707106781186548,0.));
#3467=DIRECTION('',(0.,0.,1.));
#3468=DIRECTION('',(0.,0.,-1.));
#3469=DIRECTION('center_axis',(0.,-1.,0.));
#3470=DIRECTION('ref_axis',(-1.,0.,0.));
#3471=DIRECTION('center_axis',(0.,0.,-1.));
#3472=DIRECTION('ref_axis',(-0.70710678118655,0.707106781186545,0.));
#3473=DIRECTION('',(0.,0.,-1.));
#3474=DIRECTION('center_axis',(-1.,0.,0.));
#3475=DIRECTION('ref_axis',(0.,1.,0.));
#3476=DIRECTION('center_axis',(1.,0.,0.));
#3477=DIRECTION('ref_axis',(0.,1.,0.));
#3478=DIRECTION('center_axis',(1.,0.,0.));
#3479=DIRECTION('ref_axis',(0.,1.,0.));
#3480=DIRECTION('center_axis',(-1.,0.,0.));
#3481=DIRECTION('ref_axis',(0.,-1.,0.));
#3482=DIRECTION('',(0.,0.,1.));
#3483=DIRECTION('',(1.,0.,0.));
#3484=DIRECTION('center_axis',(0.,0.,1.));
#3485=DIRECTION('ref_axis',(1.,0.,0.));
#3486=CARTESIAN_POINT('',(0.,0.,0.));
#3487=CARTESIAN_POINT('',(0.,0.,0.));
#3488=CARTESIAN_POINT('Origin',(196.000002890825,-60.3391557370662,-54.25));
#3489=CARTESIAN_POINT('',(194.000002890825,-60.3391557370662,-40.));
#3490=CARTESIAN_POINT('',(196.000002890825,-58.3391557370662,-40.));
#3491=CARTESIAN_POINT('Origin',(196.000002890825,-60.3391557370662,-40.));
#3492=CARTESIAN_POINT('',(196.000002890825,-58.3391557370662,-59.));
#3493=CARTESIAN_POINT('',(196.000002890825,-58.3391557370662,-54.25));
#3494=CARTESIAN_POINT('',(194.000002890825,-60.3391557370662,-59.));
#3495=CARTESIAN_POINT('Origin',(196.000002890825,-60.3391557370662,-59.));
#3496=CARTESIAN_POINT('',(194.000002890825,-60.3391557370662,-54.25));
#3497=CARTESIAN_POINT('Origin',(204.462201675402,-63.3391557370662,-59.));
#3498=CARTESIAN_POINT('',(202.462201675402,-58.3391557370662,-59.));
#3499=CARTESIAN_POINT('',(194.000002890825,-58.3391557370662,-59.));
#3500=CARTESIAN_POINT('',(204.462201675402,-60.3391557370662,-59.));
#3501=CARTESIAN_POINT('Origin',(202.462201675402,-60.3391557370662,-59.));
#3502=CARTESIAN_POINT('',(204.462201675402,-63.3391557370662,-59.));
#3503=CARTESIAN_POINT('',(204.462201675402,-63.3391557370662,-59.));
#3504=CARTESIAN_POINT('',(194.000002890825,-63.3391557370662,-59.));
#3505=CARTESIAN_POINT('',(124.129044301993,-63.3391557370662,-59.));
#3506=CARTESIAN_POINT('',(194.000002890825,-63.3391557370662,-59.));
#3507=CARTESIAN_POINT('Origin',(199.231102283114,-58.3391557370662,-49.5));
#3508=CARTESIAN_POINT('',(202.462201675402,-58.3391557370662,-40.));
#3509=CARTESIAN_POINT('',(204.462201675402,-58.3391557370662,-40.));
#3510=CARTESIAN_POINT('',(202.462201675402,-58.3391557370662,-44.75));
#3511=CARTESIAN_POINT('Origin',(202.462201675402,-60.3391557370662,-44.75));
#3512=CARTESIAN_POINT('',(204.462201675402,-60.3391557370662,-40.));
#3513=CARTESIAN_POINT('Origin',(202.462201675402,-60.3391557370662,-40.));
#3514=CARTESIAN_POINT('',(204.462201675402,-60.3391557370662,-44.75));
#3515=CARTESIAN_POINT('Origin',(194.000002890825,-63.3391557370662,-59.));
#3516=CARTESIAN_POINT('',(194.000002890825,-63.3391557370662,-40.));
#3517=CARTESIAN_POINT('',(194.000002890825,-63.3391557370662,-59.5));
#3518=CARTESIAN_POINT('',(194.000002890825,-63.3391557370662,-40.));
#3519=CARTESIAN_POINT('Origin',(204.462201675402,-63.3391557370662,-40.));
#3520=CARTESIAN_POINT('',(204.462201675402,-63.3391557370662,-40.));
#3521=CARTESIAN_POINT('',(204.462201675402,-63.3391557370662,-40.));
#3522=CARTESIAN_POINT('',(204.462201675402,-63.3391557370662,-50.));
#3523=CARTESIAN_POINT('Origin',(251.258088603985,-63.3391557370662,-60.));
#3524=CARTESIAN_POINT('',(150.,-63.3391557370662,-59.));
#3525=CARTESIAN_POINT('',(124.129044301993,-63.3391557370662,-59.));
#3526=CARTESIAN_POINT('',(150.,-63.3391557370662,-40.));
#3527=CARTESIAN_POINT('',(150.,-63.3391557370662,-60.));
#3528=CARTESIAN_POINT('',(147.,-63.3391557370662,-40.));
#3529=CARTESIAN_POINT('',(168.886881863467,-63.3391557370662,-49.1843210705991));
#3530=CARTESIAN_POINT('Origin',(167.667715033107,-63.3391557370662,-49.1843210705991));
#3531=CARTESIAN_POINT('',(177.681062453435,-63.3391557370662,-49.1843210705991));
#3532=CARTESIAN_POINT('Origin',(176.461895623075,-63.3391557370662,-49.1843210705991));
#3533=CARTESIAN_POINT('',(156.681062453435,-63.3391557370662,-49.1843210705991));
#3534=CARTESIAN_POINT('Origin',(155.461895623075,-63.3391557370662,-49.1843210705991));
#3535=CARTESIAN_POINT('',(189.819162614821,-63.3391557370662,-49.1000004671514));
#3536=CARTESIAN_POINT('Origin',(188.599995784462,-63.3391557370662,-49.1000004671514));
#3537=CARTESIAN_POINT('Origin',(251.258088603985,-63.3391557370662,-60.));
#3538=CARTESIAN_POINT('',(248.258088603985,-63.3391557370662,-40.));
#3539=CARTESIAN_POINT('',(147.,-63.3391557370662,-40.));
#3540=CARTESIAN_POINT('',(248.258088603985,-63.3391557370662,-59.));
#3541=CARTESIAN_POINT('',(248.258088603985,-63.3391557370662,-60.));
#3542=CARTESIAN_POINT('',(124.129044301993,-63.3391557370662,-59.));
#3543=CARTESIAN_POINT('',(223.615730799709,-63.3391557370662,-49.0581015319163));
#3544=CARTESIAN_POINT('Origin',(222.396563969349,-63.3391557370662,-49.0581015319163));
#3545=CARTESIAN_POINT('',(232.615730799709,-63.3391557370662,-49.0581015319163));
#3546=CARTESIAN_POINT('Origin',(231.396563969349,-63.3391557370662,-49.0581015319163));
#3547=CARTESIAN_POINT('',(211.381062453435,-63.3391557370662,-49.1843210705991));
#3548=CARTESIAN_POINT('Origin',(210.161895623075,-63.3391557370662,-49.1843210705991));
#3549=CARTESIAN_POINT('',(245.015730799709,-63.3391557370662,-49.0581015319163));
#3550=CARTESIAN_POINT('Origin',(243.796563969349,-63.3391557370662,-49.0581015319163));
#3551=CARTESIAN_POINT('Origin',(243.543243197431,-194.035271442002,-50.0481699061613));
#3552=CARTESIAN_POINT('',(239.543243197431,-195.035271442002,-50.0481699061613));
#3553=CARTESIAN_POINT('',(239.543243197431,-194.035271442002,-51.0481699061613));
#3554=CARTESIAN_POINT('Origin',(239.543243197431,-194.035271442002,-50.0481699061613));
#3555=CARTESIAN_POINT('',(243.543243197431,-195.035271442002,-50.0481699061613));
#3556=CARTESIAN_POINT('',(243.543243197431,-195.035271442002,-50.0481699061613));
#3557=CARTESIAN_POINT('',(243.543243197431,-194.035271442002,-51.0481699061613));
#3558=CARTESIAN_POINT('Origin',(243.543243197431,-194.035271442002,-50.0481699061613));
#3559=CARTESIAN_POINT('',(243.543243197431,-194.035271442002,-51.0481699061613));
#3560=CARTESIAN_POINT('Origin',(243.543243197431,-195.035271442002,-51.0481699061613));
#3561=CARTESIAN_POINT('',(239.543243197431,-195.035271442002,-48.5481698540072));
#3562=CARTESIAN_POINT('',(239.543243197431,-195.035271442002,-51.0481699061613));
#3563=CARTESIAN_POINT('',(243.543243197431,-195.035271442002,-48.5481698540072));
#3564=CARTESIAN_POINT('',(243.543243197431,-195.035271442002,-48.5481698540072));
#3565=CARTESIAN_POINT('',(243.543243197431,-195.035271442002,-55.5240849530806));
#3566=CARTESIAN_POINT('Origin',(243.543243197431,-186.785532285377,-50.0481699061613));
#3567=CARTESIAN_POINT('',(239.543243197431,-186.785532285377,-51.0481699061613));
#3568=CARTESIAN_POINT('',(239.543243197431,-185.785532285377,-50.0481699061613));
#3569=CARTESIAN_POINT('Origin',(239.543243197431,-186.785532285377,-50.0481699061613));
#3570=CARTESIAN_POINT('',(243.543243197431,-186.785532285377,-51.0481699061613));
#3571=CARTESIAN_POINT('',(243.543243197431,-186.785532285377,-51.0481699061613));
#3572=CARTESIAN_POINT('',(243.543243197431,-185.785532285377,-50.0481699061613));
#3573=CARTESIAN_POINT('Origin',(243.543243197431,-186.785532285377,-50.0481699061613));
#3574=CARTESIAN_POINT('',(243.543243197431,-185.785532285377,-50.0481699061613));
#3575=CARTESIAN_POINT('Origin',(239.543243197431,-190.410401863689,-49.2981698800843));
#3576=CARTESIAN_POINT('',(239.543243197431,-185.785532285377,-51.0481699061613));
#3577=CARTESIAN_POINT('',(239.543243197431,-185.785532285377,-48.5481698540072));
#3578=CARTESIAN_POINT('',(239.543243197431,-185.785532285377,-47.5481698540072));
#3579=CARTESIAN_POINT('',(239.543243197431,-186.785532285377,-47.5481698540072));
#3580=CARTESIAN_POINT('Origin',(239.543243197431,-186.785532285377,-48.5481698540072));
#3581=CARTESIAN_POINT('',(239.543243197431,-194.035271442002,-47.5481698540072));
#3582=CARTESIAN_POINT('',(239.543243197431,-195.035271442002,-47.5481698540072));
#3583=CARTESIAN_POINT('Origin',(239.543243197431,-194.035271442002,-48.5481698540072));
#3584=CARTESIAN_POINT('Origin',(243.543243197431,-185.785532285377,-47.5481698540072));
#3585=CARTESIAN_POINT('',(243.543243197431,-185.785532285377,-48.5481698540072));
#3586=CARTESIAN_POINT('',(243.543243197431,-185.785532285377,-53.7740849270036));
#3587=CARTESIAN_POINT('',(243.543243197431,-185.785532285377,-48.5481698540072));
#3588=CARTESIAN_POINT('Origin',(243.543243197431,-186.785532285377,-48.5481698540072));
#3589=CARTESIAN_POINT('',(243.543243197431,-186.785532285377,-47.5481698540072));
#3590=CARTESIAN_POINT('Origin',(243.543243197431,-186.785532285377,-48.5481698540072));
#3591=CARTESIAN_POINT('',(243.543243197431,-186.785532285377,-47.5481698540072));
#3592=CARTESIAN_POINT('Origin',(243.543243197431,-195.035271442002,-47.5481698540072));
#3593=CARTESIAN_POINT('',(243.543243197431,-194.035271442002,-47.5481698540072));
#3594=CARTESIAN_POINT('',(243.543243197431,-196.017637188765,-47.5481698540072));
#3595=CARTESIAN_POINT('',(243.543243197431,-194.035271442002,-47.5481698540072));
#3596=CARTESIAN_POINT('Origin',(243.543243197431,-194.035271442002,-48.5481698540072));
#3597=CARTESIAN_POINT('Origin',(243.543243197431,-194.035271442002,-48.5481698540072));
#3598=CARTESIAN_POINT('Origin',(243.543243197431,-185.785532285377,-51.0481699061613));
#3599=CARTESIAN_POINT('',(243.543243197431,-191.392767610453,-51.0481699061613));
#3600=CARTESIAN_POINT('Origin',(222.396563969349,-63.3391557370662,-49.0581015319163));
#3601=CARTESIAN_POINT('',(223.615730799709,-67.0000009983778,-49.0581015319163));
#3602=CARTESIAN_POINT('',(223.615730799709,-63.3391557370662,-49.0581015319163));
#3603=CARTESIAN_POINT('Origin',(222.396563969349,-67.0000009983778,-49.0581015319163));
#3604=CARTESIAN_POINT('Origin',(167.667715033107,-63.3391557370662,-49.1843210705991));
#3605=CARTESIAN_POINT('',(168.886881863467,-67.0000009983778,-49.1843210705991));
#3606=CARTESIAN_POINT('',(168.886881863467,-63.3391557370662,-49.1843210705991));
#3607=CARTESIAN_POINT('Origin',(167.667715033107,-67.0000009983778,-49.1843210705991));
#3608=CARTESIAN_POINT('Origin',(176.461895623075,-63.3391557370662,-49.1843210705991));
#3609=CARTESIAN_POINT('',(177.681062453435,-67.0000009983778,-49.1843210705991));
#3610=CARTESIAN_POINT('',(177.681062453435,-63.3391557370662,-49.1843210705991));
#3611=CARTESIAN_POINT('Origin',(176.461895623075,-67.0000009983778,-49.1843210705991));
#3612=CARTESIAN_POINT('Origin',(231.396563969349,-63.3391557370662,-49.0581015319163));
#3613=CARTESIAN_POINT('',(232.615730799709,-67.0000009983778,-49.0581015319163));
#3614=CARTESIAN_POINT('',(232.615730799709,-63.3391557370662,-49.0581015319163));
#3615=CARTESIAN_POINT('Origin',(231.396563969349,-67.0000009983778,-49.0581015319163));
#3616=CARTESIAN_POINT('Origin',(210.161895623075,-63.3391557370662,-49.1843210705991));
#3617=CARTESIAN_POINT('',(211.381062453435,-67.0000009983778,-49.1843210705991));
#3618=CARTESIAN_POINT('',(211.381062453435,-63.3391557370662,-49.1843210705991));
#3619=CARTESIAN_POINT('Origin',(210.161895623075,-67.0000009983778,-49.1843210705991));
#3620=CARTESIAN_POINT('Origin',(155.461895623075,-63.3391557370662,-49.1843210705991));
#3621=CARTESIAN_POINT('',(156.681062453435,-67.0000009983778,-49.1843210705991));
#3622=CARTESIAN_POINT('',(156.681062453435,-63.3391557370662,-49.1843210705991));
#3623=CARTESIAN_POINT('Origin',(155.461895623075,-67.0000009983778,-49.1843210705991));
#3624=CARTESIAN_POINT('Origin',(188.599995784462,-63.3391557370662,-49.1000004671514));
#3625=CARTESIAN_POINT('',(189.819162614821,-67.0000009983778,-49.1000004671514));
#3626=CARTESIAN_POINT('',(189.819162614821,-63.3391557370662,-49.1000004671514));
#3627=CARTESIAN_POINT('Origin',(188.599995784462,-67.0000009983778,-49.1000004671514));
#3628=CARTESIAN_POINT('Origin',(243.796563969349,-63.3391557370662,-49.0581015319163));
#3629=CARTESIAN_POINT('',(245.015730799709,-67.0000422220612,-49.0581015319163));
#3630=CARTESIAN_POINT('',(245.015730799709,-63.3391557370662,-49.0581015319163));
#3631=CARTESIAN_POINT('',(245.000003740191,-67.0000009983778,-48.8629080940042));
#3632=CARTESIAN_POINT('Ctrl Pts',(245.000003740191,-67.0000009983778,-48.8629080940042));
#3633=CARTESIAN_POINT('Ctrl Pts',(245.010659401795,-67.0000009983778,-48.9286041906327));
#3634=CARTESIAN_POINT('Ctrl Pts',(245.015730799709,-67.0000422220612,-48.9942565229564));
#3635=CARTESIAN_POINT('Ctrl Pts',(245.015730799709,-67.0000422220612,-49.0581015319163));
#3636=CARTESIAN_POINT('',(245.000003740191,-67.0000009983778,-49.2532949698284));
#3637=CARTESIAN_POINT('Origin',(243.796563969349,-67.0000009983778,-49.0581015319163));
#3638=CARTESIAN_POINT('Ctrl Pts',(245.015730799709,-67.0000422220612,-49.0581015319163));
#3639=CARTESIAN_POINT('Ctrl Pts',(245.015730799709,-67.0000422220612,-49.1219465408762));
#3640=CARTESIAN_POINT('Ctrl Pts',(245.010659401795,-67.0000009983778,-49.1875988731999));
#3641=CARTESIAN_POINT('Ctrl Pts',(245.000003740191,-67.0000009983778,-49.2532949698284));
#3642=CARTESIAN_POINT('Origin',(245.000003740191,-70.0000009983778,-40.));
#3643=CARTESIAN_POINT('',(245.000003740191,-67.0000009983778,-57.));
#3644=CARTESIAN_POINT('',(245.000003740191,-67.0000009983778,-40.));
#3645=CARTESIAN_POINT('',(248.000003740191,-70.0000009983778,-57.));
#3646=CARTESIAN_POINT('Origin',(245.000003740191,-70.0000009983778,-57.));
#3647=CARTESIAN_POINT('',(248.000003740191,-70.0000009983778,-40.));
#3648=CARTESIAN_POINT('',(248.000003740191,-70.0000009983778,-40.));
#3649=CARTESIAN_POINT('',(245.000003740191,-67.0000009983778,-40.));
#3650=CARTESIAN_POINT('Origin',(245.000003740191,-70.0000009983778,-40.));
#3651=CARTESIAN_POINT('',(245.000003740191,-67.0000009983778,-40.));
#3652=CARTESIAN_POINT('Origin',(248.258088603985,-131.754077996738,-59.));
#3653=CARTESIAN_POINT('',(248.258088603985,-134.754077996738,-59.));
#3654=CARTESIAN_POINT('',(248.258088603985,-133.754077996737,-60.));
#3655=CARTESIAN_POINT('Origin',(248.258088603985,-133.754077996737,-59.));
#3656=CARTESIAN_POINT('',(250.258088603985,-131.754077996738,-60.));
#3657=CARTESIAN_POINT('Origin',(248.258088603985,-131.754077996738,-60.));
#3658=CARTESIAN_POINT('',(251.258088603985,-131.754077996738,-59.));
#3659=CARTESIAN_POINT('Origin',(250.258088603985,-131.754077996738,-59.));
#3660=CARTESIAN_POINT('Origin',(248.258088603985,-131.754077996738,-59.));
#3661=CARTESIAN_POINT('Origin',(250.258088603985,-67.3770389983688,-59.));
#3662=CARTESIAN_POINT('',(250.258088603985,-66.3391557370662,-60.));
#3663=CARTESIAN_POINT('',(251.258088603985,-66.3391557370662,-59.));
#3664=CARTESIAN_POINT('Origin',(250.258088603985,-66.3391557370662,-59.));
#3665=CARTESIAN_POINT('',(251.258088603985,-67.3770389983688,-59.));
#3666=CARTESIAN_POINT('',(250.258088603985,-67.3770389983688,-60.));
#3667=CARTESIAN_POINT('Origin',(248.258088603985,-66.3391557370662,-59.));
#3668=CARTESIAN_POINT('',(248.258088603985,-64.3391557370662,-60.));
#3669=CARTESIAN_POINT('Origin',(248.258088603985,-64.3391557370662,-59.));
#3670=CARTESIAN_POINT('Origin',(248.258088603985,-66.3391557370662,-59.));
#3671=CARTESIAN_POINT('Origin',(248.258088603985,-66.3391557370662,-60.));
#3672=CARTESIAN_POINT('Origin',(124.129044301993,-64.3391557370662,-59.));
#3673=CARTESIAN_POINT('',(150.,-64.3391557370662,-60.));
#3674=CARTESIAN_POINT('Origin',(150.,-64.3391557370662,-59.));
#3675=CARTESIAN_POINT('',(124.129044301993,-64.3391557370662,-60.));
#3676=CARTESIAN_POINT('Origin',(150.,-66.3391557370662,-59.));
#3677=CARTESIAN_POINT('',(148.,-66.3391557370662,-60.));
#3678=CARTESIAN_POINT('',(147.,-66.3391557370662,-59.));
#3679=CARTESIAN_POINT('Origin',(148.,-66.3391557370662,-59.));
#3680=CARTESIAN_POINT('Origin',(150.,-66.3391557370662,-59.));
#3681=CARTESIAN_POINT('Origin',(150.,-66.3391557370662,-60.));
#3682=CARTESIAN_POINT('Origin',(148.,-31.6695778685331,-59.));
#3683=CARTESIAN_POINT('',(148.,-66.6420487205274,-60.));
#3684=CARTESIAN_POINT('',(147.,-66.6420487205274,-59.));
#3685=CARTESIAN_POINT('Origin',(148.,-66.6420487205274,-59.));
#3686=CARTESIAN_POINT('',(147.,-31.6695778685331,-59.));
#3687=CARTESIAN_POINT('',(148.,-31.6695778685331,-60.));
#3688=CARTESIAN_POINT('Origin',(144.,-66.6420487205274,-59.));
#3689=CARTESIAN_POINT('',(144.,-70.6420487205274,-60.));
#3690=CARTESIAN_POINT('',(144.,-69.6420487205274,-59.));
#3691=CARTESIAN_POINT('Origin',(144.,-70.6420487205274,-59.));
#3692=CARTESIAN_POINT('Origin',(144.,-66.6420487205274,-59.));
#3693=CARTESIAN_POINT('Origin',(144.,-66.6420487205274,-60.));
#3694=CARTESIAN_POINT('Origin',(72.,-70.6420487205274,-59.));
#3695=CARTESIAN_POINT('',(96.7669498334893,-70.6420487205274,-60.));
#3696=CARTESIAN_POINT('',(96.7669498334893,-69.6420487205274,-59.));
#3697=CARTESIAN_POINT('Origin',(96.7669498334893,-70.6420487205274,-59.));
#3698=CARTESIAN_POINT('',(72.,-69.6420487205274,-59.));
#3699=CARTESIAN_POINT('',(72.,-70.6420487205274,-60.));
#3700=CARTESIAN_POINT('Origin',(96.7669498334893,-72.6420487205274,-59.));
#3701=CARTESIAN_POINT('',(94.7669498334893,-72.6420487205274,-60.));
#3702=CARTESIAN_POINT('',(93.7669498334894,-72.6420487205274,-59.));
#3703=CARTESIAN_POINT('Origin',(94.7669498334893,-72.6420487205274,-59.));
#3704=CARTESIAN_POINT('Origin',(96.7669498334893,-72.6420487205274,-59.));
#3705=CARTESIAN_POINT('Origin',(96.7669498334893,-72.6420487205274,-60.));
#3706=CARTESIAN_POINT('Origin',(94.7669498334894,-34.8210243602637,-59.));
#3707=CARTESIAN_POINT('',(94.7669498334894,-129.918431524141,-60.));
#3708=CARTESIAN_POINT('',(93.7669498334894,-129.918431524141,-59.));
#3709=CARTESIAN_POINT('Origin',(94.7669498334894,-129.918431524141,-59.));
#3710=CARTESIAN_POINT('',(93.7669498334894,-34.8210243602637,-59.));
#3711=CARTESIAN_POINT('',(94.7669498334894,-34.8210243602637,-60.));
#3712=CARTESIAN_POINT('Origin',(96.7669498334894,-129.918431524141,-59.));
#3713=CARTESIAN_POINT('',(96.7669498334894,-131.918431524141,-60.));
#3714=CARTESIAN_POINT('',(96.7669498334894,-132.918431524141,-59.));
#3715=CARTESIAN_POINT('Origin',(96.7669498334894,-131.918431524141,-59.));
#3716=CARTESIAN_POINT('Origin',(96.7669498334894,-129.918431524141,-59.));
#3717=CARTESIAN_POINT('Origin',(96.7669498334894,-129.918431524141,-60.));
#3718=CARTESIAN_POINT('Origin',(45.3834749167446,-131.918431524141,-59.));
#3719=CARTESIAN_POINT('',(139.149406234476,-131.918431524141,-60.));
#3720=CARTESIAN_POINT('',(139.149406234476,-132.918431524141,-59.));
#3721=CARTESIAN_POINT('Origin',(139.149406234476,-131.918431524141,-59.));
#3722=CARTESIAN_POINT('',(45.3834749167446,-132.918431524141,-59.));
#3723=CARTESIAN_POINT('',(45.3834749167446,-131.918431524141,-60.));
#3724=CARTESIAN_POINT('Origin',(139.149406234476,-135.918431524141,-59.));
#3725=CARTESIAN_POINT('',(143.149406234476,-135.918431524141,-60.));
#3726=CARTESIAN_POINT('',(142.149406234476,-135.918431524141,-59.));
#3727=CARTESIAN_POINT('Origin',(143.149406234476,-135.918431524141,-59.));
#3728=CARTESIAN_POINT('Origin',(139.149406234476,-135.918431524141,-59.));
#3729=CARTESIAN_POINT('Origin',(139.149406234476,-135.918431524141,-60.));
#3730=CARTESIAN_POINT('Origin',(143.149406234476,-66.4592157620707,-59.));
#3731=CARTESIAN_POINT('',(143.149406234476,-135.926018020383,-60.));
#3732=CARTESIAN_POINT('',(142.149406234476,-135.926018020383,-59.));
#3733=CARTESIAN_POINT('Origin',(143.149406234476,-135.926018020383,-59.));
#3734=CARTESIAN_POINT('',(142.149406234476,-66.4592157620707,-59.));
#3735=CARTESIAN_POINT('',(143.149406234476,-66.4592157620707,-60.));
#3736=CARTESIAN_POINT('Origin',(145.149406234476,-135.926018020383,-59.));
#3737=CARTESIAN_POINT('',(145.149406234476,-137.926018020383,-60.));
#3738=CARTESIAN_POINT('',(145.149406234476,-138.926018020383,-59.));
#3739=CARTESIAN_POINT('Origin',(145.149406234476,-137.926018020383,-59.));
#3740=CARTESIAN_POINT('Origin',(145.149406234476,-135.926018020383,-59.));
#3741=CARTESIAN_POINT('Origin',(145.149406234476,-135.926018020383,-60.));
#3742=CARTESIAN_POINT('Origin',(69.5747031172381,-137.926018020383,-59.));
#3743=CARTESIAN_POINT('',(146.261945651458,-137.926018020383,-60.));
#3744=CARTESIAN_POINT('',(146.261945651458,-138.926018020383,-59.));
#3745=CARTESIAN_POINT('Origin',(146.261945651458,-137.926018020383,-59.));
#3746=CARTESIAN_POINT('',(69.5747031172381,-138.926018020383,-59.));
#3747=CARTESIAN_POINT('',(69.5747031172381,-137.926018020383,-60.));
#3748=CARTESIAN_POINT('Origin',(146.261945651458,-141.926018020383,-59.));
#3749=CARTESIAN_POINT('',(150.261945651458,-141.926018020383,-60.));
#3750=CARTESIAN_POINT('',(149.261945651458,-141.926018020383,-59.));
#3751=CARTESIAN_POINT('Origin',(150.261945651458,-141.926018020383,-59.));
#3752=CARTESIAN_POINT('Origin',(146.261945651458,-141.926018020383,-59.));
#3753=CARTESIAN_POINT('Origin',(146.261945651458,-141.926018020383,-60.));
#3754=CARTESIAN_POINT('Origin',(150.261945651458,-69.4630090101916,-59.));
#3755=CARTESIAN_POINT('',(150.261945651458,-213.632462201729,-60.));
#3756=CARTESIAN_POINT('',(149.261945651458,-213.632462201729,-59.));
#3757=CARTESIAN_POINT('Origin',(150.261945651458,-213.632462201729,-59.));
#3758=CARTESIAN_POINT('',(149.261945651458,-69.4630090101916,-59.));
#3759=CARTESIAN_POINT('',(150.261945651458,-69.4630090101916,-60.));
#3760=CARTESIAN_POINT('Origin',(152.261945651458,-213.632462201729,-59.));
#3761=CARTESIAN_POINT('',(152.261945651458,-215.632462201729,-60.));
#3762=CARTESIAN_POINT('',(152.261945651458,-216.632462201729,-59.));
#3763=CARTESIAN_POINT('Origin',(152.261945651458,-215.632462201729,-59.));
#3764=CARTESIAN_POINT('Origin',(152.261945651458,-213.632462201729,-59.));
#3765=CARTESIAN_POINT('Origin',(152.261945651458,-213.632462201729,-60.));
#3766=CARTESIAN_POINT('Origin',(73.130972825729,-215.632462201729,-59.));
#3767=CARTESIAN_POINT('',(239.522538579736,-215.632462201729,-60.));
#3768=CARTESIAN_POINT('',(239.522538579736,-216.632462201729,-59.));
#3769=CARTESIAN_POINT('Origin',(239.522538579736,-215.632462201729,-59.));
#3770=CARTESIAN_POINT('',(73.130972825729,-216.632462201729,-59.));
#3771=CARTESIAN_POINT('',(73.130972825729,-215.632462201729,-60.));
#3772=CARTESIAN_POINT('Origin',(239.522538579736,-213.632462201729,-59.));
#3773=CARTESIAN_POINT('',(241.522538579736,-213.632462201729,-60.));
#3774=CARTESIAN_POINT('',(242.522538579736,-213.632462201729,-59.));
#3775=CARTESIAN_POINT('Origin',(241.522538579736,-213.632462201729,-59.));
#3776=CARTESIAN_POINT('Origin',(239.522538579736,-213.632462201729,-59.));
#3777=CARTESIAN_POINT('Origin',(239.522538579736,-213.632462201729,-60.));
#3778=CARTESIAN_POINT('Origin',(241.522538579736,-108.316231100864,-59.));
#3779=CARTESIAN_POINT('',(241.522538579736,-198.000002935529,-60.));
#3780=CARTESIAN_POINT('',(242.522538579736,-198.000002935529,-59.));
#3781=CARTESIAN_POINT('Origin',(241.522538579736,-198.000002935529,-59.));
#3782=CARTESIAN_POINT('',(242.522538579736,-108.316231100864,-59.));
#3783=CARTESIAN_POINT('',(241.522538579736,-108.316231100864,-60.));
#3784=CARTESIAN_POINT('Origin',(243.522538579736,-198.000002935529,-59.));
#3785=CARTESIAN_POINT('',(242.543243197431,-196.256162187583,-60.));
#3786=CARTESIAN_POINT('',(243.032890888583,-197.128082561556,-59.));
#3787=CARTESIAN_POINT('Origin',(242.543243197431,-196.256162187583,-59.));
#3788=CARTESIAN_POINT('Origin',(243.522538579736,-198.000002935529,-59.));
#3789=CARTESIAN_POINT('Origin',(243.522538579736,-198.000002935529,-60.));
#3790=CARTESIAN_POINT('Origin',(243.674792074121,-183.008693056074,-59.));
#3791=CARTESIAN_POINT('',(241.674792074121,-183.008693056074,-60.));
#3792=CARTESIAN_POINT('',(242.674792074121,-183.008693056074,-59.));
#3793=CARTESIAN_POINT('Origin',(241.674792074121,-183.008693056074,-59.));
#3794=CARTESIAN_POINT('',(243.109017635776,-183.833253111446,-59.));
#3795=CARTESIAN_POINT('Origin',(243.674792074121,-183.008693056074,-59.));
#3796=CARTESIAN_POINT('',(242.543243197431,-184.657813166818,-60.));
#3797=CARTESIAN_POINT('Origin',(242.543243197431,-184.657813166818,-59.));
#3798=CARTESIAN_POINT('Origin',(243.674792074121,-183.008693056074,-60.));
#3799=CARTESIAN_POINT('Origin',(241.674792074121,-92.0000013709068,-59.));
#3800=CARTESIAN_POINT('',(241.674792074121,-137.754077996738,-60.));
#3801=CARTESIAN_POINT('',(242.674792074121,-137.754077996738,-59.));
#3802=CARTESIAN_POINT('Origin',(241.674792074121,-137.754077996738,-59.));
#3803=CARTESIAN_POINT('',(242.674792074121,-92.0000013709068,-59.));
#3804=CARTESIAN_POINT('',(241.674792074121,-92.0000013709068,-60.));
#3805=CARTESIAN_POINT('Origin',(245.674792074121,-137.754077996738,-59.));
#3806=CARTESIAN_POINT('',(245.674792074121,-133.754077996738,-60.));
#3807=CARTESIAN_POINT('',(245.674792074121,-134.754077996738,-59.));
#3808=CARTESIAN_POINT('Origin',(245.674792074121,-133.754077996738,-59.));
#3809=CARTESIAN_POINT('Origin',(245.674792074121,-137.754077996738,-59.));
#3810=CARTESIAN_POINT('Origin',(245.674792074121,-137.754077996738,-60.));
#3811=CARTESIAN_POINT('Origin',(119.837396037061,-133.754077996738,-59.));
#3812=CARTESIAN_POINT('',(119.837396037061,-133.754077996738,-60.));
#3813=CARTESIAN_POINT('',(119.837396037061,-134.754077996738,-59.));
#3814=CARTESIAN_POINT('Origin',(242.543243197431,-98.5000014677644,-59.));
#3815=CARTESIAN_POINT('',(243.543243197431,-184.657813166818,-59.));
#3816=CARTESIAN_POINT('Origin',(242.543243197431,-184.657813166818,-59.));
#3817=CARTESIAN_POINT('',(243.543243197431,-196.256162187583,-59.));
#3818=CARTESIAN_POINT('',(243.543243197431,-98.5000014677644,-59.));
#3819=CARTESIAN_POINT('Origin',(242.543243197431,-196.256162187583,-59.));
#3820=CARTESIAN_POINT('',(242.543243197431,-98.5000014677644,-60.));
#3821=CARTESIAN_POINT('Origin',(242.543243197431,-196.256162187583,-59.));
#3822=CARTESIAN_POINT('Origin',(242.543243197431,-196.256162187583,-59.));
#3823=CARTESIAN_POINT('Origin',(242.543243197431,-184.657813166818,-59.));
#3824=CARTESIAN_POINT('Origin',(242.543243197431,-184.657813166818,-59.));
#3825=CARTESIAN_POINT('Origin',(96.7669498334894,-129.918431524141,-60.));
#3826=CARTESIAN_POINT('',(96.7669498334894,-132.918431524141,-40.));
#3827=CARTESIAN_POINT('',(96.7669498334894,-132.918431524141,-60.));
#3828=CARTESIAN_POINT('',(93.7669498334894,-129.918431524141,-40.));
#3829=CARTESIAN_POINT('Origin',(96.7669498334894,-129.918431524141,-40.));
#3830=CARTESIAN_POINT('',(93.7669498334894,-129.918431524141,-60.));
#3831=CARTESIAN_POINT('Origin',(93.7669498334894,-132.918431524141,-60.));
#3832=CARTESIAN_POINT('',(139.149406234476,-132.918431524141,-40.));
#3833=CARTESIAN_POINT('',(139.149406234476,-132.918431524141,-60.));
#3834=CARTESIAN_POINT('',(93.7669498334894,-132.918431524141,-40.));
#3835=CARTESIAN_POINT('Origin',(139.149406234476,-135.918431524141,-60.));
#3836=CARTESIAN_POINT('',(142.149406234476,-135.918431524141,-40.));
#3837=CARTESIAN_POINT('',(142.149406234476,-135.918431524141,-60.));
#3838=CARTESIAN_POINT('Origin',(139.149406234476,-135.918431524141,-40.));
#3839=CARTESIAN_POINT('Origin',(142.149406234476,-132.918431524141,-60.));
#3840=CARTESIAN_POINT('',(142.149406234476,-135.926018020383,-40.));
#3841=CARTESIAN_POINT('',(142.149406234476,-135.926018020383,-60.));
#3842=CARTESIAN_POINT('',(142.149406234476,-138.926018020383,-40.));
#3843=CARTESIAN_POINT('Origin',(145.149406234476,-135.926018020383,-60.));
#3844=CARTESIAN_POINT('',(145.149406234476,-138.926018020383,-40.));
#3845=CARTESIAN_POINT('',(145.149406234476,-138.926018020383,-60.));
#3846=CARTESIAN_POINT('Origin',(145.149406234476,-135.926018020383,-40.));
#3847=CARTESIAN_POINT('Origin',(142.149406234476,-138.926018020383,-60.));
#3848=CARTESIAN_POINT('',(146.261945651458,-138.926018020383,-40.));
#3849=CARTESIAN_POINT('',(146.261945651458,-138.926018020383,-60.));
#3850=CARTESIAN_POINT('',(149.261945651458,-138.926018020383,-40.));
#3851=CARTESIAN_POINT('Origin',(146.261945651458,-141.926018020383,-60.));
#3852=CARTESIAN_POINT('',(149.261945651458,-141.926018020383,-40.));
#3853=CARTESIAN_POINT('',(149.261945651458,-141.926018020383,-60.));
#3854=CARTESIAN_POINT('Origin',(146.261945651458,-141.926018020383,-40.));
#3855=CARTESIAN_POINT('Origin',(149.261945651458,-138.926018020383,-60.));
#3856=CARTESIAN_POINT('',(149.261945651458,-213.632462201729,-40.));
#3857=CARTESIAN_POINT('',(149.261945651458,-213.632462201729,-60.));
#3858=CARTESIAN_POINT('',(149.261945651458,-216.632462201729,-40.));
#3859=CARTESIAN_POINT('Origin',(152.261945651458,-213.632462201729,-60.));
#3860=CARTESIAN_POINT('',(152.261945651458,-216.632462201729,-40.));
#3861=CARTESIAN_POINT('',(152.261945651458,-216.632462201729,-60.));
#3862=CARTESIAN_POINT('Origin',(152.261945651458,-213.632462201729,-40.));
#3863=CARTESIAN_POINT('Origin',(149.261945651458,-216.632462201729,-60.));
#3864=CARTESIAN_POINT('',(239.522538579736,-216.632462201729,-40.));
#3865=CARTESIAN_POINT('',(239.522538579736,-216.632462201729,-60.));
#3866=CARTESIAN_POINT('',(242.522538579736,-216.632462201729,-40.));
#3867=CARTESIAN_POINT('Origin',(239.522538579736,-213.632462201729,-60.));
#3868=CARTESIAN_POINT('',(242.522538579736,-213.632462201729,-40.));
#3869=CARTESIAN_POINT('',(242.522538579736,-213.632462201729,-60.));
#3870=CARTESIAN_POINT('Origin',(239.522538579736,-213.632462201729,-40.));
#3871=CARTESIAN_POINT('Origin',(242.522538579736,-216.632462201729,-60.));
#3872=CARTESIAN_POINT('',(242.522538579736,-198.000002935529,-40.));
#3873=CARTESIAN_POINT('',(242.522538579736,-198.000002935529,-60.));
#3874=CARTESIAN_POINT('',(242.522538579736,-197.000002935529,-40.));
#3875=CARTESIAN_POINT('Origin',(243.522538579736,-198.000002935529,-60.));
#3876=CARTESIAN_POINT('',(243.032890888583,-197.128082561556,-40.));
#3877=CARTESIAN_POINT('',(243.032890888583,-197.128082561556,-60.));
#3878=CARTESIAN_POINT('Origin',(243.522538579736,-198.000002935529,-40.));
#3879=CARTESIAN_POINT('Origin',(242.543243197431,-196.256162187583,-60.));
#3880=CARTESIAN_POINT('',(243.543243197431,-196.256162187583,-40.));
#3881=CARTESIAN_POINT('',(243.543243197431,-196.256162187583,-60.));
#3882=CARTESIAN_POINT('Origin',(242.543243197431,-196.256162187583,-40.));
#3883=CARTESIAN_POINT('Origin',(243.543243197431,-197.000002935529,-60.));
#3884=CARTESIAN_POINT('',(243.543243197431,-184.657813166818,-40.));
#3885=CARTESIAN_POINT('',(243.543243197431,-184.657813166818,-60.));
#3886=CARTESIAN_POINT('',(243.543243197431,-184.000002741814,-40.));
#3887=CARTESIAN_POINT('Origin',(-3.00000000000001,0.,-60.));
#3888=CARTESIAN_POINT('Origin',(239.840326644406,-213.758728452968,-36.0000000000003));
#3889=CARTESIAN_POINT('',(240.840326644406,-213.758728452968,-40.));
#3890=CARTESIAN_POINT('Origin',(239.840326644406,-213.758728452968,-40.));
#3891=CARTESIAN_POINT('',(240.840326644406,-213.758728452968,-44.0000000000003));
#3892=CARTESIAN_POINT('',(240.840326644406,-213.758728452968,-36.0000000000003));
#3893=CARTESIAN_POINT('Origin',(239.840326644406,-213.758728452968,-44.0000000000003));
#3894=CARTESIAN_POINT('Origin',(239.840326644406,-213.758728452968,-44.0000000000003));
#3895=CARTESIAN_POINT('Origin',(151.774956295605,-214.153946948206,-36.0000000000003));
#3896=CARTESIAN_POINT('',(152.774956295605,-214.153946948206,-40.));
#3897=CARTESIAN_POINT('Origin',(151.774956295605,-214.153946948206,-40.));
#3898=CARTESIAN_POINT('',(152.774956295605,-214.153946948206,-44.0000000000003));
#3899=CARTESIAN_POINT('',(152.774956295605,-214.153946948206,-36.0000000000003));
#3900=CARTESIAN_POINT('Origin',(151.774956295605,-214.153946948206,-44.0000000000003));
#3901=CARTESIAN_POINT('Origin',(151.774956295605,-214.153946948206,-44.0000000000003));
#3902=CARTESIAN_POINT('Origin',(248.953949353746,-132.46721530904,-36.0000000000003));
#3903=CARTESIAN_POINT('',(249.953949353746,-132.46721530904,-40.));
#3904=CARTESIAN_POINT('Origin',(248.953949353746,-132.46721530904,-40.));
#3905=CARTESIAN_POINT('',(249.953949353746,-132.46721530904,-44.0000000000003));
#3906=CARTESIAN_POINT('',(249.953949353746,-132.46721530904,-36.0000000000003));
#3907=CARTESIAN_POINT('Origin',(248.953949353746,-132.46721530904,-44.0000000000003));
#3908=CARTESIAN_POINT('Origin',(248.953949353746,-132.46721530904,-44.0000000000003));
#3909=CARTESIAN_POINT('Origin',(248.716268097757,-66.0133699231766,-36.0000000000003));
#3910=CARTESIAN_POINT('',(249.716268097757,-66.0133699231766,-40.));
#3911=CARTESIAN_POINT('Origin',(248.716268097757,-66.0133699231766,-40.));
#3912=CARTESIAN_POINT('',(249.716268097757,-66.0133699231766,-44.0000000000003));
#3913=CARTESIAN_POINT('',(249.716268097757,-66.0133699231766,-36.0000000000003));
#3914=CARTESIAN_POINT('Origin',(248.716268097757,-66.0133699231766,-44.0000000000003));
#3915=CARTESIAN_POINT('Origin',(248.716268097757,-66.0133699231766,-44.0000000000003));
#3916=CARTESIAN_POINT('Origin',(96.000001475215,-72.0000010728836,-36.0000000000003));
#3917=CARTESIAN_POINT('',(97.0000014752149,-72.0000010728836,-40.));
#3918=CARTESIAN_POINT('Origin',(96.000001475215,-72.0000010728836,-40.));
#3919=CARTESIAN_POINT('',(97.0000014752149,-72.0000010728836,-44.0000000000003));
#3920=CARTESIAN_POINT('',(97.0000014752149,-72.0000010728836,-36.0000000000003));
#3921=CARTESIAN_POINT('Origin',(96.000001475215,-72.0000010728836,-44.0000000000003));
#3922=CARTESIAN_POINT('Origin',(96.000001475215,-72.0000010728836,-44.0000000000003));
#3923=CARTESIAN_POINT('Origin',(96.1354523267903,-130.510041705555,-36.0000000000003));
#3924=CARTESIAN_POINT('',(97.1354523267903,-130.510041705555,-40.));
#3925=CARTESIAN_POINT('Origin',(96.1354523267903,-130.510041705555,-40.));
#3926=CARTESIAN_POINT('',(97.1354523267903,-130.510041705555,-44.0000000000003));
#3927=CARTESIAN_POINT('',(97.1354523267903,-130.510041705555,-36.0000000000003));
#3928=CARTESIAN_POINT('Origin',(96.1354523267903,-130.510041705555,-44.0000000000003));
#3929=CARTESIAN_POINT('Origin',(96.1354523267903,-130.510041705555,-44.0000000000003));
#3930=CARTESIAN_POINT('Origin',(144.571793531362,-136.644221172559,-36.0000000000003));
#3931=CARTESIAN_POINT('',(145.571793531362,-136.644221172559,-40.));
#3932=CARTESIAN_POINT('Origin',(144.571793531362,-136.644221172559,-40.));
#3933=CARTESIAN_POINT('',(145.571793531362,-136.644221172559,-44.0000000000003));
#3934=CARTESIAN_POINT('',(145.571793531362,-136.644221172559,-36.0000000000003));
#3935=CARTESIAN_POINT('Origin',(144.571793531362,-136.644221172559,-44.0000000000003));
#3936=CARTESIAN_POINT('Origin',(144.571793531362,-136.644221172559,-44.0000000000003));
#3937=CARTESIAN_POINT('Origin',(149.478627525948,-65.6645126654367,-36.0000000000003));
#3938=CARTESIAN_POINT('',(150.528627525948,-65.6645126654367,-40.));
#3939=CARTESIAN_POINT('Origin',(149.478627525948,-65.6645126654367,-40.));
#3940=CARTESIAN_POINT('',(150.528627525948,-65.6645126654367,-44.0000000000003));
#3941=CARTESIAN_POINT('',(150.528627525948,-65.6645126654367,-36.0000000000003));
#3942=CARTESIAN_POINT('Origin',(149.478627525948,-65.6645126654367,-44.0000000000003));
#3943=CARTESIAN_POINT('Origin',(149.478627525948,-65.6645126654367,-44.0000000000003));
#3944=CARTESIAN_POINT('Origin',(242.543243197431,-184.657813166818,-60.));
#3945=CARTESIAN_POINT('',(243.109017635776,-183.833253111446,-40.));
#3946=CARTESIAN_POINT('',(243.109017635776,-183.833253111446,-60.));
#3947=CARTESIAN_POINT('Origin',(242.543243197431,-184.657813166818,-40.));
#3948=CARTESIAN_POINT('Origin',(172.512519218737,-139.985808969397,-40.));
#3949=CARTESIAN_POINT('',(147.,-66.3391557370662,-40.));
#3950=CARTESIAN_POINT('Origin',(150.,-66.3391557370662,-40.));
#3951=CARTESIAN_POINT('',(147.,-66.6420487205274,-40.));
#3952=CARTESIAN_POINT('',(147.,-63.3391557370662,-40.));
#3953=CARTESIAN_POINT('',(144.,-69.6420487205274,-40.));
#3954=CARTESIAN_POINT('Origin',(144.,-66.6420487205274,-40.));
#3955=CARTESIAN_POINT('',(96.7669498334893,-69.6420487205274,-40.));
#3956=CARTESIAN_POINT('',(147.,-69.6420487205274,-40.));
#3957=CARTESIAN_POINT('',(93.7669498334894,-72.6420487205274,-40.));
#3958=CARTESIAN_POINT('Origin',(96.7669498334893,-72.6420487205274,-40.));
#3959=CARTESIAN_POINT('',(93.7669498334894,-69.6420487205274,-40.));
#3960=CARTESIAN_POINT('',(242.674792074121,-183.008693056074,-40.));
#3961=CARTESIAN_POINT('Origin',(243.674792074121,-183.008693056074,-40.));
#3962=CARTESIAN_POINT('',(242.674792074121,-137.754077996738,-40.));
#3963=CARTESIAN_POINT('',(242.674792074121,-134.754077996738,-40.));
#3964=CARTESIAN_POINT('',(245.674792074121,-134.754077996738,-40.));
#3965=CARTESIAN_POINT('Origin',(245.674792074121,-137.754077996738,-40.));
#3966=CARTESIAN_POINT('',(248.258088603985,-134.754077996738,-40.));
#3967=CARTESIAN_POINT('',(251.258088603985,-134.754077996738,-40.));
#3968=CARTESIAN_POINT('',(251.258088603985,-131.754077996738,-40.));
#3969=CARTESIAN_POINT('Origin',(248.258088603985,-131.754077996738,-40.));
#3970=CARTESIAN_POINT('',(251.258088603985,-66.3391557370662,-40.));
#3971=CARTESIAN_POINT('',(251.258088603985,-63.3391557370662,-40.));
#3972=CARTESIAN_POINT('Origin',(248.258088603985,-66.3391557370662,-40.));
#3973=CARTESIAN_POINT('',(153.21726851862,-67.0000009983778,-40.));
#3974=CARTESIAN_POINT('',(161.378425419014,-67.0000009983778,-40.));
#3975=CARTESIAN_POINT('',(248.000003740191,-129.000001966953,-40.));
#3976=CARTESIAN_POINT('',(248.000003740191,-103.492904983888,-40.));
#3977=CARTESIAN_POINT('',(245.000003740191,-132.000001966953,-40.));
#3978=CARTESIAN_POINT('Origin',(245.000003740191,-129.000001966953,-40.));
#3979=CARTESIAN_POINT('',(242.000003606081,-132.000001966953,-40.));
#3980=CARTESIAN_POINT('',(210.256261479464,-132.000001966953,-40.));
#3981=CARTESIAN_POINT('',(239.000003606081,-135.000001966953,-40.));
#3982=CARTESIAN_POINT('Origin',(242.000003606081,-135.000001966953,-40.));
#3983=CARTESIAN_POINT('',(239.000003606081,-209.855916202291,-40.));
#3984=CARTESIAN_POINT('',(239.000003606081,-135.992905468175,-40.));
#3985=CARTESIAN_POINT('',(236.041341926268,-212.855631379318,-40.));
#3986=CARTESIAN_POINT('Origin',(236.000003606081,-209.855916202291,-40.));
#3987=CARTESIAN_POINT('',(156.041340644768,-213.958091270597,-40.));
#3988=CARTESIAN_POINT('',(206.26429762523,-213.265981335529,-40.));
#3989=CARTESIAN_POINT('',(153.000002324581,-210.95837609357,-40.));
#3990=CARTESIAN_POINT('Origin',(156.000002324581,-210.95837609357,-40.));
#3991=CARTESIAN_POINT('',(153.000002324581,-139.083846582029,-40.));
#3992=CARTESIAN_POINT('',(153.000002324581,-176.992906079123,-40.));
#3993=CARTESIAN_POINT('',(150.000002324581,-136.083846582029,-40.));
#3994=CARTESIAN_POINT('Origin',(150.000002324581,-139.083846582029,-40.));
#3995=CARTESIAN_POINT('',(148.25614261277,-136.083846582029,-40.));
#3996=CARTESIAN_POINT('',(162.756260771659,-136.083846582029,-40.));
#3997=CARTESIAN_POINT('',(145.25614261277,-133.083846582029,-40.));
#3998=CARTESIAN_POINT('Origin',(148.25614261277,-133.083846582029,-40.));
#3999=CARTESIAN_POINT('',(145.25614261277,-133.,-40.));
#4000=CARTESIAN_POINT('',(145.25614261277,-138.034827775713,-40.));
#4001=CARTESIAN_POINT('',(142.25614261277,-130.,-40.));
#4002=CARTESIAN_POINT('Origin',(142.25614261277,-133.,-40.));
#4003=CARTESIAN_POINT('',(100.,-130.,-40.));
#4004=CARTESIAN_POINT('',(158.884330915754,-130.,-40.));
#4005=CARTESIAN_POINT('',(97.,-127.,-40.));
#4006=CARTESIAN_POINT('Origin',(100.,-127.,-40.));
#4007=CARTESIAN_POINT('',(97.,-75.4307692383526,-40.));
#4008=CARTESIAN_POINT('',(97.,-134.992904484699,-40.));
#4009=CARTESIAN_POINT('',(100.,-72.4307692383526,-40.));
#4010=CARTESIAN_POINT('Origin',(100.,-75.4307692383526,-40.));
#4011=CARTESIAN_POINT('',(147.24433161929,-72.4307692383526,-40.));
#4012=CARTESIAN_POINT('',(134.756259609369,-72.4307692383526,-40.));
#4013=CARTESIAN_POINT('',(150.230800068955,-69.7153851183652,-40.));
#4014=CARTESIAN_POINT('Origin',(147.24433161929,-69.4307692383526,-40.));
#4015=CARTESIAN_POINT('Origin',(153.21726851862,-70.0000009983778,-40.));
#4016=CARTESIAN_POINT('Origin',(243.674792074121,-183.008693056074,-60.));
#4017=CARTESIAN_POINT('',(242.674792074121,-183.008693056074,-60.));
#4018=CARTESIAN_POINT('Origin',(93.7669498334894,-69.6420487205274,-60.));
#4019=CARTESIAN_POINT('',(93.7669498334894,-72.6420487205274,-60.));
#4020=CARTESIAN_POINT('Origin',(162.269363389195,-207.389290453173,-50.));
#4021=CARTESIAN_POINT('',(163.319363389195,-207.389290453173,-50.));
#4022=CARTESIAN_POINT('Origin',(162.269363389195,-207.389290453173,-50.));
#4023=CARTESIAN_POINT('',(163.319363389195,-207.389290453173,-55.));
#4024=CARTESIAN_POINT('',(163.319363389195,-207.389290453173,-50.));
#4025=CARTESIAN_POINT('Origin',(162.269363389195,-207.389290453173,-55.));
#4026=CARTESIAN_POINT('Origin',(162.269363389195,-207.389290453173,-55.));
#4027=CARTESIAN_POINT('Origin',(234.758787612833,-207.587891124516,-50.));
#4028=CARTESIAN_POINT('',(235.808787612833,-207.587891124516,-50.));
#4029=CARTESIAN_POINT('Origin',(234.758787612833,-207.587891124516,-50.));
#4030=CARTESIAN_POINT('',(235.808787612833,-207.587891124516,-55.));
#4031=CARTESIAN_POINT('',(235.808787612833,-207.587891124516,-50.));
#4032=CARTESIAN_POINT('Origin',(234.758787612833,-207.587891124516,-55.));
#4033=CARTESIAN_POINT('Origin',(234.758787612833,-207.587891124516,-55.));
#4034=CARTESIAN_POINT('Origin',(156.173516335872,-71.6469878347388,-50.));
#4035=CARTESIAN_POINT('',(157.223516335872,-71.6469878347388,-50.));
#4036=CARTESIAN_POINT('Origin',(156.173516335872,-71.6469878347388,-50.));
#4037=CARTESIAN_POINT('',(157.223516335872,-71.6469878347388,-55.));
#4038=CARTESIAN_POINT('',(157.223516335872,-71.6469878347388,-50.));
#4039=CARTESIAN_POINT('Origin',(156.173516335872,-71.6469878347388,-55.));
#4040=CARTESIAN_POINT('Origin',(156.173516335872,-71.6469878347388,-55.));
#4041=CARTESIAN_POINT('Origin',(240.938611375492,-71.7770538223445,-50.));
#4042=CARTESIAN_POINT('',(241.988611375492,-71.7770538223445,-50.));
#4043=CARTESIAN_POINT('Origin',(240.938611375492,-71.7770538223445,-50.));
#4044=CARTESIAN_POINT('',(241.988611375492,-71.7770538223445,-55.));
#4045=CARTESIAN_POINT('',(241.988611375492,-71.7770538223445,-50.));
#4046=CARTESIAN_POINT('Origin',(240.938611375492,-71.7770538223445,-55.));
#4047=CARTESIAN_POINT('Origin',(240.938611375492,-71.7770538223445,-55.));
#4048=CARTESIAN_POINT('Origin',(162.269363389195,-207.389290453173,-57.));
#4049=CARTESIAN_POINT('',(164.769363389195,-207.389290453173,-50.));
#4050=CARTESIAN_POINT('Origin',(162.269363389195,-207.389290453173,-50.));
#4051=CARTESIAN_POINT('',(164.769363389195,-207.389290453173,-57.));
#4052=CARTESIAN_POINT('',(164.769363389195,-207.389290453173,-57.));
#4053=CARTESIAN_POINT('Origin',(162.269363389195,-207.389290453173,-57.));
#4054=CARTESIAN_POINT('Origin',(162.269363389195,-207.389290453173,-50.));
#4055=CARTESIAN_POINT('Origin',(234.735208550377,-207.602646539566,-57.));
#4056=CARTESIAN_POINT('',(237.235208550377,-207.602646539566,-50.));
#4057=CARTESIAN_POINT('Origin',(234.735208550377,-207.602646539566,-50.));
#4058=CARTESIAN_POINT('',(237.235208550377,-207.602646539566,-57.));
#4059=CARTESIAN_POINT('',(237.235208550377,-207.602646539566,-57.));
#4060=CARTESIAN_POINT('Origin',(234.735208550377,-207.602646539566,-57.));
#4061=CARTESIAN_POINT('Origin',(234.735208550377,-207.602646539566,-50.));
#4062=CARTESIAN_POINT('Origin',(156.173516335872,-71.6469878347388,-57.));
#4063=CARTESIAN_POINT('',(158.673516335872,-71.6469878347388,-50.));
#4064=CARTESIAN_POINT('Origin',(156.173516335872,-71.6469878347388,-50.));
#4065=CARTESIAN_POINT('',(158.673516335872,-71.6469878347388,-57.));
#4066=CARTESIAN_POINT('',(158.673516335872,-71.6469878347388,-57.));
#4067=CARTESIAN_POINT('Origin',(156.173516335872,-71.6469878347388,-57.));
#4068=CARTESIAN_POINT('Origin',(156.173516335872,-71.6469878347388,-50.));
#4069=CARTESIAN_POINT('Origin',(240.937121408837,-71.7816507096,-57.));
#4070=CARTESIAN_POINT('',(243.437121408837,-71.7816507096,-50.));
#4071=CARTESIAN_POINT('Origin',(240.937121408837,-71.7816507096,-50.));
#4072=CARTESIAN_POINT('',(243.437121408837,-71.7816507096,-57.));
#4073=CARTESIAN_POINT('',(243.437121408837,-71.7816507096,-57.));
#4074=CARTESIAN_POINT('Origin',(240.937121408837,-71.7816507096,-57.));
#4075=CARTESIAN_POINT('Origin',(240.937121408837,-71.7816507096,-50.));
#4076=CARTESIAN_POINT('Origin',(236.000003606081,-209.855916202291,-40.));
#4077=CARTESIAN_POINT('',(236.041341926268,-212.855631379318,-57.));
#4078=CARTESIAN_POINT('',(239.000003606081,-209.855916202291,-57.));
#4079=CARTESIAN_POINT('Origin',(236.000003606081,-209.855916202291,-57.));
#4080=CARTESIAN_POINT('',(236.041341926268,-212.855631379318,-40.));
#4081=CARTESIAN_POINT('',(239.000003606081,-209.855916202291,-40.));
#4082=CARTESIAN_POINT('Origin',(239.000003606081,-212.814858807048,-40.));
#4083=CARTESIAN_POINT('',(156.041340644768,-213.958091270597,-57.));
#4084=CARTESIAN_POINT('',(239.000003606081,-212.814858807048,-57.));
#4085=CARTESIAN_POINT('',(156.041340644768,-213.958091270597,-40.));
#4086=CARTESIAN_POINT('Origin',(156.000002324581,-210.95837609357,-40.));
#4087=CARTESIAN_POINT('',(153.000002324581,-210.95837609357,-57.));
#4088=CARTESIAN_POINT('Origin',(156.000002324581,-210.95837609357,-57.));
#4089=CARTESIAN_POINT('',(153.000002324581,-210.95837609357,-40.));
#4090=CARTESIAN_POINT('Origin',(153.000002324581,-214.000003188848,-40.));
#4091=CARTESIAN_POINT('',(153.000002324581,-139.083846582029,-57.));
#4092=CARTESIAN_POINT('',(153.000002324581,-214.000003188848,-57.));
#4093=CARTESIAN_POINT('',(153.000002324581,-139.083846582029,-40.));
#4094=CARTESIAN_POINT('Origin',(153.21726851862,-70.0000009983778,-40.));
#4095=CARTESIAN_POINT('',(150.230800068955,-69.7153851183652,-57.));
#4096=CARTESIAN_POINT('',(150.230800068955,-69.7153851183652,-40.));
#4097=CARTESIAN_POINT('',(153.21726851862,-67.0000009983778,-57.));
#4098=CARTESIAN_POINT('Origin',(153.21726851862,-70.0000009983778,-57.));
#4099=CARTESIAN_POINT('',(153.21726851862,-67.0000009983778,-40.));
#4100=CARTESIAN_POINT('Origin',(150.24433161929,-67.0000009983778,-40.));
#4101=CARTESIAN_POINT('',(248.000003740191,-67.0000009983778,-57.));
#4102=CARTESIAN_POINT('Origin',(172.500001870096,-140.500002093613,-57.));
#4103=CARTESIAN_POINT('',(239.000003606081,-135.000001966953,-57.));
#4104=CARTESIAN_POINT('',(239.000003606081,-132.000001966953,-57.));
#4105=CARTESIAN_POINT('',(242.000003606081,-132.000001966953,-57.));
#4106=CARTESIAN_POINT('Origin',(242.000003606081,-135.000001966953,-57.));
#4107=CARTESIAN_POINT('',(245.000003740191,-132.000001966953,-57.));
#4108=CARTESIAN_POINT('',(248.000003740191,-132.000001966953,-57.));
#4109=CARTESIAN_POINT('',(248.000003740191,-129.000001966953,-57.));
#4110=CARTESIAN_POINT('Origin',(245.000003740191,-129.000001966953,-57.));
#4111=CARTESIAN_POINT('',(248.000003740191,-130.,-57.));
#4112=CARTESIAN_POINT('',(147.24433161929,-72.4307692383526,-57.));
#4113=CARTESIAN_POINT('Origin',(147.24433161929,-69.4307692383526,-57.));
#4114=CARTESIAN_POINT('',(100.,-72.4307692383526,-57.));
#4115=CARTESIAN_POINT('',(150.24433161929,-72.4307692383526,-57.));
#4116=CARTESIAN_POINT('',(97.,-75.4307692383526,-57.));
#4117=CARTESIAN_POINT('Origin',(100.,-75.4307692383526,-57.));
#4118=CARTESIAN_POINT('',(97.,-127.,-57.));
#4119=CARTESIAN_POINT('',(97.,-130.,-57.));
#4120=CARTESIAN_POINT('',(100.,-130.,-57.));
#4121=CARTESIAN_POINT('Origin',(100.,-127.,-57.));
#4122=CARTESIAN_POINT('',(142.25614261277,-130.,-57.));
#4123=CARTESIAN_POINT('',(145.25614261277,-130.,-57.));
#4124=CARTESIAN_POINT('',(145.25614261277,-133.,-57.));
#4125=CARTESIAN_POINT('Origin',(142.25614261277,-133.,-57.));
#4126=CARTESIAN_POINT('',(145.25614261277,-133.083846582029,-57.));
#4127=CARTESIAN_POINT('',(145.25614261277,-136.083846582029,-57.));
#4128=CARTESIAN_POINT('',(148.25614261277,-136.083846582029,-57.));
#4129=CARTESIAN_POINT('Origin',(148.25614261277,-133.083846582029,-57.));
#4130=CARTESIAN_POINT('',(150.000002324581,-136.083846582029,-57.));
#4131=CARTESIAN_POINT('',(153.000002324581,-136.083846582029,-57.));
#4132=CARTESIAN_POINT('Origin',(150.000002324581,-139.083846582029,-57.));
#4133=CARTESIAN_POINT('Origin',(147.24433161929,-69.4307692383526,-40.));
#4134=CARTESIAN_POINT('',(147.24433161929,-72.4307692383526,-40.));
#4135=CARTESIAN_POINT('Origin',(97.,-72.4307692383526,-40.));
#4136=CARTESIAN_POINT('',(100.,-72.4307692383526,-40.));
#4137=CARTESIAN_POINT('Origin',(248.000003740191,-67.0000009983778,-40.));
#4138=CARTESIAN_POINT('',(248.000003740191,-129.000001966953,-40.));
#4139=CARTESIAN_POINT('Origin',(242.000003606081,-135.000001966953,-40.));
#4140=CARTESIAN_POINT('',(242.000003606081,-132.000001966953,-40.));
#4141=CARTESIAN_POINT('',(239.000003606081,-135.000001966953,-40.));
#4142=CARTESIAN_POINT('Origin',(239.000003606081,-132.000001966953,-40.));
#4143=CARTESIAN_POINT('Origin',(245.000003740191,-129.000001966953,-40.));
#4144=CARTESIAN_POINT('',(245.000003740191,-132.000001966953,-40.));
#4145=CARTESIAN_POINT('Origin',(248.000003740191,-132.000001966953,-40.));
#4146=CARTESIAN_POINT('Origin',(96.7669498334893,-72.6420487205274,-60.));
#4147=CARTESIAN_POINT('',(96.7669498334893,-69.6420487205274,-60.));
#4148=CARTESIAN_POINT('Origin',(150.,-66.3391557370662,-60.));
#4149=CARTESIAN_POINT('',(147.,-66.3391557370662,-60.));
#4150=CARTESIAN_POINT('Origin',(144.,-66.6420487205274,-60.));
#4151=CARTESIAN_POINT('',(144.,-69.6420487205274,-60.));
#4152=CARTESIAN_POINT('',(147.,-66.6420487205274,-60.));
#4153=CARTESIAN_POINT('Origin',(147.,-69.6420487205274,-60.));
#4154=CARTESIAN_POINT('Origin',(248.258088603985,-66.3391557370662,-60.));
#4155=CARTESIAN_POINT('',(251.258088603985,-66.3391557370662,-60.));
#4156=CARTESIAN_POINT('Origin',(248.258088603985,-131.754077996738,-60.));
#4157=CARTESIAN_POINT('',(251.258088603985,-131.754077996738,-60.));
#4158=CARTESIAN_POINT('',(248.258088603985,-134.754077996738,-60.));
#4159=CARTESIAN_POINT('Origin',(242.674792074121,-134.754077996738,-60.));
#4160=CARTESIAN_POINT('',(245.674792074121,-134.754077996738,-60.));
#4161=CARTESIAN_POINT('Origin',(245.674792074121,-137.754077996738,-60.));
#4162=CARTESIAN_POINT('',(242.674792074121,-137.754077996738,-60.));
#4163=CARTESIAN_POINT('Origin',(142.25614261277,-133.,-40.));
#4164=CARTESIAN_POINT('',(145.25614261277,-133.,-40.));
#4165=CARTESIAN_POINT('',(142.25614261277,-130.,-40.));
#4166=CARTESIAN_POINT('Origin',(145.25614261277,-136.083846582029,-40.));
#4167=CARTESIAN_POINT('',(145.25614261277,-133.083846582029,-40.));
#4168=CARTESIAN_POINT('Origin',(148.25614261277,-133.083846582029,-40.));
#4169=CARTESIAN_POINT('',(148.25614261277,-136.083846582029,-40.));
#4170=CARTESIAN_POINT('Origin',(153.000002324581,-136.083846582029,-40.));
#4171=CARTESIAN_POINT('',(150.000002324581,-136.083846582029,-40.));
#4172=CARTESIAN_POINT('Origin',(150.000002324581,-139.083846582029,-40.));
#4173=CARTESIAN_POINT('Origin',(100.,-127.,-40.));
#4174=CARTESIAN_POINT('',(97.,-127.,-40.));
#4175=CARTESIAN_POINT('',(100.,-130.,-40.));
#4176=CARTESIAN_POINT('Origin',(145.25614261277,-130.,-40.));
#4177=CARTESIAN_POINT('Origin',(100.,-75.4307692383526,-40.));
#4178=CARTESIAN_POINT('',(97.,-75.4307692383526,-40.));
#4179=CARTESIAN_POINT('Origin',(97.,-130.,-40.));
#4180=CARTESIAN_POINT('Origin',(251.258088603985,-134.754077996738,-60.));
#4181=CARTESIAN_POINT('Origin',(242.674792074121,-184.000002741814,-60.));
#4182=CARTESIAN_POINT('Origin',(147.,-63.3391557370662,-60.));
#4183=CARTESIAN_POINT('',(0.,0.,70.));
#4184=CARTESIAN_POINT('Origin',(0.,0.,0.));
#4185=UNCERTAINTY_MEASURE_WITH_UNIT(LENGTH_MEASURE(0.01),#4191,
'DISTANCE_ACCURACY_VALUE',
'Maximum model space distance between geometric entities at asserted c
onnectivities');
#4186=UNCERTAINTY_MEASURE_WITH_UNIT(LENGTH_MEASURE(0.01),#4191,
'DISTANCE_ACCURACY_VALUE',
'Maximum model space distance between geometric entities at asserted c
onnectivities');
#4187=UNCERTAINTY_MEASURE_WITH_UNIT(LENGTH_MEASURE(0.01),#4191,
'DISTANCE_ACCURACY_VALUE',
'Maximum model space distance between geometric entities at asserted c
onnectivities');
#4188=(
GEOMETRIC_REPRESENTATION_CONTEXT(3)
GLOBAL_UNCERTAINTY_ASSIGNED_CONTEXT((#4185))
GLOBAL_UNIT_ASSIGNED_CONTEXT((#4191,#4193,#4194))
REPRESENTATION_CONTEXT('','3D')
);
#4189=(
GEOMETRIC_REPRESENTATION_CONTEXT(3)
GLOBAL_UNCERTAINTY_ASSIGNED_CONTEXT((#4186))
GLOBAL_UNIT_ASSIGNED_CONTEXT((#4191,#4193,#4194))
REPRESENTATION_CONTEXT('','3D')
);
#4190=(
GEOMETRIC_REPRESENTATION_CONTEXT(3)
GLOBAL_UNCERTAINTY_ASSIGNED_CONTEXT((#4187))
GLOBAL_UNIT_ASSIGNED_CONTEXT((#4191,#4193,#4194))
REPRESENTATION_CONTEXT('','3D')
);
#4191=(
LENGTH_UNIT()
NAMED_UNIT(*)
SI_UNIT(.MILLI.,.METRE.)
);
#4192=(
LENGTH_UNIT()
NAMED_UNIT(*)
SI_UNIT($,.METRE.)
);
#4193=(
NAMED_UNIT(*)
PLANE_ANGLE_UNIT()
SI_UNIT($,.RADIAN.)
);
#4194=(
NAMED_UNIT(*)
SI_UNIT($,.STERADIAN.)
SOLID_ANGLE_UNIT()
);
#4195=SHAPE_DEFINITION_REPRESENTATION(#4197,#4200);
#4196=SHAPE_DEFINITION_REPRESENTATION(#4198,#4201);
#4197=PRODUCT_DEFINITION_SHAPE('',$,#4203);
#4198=PRODUCT_DEFINITION_SHAPE('',$,#4204);
#4199=PRODUCT_DEFINITION_SHAPE($,$,#17);
#4200=SHAPE_REPRESENTATION('',(#2395,#2699),#4188);
#4201=SHAPE_REPRESENTATION('',(#2396),#4189);
#4202=PRODUCT_DEFINITION_CONTEXT('part definition',#4210,'design');
#4203=PRODUCT_DEFINITION('2026-05-29-11-48-35-713','PCB',#4205,#4202);
#4204=PRODUCT_DEFINITION('2026-05-29-11-48-35-714',
'Flipper black ki cad_PCB',#4206,#4202);
#4205=PRODUCT_DEFINITION_FORMATION('',$,#4212);
#4206=PRODUCT_DEFINITION_FORMATION('',$,#4213);
#4207=PRODUCT_RELATED_PRODUCT_CATEGORY('PCB','PCB',(#4212));
#4208=PRODUCT_RELATED_PRODUCT_CATEGORY('Flipper black ki cad_PCB',
'Flipper black ki cad_PCB',(#4213));
#4209=APPLICATION_PROTOCOL_DEFINITION('international standard',
'automotive_design',2009,#4210);
#4210=APPLICATION_CONTEXT(
'Core Data for Automotive Mechanical Design Process');
#4211=PRODUCT_CONTEXT('part definition',#4210,'mechanical');
#4212=PRODUCT('2026-05-29-11-48-35-713','PCB',
'KiCad electronic assembly',(#4211));
#4213=PRODUCT('2026-05-29-11-48-35-714','Flipper black ki cad_PCB',$,(#4211));
#4214=PRESENTATION_STYLE_ASSIGNMENT((#4223));
#4215=PRESENTATION_STYLE_ASSIGNMENT((#4224));
#4216=PRESENTATION_STYLE_ASSIGNMENT((#4225));
#4217=PRESENTATION_STYLE_ASSIGNMENT((#4226));
#4218=PRESENTATION_STYLE_ASSIGNMENT((#4227));
#4219=PRESENTATION_STYLE_ASSIGNMENT((#4228));
#4220=PRESENTATION_STYLE_ASSIGNMENT((#4229));
#4221=PRESENTATION_STYLE_ASSIGNMENT((#4230));
#4222=PRESENTATION_STYLE_ASSIGNMENT((NULL_STYLE(.NULL.)));
#4223=SURFACE_STYLE_USAGE(.BOTH.,#4231);
#4224=SURFACE_STYLE_USAGE(.BOTH.,#4232);
#4225=SURFACE_STYLE_USAGE(.BOTH.,#4233);
#4226=SURFACE_STYLE_USAGE(.BOTH.,#4234);
#4227=SURFACE_STYLE_USAGE(.BOTH.,#4235);
#4228=SURFACE_STYLE_USAGE(.BOTH.,#4236);
#4229=SURFACE_STYLE_USAGE(.BOTH.,#4237);
#4230=SURFACE_STYLE_USAGE(.BOTH.,#4238);
#4231=SURFACE_SIDE_STYLE('',(#4239));
#4232=SURFACE_SIDE_STYLE('',(#4240));
#4233=SURFACE_SIDE_STYLE('',(#4241));
#4234=SURFACE_SIDE_STYLE('',(#4242));
#4235=SURFACE_SIDE_STYLE('',(#4243));
#4236=SURFACE_SIDE_STYLE('',(#4244));
#4237=SURFACE_SIDE_STYLE('',(#4245));
#4238=SURFACE_SIDE_STYLE('',(#4246));
#4239=SURFACE_STYLE_FILL_AREA(#4247);
#4240=SURFACE_STYLE_FILL_AREA(#4248);
#4241=SURFACE_STYLE_FILL_AREA(#4249);
#4242=SURFACE_STYLE_FILL_AREA(#4250);
#4243=SURFACE_STYLE_FILL_AREA(#4251);
#4244=SURFACE_STYLE_FILL_AREA(#4252);
#4245=SURFACE_STYLE_FILL_AREA(#4253);
#4246=SURFACE_STYLE_FILL_AREA(#4254);
#4247=FILL_AREA_STYLE('Paint - Metallic (Black)',(#4255));
#4248=FILL_AREA_STYLE('Opaque(248,247,237)',(#4256));
#4249=FILL_AREA_STYLE('Opaque(80,124,105)',(#4257));
#4250=FILL_AREA_STYLE('Opaque(40,40,40)',(#4258));
#4251=FILL_AREA_STYLE('Opaque(192,192,192)',(#4259));
#4252=FILL_AREA_STYLE('Opaque(204,204,204)',(#4260));
#4253=FILL_AREA_STYLE('Opaque(212,171,33)',(#4261));
#4254=FILL_AREA_STYLE('Coating - Black Oxide',(#4262));
#4255=FILL_AREA_STYLE_COLOUR('Paint - Metallic (Black)',#4263);
#4256=FILL_AREA_STYLE_COLOUR('Opaque(248,247,237)',#4264);
#4257=FILL_AREA_STYLE_COLOUR('Opaque(80,124,105)',#4265);
#4258=FILL_AREA_STYLE_COLOUR('Opaque(40,40,40)',#4266);
#4259=FILL_AREA_STYLE_COLOUR('Opaque(192,192,192)',#4267);
#4260=FILL_AREA_STYLE_COLOUR('Opaque(204,204,204)',#4268);
#4261=FILL_AREA_STYLE_COLOUR('Opaque(212,171,33)',#4269);
#4262=FILL_AREA_STYLE_COLOUR('Coating - Black Oxide',#4270);
#4263=COLOUR_RGB('Paint - Metallic (Black)',0.0980392156862745,0.0980392156862745,
0.0980392156862745);
#4264=COLOUR_RGB('Opaque(248,247,237)',0.972549019607843,0.968627450980392,
0.929411764705882);
#4265=COLOUR_RGB('Opaque(80,124,105)',0.313725490196078,0.486274509803922,
0.411764705882353);
#4266=COLOUR_RGB('Opaque(40,40,40)',0.156862745098039,0.156862745098039,
0.156862745098039);
#4267=COLOUR_RGB('Opaque(192,192,192)',0.752941176470588,0.752941176470588,
0.752941176470588);
#4268=COLOUR_RGB('Opaque(204,204,204)',0.8,0.8,0.8);
#4269=COLOUR_RGB('Opaque(212,171,33)',0.831372549019608,0.670588235294118,
0.129411764705882);
#4270=COLOUR_RGB('Coating - Black Oxide',0.450980392156863,0.450980392156863,
0.450980392156863);
ENDSEC;
END-ISO-10303-21;
