ISO-10303-21;
HEADER;
/* Generated by software containing ST-Developer
 * from STEP Tools, Inc. (www.steptools.com) 
 */

FILE_DESCRIPTION(
/* description */ (''),
/* implementation_level */ '2;1');

FILE_NAME(
/* name */ 'Upper body.step',
/* time_stamp */ '2026-05-30T09:43:34+05:00',
/* author */ (''),
/* organization */ (''),
/* preprocessor_version */ 'ST-DEVELOPER v20.1',
/* originating_system */ 'Autodesk Translation Framework v15.8.0.0',
/* authorisation */ '');

FILE_SCHEMA (('AUTOMOTIVE_DESIGN { 1 0 10303 214 3 1 1 }'));
ENDSEC;

DATA;
#10=MECHANICAL_DESIGN_GEOMETRIC_PRESENTATION_REPRESENTATION('',(#15,#16),
#11708);
#11=SHAPE_REPRESENTATION_RELATIONSHIP('SRR','None',#11714,#12);
#12=ADVANCED_BREP_SHAPE_REPRESENTATION('',(#17,#18),#11707);
#13=SPHERICAL_SURFACE('',#6836,1.);
#14=SPHERICAL_SURFACE('',#6839,1.);
#15=STYLED_ITEM('',(#11723),#17);
#16=STYLED_ITEM('',(#11723),#18);
#17=MANIFOLD_SOLID_BREP('Body1',#6420);
#18=MANIFOLD_SOLID_BREP('Body1',#6421);
#19=TOROIDAL_SURFACE('',#6544,5.5,0.5);
#20=TOROIDAL_SURFACE('',#6551,5.5,0.5);
#21=TOROIDAL_SURFACE('',#6557,5.5,0.5);
#22=TOROIDAL_SURFACE('',#6563,5.5,0.5);
#23=TOROIDAL_SURFACE('',#6587,2.,1.);
#24=TOROIDAL_SURFACE('',#6593,2.,1.);
#25=TOROIDAL_SURFACE('',#6598,4.,1.);
#26=TOROIDAL_SURFACE('',#6603,2.,1.);
#27=TOROIDAL_SURFACE('',#6608,2.,1.);
#28=TOROIDAL_SURFACE('',#6613,4.,1.);
#29=TOROIDAL_SURFACE('',#6618,2.,1.);
#30=TOROIDAL_SURFACE('',#6623,4.,1.);
#31=TOROIDAL_SURFACE('',#6628,2.,1.);
#32=TOROIDAL_SURFACE('',#6633,2.,1.);
#33=TOROIDAL_SURFACE('',#6638,4.,1.);
#34=TOROIDAL_SURFACE('',#6641,2.,1.);
#35=TOROIDAL_SURFACE('',#6846,2.,1.);
#36=TOROIDAL_SURFACE('',#6850,4.,1.);
#37=TOROIDAL_SURFACE('',#6854,2.,1.);
#38=TOROIDAL_SURFACE('',#6858,2.,1.);
#39=TOROIDAL_SURFACE('',#6862,4.,1.);
#40=TOROIDAL_SURFACE('',#6866,2.,1.);
#41=TOROIDAL_SURFACE('',#6870,4.,1.);
#42=TOROIDAL_SURFACE('',#6874,2.,1.);
#43=TOROIDAL_SURFACE('',#6878,2.,1.);
#44=TOROIDAL_SURFACE('',#6882,2.,1.);
#45=TOROIDAL_SURFACE('',#6883,2.00000000000001,1.);
#46=TOROIDAL_SURFACE('',#6887,4.,1.);
#47=TOROIDAL_SURFACE('',#6891,2.,1.);
#48=TOROIDAL_SURFACE('',#6895,2.,1.);
#49=CIRCLE('',#6527,3.6206890804403);
#50=CIRCLE('',#6528,3.6206890804403);
#51=CIRCLE('',#6530,3.60555132919089);
#52=CIRCLE('',#6531,3.60555132919089);
#53=CIRCLE('',#6533,3.60555132919089);
#54=CIRCLE('',#6534,3.60555132919089);
#55=CIRCLE('',#6536,3.60555132919089);
#56=CIRCLE('',#6537,3.60555132919089);
#57=CIRCLE('',#6539,3.60555132919089);
#58=CIRCLE('',#6540,3.60555132919089);
#59=CIRCLE('',#6542,3.60555132919089);
#60=CIRCLE('',#6543,3.60555132919089);
#61=CIRCLE('',#6545,0.500000000000007);
#62=CIRCLE('',#6546,5.5);
#63=CIRCLE('',#6547,0.499999999999998);
#64=CIRCLE('',#6548,5.);
#65=CIRCLE('',#6550,0.499999999999998);
#66=CIRCLE('',#6552,0.499999999999998);
#67=CIRCLE('',#6553,5.);
#68=CIRCLE('',#6554,5.5);
#69=CIRCLE('',#6556,0.499999999999998);
#70=CIRCLE('',#6558,0.499999999999998);
#71=CIRCLE('',#6559,5.);
#72=CIRCLE('',#6560,5.5);
#73=CIRCLE('',#6562,0.499999999999998);
#74=CIRCLE('',#6564,0.499999999999998);
#75=CIRCLE('',#6565,5.);
#76=CIRCLE('',#6566,5.5);
#77=CIRCLE('',#6570,5.);
#78=CIRCLE('',#6573,5.);
#79=CIRCLE('',#6575,2.);
#80=CIRCLE('',#6576,2.);
#81=CIRCLE('',#6577,4.);
#82=CIRCLE('',#6578,2.);
#83=CIRCLE('',#6579,2.);
#84=CIRCLE('',#6580,4.);
#85=CIRCLE('',#6581,2.);
#86=CIRCLE('',#6582,4.);
#87=CIRCLE('',#6583,2.);
#88=CIRCLE('',#6584,2.);
#89=CIRCLE('',#6585,4.);
#90=CIRCLE('',#6586,2.);
#91=CIRCLE('',#6588,0.999999999999996);
#92=CIRCLE('',#6589,1.);
#93=CIRCLE('',#6590,3.);
#94=CIRCLE('',#6592,1.);
#95=CIRCLE('',#6594,1.);
#96=CIRCLE('',#6595,3.);
#97=CIRCLE('',#6597,1.);
#98=CIRCLE('',#6599,1.);
#99=CIRCLE('',#6600,3.);
#100=CIRCLE('',#6602,1.);
#101=CIRCLE('',#6604,1.);
#102=CIRCLE('',#6605,3.);
#103=CIRCLE('',#6607,1.);
#104=CIRCLE('',#6609,1.);
#105=CIRCLE('',#6610,3.);
#106=CIRCLE('',#6612,1.);
#107=CIRCLE('',#6614,1.);
#108=CIRCLE('',#6615,3.);
#109=CIRCLE('',#6617,1.);
#110=CIRCLE('',#6619,1.);
#111=CIRCLE('',#6620,3.);
#112=CIRCLE('',#6622,1.);
#113=CIRCLE('',#6624,1.);
#114=CIRCLE('',#6625,3.);
#115=CIRCLE('',#6627,1.);
#116=CIRCLE('',#6629,1.);
#117=CIRCLE('',#6630,3.);
#118=CIRCLE('',#6632,1.);
#119=CIRCLE('',#6634,1.);
#120=CIRCLE('',#6635,3.);
#121=CIRCLE('',#6637,1.);
#122=CIRCLE('',#6639,1.);
#123=CIRCLE('',#6640,3.);
#124=CIRCLE('',#6642,1.);
#125=CIRCLE('',#6643,3.);
#126=CIRCLE('',#6646,3.);
#127=CIRCLE('',#6649,3.);
#128=CIRCLE('',#6652,3.);
#129=CIRCLE('',#6655,3.);
#130=CIRCLE('',#6658,3.);
#131=CIRCLE('',#6660,3.);
#132=CIRCLE('',#6663,3.);
#133=CIRCLE('',#6665,5.);
#134=CIRCLE('',#6669,5.);
#135=CIRCLE('',#6671,3.);
#136=CIRCLE('',#6674,3.);
#137=CIRCLE('',#6677,3.);
#138=CIRCLE('',#6680,3.);
#139=CIRCLE('',#6682,3.);
#140=CIRCLE('',#6692,3.);
#141=CIRCLE('',#6693,3.);
#142=CIRCLE('',#6695,3.);
#143=CIRCLE('',#6696,3.);
#144=CIRCLE('',#6699,3.);
#145=CIRCLE('',#6700,3.);
#146=CIRCLE('',#6702,3.);
#147=CIRCLE('',#6703,3.);
#148=CIRCLE('',#6706,3.);
#149=CIRCLE('',#6707,3.);
#150=CIRCLE('',#6710,3.);
#151=CIRCLE('',#6711,3.);
#152=CIRCLE('',#6714,3.);
#153=CIRCLE('',#6715,3.);
#154=CIRCLE('',#6718,3.);
#155=CIRCLE('',#6719,3.);
#156=CIRCLE('',#6722,3.);
#157=CIRCLE('',#6723,3.);
#158=CIRCLE('',#6726,3.);
#159=CIRCLE('',#6727,3.);
#160=CIRCLE('',#6730,3.);
#161=CIRCLE('',#6731,3.);
#162=CIRCLE('',#6734,3.);
#163=CIRCLE('',#6735,3.);
#164=CIRCLE('',#6737,1.);
#165=CIRCLE('',#6738,1.);
#166=CIRCLE('',#6740,0.999999999999979);
#167=CIRCLE('',#6741,0.999999999999996);
#168=CIRCLE('',#6744,3.);
#169=CIRCLE('',#6745,3.);
#170=CIRCLE('',#6747,3.);
#171=CIRCLE('',#6748,3.);
#172=CIRCLE('',#6751,3.);
#173=CIRCLE('',#6752,3.);
#174=CIRCLE('',#6755,3.);
#175=CIRCLE('',#6756,3.);
#176=CIRCLE('',#6759,3.);
#177=CIRCLE('',#6760,3.);
#178=CIRCLE('',#6763,3.);
#179=CIRCLE('',#6764,3.);
#180=CIRCLE('',#6766,3.);
#181=CIRCLE('',#6767,3.);
#182=CIRCLE('',#6768,3.);
#183=CIRCLE('',#6769,3.);
#184=CIRCLE('',#6770,1.00000000000001);
#185=CIRCLE('',#6771,1.);
#186=CIRCLE('',#6772,3.);
#187=CIRCLE('',#6773,3.);
#188=CIRCLE('',#6774,0.999999999999979);
#189=CIRCLE('',#6775,0.999999999999979);
#190=CIRCLE('',#6776,0.8115);
#191=CIRCLE('',#6777,0.8115);
#192=CIRCLE('',#6778,0.8115);
#193=CIRCLE('',#6779,0.8115);
#194=CIRCLE('',#6780,0.8115);
#195=CIRCLE('',#6781,0.8115);
#196=CIRCLE('',#6783,0.8115);
#197=CIRCLE('',#6785,0.8115);
#198=CIRCLE('',#6787,0.8115);
#199=CIRCLE('',#6789,0.8115);
#200=CIRCLE('',#6791,0.999999999999979);
#201=CIRCLE('',#6793,0.999999999999979);
#202=CIRCLE('',#6795,0.8115);
#203=CIRCLE('',#6797,0.8115);
#204=CIRCLE('',#6799,2.);
#205=CIRCLE('',#6800,2.00000000000001);
#206=CIRCLE('',#6801,4.);
#207=CIRCLE('',#6802,2.);
#208=CIRCLE('',#6803,2.);
#209=CIRCLE('',#6804,2.);
#210=CIRCLE('',#6805,4.);
#211=CIRCLE('',#6806,2.);
#212=CIRCLE('',#6807,2.);
#213=CIRCLE('',#6808,4.);
#214=CIRCLE('',#6809,2.);
#215=CIRCLE('',#6810,4.);
#216=CIRCLE('',#6811,2.);
#217=CIRCLE('',#6812,2.);
#218=CIRCLE('',#6815,1.);
#219=CIRCLE('',#6817,1.00000000000001);
#220=CIRCLE('',#6820,3.);
#221=CIRCLE('',#6823,3.);
#222=CIRCLE('',#6826,3.);
#223=CIRCLE('',#6829,3.);
#224=CIRCLE('',#6832,3.);
#225=CIRCLE('',#6835,3.);
#226=CIRCLE('',#6837,0.999999999999963);
#227=CIRCLE('',#6838,1.);
#228=CIRCLE('',#6840,1.00000000000001);
#229=CIRCLE('',#6841,1.);
#230=CIRCLE('',#6844,1.);
#231=CIRCLE('',#6845,0.999999999999996);
#232=CIRCLE('',#6847,1.);
#233=CIRCLE('',#6849,1.);
#234=CIRCLE('',#6851,1.);
#235=CIRCLE('',#6853,1.);
#236=CIRCLE('',#6855,1.);
#237=CIRCLE('',#6857,1.);
#238=CIRCLE('',#6859,1.);
#239=CIRCLE('',#6861,1.);
#240=CIRCLE('',#6863,1.);
#241=CIRCLE('',#6865,1.);
#242=CIRCLE('',#6867,1.);
#243=CIRCLE('',#6869,1.);
#244=CIRCLE('',#6871,1.);
#245=CIRCLE('',#6873,1.);
#246=CIRCLE('',#6875,1.);
#247=CIRCLE('',#6877,1.);
#248=CIRCLE('',#6879,1.);
#249=CIRCLE('',#6881,1.);
#250=CIRCLE('',#6884,1.);
#251=CIRCLE('',#6886,1.);
#252=CIRCLE('',#6888,1.);
#253=CIRCLE('',#6890,1.);
#254=CIRCLE('',#6892,1.);
#255=CIRCLE('',#6894,1.);
#256=CYLINDRICAL_SURFACE('',#6526,3.6206890804403);
#257=CYLINDRICAL_SURFACE('',#6529,3.60555132919089);
#258=CYLINDRICAL_SURFACE('',#6532,3.60555132919089);
#259=CYLINDRICAL_SURFACE('',#6535,3.60555132919089);
#260=CYLINDRICAL_SURFACE('',#6538,3.60555132919089);
#261=CYLINDRICAL_SURFACE('',#6541,3.60555132919089);
#262=CYLINDRICAL_SURFACE('',#6549,0.5);
#263=CYLINDRICAL_SURFACE('',#6555,0.5);
#264=CYLINDRICAL_SURFACE('',#6561,0.5);
#265=CYLINDRICAL_SURFACE('',#6567,0.5);
#266=CYLINDRICAL_SURFACE('',#6569,5.);
#267=CYLINDRICAL_SURFACE('',#6572,5.);
#268=CYLINDRICAL_SURFACE('',#6591,1.);
#269=CYLINDRICAL_SURFACE('',#6596,1.);
#270=CYLINDRICAL_SURFACE('',#6601,1.);
#271=CYLINDRICAL_SURFACE('',#6606,1.);
#272=CYLINDRICAL_SURFACE('',#6611,1.);
#273=CYLINDRICAL_SURFACE('',#6616,1.);
#274=CYLINDRICAL_SURFACE('',#6621,1.);
#275=CYLINDRICAL_SURFACE('',#6626,1.);
#276=CYLINDRICAL_SURFACE('',#6631,1.);
#277=CYLINDRICAL_SURFACE('',#6636,1.);
#278=CYLINDRICAL_SURFACE('',#6644,1.);
#279=CYLINDRICAL_SURFACE('',#6645,3.);
#280=CYLINDRICAL_SURFACE('',#6648,3.);
#281=CYLINDRICAL_SURFACE('',#6651,3.);
#282=CYLINDRICAL_SURFACE('',#6654,3.);
#283=CYLINDRICAL_SURFACE('',#6657,3.);
#284=CYLINDRICAL_SURFACE('',#6659,3.);
#285=CYLINDRICAL_SURFACE('',#6662,3.);
#286=CYLINDRICAL_SURFACE('',#6664,5.);
#287=CYLINDRICAL_SURFACE('',#6668,5.);
#288=CYLINDRICAL_SURFACE('',#6670,3.);
#289=CYLINDRICAL_SURFACE('',#6673,3.);
#290=CYLINDRICAL_SURFACE('',#6676,3.);
#291=CYLINDRICAL_SURFACE('',#6679,3.);
#292=CYLINDRICAL_SURFACE('',#6681,3.);
#293=CYLINDRICAL_SURFACE('',#6691,3.);
#294=CYLINDRICAL_SURFACE('',#6694,3.);
#295=CYLINDRICAL_SURFACE('',#6698,3.);
#296=CYLINDRICAL_SURFACE('',#6701,3.);
#297=CYLINDRICAL_SURFACE('',#6705,3.);
#298=CYLINDRICAL_SURFACE('',#6709,3.);
#299=CYLINDRICAL_SURFACE('',#6713,3.);
#300=CYLINDRICAL_SURFACE('',#6717,3.);
#301=CYLINDRICAL_SURFACE('',#6721,3.);
#302=CYLINDRICAL_SURFACE('',#6725,3.);
#303=CYLINDRICAL_SURFACE('',#6729,3.);
#304=CYLINDRICAL_SURFACE('',#6733,3.);
#305=CYLINDRICAL_SURFACE('',#6736,1.);
#306=CYLINDRICAL_SURFACE('',#6739,0.999999999999996);
#307=CYLINDRICAL_SURFACE('',#6743,3.);
#308=CYLINDRICAL_SURFACE('',#6746,3.);
#309=CYLINDRICAL_SURFACE('',#6750,3.);
#310=CYLINDRICAL_SURFACE('',#6754,3.);
#311=CYLINDRICAL_SURFACE('',#6758,3.);
#312=CYLINDRICAL_SURFACE('',#6762,3.);
#313=CYLINDRICAL_SURFACE('',#6782,0.8115);
#314=CYLINDRICAL_SURFACE('',#6784,0.8115);
#315=CYLINDRICAL_SURFACE('',#6786,0.8115);
#316=CYLINDRICAL_SURFACE('',#6788,0.8115);
#317=CYLINDRICAL_SURFACE('',#6790,0.999999999999979);
#318=CYLINDRICAL_SURFACE('',#6792,0.999999999999979);
#319=CYLINDRICAL_SURFACE('',#6794,0.8115);
#320=CYLINDRICAL_SURFACE('',#6796,0.8115);
#321=CYLINDRICAL_SURFACE('',#6814,1.);
#322=CYLINDRICAL_SURFACE('',#6816,1.00000000000001);
#323=CYLINDRICAL_SURFACE('',#6819,3.);
#324=CYLINDRICAL_SURFACE('',#6822,3.);
#325=CYLINDRICAL_SURFACE('',#6825,3.);
#326=CYLINDRICAL_SURFACE('',#6828,3.);
#327=CYLINDRICAL_SURFACE('',#6831,3.);
#328=CYLINDRICAL_SURFACE('',#6834,3.);
#329=CYLINDRICAL_SURFACE('',#6842,1.);
#330=CYLINDRICAL_SURFACE('',#6843,1.);
#331=CYLINDRICAL_SURFACE('',#6848,1.);
#332=CYLINDRICAL_SURFACE('',#6852,1.);
#333=CYLINDRICAL_SURFACE('',#6856,1.);
#334=CYLINDRICAL_SURFACE('',#6860,1.);
#335=CYLINDRICAL_SURFACE('',#6864,1.);
#336=CYLINDRICAL_SURFACE('',#6868,1.);
#337=CYLINDRICAL_SURFACE('',#6872,1.);
#338=CYLINDRICAL_SURFACE('',#6876,1.);
#339=CYLINDRICAL_SURFACE('',#6880,1.);
#340=CYLINDRICAL_SURFACE('',#6885,1.);
#341=CYLINDRICAL_SURFACE('',#6889,1.);
#342=CYLINDRICAL_SURFACE('',#6893,1.);
#343=FACE_BOUND('',#961,.T.);
#344=FACE_BOUND('',#1033,.T.);
#345=FACE_BOUND('',#1097,.T.);
#346=FACE_BOUND('',#1098,.T.);
#347=FACE_BOUND('',#1099,.T.);
#348=FACE_BOUND('',#1100,.T.);
#349=FACE_BOUND('',#1101,.T.);
#350=FACE_BOUND('',#1102,.T.);
#351=FACE_BOUND('',#1103,.T.);
#352=FACE_BOUND('',#1104,.T.);
#353=FACE_BOUND('',#1105,.T.);
#354=FACE_BOUND('',#1106,.T.);
#355=FACE_BOUND('',#1107,.T.);
#356=FACE_BOUND('',#1108,.T.);
#357=FACE_BOUND('',#1109,.T.);
#358=FACE_BOUND('',#1110,.T.);
#359=FACE_BOUND('',#1111,.T.);
#360=FACE_BOUND('',#1112,.T.);
#361=FACE_BOUND('',#1113,.T.);
#362=FACE_BOUND('',#1114,.T.);
#363=FACE_BOUND('',#1115,.T.);
#364=FACE_BOUND('',#1116,.T.);
#365=FACE_BOUND('',#1117,.T.);
#366=FACE_BOUND('',#1169,.T.);
#367=FACE_BOUND('',#1170,.T.);
#368=FACE_BOUND('',#1171,.T.);
#369=FACE_BOUND('',#1172,.T.);
#370=FACE_BOUND('',#1173,.T.);
#371=FACE_BOUND('',#1174,.T.);
#372=FACE_BOUND('',#1175,.T.);
#373=FACE_BOUND('',#1176,.T.);
#374=FACE_BOUND('',#1177,.T.);
#375=FACE_BOUND('',#1178,.T.);
#376=FACE_BOUND('',#1218,.T.);
#377=FACE_BOUND('',#1219,.T.);
#378=FACE_BOUND('',#1220,.T.);
#379=FACE_BOUND('',#1221,.T.);
#380=FACE_BOUND('',#1222,.T.);
#381=FACE_BOUND('',#1223,.T.);
#382=FACE_BOUND('',#1224,.T.);
#383=FACE_BOUND('',#1225,.T.);
#384=FACE_BOUND('',#1226,.T.);
#385=FACE_BOUND('',#1236,.T.);
#386=FACE_BOUND('',#1237,.T.);
#387=FACE_BOUND('',#1238,.T.);
#388=FACE_BOUND('',#1239,.T.);
#389=FACE_BOUND('',#1240,.T.);
#390=FACE_BOUND('',#1241,.T.);
#391=FACE_BOUND('',#1242,.T.);
#392=FACE_BOUND('',#1243,.T.);
#393=FACE_BOUND('',#1244,.T.);
#394=PLANE('',#6423);
#395=PLANE('',#6424);
#396=PLANE('',#6425);
#397=PLANE('',#6426);
#398=PLANE('',#6427);
#399=PLANE('',#6428);
#400=PLANE('',#6429);
#401=PLANE('',#6430);
#402=PLANE('',#6431);
#403=PLANE('',#6432);
#404=PLANE('',#6433);
#405=PLANE('',#6434);
#406=PLANE('',#6435);
#407=PLANE('',#6436);
#408=PLANE('',#6437);
#409=PLANE('',#6438);
#410=PLANE('',#6439);
#411=PLANE('',#6440);
#412=PLANE('',#6441);
#413=PLANE('',#6442);
#414=PLANE('',#6443);
#415=PLANE('',#6444);
#416=PLANE('',#6445);
#417=PLANE('',#6446);
#418=PLANE('',#6447);
#419=PLANE('',#6448);
#420=PLANE('',#6449);
#421=PLANE('',#6450);
#422=PLANE('',#6451);
#423=PLANE('',#6452);
#424=PLANE('',#6453);
#425=PLANE('',#6454);
#426=PLANE('',#6455);
#427=PLANE('',#6456);
#428=PLANE('',#6457);
#429=PLANE('',#6458);
#430=PLANE('',#6459);
#431=PLANE('',#6460);
#432=PLANE('',#6461);
#433=PLANE('',#6462);
#434=PLANE('',#6463);
#435=PLANE('',#6464);
#436=PLANE('',#6465);
#437=PLANE('',#6466);
#438=PLANE('',#6467);
#439=PLANE('',#6468);
#440=PLANE('',#6469);
#441=PLANE('',#6470);
#442=PLANE('',#6471);
#443=PLANE('',#6472);
#444=PLANE('',#6473);
#445=PLANE('',#6474);
#446=PLANE('',#6475);
#447=PLANE('',#6476);
#448=PLANE('',#6477);
#449=PLANE('',#6478);
#450=PLANE('',#6479);
#451=PLANE('',#6480);
#452=PLANE('',#6481);
#453=PLANE('',#6482);
#454=PLANE('',#6483);
#455=PLANE('',#6484);
#456=PLANE('',#6485);
#457=PLANE('',#6486);
#458=PLANE('',#6487);
#459=PLANE('',#6488);
#460=PLANE('',#6489);
#461=PLANE('',#6490);
#462=PLANE('',#6491);
#463=PLANE('',#6492);
#464=PLANE('',#6493);
#465=PLANE('',#6494);
#466=PLANE('',#6495);
#467=PLANE('',#6496);
#468=PLANE('',#6497);
#469=PLANE('',#6498);
#470=PLANE('',#6499);
#471=PLANE('',#6500);
#472=PLANE('',#6501);
#473=PLANE('',#6502);
#474=PLANE('',#6503);
#475=PLANE('',#6504);
#476=PLANE('',#6505);
#477=PLANE('',#6506);
#478=PLANE('',#6507);
#479=PLANE('',#6508);
#480=PLANE('',#6509);
#481=PLANE('',#6510);
#482=PLANE('',#6511);
#483=PLANE('',#6512);
#484=PLANE('',#6513);
#485=PLANE('',#6514);
#486=PLANE('',#6515);
#487=PLANE('',#6516);
#488=PLANE('',#6517);
#489=PLANE('',#6518);
#490=PLANE('',#6519);
#491=PLANE('',#6520);
#492=PLANE('',#6521);
#493=PLANE('',#6522);
#494=PLANE('',#6523);
#495=PLANE('',#6524);
#496=PLANE('',#6525);
#497=PLANE('',#6568);
#498=PLANE('',#6571);
#499=PLANE('',#6574);
#500=PLANE('',#6647);
#501=PLANE('',#6650);
#502=PLANE('',#6653);
#503=PLANE('',#6656);
#504=PLANE('',#6661);
#505=PLANE('',#6666);
#506=PLANE('',#6667);
#507=PLANE('',#6672);
#508=PLANE('',#6675);
#509=PLANE('',#6678);
#510=PLANE('',#6683);
#511=PLANE('',#6684);
#512=PLANE('',#6685);
#513=PLANE('',#6686);
#514=PLANE('',#6687);
#515=PLANE('',#6688);
#516=PLANE('',#6689);
#517=PLANE('',#6690);
#518=PLANE('',#6697);
#519=PLANE('',#6704);
#520=PLANE('',#6708);
#521=PLANE('',#6712);
#522=PLANE('',#6716);
#523=PLANE('',#6720);
#524=PLANE('',#6724);
#525=PLANE('',#6728);
#526=PLANE('',#6732);
#527=PLANE('',#6742);
#528=PLANE('',#6749);
#529=PLANE('',#6753);
#530=PLANE('',#6757);
#531=PLANE('',#6761);
#532=PLANE('',#6765);
#533=PLANE('',#6798);
#534=PLANE('',#6813);
#535=PLANE('',#6818);
#536=PLANE('',#6821);
#537=PLANE('',#6824);
#538=PLANE('',#6827);
#539=PLANE('',#6830);
#540=PLANE('',#6833);
#541=FACE_OUTER_BOUND('',#890,.T.);
#542=FACE_OUTER_BOUND('',#891,.T.);
#543=FACE_OUTER_BOUND('',#892,.T.);
#544=FACE_OUTER_BOUND('',#893,.T.);
#545=FACE_OUTER_BOUND('',#894,.T.);
#546=FACE_OUTER_BOUND('',#895,.T.);
#547=FACE_OUTER_BOUND('',#896,.T.);
#548=FACE_OUTER_BOUND('',#897,.T.);
#549=FACE_OUTER_BOUND('',#898,.T.);
#550=FACE_OUTER_BOUND('',#899,.T.);
#551=FACE_OUTER_BOUND('',#900,.T.);
#552=FACE_OUTER_BOUND('',#901,.T.);
#553=FACE_OUTER_BOUND('',#902,.T.);
#554=FACE_OUTER_BOUND('',#903,.T.);
#555=FACE_OUTER_BOUND('',#904,.T.);
#556=FACE_OUTER_BOUND('',#905,.T.);
#557=FACE_OUTER_BOUND('',#906,.T.);
#558=FACE_OUTER_BOUND('',#907,.T.);
#559=FACE_OUTER_BOUND('',#908,.T.);
#560=FACE_OUTER_BOUND('',#909,.T.);
#561=FACE_OUTER_BOUND('',#910,.T.);
#562=FACE_OUTER_BOUND('',#911,.T.);
#563=FACE_OUTER_BOUND('',#912,.T.);
#564=FACE_OUTER_BOUND('',#913,.T.);
#565=FACE_OUTER_BOUND('',#914,.T.);
#566=FACE_OUTER_BOUND('',#915,.T.);
#567=FACE_OUTER_BOUND('',#916,.T.);
#568=FACE_OUTER_BOUND('',#917,.T.);
#569=FACE_OUTER_BOUND('',#918,.T.);
#570=FACE_OUTER_BOUND('',#919,.T.);
#571=FACE_OUTER_BOUND('',#920,.T.);
#572=FACE_OUTER_BOUND('',#921,.T.);
#573=FACE_OUTER_BOUND('',#922,.T.);
#574=FACE_OUTER_BOUND('',#923,.T.);
#575=FACE_OUTER_BOUND('',#924,.T.);
#576=FACE_OUTER_BOUND('',#925,.T.);
#577=FACE_OUTER_BOUND('',#926,.T.);
#578=FACE_OUTER_BOUND('',#927,.T.);
#579=FACE_OUTER_BOUND('',#928,.T.);
#580=FACE_OUTER_BOUND('',#929,.T.);
#581=FACE_OUTER_BOUND('',#930,.T.);
#582=FACE_OUTER_BOUND('',#931,.T.);
#583=FACE_OUTER_BOUND('',#932,.T.);
#584=FACE_OUTER_BOUND('',#933,.T.);
#585=FACE_OUTER_BOUND('',#934,.T.);
#586=FACE_OUTER_BOUND('',#935,.T.);
#587=FACE_OUTER_BOUND('',#936,.T.);
#588=FACE_OUTER_BOUND('',#937,.T.);
#589=FACE_OUTER_BOUND('',#938,.T.);
#590=FACE_OUTER_BOUND('',#939,.T.);
#591=FACE_OUTER_BOUND('',#940,.T.);
#592=FACE_OUTER_BOUND('',#941,.T.);
#593=FACE_OUTER_BOUND('',#942,.T.);
#594=FACE_OUTER_BOUND('',#943,.T.);
#595=FACE_OUTER_BOUND('',#944,.T.);
#596=FACE_OUTER_BOUND('',#945,.T.);
#597=FACE_OUTER_BOUND('',#946,.T.);
#598=FACE_OUTER_BOUND('',#947,.T.);
#599=FACE_OUTER_BOUND('',#948,.T.);
#600=FACE_OUTER_BOUND('',#949,.T.);
#601=FACE_OUTER_BOUND('',#950,.T.);
#602=FACE_OUTER_BOUND('',#951,.T.);
#603=FACE_OUTER_BOUND('',#952,.T.);
#604=FACE_OUTER_BOUND('',#953,.T.);
#605=FACE_OUTER_BOUND('',#954,.T.);
#606=FACE_OUTER_BOUND('',#955,.T.);
#607=FACE_OUTER_BOUND('',#956,.T.);
#608=FACE_OUTER_BOUND('',#957,.T.);
#609=FACE_OUTER_BOUND('',#958,.T.);
#610=FACE_OUTER_BOUND('',#959,.T.);
#611=FACE_OUTER_BOUND('',#960,.T.);
#612=FACE_OUTER_BOUND('',#962,.T.);
#613=FACE_OUTER_BOUND('',#963,.T.);
#614=FACE_OUTER_BOUND('',#964,.T.);
#615=FACE_OUTER_BOUND('',#965,.T.);
#616=FACE_OUTER_BOUND('',#966,.T.);
#617=FACE_OUTER_BOUND('',#967,.T.);
#618=FACE_OUTER_BOUND('',#968,.T.);
#619=FACE_OUTER_BOUND('',#969,.T.);
#620=FACE_OUTER_BOUND('',#970,.T.);
#621=FACE_OUTER_BOUND('',#971,.T.);
#622=FACE_OUTER_BOUND('',#972,.T.);
#623=FACE_OUTER_BOUND('',#973,.T.);
#624=FACE_OUTER_BOUND('',#974,.T.);
#625=FACE_OUTER_BOUND('',#975,.T.);
#626=FACE_OUTER_BOUND('',#976,.T.);
#627=FACE_OUTER_BOUND('',#977,.T.);
#628=FACE_OUTER_BOUND('',#978,.T.);
#629=FACE_OUTER_BOUND('',#979,.T.);
#630=FACE_OUTER_BOUND('',#980,.T.);
#631=FACE_OUTER_BOUND('',#981,.T.);
#632=FACE_OUTER_BOUND('',#982,.T.);
#633=FACE_OUTER_BOUND('',#983,.T.);
#634=FACE_OUTER_BOUND('',#984,.T.);
#635=FACE_OUTER_BOUND('',#985,.T.);
#636=FACE_OUTER_BOUND('',#986,.T.);
#637=FACE_OUTER_BOUND('',#987,.T.);
#638=FACE_OUTER_BOUND('',#988,.T.);
#639=FACE_OUTER_BOUND('',#989,.T.);
#640=FACE_OUTER_BOUND('',#990,.T.);
#641=FACE_OUTER_BOUND('',#991,.T.);
#642=FACE_OUTER_BOUND('',#992,.T.);
#643=FACE_OUTER_BOUND('',#993,.T.);
#644=FACE_OUTER_BOUND('',#994,.T.);
#645=FACE_OUTER_BOUND('',#995,.T.);
#646=FACE_OUTER_BOUND('',#996,.T.);
#647=FACE_OUTER_BOUND('',#997,.T.);
#648=FACE_OUTER_BOUND('',#998,.T.);
#649=FACE_OUTER_BOUND('',#999,.T.);
#650=FACE_OUTER_BOUND('',#1000,.T.);
#651=FACE_OUTER_BOUND('',#1001,.T.);
#652=FACE_OUTER_BOUND('',#1002,.T.);
#653=FACE_OUTER_BOUND('',#1003,.T.);
#654=FACE_OUTER_BOUND('',#1004,.T.);
#655=FACE_OUTER_BOUND('',#1005,.T.);
#656=FACE_OUTER_BOUND('',#1006,.T.);
#657=FACE_OUTER_BOUND('',#1007,.T.);
#658=FACE_OUTER_BOUND('',#1008,.T.);
#659=FACE_OUTER_BOUND('',#1009,.T.);
#660=FACE_OUTER_BOUND('',#1010,.T.);
#661=FACE_OUTER_BOUND('',#1011,.T.);
#662=FACE_OUTER_BOUND('',#1012,.T.);
#663=FACE_OUTER_BOUND('',#1013,.T.);
#664=FACE_OUTER_BOUND('',#1014,.T.);
#665=FACE_OUTER_BOUND('',#1015,.T.);
#666=FACE_OUTER_BOUND('',#1016,.T.);
#667=FACE_OUTER_BOUND('',#1017,.T.);
#668=FACE_OUTER_BOUND('',#1018,.T.);
#669=FACE_OUTER_BOUND('',#1019,.T.);
#670=FACE_OUTER_BOUND('',#1020,.T.);
#671=FACE_OUTER_BOUND('',#1021,.T.);
#672=FACE_OUTER_BOUND('',#1022,.T.);
#673=FACE_OUTER_BOUND('',#1023,.T.);
#674=FACE_OUTER_BOUND('',#1024,.T.);
#675=FACE_OUTER_BOUND('',#1025,.T.);
#676=FACE_OUTER_BOUND('',#1026,.T.);
#677=FACE_OUTER_BOUND('',#1027,.T.);
#678=FACE_OUTER_BOUND('',#1028,.T.);
#679=FACE_OUTER_BOUND('',#1029,.T.);
#680=FACE_OUTER_BOUND('',#1030,.T.);
#681=FACE_OUTER_BOUND('',#1031,.T.);
#682=FACE_OUTER_BOUND('',#1032,.T.);
#683=FACE_OUTER_BOUND('',#1034,.T.);
#684=FACE_OUTER_BOUND('',#1035,.T.);
#685=FACE_OUTER_BOUND('',#1036,.T.);
#686=FACE_OUTER_BOUND('',#1037,.T.);
#687=FACE_OUTER_BOUND('',#1038,.T.);
#688=FACE_OUTER_BOUND('',#1039,.T.);
#689=FACE_OUTER_BOUND('',#1040,.T.);
#690=FACE_OUTER_BOUND('',#1041,.T.);
#691=FACE_OUTER_BOUND('',#1042,.T.);
#692=FACE_OUTER_BOUND('',#1043,.T.);
#693=FACE_OUTER_BOUND('',#1044,.T.);
#694=FACE_OUTER_BOUND('',#1045,.T.);
#695=FACE_OUTER_BOUND('',#1046,.T.);
#696=FACE_OUTER_BOUND('',#1047,.T.);
#697=FACE_OUTER_BOUND('',#1048,.T.);
#698=FACE_OUTER_BOUND('',#1049,.T.);
#699=FACE_OUTER_BOUND('',#1050,.T.);
#700=FACE_OUTER_BOUND('',#1051,.T.);
#701=FACE_OUTER_BOUND('',#1052,.T.);
#702=FACE_OUTER_BOUND('',#1053,.T.);
#703=FACE_OUTER_BOUND('',#1054,.T.);
#704=FACE_OUTER_BOUND('',#1055,.T.);
#705=FACE_OUTER_BOUND('',#1056,.T.);
#706=FACE_OUTER_BOUND('',#1057,.T.);
#707=FACE_OUTER_BOUND('',#1058,.T.);
#708=FACE_OUTER_BOUND('',#1059,.T.);
#709=FACE_OUTER_BOUND('',#1060,.T.);
#710=FACE_OUTER_BOUND('',#1061,.T.);
#711=FACE_OUTER_BOUND('',#1062,.T.);
#712=FACE_OUTER_BOUND('',#1063,.T.);
#713=FACE_OUTER_BOUND('',#1064,.T.);
#714=FACE_OUTER_BOUND('',#1065,.T.);
#715=FACE_OUTER_BOUND('',#1066,.T.);
#716=FACE_OUTER_BOUND('',#1067,.T.);
#717=FACE_OUTER_BOUND('',#1068,.T.);
#718=FACE_OUTER_BOUND('',#1069,.T.);
#719=FACE_OUTER_BOUND('',#1070,.T.);
#720=FACE_OUTER_BOUND('',#1071,.T.);
#721=FACE_OUTER_BOUND('',#1072,.T.);
#722=FACE_OUTER_BOUND('',#1073,.T.);
#723=FACE_OUTER_BOUND('',#1074,.T.);
#724=FACE_OUTER_BOUND('',#1075,.T.);
#725=FACE_OUTER_BOUND('',#1076,.T.);
#726=FACE_OUTER_BOUND('',#1077,.T.);
#727=FACE_OUTER_BOUND('',#1078,.T.);
#728=FACE_OUTER_BOUND('',#1079,.T.);
#729=FACE_OUTER_BOUND('',#1080,.T.);
#730=FACE_OUTER_BOUND('',#1081,.T.);
#731=FACE_OUTER_BOUND('',#1082,.T.);
#732=FACE_OUTER_BOUND('',#1083,.T.);
#733=FACE_OUTER_BOUND('',#1084,.T.);
#734=FACE_OUTER_BOUND('',#1085,.T.);
#735=FACE_OUTER_BOUND('',#1086,.T.);
#736=FACE_OUTER_BOUND('',#1087,.T.);
#737=FACE_OUTER_BOUND('',#1088,.T.);
#738=FACE_OUTER_BOUND('',#1089,.T.);
#739=FACE_OUTER_BOUND('',#1090,.T.);
#740=FACE_OUTER_BOUND('',#1091,.T.);
#741=FACE_OUTER_BOUND('',#1092,.T.);
#742=FACE_OUTER_BOUND('',#1093,.T.);
#743=FACE_OUTER_BOUND('',#1094,.T.);
#744=FACE_OUTER_BOUND('',#1095,.T.);
#745=FACE_OUTER_BOUND('',#1096,.T.);
#746=FACE_OUTER_BOUND('',#1118,.T.);
#747=FACE_OUTER_BOUND('',#1119,.T.);
#748=FACE_OUTER_BOUND('',#1120,.T.);
#749=FACE_OUTER_BOUND('',#1121,.T.);
#750=FACE_OUTER_BOUND('',#1122,.T.);
#751=FACE_OUTER_BOUND('',#1123,.T.);
#752=FACE_OUTER_BOUND('',#1124,.T.);
#753=FACE_OUTER_BOUND('',#1125,.T.);
#754=FACE_OUTER_BOUND('',#1126,.T.);
#755=FACE_OUTER_BOUND('',#1127,.T.);
#756=FACE_OUTER_BOUND('',#1128,.T.);
#757=FACE_OUTER_BOUND('',#1129,.T.);
#758=FACE_OUTER_BOUND('',#1130,.T.);
#759=FACE_OUTER_BOUND('',#1131,.T.);
#760=FACE_OUTER_BOUND('',#1132,.T.);
#761=FACE_OUTER_BOUND('',#1133,.T.);
#762=FACE_OUTER_BOUND('',#1134,.T.);
#763=FACE_OUTER_BOUND('',#1135,.T.);
#764=FACE_OUTER_BOUND('',#1136,.T.);
#765=FACE_OUTER_BOUND('',#1137,.T.);
#766=FACE_OUTER_BOUND('',#1138,.T.);
#767=FACE_OUTER_BOUND('',#1139,.T.);
#768=FACE_OUTER_BOUND('',#1140,.T.);
#769=FACE_OUTER_BOUND('',#1141,.T.);
#770=FACE_OUTER_BOUND('',#1142,.T.);
#771=FACE_OUTER_BOUND('',#1143,.T.);
#772=FACE_OUTER_BOUND('',#1144,.T.);
#773=FACE_OUTER_BOUND('',#1145,.T.);
#774=FACE_OUTER_BOUND('',#1146,.T.);
#775=FACE_OUTER_BOUND('',#1147,.T.);
#776=FACE_OUTER_BOUND('',#1148,.T.);
#777=FACE_OUTER_BOUND('',#1149,.T.);
#778=FACE_OUTER_BOUND('',#1150,.T.);
#779=FACE_OUTER_BOUND('',#1151,.T.);
#780=FACE_OUTER_BOUND('',#1152,.T.);
#781=FACE_OUTER_BOUND('',#1153,.T.);
#782=FACE_OUTER_BOUND('',#1154,.T.);
#783=FACE_OUTER_BOUND('',#1155,.T.);
#784=FACE_OUTER_BOUND('',#1156,.T.);
#785=FACE_OUTER_BOUND('',#1157,.T.);
#786=FACE_OUTER_BOUND('',#1158,.T.);
#787=FACE_OUTER_BOUND('',#1159,.T.);
#788=FACE_OUTER_BOUND('',#1160,.T.);
#789=FACE_OUTER_BOUND('',#1161,.T.);
#790=FACE_OUTER_BOUND('',#1162,.T.);
#791=FACE_OUTER_BOUND('',#1163,.T.);
#792=FACE_OUTER_BOUND('',#1164,.T.);
#793=FACE_OUTER_BOUND('',#1165,.T.);
#794=FACE_OUTER_BOUND('',#1166,.T.);
#795=FACE_OUTER_BOUND('',#1167,.T.);
#796=FACE_OUTER_BOUND('',#1168,.T.);
#797=FACE_OUTER_BOUND('',#1179,.T.);
#798=FACE_OUTER_BOUND('',#1180,.T.);
#799=FACE_OUTER_BOUND('',#1181,.T.);
#800=FACE_OUTER_BOUND('',#1182,.T.);
#801=FACE_OUTER_BOUND('',#1183,.T.);
#802=FACE_OUTER_BOUND('',#1184,.T.);
#803=FACE_OUTER_BOUND('',#1185,.T.);
#804=FACE_OUTER_BOUND('',#1186,.T.);
#805=FACE_OUTER_BOUND('',#1187,.T.);
#806=FACE_OUTER_BOUND('',#1188,.T.);
#807=FACE_OUTER_BOUND('',#1189,.T.);
#808=FACE_OUTER_BOUND('',#1190,.T.);
#809=FACE_OUTER_BOUND('',#1191,.T.);
#810=FACE_OUTER_BOUND('',#1192,.T.);
#811=FACE_OUTER_BOUND('',#1193,.T.);
#812=FACE_OUTER_BOUND('',#1194,.T.);
#813=FACE_OUTER_BOUND('',#1195,.T.);
#814=FACE_OUTER_BOUND('',#1196,.T.);
#815=FACE_OUTER_BOUND('',#1197,.T.);
#816=FACE_OUTER_BOUND('',#1198,.T.);
#817=FACE_OUTER_BOUND('',#1199,.T.);
#818=FACE_OUTER_BOUND('',#1200,.T.);
#819=FACE_OUTER_BOUND('',#1201,.T.);
#820=FACE_OUTER_BOUND('',#1202,.T.);
#821=FACE_OUTER_BOUND('',#1203,.T.);
#822=FACE_OUTER_BOUND('',#1204,.T.);
#823=FACE_OUTER_BOUND('',#1205,.T.);
#824=FACE_OUTER_BOUND('',#1206,.T.);
#825=FACE_OUTER_BOUND('',#1207,.T.);
#826=FACE_OUTER_BOUND('',#1208,.T.);
#827=FACE_OUTER_BOUND('',#1209,.T.);
#828=FACE_OUTER_BOUND('',#1210,.T.);
#829=FACE_OUTER_BOUND('',#1211,.T.);
#830=FACE_OUTER_BOUND('',#1212,.T.);
#831=FACE_OUTER_BOUND('',#1213,.T.);
#832=FACE_OUTER_BOUND('',#1214,.T.);
#833=FACE_OUTER_BOUND('',#1215,.T.);
#834=FACE_OUTER_BOUND('',#1216,.T.);
#835=FACE_OUTER_BOUND('',#1217,.T.);
#836=FACE_OUTER_BOUND('',#1227,.T.);
#837=FACE_OUTER_BOUND('',#1228,.T.);
#838=FACE_OUTER_BOUND('',#1229,.T.);
#839=FACE_OUTER_BOUND('',#1230,.T.);
#840=FACE_OUTER_BOUND('',#1231,.T.);
#841=FACE_OUTER_BOUND('',#1232,.T.);
#842=FACE_OUTER_BOUND('',#1233,.T.);
#843=FACE_OUTER_BOUND('',#1234,.T.);
#844=FACE_OUTER_BOUND('',#1235,.T.);
#845=FACE_OUTER_BOUND('',#1245,.T.);
#846=FACE_OUTER_BOUND('',#1246,.T.);
#847=FACE_OUTER_BOUND('',#1247,.T.);
#848=FACE_OUTER_BOUND('',#1248,.T.);
#849=FACE_OUTER_BOUND('',#1249,.T.);
#850=FACE_OUTER_BOUND('',#1250,.T.);
#851=FACE_OUTER_BOUND('',#1251,.T.);
#852=FACE_OUTER_BOUND('',#1252,.T.);
#853=FACE_OUTER_BOUND('',#1253,.T.);
#854=FACE_OUTER_BOUND('',#1254,.T.);
#855=FACE_OUTER_BOUND('',#1255,.T.);
#856=FACE_OUTER_BOUND('',#1256,.T.);
#857=FACE_OUTER_BOUND('',#1257,.T.);
#858=FACE_OUTER_BOUND('',#1258,.T.);
#859=FACE_OUTER_BOUND('',#1259,.T.);
#860=FACE_OUTER_BOUND('',#1260,.T.);
#861=FACE_OUTER_BOUND('',#1261,.T.);
#862=FACE_OUTER_BOUND('',#1262,.T.);
#863=FACE_OUTER_BOUND('',#1263,.T.);
#864=FACE_OUTER_BOUND('',#1264,.T.);
#865=FACE_OUTER_BOUND('',#1265,.T.);
#866=FACE_OUTER_BOUND('',#1266,.T.);
#867=FACE_OUTER_BOUND('',#1267,.T.);
#868=FACE_OUTER_BOUND('',#1268,.T.);
#869=FACE_OUTER_BOUND('',#1269,.T.);
#870=FACE_OUTER_BOUND('',#1270,.T.);
#871=FACE_OUTER_BOUND('',#1271,.T.);
#872=FACE_OUTER_BOUND('',#1272,.T.);
#873=FACE_OUTER_BOUND('',#1273,.T.);
#874=FACE_OUTER_BOUND('',#1274,.T.);
#875=FACE_OUTER_BOUND('',#1275,.T.);
#876=FACE_OUTER_BOUND('',#1276,.T.);
#877=FACE_OUTER_BOUND('',#1277,.T.);
#878=FACE_OUTER_BOUND('',#1278,.T.);
#879=FACE_OUTER_BOUND('',#1279,.T.);
#880=FACE_OUTER_BOUND('',#1280,.T.);
#881=FACE_OUTER_BOUND('',#1281,.T.);
#882=FACE_OUTER_BOUND('',#1282,.T.);
#883=FACE_OUTER_BOUND('',#1283,.T.);
#884=FACE_OUTER_BOUND('',#1284,.T.);
#885=FACE_OUTER_BOUND('',#1285,.T.);
#886=FACE_OUTER_BOUND('',#1286,.T.);
#887=FACE_OUTER_BOUND('',#1287,.T.);
#888=FACE_OUTER_BOUND('',#1288,.T.);
#889=FACE_OUTER_BOUND('',#1289,.T.);
#890=EDGE_LOOP('',(#4118,#4119,#4120,#4121));
#891=EDGE_LOOP('',(#4122,#4123,#4124,#4125));
#892=EDGE_LOOP('',(#4126,#4127,#4128,#4129));
#893=EDGE_LOOP('',(#4130,#4131,#4132,#4133));
#894=EDGE_LOOP('',(#4134,#4135,#4136,#4137));
#895=EDGE_LOOP('',(#4138,#4139,#4140,#4141));
#896=EDGE_LOOP('',(#4142,#4143,#4144,#4145));
#897=EDGE_LOOP('',(#4146,#4147,#4148,#4149));
#898=EDGE_LOOP('',(#4150,#4151,#4152,#4153));
#899=EDGE_LOOP('',(#4154,#4155,#4156,#4157));
#900=EDGE_LOOP('',(#4158,#4159,#4160,#4161));
#901=EDGE_LOOP('',(#4162,#4163,#4164,#4165));
#902=EDGE_LOOP('',(#4166,#4167,#4168,#4169));
#903=EDGE_LOOP('',(#4170,#4171,#4172,#4173));
#904=EDGE_LOOP('',(#4174,#4175,#4176,#4177));
#905=EDGE_LOOP('',(#4178,#4179,#4180,#4181));
#906=EDGE_LOOP('',(#4182,#4183,#4184,#4185));
#907=EDGE_LOOP('',(#4186,#4187,#4188,#4189));
#908=EDGE_LOOP('',(#4190,#4191,#4192,#4193));
#909=EDGE_LOOP('',(#4194,#4195,#4196,#4197));
#910=EDGE_LOOP('',(#4198,#4199,#4200,#4201));
#911=EDGE_LOOP('',(#4202,#4203,#4204,#4205,#4206,#4207,#4208,#4209,#4210,
#4211,#4212,#4213,#4214,#4215,#4216,#4217,#4218,#4219,#4220,#4221,#4222));
#912=EDGE_LOOP('',(#4223,#4224,#4225,#4226));
#913=EDGE_LOOP('',(#4227,#4228,#4229,#4230));
#914=EDGE_LOOP('',(#4231,#4232,#4233,#4234));
#915=EDGE_LOOP('',(#4235,#4236,#4237,#4238));
#916=EDGE_LOOP('',(#4239,#4240,#4241,#4242));
#917=EDGE_LOOP('',(#4243,#4244,#4245,#4246));
#918=EDGE_LOOP('',(#4247,#4248,#4249,#4250));
#919=EDGE_LOOP('',(#4251,#4252,#4253,#4254));
#920=EDGE_LOOP('',(#4255,#4256,#4257,#4258));
#921=EDGE_LOOP('',(#4259,#4260,#4261,#4262));
#922=EDGE_LOOP('',(#4263,#4264,#4265,#4266,#4267,#4268,#4269,#4270,#4271,
#4272));
#923=EDGE_LOOP('',(#4273,#4274,#4275,#4276));
#924=EDGE_LOOP('',(#4277,#4278,#4279,#4280));
#925=EDGE_LOOP('',(#4281,#4282,#4283,#4284));
#926=EDGE_LOOP('',(#4285,#4286,#4287,#4288));
#927=EDGE_LOOP('',(#4289,#4290,#4291,#4292));
#928=EDGE_LOOP('',(#4293,#4294,#4295,#4296));
#929=EDGE_LOOP('',(#4297,#4298,#4299,#4300));
#930=EDGE_LOOP('',(#4301,#4302,#4303,#4304));
#931=EDGE_LOOP('',(#4305,#4306,#4307,#4308));
#932=EDGE_LOOP('',(#4309,#4310,#4311,#4312,#4313,#4314,#4315,#4316,#4317));
#933=EDGE_LOOP('',(#4318,#4319,#4320,#4321));
#934=EDGE_LOOP('',(#4322,#4323,#4324,#4325));
#935=EDGE_LOOP('',(#4326,#4327,#4328,#4329));
#936=EDGE_LOOP('',(#4330,#4331,#4332,#4333));
#937=EDGE_LOOP('',(#4334,#4335,#4336,#4337));
#938=EDGE_LOOP('',(#4338,#4339,#4340,#4341));
#939=EDGE_LOOP('',(#4342,#4343,#4344,#4345));
#940=EDGE_LOOP('',(#4346,#4347,#4348,#4349));
#941=EDGE_LOOP('',(#4350,#4351,#4352,#4353));
#942=EDGE_LOOP('',(#4354,#4355,#4356,#4357));
#943=EDGE_LOOP('',(#4358,#4359,#4360,#4361));
#944=EDGE_LOOP('',(#4362,#4363,#4364,#4365));
#945=EDGE_LOOP('',(#4366,#4367,#4368,#4369));
#946=EDGE_LOOP('',(#4370,#4371,#4372,#4373));
#947=EDGE_LOOP('',(#4374,#4375,#4376,#4377));
#948=EDGE_LOOP('',(#4378,#4379,#4380,#4381));
#949=EDGE_LOOP('',(#4382,#4383,#4384,#4385));
#950=EDGE_LOOP('',(#4386,#4387,#4388,#4389));
#951=EDGE_LOOP('',(#4390,#4391,#4392,#4393));
#952=EDGE_LOOP('',(#4394,#4395,#4396,#4397));
#953=EDGE_LOOP('',(#4398,#4399,#4400,#4401));
#954=EDGE_LOOP('',(#4402,#4403,#4404,#4405));
#955=EDGE_LOOP('',(#4406,#4407,#4408,#4409));
#956=EDGE_LOOP('',(#4410,#4411,#4412,#4413));
#957=EDGE_LOOP('',(#4414,#4415,#4416,#4417));
#958=EDGE_LOOP('',(#4418,#4419,#4420,#4421));
#959=EDGE_LOOP('',(#4422,#4423,#4424,#4425));
#960=EDGE_LOOP('',(#4426,#4427,#4428,#4429,#4430,#4431,#4432,#4433,#4434,
#4435,#4436,#4437,#4438,#4439,#4440,#4441,#4442,#4443,#4444));
#961=EDGE_LOOP('',(#4445,#4446,#4447,#4448,#4449,#4450,#4451,#4452));
#962=EDGE_LOOP('',(#4453,#4454,#4455,#4456));
#963=EDGE_LOOP('',(#4457,#4458,#4459,#4460));
#964=EDGE_LOOP('',(#4461,#4462,#4463,#4464));
#965=EDGE_LOOP('',(#4465,#4466,#4467,#4468));
#966=EDGE_LOOP('',(#4469,#4470,#4471,#4472));
#967=EDGE_LOOP('',(#4473,#4474,#4475,#4476));
#968=EDGE_LOOP('',(#4477,#4478,#4479,#4480));
#969=EDGE_LOOP('',(#4481,#4482,#4483,#4484));
#970=EDGE_LOOP('',(#4485,#4486,#4487,#4488));
#971=EDGE_LOOP('',(#4489,#4490,#4491,#4492,#4493,#4494,#4495,#4496,#4497));
#972=EDGE_LOOP('',(#4498,#4499,#4500,#4501));
#973=EDGE_LOOP('',(#4502,#4503,#4504,#4505));
#974=EDGE_LOOP('',(#4506,#4507,#4508,#4509));
#975=EDGE_LOOP('',(#4510,#4511,#4512,#4513));
#976=EDGE_LOOP('',(#4514,#4515,#4516,#4517));
#977=EDGE_LOOP('',(#4518,#4519,#4520,#4521));
#978=EDGE_LOOP('',(#4522,#4523,#4524,#4525));
#979=EDGE_LOOP('',(#4526,#4527,#4528,#4529));
#980=EDGE_LOOP('',(#4530,#4531,#4532,#4533));
#981=EDGE_LOOP('',(#4534,#4535,#4536,#4537,#4538,#4539,#4540,#4541,#4542));
#982=EDGE_LOOP('',(#4543,#4544,#4545,#4546));
#983=EDGE_LOOP('',(#4547,#4548,#4549,#4550));
#984=EDGE_LOOP('',(#4551,#4552,#4553,#4554));
#985=EDGE_LOOP('',(#4555,#4556,#4557,#4558));
#986=EDGE_LOOP('',(#4559,#4560,#4561,#4562));
#987=EDGE_LOOP('',(#4563,#4564,#4565,#4566));
#988=EDGE_LOOP('',(#4567,#4568,#4569,#4570));
#989=EDGE_LOOP('',(#4571,#4572,#4573,#4574));
#990=EDGE_LOOP('',(#4575,#4576,#4577,#4578));
#991=EDGE_LOOP('',(#4579,#4580,#4581,#4582));
#992=EDGE_LOOP('',(#4583,#4584,#4585,#4586));
#993=EDGE_LOOP('',(#4587,#4588,#4589,#4590));
#994=EDGE_LOOP('',(#4591,#4592,#4593,#4594,#4595,#4596,#4597,#4598,#4599,
#4600,#4601,#4602));
#995=EDGE_LOOP('',(#4603,#4604,#4605,#4606));
#996=EDGE_LOOP('',(#4607,#4608,#4609,#4610));
#997=EDGE_LOOP('',(#4611,#4612,#4613,#4614));
#998=EDGE_LOOP('',(#4615,#4616,#4617,#4618));
#999=EDGE_LOOP('',(#4619,#4620,#4621,#4622));
#1000=EDGE_LOOP('',(#4623,#4624,#4625,#4626));
#1001=EDGE_LOOP('',(#4627,#4628,#4629,#4630));
#1002=EDGE_LOOP('',(#4631,#4632,#4633,#4634));
#1003=EDGE_LOOP('',(#4635,#4636,#4637,#4638));
#1004=EDGE_LOOP('',(#4639,#4640,#4641,#4642));
#1005=EDGE_LOOP('',(#4643,#4644,#4645,#4646));
#1006=EDGE_LOOP('',(#4647,#4648,#4649,#4650));
#1007=EDGE_LOOP('',(#4651,#4652,#4653,#4654,#4655,#4656,#4657,#4658,#4659,
#4660,#4661,#4662));
#1008=EDGE_LOOP('',(#4663,#4664,#4665,#4666));
#1009=EDGE_LOOP('',(#4667,#4668,#4669,#4670));
#1010=EDGE_LOOP('',(#4671,#4672,#4673,#4674));
#1011=EDGE_LOOP('',(#4675,#4676,#4677,#4678));
#1012=EDGE_LOOP('',(#4679,#4680,#4681,#4682));
#1013=EDGE_LOOP('',(#4683,#4684,#4685,#4686));
#1014=EDGE_LOOP('',(#4687,#4688,#4689,#4690));
#1015=EDGE_LOOP('',(#4691,#4692,#4693,#4694));
#1016=EDGE_LOOP('',(#4695,#4696,#4697,#4698));
#1017=EDGE_LOOP('',(#4699,#4700,#4701,#4702));
#1018=EDGE_LOOP('',(#4703,#4704,#4705,#4706));
#1019=EDGE_LOOP('',(#4707,#4708,#4709,#4710));
#1020=EDGE_LOOP('',(#4711,#4712,#4713,#4714,#4715,#4716,#4717,#4718,#4719,
#4720,#4721,#4722));
#1021=EDGE_LOOP('',(#4723,#4724,#4725,#4726));
#1022=EDGE_LOOP('',(#4727,#4728,#4729,#4730));
#1023=EDGE_LOOP('',(#4731,#4732,#4733,#4734));
#1024=EDGE_LOOP('',(#4735,#4736,#4737,#4738));
#1025=EDGE_LOOP('',(#4739,#4740,#4741,#4742));
#1026=EDGE_LOOP('',(#4743,#4744,#4745,#4746));
#1027=EDGE_LOOP('',(#4747,#4748,#4749,#4750));
#1028=EDGE_LOOP('',(#4751,#4752,#4753,#4754));
#1029=EDGE_LOOP('',(#4755,#4756,#4757,#4758));
#1030=EDGE_LOOP('',(#4759,#4760,#4761,#4762));
#1031=EDGE_LOOP('',(#4763,#4764,#4765,#4766));
#1032=EDGE_LOOP('',(#4767,#4768,#4769,#4770,#4771,#4772,#4773,#4774));
#1033=EDGE_LOOP('',(#4775,#4776,#4777));
#1034=EDGE_LOOP('',(#4778,#4779,#4780,#4781));
#1035=EDGE_LOOP('',(#4782,#4783,#4784,#4785));
#1036=EDGE_LOOP('',(#4786,#4787,#4788,#4789));
#1037=EDGE_LOOP('',(#4790,#4791,#4792,#4793));
#1038=EDGE_LOOP('',(#4794,#4795,#4796,#4797));
#1039=EDGE_LOOP('',(#4798,#4799,#4800,#4801));
#1040=EDGE_LOOP('',(#4802,#4803,#4804,#4805));
#1041=EDGE_LOOP('',(#4806,#4807,#4808,#4809));
#1042=EDGE_LOOP('',(#4810,#4811,#4812,#4813));
#1043=EDGE_LOOP('',(#4814,#4815,#4816,#4817));
#1044=EDGE_LOOP('',(#4818,#4819,#4820,#4821));
#1045=EDGE_LOOP('',(#4822,#4823,#4824,#4825));
#1046=EDGE_LOOP('',(#4826,#4827,#4828,#4829));
#1047=EDGE_LOOP('',(#4830,#4831,#4832,#4833));
#1048=EDGE_LOOP('',(#4834,#4835,#4836,#4837));
#1049=EDGE_LOOP('',(#4838,#4839,#4840,#4841));
#1050=EDGE_LOOP('',(#4842,#4843,#4844,#4845));
#1051=EDGE_LOOP('',(#4846,#4847,#4848,#4849));
#1052=EDGE_LOOP('',(#4850,#4851,#4852,#4853));
#1053=EDGE_LOOP('',(#4854,#4855,#4856,#4857));
#1054=EDGE_LOOP('',(#4858,#4859,#4860,#4861));
#1055=EDGE_LOOP('',(#4862,#4863,#4864,#4865));
#1056=EDGE_LOOP('',(#4866,#4867,#4868,#4869));
#1057=EDGE_LOOP('',(#4870,#4871,#4872,#4873));
#1058=EDGE_LOOP('',(#4874,#4875,#4876,#4877));
#1059=EDGE_LOOP('',(#4878,#4879,#4880,#4881));
#1060=EDGE_LOOP('',(#4882,#4883,#4884,#4885));
#1061=EDGE_LOOP('',(#4886,#4887,#4888,#4889));
#1062=EDGE_LOOP('',(#4890,#4891,#4892,#4893));
#1063=EDGE_LOOP('',(#4894,#4895,#4896,#4897,#4898,#4899,#4900,#4901,#4902,
#4903,#4904,#4905,#4906,#4907,#4908,#4909,#4910,#4911,#4912,#4913,#4914,
#4915,#4916,#4917,#4918,#4919,#4920,#4921,#4922));
#1064=EDGE_LOOP('',(#4923,#4924,#4925));
#1065=EDGE_LOOP('',(#4926,#4927,#4928,#4929,#4930,#4931,#4932,#4933));
#1066=EDGE_LOOP('',(#4934,#4935,#4936,#4937));
#1067=EDGE_LOOP('',(#4938,#4939,#4940,#4941));
#1068=EDGE_LOOP('',(#4942,#4943,#4944,#4945));
#1069=EDGE_LOOP('',(#4946,#4947,#4948,#4949));
#1070=EDGE_LOOP('',(#4950,#4951,#4952,#4953));
#1071=EDGE_LOOP('',(#4954,#4955,#4956,#4957));
#1072=EDGE_LOOP('',(#4958,#4959,#4960,#4961));
#1073=EDGE_LOOP('',(#4962,#4963,#4964,#4965));
#1074=EDGE_LOOP('',(#4966,#4967,#4968,#4969));
#1075=EDGE_LOOP('',(#4970,#4971,#4972,#4973));
#1076=EDGE_LOOP('',(#4974,#4975,#4976,#4977));
#1077=EDGE_LOOP('',(#4978,#4979,#4980,#4981));
#1078=EDGE_LOOP('',(#4982,#4983,#4984,#4985));
#1079=EDGE_LOOP('',(#4986,#4987,#4988,#4989));
#1080=EDGE_LOOP('',(#4990,#4991,#4992,#4993));
#1081=EDGE_LOOP('',(#4994,#4995,#4996,#4997));
#1082=EDGE_LOOP('',(#4998,#4999,#5000,#5001));
#1083=EDGE_LOOP('',(#5002,#5003,#5004,#5005));
#1084=EDGE_LOOP('',(#5006,#5007,#5008,#5009));
#1085=EDGE_LOOP('',(#5010,#5011,#5012,#5013));
#1086=EDGE_LOOP('',(#5014,#5015,#5016,#5017));
#1087=EDGE_LOOP('',(#5018,#5019,#5020,#5021));
#1088=EDGE_LOOP('',(#5022,#5023,#5024,#5025));
#1089=EDGE_LOOP('',(#5026,#5027,#5028,#5029));
#1090=EDGE_LOOP('',(#5030,#5031,#5032,#5033));
#1091=EDGE_LOOP('',(#5034,#5035,#5036,#5037));
#1092=EDGE_LOOP('',(#5038,#5039,#5040,#5041));
#1093=EDGE_LOOP('',(#5042,#5043,#5044,#5045));
#1094=EDGE_LOOP('',(#5046,#5047,#5048,#5049));
#1095=EDGE_LOOP('',(#5050,#5051,#5052,#5053));
#1096=EDGE_LOOP('',(#5054,#5055,#5056,#5057,#5058,#5059,#5060,#5061,#5062,
#5063,#5064,#5065,#5066,#5067,#5068,#5069,#5070,#5071,#5072,#5073,#5074,
#5075,#5076));
#1097=EDGE_LOOP('',(#5077,#5078,#5079,#5080));
#1098=EDGE_LOOP('',(#5081,#5082,#5083,#5084));
#1099=EDGE_LOOP('',(#5085,#5086,#5087,#5088));
#1100=EDGE_LOOP('',(#5089));
#1101=EDGE_LOOP('',(#5090,#5091,#5092,#5093,#5094,#5095,#5096,#5097));
#1102=EDGE_LOOP('',(#5098));
#1103=EDGE_LOOP('',(#5099));
#1104=EDGE_LOOP('',(#5100));
#1105=EDGE_LOOP('',(#5101));
#1106=EDGE_LOOP('',(#5102));
#1107=EDGE_LOOP('',(#5103,#5104,#5105,#5106,#5107,#5108,#5109,#5110,#5111,
#5112,#5113,#5114,#5115,#5116,#5117,#5118,#5119,#5120,#5121,#5122,#5123,
#5124,#5125,#5126,#5127,#5128,#5129,#5130,#5131));
#1108=EDGE_LOOP('',(#5132,#5133,#5134,#5135,#5136,#5137,#5138,#5139));
#1109=EDGE_LOOP('',(#5140,#5141,#5142,#5143,#5144,#5145,#5146,#5147,#5148,
#5149,#5150,#5151));
#1110=EDGE_LOOP('',(#5152,#5153,#5154,#5155,#5156,#5157,#5158,#5159,#5160,
#5161,#5162,#5163));
#1111=EDGE_LOOP('',(#5164,#5165,#5166,#5167,#5168,#5169,#5170,#5171,#5172,
#5173,#5174,#5175));
#1112=EDGE_LOOP('',(#5176,#5177,#5178,#5179,#5180,#5181,#5182,#5183,#5184));
#1113=EDGE_LOOP('',(#5185,#5186,#5187,#5188,#5189,#5190,#5191,#5192,#5193));
#1114=EDGE_LOOP('',(#5194,#5195,#5196,#5197,#5198,#5199,#5200,#5201,#5202,
#5203,#5204,#5205,#5206,#5207,#5208,#5209,#5210,#5211,#5212));
#1115=EDGE_LOOP('',(#5213,#5214,#5215,#5216,#5217,#5218,#5219,#5220,#5221));
#1116=EDGE_LOOP('',(#5222,#5223,#5224,#5225,#5226,#5227,#5228,#5229,#5230,
#5231));
#1117=EDGE_LOOP('',(#5232,#5233,#5234,#5235,#5236,#5237,#5238,#5239,#5240,
#5241,#5242,#5243,#5244,#5245,#5246,#5247,#5248,#5249,#5250,#5251,#5252));
#1118=EDGE_LOOP('',(#5253,#5254,#5255,#5256));
#1119=EDGE_LOOP('',(#5257,#5258,#5259,#5260));
#1120=EDGE_LOOP('',(#5261,#5262,#5263,#5264));
#1121=EDGE_LOOP('',(#5265,#5266,#5267,#5268));
#1122=EDGE_LOOP('',(#5269,#5270,#5271,#5272));
#1123=EDGE_LOOP('',(#5273,#5274,#5275,#5276));
#1124=EDGE_LOOP('',(#5277,#5278,#5279,#5280));
#1125=EDGE_LOOP('',(#5281,#5282,#5283,#5284));
#1126=EDGE_LOOP('',(#5285,#5286,#5287,#5288));
#1127=EDGE_LOOP('',(#5289,#5290,#5291,#5292));
#1128=EDGE_LOOP('',(#5293,#5294,#5295,#5296));
#1129=EDGE_LOOP('',(#5297,#5298,#5299,#5300));
#1130=EDGE_LOOP('',(#5301,#5302,#5303,#5304));
#1131=EDGE_LOOP('',(#5305,#5306,#5307,#5308));
#1132=EDGE_LOOP('',(#5309,#5310,#5311,#5312));
#1133=EDGE_LOOP('',(#5313,#5314,#5315,#5316));
#1134=EDGE_LOOP('',(#5317,#5318,#5319,#5320));
#1135=EDGE_LOOP('',(#5321,#5322,#5323,#5324));
#1136=EDGE_LOOP('',(#5325,#5326,#5327,#5328));
#1137=EDGE_LOOP('',(#5329,#5330,#5331,#5332));
#1138=EDGE_LOOP('',(#5333,#5334,#5335,#5336));
#1139=EDGE_LOOP('',(#5337,#5338,#5339,#5340));
#1140=EDGE_LOOP('',(#5341,#5342,#5343,#5344));
#1141=EDGE_LOOP('',(#5345,#5346,#5347,#5348));
#1142=EDGE_LOOP('',(#5349,#5350,#5351,#5352));
#1143=EDGE_LOOP('',(#5353,#5354,#5355,#5356));
#1144=EDGE_LOOP('',(#5357,#5358,#5359,#5360));
#1145=EDGE_LOOP('',(#5361,#5362,#5363,#5364));
#1146=EDGE_LOOP('',(#5365,#5366,#5367,#5368));
#1147=EDGE_LOOP('',(#5369,#5370,#5371,#5372));
#1148=EDGE_LOOP('',(#5373,#5374,#5375,#5376,#5377));
#1149=EDGE_LOOP('',(#5378,#5379,#5380,#5381));
#1150=EDGE_LOOP('',(#5382,#5383,#5384,#5385));
#1151=EDGE_LOOP('',(#5386,#5387,#5388,#5389));
#1152=EDGE_LOOP('',(#5390,#5391,#5392,#5393));
#1153=EDGE_LOOP('',(#5394,#5395,#5396,#5397));
#1154=EDGE_LOOP('',(#5398,#5399,#5400,#5401));
#1155=EDGE_LOOP('',(#5402,#5403,#5404,#5405));
#1156=EDGE_LOOP('',(#5406,#5407,#5408,#5409));
#1157=EDGE_LOOP('',(#5410,#5411,#5412,#5413));
#1158=EDGE_LOOP('',(#5414,#5415,#5416,#5417));
#1159=EDGE_LOOP('',(#5418,#5419,#5420,#5421));
#1160=EDGE_LOOP('',(#5422,#5423,#5424,#5425));
#1161=EDGE_LOOP('',(#5426,#5427,#5428,#5429));
#1162=EDGE_LOOP('',(#5430,#5431,#5432,#5433));
#1163=EDGE_LOOP('',(#5434,#5435,#5436,#5437));
#1164=EDGE_LOOP('',(#5438,#5439,#5440,#5441));
#1165=EDGE_LOOP('',(#5442,#5443,#5444,#5445));
#1166=EDGE_LOOP('',(#5446,#5447,#5448,#5449));
#1167=EDGE_LOOP('',(#5450,#5451,#5452,#5453));
#1168=EDGE_LOOP('',(#5454,#5455,#5456,#5457,#5458,#5459,#5460,#5461,#5462,
#5463,#5464,#5465,#5466,#5467,#5468,#5469,#5470,#5471,#5472,#5473,#5474,
#5475,#5476,#5477));
#1169=EDGE_LOOP('',(#5478));
#1170=EDGE_LOOP('',(#5479));
#1171=EDGE_LOOP('',(#5480));
#1172=EDGE_LOOP('',(#5481));
#1173=EDGE_LOOP('',(#5482));
#1174=EDGE_LOOP('',(#5483,#5484,#5485,#5486,#5487,#5488,#5489,#5490));
#1175=EDGE_LOOP('',(#5491));
#1176=EDGE_LOOP('',(#5492,#5493,#5494,#5495));
#1177=EDGE_LOOP('',(#5496,#5497,#5498,#5499));
#1178=EDGE_LOOP('',(#5500,#5501,#5502,#5503));
#1179=EDGE_LOOP('',(#5504,#5505,#5506,#5507));
#1180=EDGE_LOOP('',(#5508,#5509,#5510,#5511));
#1181=EDGE_LOOP('',(#5512,#5513,#5514,#5515));
#1182=EDGE_LOOP('',(#5516,#5517,#5518,#5519));
#1183=EDGE_LOOP('',(#5520,#5521,#5522,#5523));
#1184=EDGE_LOOP('',(#5524,#5525,#5526,#5527));
#1185=EDGE_LOOP('',(#5528,#5529,#5530,#5531,#5532));
#1186=EDGE_LOOP('',(#5533,#5534,#5535,#5536));
#1187=EDGE_LOOP('',(#5537,#5538,#5539,#5540));
#1188=EDGE_LOOP('',(#5541,#5542,#5543,#5544));
#1189=EDGE_LOOP('',(#5545,#5546,#5547,#5548));
#1190=EDGE_LOOP('',(#5549,#5550,#5551,#5552));
#1191=EDGE_LOOP('',(#5553,#5554,#5555,#5556));
#1192=EDGE_LOOP('',(#5557,#5558,#5559,#5560));
#1193=EDGE_LOOP('',(#5561,#5562,#5563,#5564));
#1194=EDGE_LOOP('',(#5565,#5566,#5567,#5568));
#1195=EDGE_LOOP('',(#5569,#5570,#5571,#5572));
#1196=EDGE_LOOP('',(#5573,#5574,#5575,#5576));
#1197=EDGE_LOOP('',(#5577,#5578,#5579,#5580));
#1198=EDGE_LOOP('',(#5581,#5582,#5583,#5584));
#1199=EDGE_LOOP('',(#5585,#5586,#5587,#5588));
#1200=EDGE_LOOP('',(#5589,#5590,#5591,#5592));
#1201=EDGE_LOOP('',(#5593,#5594,#5595,#5596));
#1202=EDGE_LOOP('',(#5597,#5598,#5599,#5600));
#1203=EDGE_LOOP('',(#5601,#5602,#5603,#5604));
#1204=EDGE_LOOP('',(#5605,#5606,#5607,#5608));
#1205=EDGE_LOOP('',(#5609,#5610,#5611,#5612));
#1206=EDGE_LOOP('',(#5613,#5614,#5615,#5616));
#1207=EDGE_LOOP('',(#5617,#5618,#5619,#5620));
#1208=EDGE_LOOP('',(#5621,#5622,#5623,#5624));
#1209=EDGE_LOOP('',(#5625,#5626,#5627,#5628));
#1210=EDGE_LOOP('',(#5629,#5630,#5631,#5632));
#1211=EDGE_LOOP('',(#5633,#5634,#5635,#5636));
#1212=EDGE_LOOP('',(#5637,#5638,#5639,#5640));
#1213=EDGE_LOOP('',(#5641,#5642,#5643,#5644));
#1214=EDGE_LOOP('',(#5645,#5646,#5647,#5648));
#1215=EDGE_LOOP('',(#5649,#5650,#5651,#5652));
#1216=EDGE_LOOP('',(#5653,#5654,#5655,#5656));
#1217=EDGE_LOOP('',(#5657,#5658,#5659,#5660,#5661,#5662,#5663,#5664,#5665,
#5666,#5667,#5668,#5669,#5670,#5671,#5672,#5673,#5674,#5675,#5676,#5677,
#5678,#5679,#5680,#5681,#5682,#5683,#5684,#5685,#5686));
#1218=EDGE_LOOP('',(#5687));
#1219=EDGE_LOOP('',(#5688));
#1220=EDGE_LOOP('',(#5689));
#1221=EDGE_LOOP('',(#5690));
#1222=EDGE_LOOP('',(#5691));
#1223=EDGE_LOOP('',(#5692));
#1224=EDGE_LOOP('',(#5693,#5694,#5695,#5696,#5697,#5698,#5699,#5700,#5701,
#5702,#5703,#5704,#5705,#5706,#5707,#5708,#5709,#5710,#5711,#5712,#5713,
#5714,#5715));
#1225=EDGE_LOOP('',(#5716));
#1226=EDGE_LOOP('',(#5717));
#1227=EDGE_LOOP('',(#5718,#5719,#5720,#5721));
#1228=EDGE_LOOP('',(#5722,#5723,#5724,#5725));
#1229=EDGE_LOOP('',(#5726,#5727,#5728,#5729));
#1230=EDGE_LOOP('',(#5730,#5731,#5732,#5733));
#1231=EDGE_LOOP('',(#5734,#5735,#5736,#5737));
#1232=EDGE_LOOP('',(#5738,#5739,#5740,#5741));
#1233=EDGE_LOOP('',(#5742,#5743,#5744,#5745));
#1234=EDGE_LOOP('',(#5746,#5747,#5748,#5749));
#1235=EDGE_LOOP('',(#5750,#5751,#5752,#5753,#5754,#5755,#5756,#5757,#5758,
#5759,#5760,#5761,#5762,#5763,#5764,#5765,#5766,#5767,#5768,#5769,#5770,
#5771,#5772,#5773,#5774,#5775,#5776,#5777));
#1236=EDGE_LOOP('',(#5778));
#1237=EDGE_LOOP('',(#5779));
#1238=EDGE_LOOP('',(#5780,#5781,#5782,#5783,#5784,#5785,#5786,#5787,#5788,
#5789,#5790,#5791,#5792,#5793,#5794,#5795,#5796,#5797,#5798,#5799,#5800,
#5801,#5802,#5803));
#1239=EDGE_LOOP('',(#5804));
#1240=EDGE_LOOP('',(#5805));
#1241=EDGE_LOOP('',(#5806));
#1242=EDGE_LOOP('',(#5807));
#1243=EDGE_LOOP('',(#5808));
#1244=EDGE_LOOP('',(#5809));
#1245=EDGE_LOOP('',(#5810,#5811,#5812,#5813));
#1246=EDGE_LOOP('',(#5814,#5815,#5816,#5817));
#1247=EDGE_LOOP('',(#5818,#5819,#5820,#5821));
#1248=EDGE_LOOP('',(#5822,#5823,#5824,#5825));
#1249=EDGE_LOOP('',(#5826,#5827,#5828,#5829));
#1250=EDGE_LOOP('',(#5830,#5831,#5832,#5833));
#1251=EDGE_LOOP('',(#5834,#5835,#5836,#5837));
#1252=EDGE_LOOP('',(#5838,#5839,#5840,#5841));
#1253=EDGE_LOOP('',(#5842,#5843,#5844,#5845));
#1254=EDGE_LOOP('',(#5846,#5847,#5848,#5849));
#1255=EDGE_LOOP('',(#5850,#5851,#5852,#5853));
#1256=EDGE_LOOP('',(#5854,#5855,#5856,#5857));
#1257=EDGE_LOOP('',(#5858,#5859,#5860,#5861));
#1258=EDGE_LOOP('',(#5862,#5863,#5864,#5865));
#1259=EDGE_LOOP('',(#5866,#5867,#5868,#5869));
#1260=EDGE_LOOP('',(#5870,#5871,#5872));
#1261=EDGE_LOOP('',(#5873,#5874,#5875));
#1262=EDGE_LOOP('',(#5876,#5877,#5878,#5879));
#1263=EDGE_LOOP('',(#5880,#5881,#5882,#5883));
#1264=EDGE_LOOP('',(#5884,#5885,#5886,#5887));
#1265=EDGE_LOOP('',(#5888,#5889,#5890,#5891));
#1266=EDGE_LOOP('',(#5892,#5893,#5894,#5895));
#1267=EDGE_LOOP('',(#5896,#5897,#5898,#5899));
#1268=EDGE_LOOP('',(#5900,#5901,#5902,#5903));
#1269=EDGE_LOOP('',(#5904,#5905,#5906,#5907));
#1270=EDGE_LOOP('',(#5908,#5909,#5910,#5911));
#1271=EDGE_LOOP('',(#5912,#5913,#5914,#5915));
#1272=EDGE_LOOP('',(#5916,#5917,#5918,#5919));
#1273=EDGE_LOOP('',(#5920,#5921,#5922,#5923));
#1274=EDGE_LOOP('',(#5924,#5925,#5926,#5927));
#1275=EDGE_LOOP('',(#5928,#5929,#5930,#5931));
#1276=EDGE_LOOP('',(#5932,#5933,#5934,#5935));
#1277=EDGE_LOOP('',(#5936,#5937,#5938,#5939));
#1278=EDGE_LOOP('',(#5940,#5941,#5942,#5943));
#1279=EDGE_LOOP('',(#5944,#5945,#5946,#5947));
#1280=EDGE_LOOP('',(#5948,#5949,#5950,#5951));
#1281=EDGE_LOOP('',(#5952,#5953,#5954,#5955));
#1282=EDGE_LOOP('',(#5956,#5957,#5958,#5959));
#1283=EDGE_LOOP('',(#5960,#5961,#5962,#5963));
#1284=EDGE_LOOP('',(#5964,#5965,#5966,#5967));
#1285=EDGE_LOOP('',(#5968,#5969,#5970,#5971));
#1286=EDGE_LOOP('',(#5972,#5973,#5974,#5975));
#1287=EDGE_LOOP('',(#5976,#5977,#5978,#5979));
#1288=EDGE_LOOP('',(#5980,#5981,#5982,#5983));
#1289=EDGE_LOOP('',(#5984,#5985,#5986,#5987));
#1290=LINE('',#8425,#1852);
#1291=LINE('',#8432,#1853);
#1292=LINE('',#8450,#1854);
#1293=LINE('',#8473,#1855);
#1294=LINE('',#8496,#1856);
#1295=LINE('',#8519,#1857);
#1296=LINE('',#8542,#1858);
#1297=LINE('',#8565,#1859);
#1298=LINE('',#8588,#1860);
#1299=LINE('',#8596,#1861);
#1300=LINE('',#8598,#1862);
#1301=LINE('',#8599,#1863);
#1302=LINE('',#8617,#1864);
#1303=LINE('',#8640,#1865);
#1304=LINE('',#8663,#1866);
#1305=LINE('',#8686,#1867);
#1306=LINE('',#8709,#1868);
#1307=LINE('',#8732,#1869);
#1308=LINE('',#8755,#1870);
#1309=LINE('',#8778,#1871);
#1310=LINE('',#8801,#1872);
#1311=LINE('',#8824,#1873);
#1312=LINE('',#8832,#1874);
#1313=LINE('',#8834,#1875);
#1314=LINE('',#8835,#1876);
#1315=LINE('',#8860,#1877);
#1316=LINE('',#8862,#1878);
#1317=LINE('',#8864,#1879);
#1318=LINE('',#8865,#1880);
#1319=LINE('',#8868,#1881);
#1320=LINE('',#8870,#1882);
#1321=LINE('',#8871,#1883);
#1322=LINE('',#8874,#1884);
#1323=LINE('',#8876,#1885);
#1324=LINE('',#8877,#1886);
#1325=LINE('',#8880,#1887);
#1326=LINE('',#8882,#1888);
#1327=LINE('',#8883,#1889);
#1328=LINE('',#8886,#1890);
#1329=LINE('',#8888,#1891);
#1330=LINE('',#8889,#1892);
#1331=LINE('',#8892,#1893);
#1332=LINE('',#8894,#1894);
#1333=LINE('',#8895,#1895);
#1334=LINE('',#8898,#1896);
#1335=LINE('',#8900,#1897);
#1336=LINE('',#8901,#1898);
#1337=LINE('',#8904,#1899);
#1338=LINE('',#8906,#1900);
#1339=LINE('',#8907,#1901);
#1340=LINE('',#8910,#1902);
#1341=LINE('',#8912,#1903);
#1342=LINE('',#8913,#1904);
#1343=LINE('',#8915,#1905);
#1344=LINE('',#8916,#1906);
#1345=LINE('',#8936,#1907);
#1346=LINE('',#8943,#1908);
#1347=LINE('',#8961,#1909);
#1348=LINE('',#8984,#1910);
#1349=LINE('',#8992,#1911);
#1350=LINE('',#8994,#1912);
#1351=LINE('',#8995,#1913);
#1352=LINE('',#9013,#1914);
#1353=LINE('',#9036,#1915);
#1354=LINE('',#9059,#1916);
#1355=LINE('',#9082,#1917);
#1356=LINE('',#9089,#1918);
#1357=LINE('',#9090,#1919);
#1358=LINE('',#9095,#1920);
#1359=LINE('',#9097,#1921);
#1360=LINE('',#9099,#1922);
#1361=LINE('',#9100,#1923);
#1362=LINE('',#9118,#1924);
#1363=LINE('',#9141,#1925);
#1364=LINE('',#9164,#1926);
#1365=LINE('',#9187,#1927);
#1366=LINE('',#9210,#1928);
#1367=LINE('',#9218,#1929);
#1368=LINE('',#9220,#1930);
#1369=LINE('',#9221,#1931);
#1370=LINE('',#9223,#1932);
#1371=LINE('',#9224,#1933);
#1372=LINE('',#9228,#1934);
#1373=LINE('',#9230,#1935);
#1374=LINE('',#9232,#1936);
#1375=LINE('',#9233,#1937);
#1376=LINE('',#9236,#1938);
#1377=LINE('',#9238,#1939);
#1378=LINE('',#9239,#1940);
#1379=LINE('',#9257,#1941);
#1380=LINE('',#9280,#1942);
#1381=LINE('',#9288,#1943);
#1382=LINE('',#9290,#1944);
#1383=LINE('',#9291,#1945);
#1384=LINE('',#9294,#1946);
#1385=LINE('',#9296,#1947);
#1386=LINE('',#9297,#1948);
#1387=LINE('',#9300,#1949);
#1388=LINE('',#9302,#1950);
#1389=LINE('',#9303,#1951);
#1390=LINE('',#9321,#1952);
#1391=LINE('',#9344,#1953);
#1392=LINE('',#9367,#1954);
#1393=LINE('',#9390,#1955);
#1394=LINE('',#9413,#1956);
#1395=LINE('',#9436,#1957);
#1396=LINE('',#9459,#1958);
#1397=LINE('',#9482,#1959);
#1398=LINE('',#9505,#1960);
#1399=LINE('',#9513,#1961);
#1400=LINE('',#9515,#1962);
#1401=LINE('',#9516,#1963);
#1402=LINE('',#9519,#1964);
#1403=LINE('',#9521,#1965);
#1404=LINE('',#9522,#1966);
#1405=LINE('',#9524,#1967);
#1406=LINE('',#9525,#1968);
#1407=LINE('',#9545,#1969);
#1408=LINE('',#9552,#1970);
#1409=LINE('',#9570,#1971);
#1410=LINE('',#9593,#1972);
#1411=LINE('',#9601,#1973);
#1412=LINE('',#9603,#1974);
#1413=LINE('',#9604,#1975);
#1414=LINE('',#9622,#1976);
#1415=LINE('',#9645,#1977);
#1416=LINE('',#9668,#1978);
#1417=LINE('',#9691,#1979);
#1418=LINE('',#9698,#1980);
#1419=LINE('',#9699,#1981);
#1420=LINE('',#9719,#1982);
#1421=LINE('',#9726,#1983);
#1422=LINE('',#9744,#1984);
#1423=LINE('',#9767,#1985);
#1424=LINE('',#9775,#1986);
#1425=LINE('',#9777,#1987);
#1426=LINE('',#9778,#1988);
#1427=LINE('',#9796,#1989);
#1428=LINE('',#9819,#1990);
#1429=LINE('',#9842,#1991);
#1430=LINE('',#9865,#1992);
#1431=LINE('',#9872,#1993);
#1432=LINE('',#9873,#1994);
#1433=LINE('',#9878,#1995);
#1434=LINE('',#9880,#1996);
#1435=LINE('',#9882,#1997);
#1436=LINE('',#9883,#1998);
#1437=LINE('',#9886,#1999);
#1438=LINE('',#9888,#2000);
#1439=LINE('',#9889,#2001);
#1440=LINE('',#9892,#2002);
#1441=LINE('',#9894,#2003);
#1442=LINE('',#9895,#2004);
#1443=LINE('',#9898,#2005);
#1444=LINE('',#9900,#2006);
#1445=LINE('',#9901,#2007);
#1446=LINE('',#9904,#2008);
#1447=LINE('',#9906,#2009);
#1448=LINE('',#9907,#2010);
#1449=LINE('',#9910,#2011);
#1450=LINE('',#9912,#2012);
#1451=LINE('',#9913,#2013);
#1452=LINE('',#9916,#2014);
#1453=LINE('',#9918,#2015);
#1454=LINE('',#9919,#2016);
#1455=LINE('',#9922,#2017);
#1456=LINE('',#9924,#2018);
#1457=LINE('',#9925,#2019);
#1458=LINE('',#9928,#2020);
#1459=LINE('',#9930,#2021);
#1460=LINE('',#9931,#2022);
#1461=LINE('',#9934,#2023);
#1462=LINE('',#9936,#2024);
#1463=LINE('',#9937,#2025);
#1464=LINE('',#9940,#2026);
#1465=LINE('',#9942,#2027);
#1466=LINE('',#9943,#2028);
#1467=LINE('',#9945,#2029);
#1468=LINE('',#9946,#2030);
#1469=LINE('',#9951,#2031);
#1470=LINE('',#9953,#2032);
#1471=LINE('',#9955,#2033);
#1472=LINE('',#9956,#2034);
#1473=LINE('',#9959,#2035);
#1474=LINE('',#9961,#2036);
#1475=LINE('',#9962,#2037);
#1476=LINE('',#9965,#2038);
#1477=LINE('',#9967,#2039);
#1478=LINE('',#9968,#2040);
#1479=LINE('',#9971,#2041);
#1480=LINE('',#9973,#2042);
#1481=LINE('',#9974,#2043);
#1482=LINE('',#9977,#2044);
#1483=LINE('',#9979,#2045);
#1484=LINE('',#9980,#2046);
#1485=LINE('',#9983,#2047);
#1486=LINE('',#9985,#2048);
#1487=LINE('',#9986,#2049);
#1488=LINE('',#9989,#2050);
#1489=LINE('',#9991,#2051);
#1490=LINE('',#9992,#2052);
#1491=LINE('',#9995,#2053);
#1492=LINE('',#9997,#2054);
#1493=LINE('',#9998,#2055);
#1494=LINE('',#10001,#2056);
#1495=LINE('',#10003,#2057);
#1496=LINE('',#10004,#2058);
#1497=LINE('',#10007,#2059);
#1498=LINE('',#10009,#2060);
#1499=LINE('',#10010,#2061);
#1500=LINE('',#10013,#2062);
#1501=LINE('',#10015,#2063);
#1502=LINE('',#10016,#2064);
#1503=LINE('',#10018,#2065);
#1504=LINE('',#10019,#2066);
#1505=LINE('',#10024,#2067);
#1506=LINE('',#10026,#2068);
#1507=LINE('',#10028,#2069);
#1508=LINE('',#10029,#2070);
#1509=LINE('',#10032,#2071);
#1510=LINE('',#10034,#2072);
#1511=LINE('',#10035,#2073);
#1512=LINE('',#10038,#2074);
#1513=LINE('',#10040,#2075);
#1514=LINE('',#10041,#2076);
#1515=LINE('',#10044,#2077);
#1516=LINE('',#10046,#2078);
#1517=LINE('',#10047,#2079);
#1518=LINE('',#10050,#2080);
#1519=LINE('',#10052,#2081);
#1520=LINE('',#10053,#2082);
#1521=LINE('',#10056,#2083);
#1522=LINE('',#10058,#2084);
#1523=LINE('',#10059,#2085);
#1524=LINE('',#10062,#2086);
#1525=LINE('',#10064,#2087);
#1526=LINE('',#10065,#2088);
#1527=LINE('',#10068,#2089);
#1528=LINE('',#10070,#2090);
#1529=LINE('',#10071,#2091);
#1530=LINE('',#10074,#2092);
#1531=LINE('',#10076,#2093);
#1532=LINE('',#10077,#2094);
#1533=LINE('',#10080,#2095);
#1534=LINE('',#10082,#2096);
#1535=LINE('',#10083,#2097);
#1536=LINE('',#10086,#2098);
#1537=LINE('',#10088,#2099);
#1538=LINE('',#10089,#2100);
#1539=LINE('',#10091,#2101);
#1540=LINE('',#10092,#2102);
#1541=LINE('',#10097,#2103);
#1542=LINE('',#10099,#2104);
#1543=LINE('',#10101,#2105);
#1544=LINE('',#10102,#2106);
#1545=LINE('',#10105,#2107);
#1546=LINE('',#10107,#2108);
#1547=LINE('',#10108,#2109);
#1548=LINE('',#10110,#2110);
#1549=LINE('',#10111,#2111);
#1550=LINE('',#10115,#2112);
#1551=LINE('',#10117,#2113);
#1552=LINE('',#10119,#2114);
#1553=LINE('',#10120,#2115);
#1554=LINE('',#10123,#2116);
#1555=LINE('',#10125,#2117);
#1556=LINE('',#10126,#2118);
#1557=LINE('',#10129,#2119);
#1558=LINE('',#10131,#2120);
#1559=LINE('',#10132,#2121);
#1560=LINE('',#10135,#2122);
#1561=LINE('',#10137,#2123);
#1562=LINE('',#10138,#2124);
#1563=LINE('',#10141,#2125);
#1564=LINE('',#10143,#2126);
#1565=LINE('',#10144,#2127);
#1566=LINE('',#10147,#2128);
#1567=LINE('',#10149,#2129);
#1568=LINE('',#10150,#2130);
#1569=LINE('',#10153,#2131);
#1570=LINE('',#10155,#2132);
#1571=LINE('',#10156,#2133);
#1572=LINE('',#10158,#2134);
#1573=LINE('',#10159,#2135);
#1574=LINE('',#10179,#2136);
#1575=LINE('',#10186,#2137);
#1576=LINE('',#10204,#2138);
#1577=LINE('',#10227,#2139);
#1578=LINE('',#10250,#2140);
#1579=LINE('',#10273,#2141);
#1580=LINE('',#10296,#2142);
#1581=LINE('',#10319,#2143);
#1582=LINE('',#10342,#2144);
#1583=LINE('',#10365,#2145);
#1584=LINE('',#10388,#2146);
#1585=LINE('',#10411,#2147);
#1586=LINE('',#10434,#2148);
#1587=LINE('',#10457,#2149);
#1588=LINE('',#10465,#2150);
#1589=LINE('',#10467,#2151);
#1590=LINE('',#10468,#2152);
#1591=LINE('',#10486,#2153);
#1592=LINE('',#10509,#2154);
#1593=LINE('',#10532,#2155);
#1594=LINE('',#10555,#2156);
#1595=LINE('',#10578,#2157);
#1596=LINE('',#10601,#2158);
#1597=LINE('',#10624,#2159);
#1598=LINE('',#10647,#2160);
#1599=LINE('',#10670,#2161);
#1600=LINE('',#10693,#2162);
#1601=LINE('',#10716,#2163);
#1602=LINE('',#10739,#2164);
#1603=LINE('',#10762,#2165);
#1604=LINE('',#10770,#2166);
#1605=LINE('',#10772,#2167);
#1606=LINE('',#10773,#2168);
#1607=LINE('',#10800,#2169);
#1608=LINE('',#10802,#2170);
#1609=LINE('',#10804,#2171);
#1610=LINE('',#10805,#2172);
#1611=LINE('',#10808,#2173);
#1612=LINE('',#10810,#2174);
#1613=LINE('',#10811,#2175);
#1614=LINE('',#10814,#2176);
#1615=LINE('',#10816,#2177);
#1616=LINE('',#10817,#2178);
#1617=LINE('',#10819,#2179);
#1618=LINE('',#10820,#2180);
#1619=LINE('',#10824,#2181);
#1620=LINE('',#10826,#2182);
#1621=LINE('',#10828,#2183);
#1622=LINE('',#10829,#2184);
#1623=LINE('',#10832,#2185);
#1624=LINE('',#10834,#2186);
#1625=LINE('',#10835,#2187);
#1626=LINE('',#10838,#2188);
#1627=LINE('',#10840,#2189);
#1628=LINE('',#10841,#2190);
#1629=LINE('',#10843,#2191);
#1630=LINE('',#10844,#2192);
#1631=LINE('',#10848,#2193);
#1632=LINE('',#10850,#2194);
#1633=LINE('',#10852,#2195);
#1634=LINE('',#10853,#2196);
#1635=LINE('',#10856,#2197);
#1636=LINE('',#10858,#2198);
#1637=LINE('',#10859,#2199);
#1638=LINE('',#10862,#2200);
#1639=LINE('',#10864,#2201);
#1640=LINE('',#10865,#2202);
#1641=LINE('',#10867,#2203);
#1642=LINE('',#10868,#2204);
#1643=LINE('',#10873,#2205);
#1644=LINE('',#10879,#2206);
#1645=LINE('',#10885,#2207);
#1646=LINE('',#10891,#2208);
#1647=LINE('',#10897,#2209);
#1648=LINE('',#10903,#2210);
#1649=LINE('',#10918,#2211);
#1650=LINE('',#10919,#2212);
#1651=LINE('',#10930,#2213);
#1652=LINE('',#10931,#2214);
#1653=LINE('',#10942,#2215);
#1654=LINE('',#10943,#2216);
#1655=LINE('',#10951,#2217);
#1656=LINE('',#10952,#2218);
#1657=LINE('',#10955,#2219);
#1658=LINE('',#10957,#2220);
#1659=LINE('',#10958,#2221);
#1660=LINE('',#10961,#2222);
#1661=LINE('',#10965,#2223);
#1662=LINE('',#10966,#2224);
#1663=LINE('',#10969,#2225);
#1664=LINE('',#10976,#2226);
#1665=LINE('',#10982,#2227);
#1666=LINE('',#10986,#2228);
#1667=LINE('',#10990,#2229);
#1668=LINE('',#10994,#2230);
#1669=LINE('',#10998,#2231);
#1670=LINE('',#11002,#2232);
#1671=LINE('',#11006,#2233);
#1672=LINE('',#11010,#2234);
#1673=LINE('',#11014,#2235);
#1674=LINE('',#11017,#2236);
#1675=LINE('',#11027,#2237);
#1676=LINE('',#11035,#2238);
#1677=LINE('',#11043,#2239);
#1678=LINE('',#11051,#2240);
#1679=LINE('',#11059,#2241);
#1680=LINE('',#11067,#2242);
#1681=LINE('',#11075,#2243);
#1682=LINE('',#11083,#2244);
#1683=LINE('',#11091,#2245);
#1684=LINE('',#11099,#2246);
#1685=LINE('',#11109,#2247);
#1686=LINE('',#11112,#2248);
#1687=LINE('',#11115,#2249);
#1688=LINE('',#11118,#2250);
#1689=LINE('',#11119,#2251);
#1690=LINE('',#11122,#2252);
#1691=LINE('',#11126,#2253);
#1692=LINE('',#11127,#2254);
#1693=LINE('',#11130,#2255);
#1694=LINE('',#11134,#2256);
#1695=LINE('',#11135,#2257);
#1696=LINE('',#11138,#2258);
#1697=LINE('',#11142,#2259);
#1698=LINE('',#11144,#2260);
#1699=LINE('',#11145,#2261);
#1700=LINE('',#11148,#2262);
#1701=LINE('',#11152,#2263);
#1702=LINE('',#11156,#2264);
#1703=LINE('',#11157,#2265);
#1704=LINE('',#11160,#2266);
#1705=LINE('',#11164,#2267);
#1706=LINE('',#11167,#2268);
#1707=LINE('',#11170,#2269);
#1708=LINE('',#11171,#2270);
#1709=LINE('',#11173,#2271);
#1710=LINE('',#11178,#2272);
#1711=LINE('',#11181,#2273);
#1712=LINE('',#11184,#2274);
#1713=LINE('',#11185,#2275);
#1714=LINE('',#11189,#2276);
#1715=LINE('',#11192,#2277);
#1716=LINE('',#11193,#2278);
#1717=LINE('',#11197,#2279);
#1718=LINE('',#11200,#2280);
#1719=LINE('',#11201,#2281);
#1720=LINE('',#11204,#2282);
#1721=LINE('',#11208,#2283);
#1722=LINE('',#11211,#2284);
#1723=LINE('',#11213,#2285);
#1724=LINE('',#11215,#2286);
#1725=LINE('',#11217,#2287);
#1726=LINE('',#11222,#2288);
#1727=LINE('',#11224,#2289);
#1728=LINE('',#11226,#2290);
#1729=LINE('',#11227,#2291);
#1730=LINE('',#11231,#2292);
#1731=LINE('',#11233,#2293);
#1732=LINE('',#11235,#2294);
#1733=LINE('',#11236,#2295);
#1734=LINE('',#11240,#2296);
#1735=LINE('',#11242,#2297);
#1736=LINE('',#11244,#2298);
#1737=LINE('',#11245,#2299);
#1738=LINE('',#11249,#2300);
#1739=LINE('',#11251,#2301);
#1740=LINE('',#11253,#2302);
#1741=LINE('',#11254,#2303);
#1742=LINE('',#11260,#2304);
#1743=LINE('',#11264,#2305);
#1744=LINE('',#11268,#2306);
#1745=LINE('',#11273,#2307);
#1746=LINE('',#11274,#2308);
#1747=LINE('',#11276,#2309);
#1748=LINE('',#11277,#2310);
#1749=LINE('',#11285,#2311);
#1750=LINE('',#11290,#2312);
#1751=LINE('',#11291,#2313);
#1752=LINE('',#11292,#2314);
#1753=LINE('',#11299,#2315);
#1754=LINE('',#11301,#2316);
#1755=LINE('',#11303,#2317);
#1756=LINE('',#11304,#2318);
#1757=LINE('',#11309,#2319);
#1758=LINE('',#11314,#2320);
#1759=LINE('',#11316,#2321);
#1760=LINE('',#11318,#2322);
#1761=LINE('',#11319,#2323);
#1762=LINE('',#11324,#2324);
#1763=LINE('',#11329,#2325);
#1764=LINE('',#11331,#2326);
#1765=LINE('',#11333,#2327);
#1766=LINE('',#11334,#2328);
#1767=LINE('',#11341,#2329);
#1768=LINE('',#11342,#2330);
#1769=LINE('',#11343,#2331);
#1770=LINE('',#11350,#2332);
#1771=LINE('',#11351,#2333);
#1772=LINE('',#11352,#2334);
#1773=LINE('',#11358,#2335);
#1774=LINE('',#11362,#2336);
#1775=LINE('',#11363,#2337);
#1776=LINE('',#11364,#2338);
#1777=LINE('',#11371,#2339);
#1778=LINE('',#11373,#2340);
#1779=LINE('',#11375,#2341);
#1780=LINE('',#11376,#2342);
#1781=LINE('',#11381,#2343);
#1782=LINE('',#11388,#2344);
#1783=LINE('',#11394,#2345);
#1784=LINE('',#11397,#2346);
#1785=LINE('',#11399,#2347);
#1786=LINE('',#11400,#2348);
#1787=LINE('',#11405,#2349);
#1788=LINE('',#11411,#2350);
#1789=LINE('',#11415,#2351);
#1790=LINE('',#11417,#2352);
#1791=LINE('',#11418,#2353);
#1792=LINE('',#11423,#2354);
#1793=LINE('',#11427,#2355);
#1794=LINE('',#11429,#2356);
#1795=LINE('',#11430,#2357);
#1796=LINE('',#11437,#2358);
#1797=LINE('',#11438,#2359);
#1798=LINE('',#11439,#2360);
#1799=LINE('',#11445,#2361);
#1800=LINE('',#11447,#2362);
#1801=LINE('',#11448,#2363);
#1802=LINE('',#11457,#2364);
#1803=LINE('',#11461,#2365);
#1804=LINE('',#11465,#2366);
#1805=LINE('',#11469,#2367);
#1806=LINE('',#11474,#2368);
#1807=LINE('',#11478,#2369);
#1808=LINE('',#11481,#2370);
#1809=LINE('',#11501,#2371);
#1810=LINE('',#11505,#2372);
#1811=LINE('',#11509,#2373);
#1812=LINE('',#11513,#2374);
#1813=LINE('',#11517,#2375);
#1814=LINE('',#11521,#2376);
#1815=LINE('',#11525,#2377);
#1816=LINE('',#11529,#2378);
#1817=LINE('',#11535,#2379);
#1818=LINE('',#11539,#2380);
#1819=LINE('',#11543,#2381);
#1820=LINE('',#11547,#2382);
#1821=LINE('',#11551,#2383);
#1822=LINE('',#11555,#2384);
#1823=LINE('',#11559,#2385);
#1824=LINE('',#11563,#2386);
#1825=LINE('',#11567,#2387);
#1826=LINE('',#11571,#2388);
#1827=LINE('',#11575,#2389);
#1828=LINE('',#11579,#2390);
#1829=LINE('',#11583,#2391);
#1830=LINE('',#11586,#2392);
#1831=LINE('',#11589,#2393);
#1832=LINE('',#11590,#2394);
#1833=LINE('',#11594,#2395);
#1834=LINE('',#11598,#2396);
#1835=LINE('',#11601,#2397);
#1836=LINE('',#11602,#2398);
#1837=LINE('',#11606,#2399);
#1838=LINE('',#11609,#2400);
#1839=LINE('',#11610,#2401);
#1840=LINE('',#11614,#2402);
#1841=LINE('',#11617,#2403);
#1842=LINE('',#11618,#2404);
#1843=LINE('',#11622,#2405);
#1844=LINE('',#11625,#2406);
#1845=LINE('',#11626,#2407);
#1846=LINE('',#11630,#2408);
#1847=LINE('',#11633,#2409);
#1848=LINE('',#11634,#2410);
#1849=LINE('',#11638,#2411);
#1850=LINE('',#11641,#2412);
#1851=LINE('',#11642,#2413);
#1852=VECTOR('',#6898,10.);
#1853=VECTOR('',#6899,10.);
#1854=VECTOR('',#6900,10.);
#1855=VECTOR('',#6901,10.);
#1856=VECTOR('',#6902,10.);
#1857=VECTOR('',#6903,10.);
#1858=VECTOR('',#6904,10.);
#1859=VECTOR('',#6905,10.);
#1860=VECTOR('',#6906,10.);
#1861=VECTOR('',#6909,10.);
#1862=VECTOR('',#6910,10.);
#1863=VECTOR('',#6911,10.);
#1864=VECTOR('',#6912,10.);
#1865=VECTOR('',#6913,10.);
#1866=VECTOR('',#6914,10.);
#1867=VECTOR('',#6915,10.);
#1868=VECTOR('',#6916,10.);
#1869=VECTOR('',#6917,10.);
#1870=VECTOR('',#6918,10.);
#1871=VECTOR('',#6919,10.);
#1872=VECTOR('',#6920,10.);
#1873=VECTOR('',#6921,10.);
#1874=VECTOR('',#6924,10.);
#1875=VECTOR('',#6925,10.);
#1876=VECTOR('',#6926,10.);
#1877=VECTOR('',#6931,10.);
#1878=VECTOR('',#6932,10.);
#1879=VECTOR('',#6933,10.);
#1880=VECTOR('',#6934,10.);
#1881=VECTOR('',#6937,10.);
#1882=VECTOR('',#6938,10.);
#1883=VECTOR('',#6939,10.);
#1884=VECTOR('',#6942,10.);
#1885=VECTOR('',#6943,10.);
#1886=VECTOR('',#6944,10.);
#1887=VECTOR('',#6947,10.);
#1888=VECTOR('',#6948,10.);
#1889=VECTOR('',#6949,10.);
#1890=VECTOR('',#6952,10.);
#1891=VECTOR('',#6953,10.);
#1892=VECTOR('',#6954,10.);
#1893=VECTOR('',#6957,10.);
#1894=VECTOR('',#6958,10.);
#1895=VECTOR('',#6959,10.);
#1896=VECTOR('',#6962,10.);
#1897=VECTOR('',#6963,10.);
#1898=VECTOR('',#6964,10.);
#1899=VECTOR('',#6967,10.);
#1900=VECTOR('',#6968,10.);
#1901=VECTOR('',#6969,10.);
#1902=VECTOR('',#6972,10.);
#1903=VECTOR('',#6973,10.);
#1904=VECTOR('',#6974,10.);
#1905=VECTOR('',#6977,10.);
#1906=VECTOR('',#6978,10.);
#1907=VECTOR('',#6981,10.);
#1908=VECTOR('',#6982,10.);
#1909=VECTOR('',#6983,10.);
#1910=VECTOR('',#6984,10.);
#1911=VECTOR('',#6987,10.);
#1912=VECTOR('',#6988,10.);
#1913=VECTOR('',#6989,10.);
#1914=VECTOR('',#6990,10.);
#1915=VECTOR('',#6991,10.);
#1916=VECTOR('',#6992,10.);
#1917=VECTOR('',#6993,10.);
#1918=VECTOR('',#6996,10.);
#1919=VECTOR('',#6997,10.);
#1920=VECTOR('',#7002,10.);
#1921=VECTOR('',#7003,10.);
#1922=VECTOR('',#7004,10.);
#1923=VECTOR('',#7005,10.);
#1924=VECTOR('',#7006,10.);
#1925=VECTOR('',#7007,10.);
#1926=VECTOR('',#7008,10.);
#1927=VECTOR('',#7009,10.);
#1928=VECTOR('',#7010,10.);
#1929=VECTOR('',#7013,10.);
#1930=VECTOR('',#7014,10.);
#1931=VECTOR('',#7015,10.);
#1932=VECTOR('',#7018,10.);
#1933=VECTOR('',#7019,10.);
#1934=VECTOR('',#7022,10.);
#1935=VECTOR('',#7023,10.);
#1936=VECTOR('',#7024,10.);
#1937=VECTOR('',#7025,10.);
#1938=VECTOR('',#7028,10.);
#1939=VECTOR('',#7029,10.);
#1940=VECTOR('',#7030,10.);
#1941=VECTOR('',#7031,10.);
#1942=VECTOR('',#7032,10.);
#1943=VECTOR('',#7035,10.);
#1944=VECTOR('',#7036,10.);
#1945=VECTOR('',#7037,10.);
#1946=VECTOR('',#7040,10.);
#1947=VECTOR('',#7041,10.);
#1948=VECTOR('',#7042,10.);
#1949=VECTOR('',#7045,10.);
#1950=VECTOR('',#7046,10.);
#1951=VECTOR('',#7047,10.);
#1952=VECTOR('',#7048,10.);
#1953=VECTOR('',#7049,10.);
#1954=VECTOR('',#7050,10.);
#1955=VECTOR('',#7051,10.);
#1956=VECTOR('',#7052,10.);
#1957=VECTOR('',#7053,10.);
#1958=VECTOR('',#7054,10.);
#1959=VECTOR('',#7055,10.);
#1960=VECTOR('',#7056,10.);
#1961=VECTOR('',#7059,10.);
#1962=VECTOR('',#7060,10.);
#1963=VECTOR('',#7061,10.);
#1964=VECTOR('',#7064,10.);
#1965=VECTOR('',#7065,10.);
#1966=VECTOR('',#7066,10.);
#1967=VECTOR('',#7069,10.);
#1968=VECTOR('',#7070,10.);
#1969=VECTOR('',#7073,10.);
#1970=VECTOR('',#7074,10.);
#1971=VECTOR('',#7075,10.);
#1972=VECTOR('',#7076,10.);
#1973=VECTOR('',#7079,10.);
#1974=VECTOR('',#7080,10.);
#1975=VECTOR('',#7081,10.);
#1976=VECTOR('',#7082,10.);
#1977=VECTOR('',#7083,10.);
#1978=VECTOR('',#7084,10.);
#1979=VECTOR('',#7085,10.);
#1980=VECTOR('',#7088,10.);
#1981=VECTOR('',#7089,10.);
#1982=VECTOR('',#7092,10.);
#1983=VECTOR('',#7093,10.);
#1984=VECTOR('',#7094,10.);
#1985=VECTOR('',#7095,10.);
#1986=VECTOR('',#7098,10.);
#1987=VECTOR('',#7099,10.);
#1988=VECTOR('',#7100,10.);
#1989=VECTOR('',#7101,10.);
#1990=VECTOR('',#7102,10.);
#1991=VECTOR('',#7103,10.);
#1992=VECTOR('',#7104,10.);
#1993=VECTOR('',#7107,10.);
#1994=VECTOR('',#7108,10.);
#1995=VECTOR('',#7113,10.);
#1996=VECTOR('',#7114,10.);
#1997=VECTOR('',#7115,10.);
#1998=VECTOR('',#7116,10.);
#1999=VECTOR('',#7119,10.);
#2000=VECTOR('',#7120,10.);
#2001=VECTOR('',#7121,10.);
#2002=VECTOR('',#7124,10.);
#2003=VECTOR('',#7125,10.);
#2004=VECTOR('',#7126,10.);
#2005=VECTOR('',#7129,10.);
#2006=VECTOR('',#7130,10.);
#2007=VECTOR('',#7131,10.);
#2008=VECTOR('',#7134,10.);
#2009=VECTOR('',#7135,10.);
#2010=VECTOR('',#7136,10.);
#2011=VECTOR('',#7139,10.);
#2012=VECTOR('',#7140,10.);
#2013=VECTOR('',#7141,10.);
#2014=VECTOR('',#7144,10.);
#2015=VECTOR('',#7145,10.);
#2016=VECTOR('',#7146,10.);
#2017=VECTOR('',#7149,10.);
#2018=VECTOR('',#7150,10.);
#2019=VECTOR('',#7151,10.);
#2020=VECTOR('',#7154,10.);
#2021=VECTOR('',#7155,10.);
#2022=VECTOR('',#7156,10.);
#2023=VECTOR('',#7159,10.);
#2024=VECTOR('',#7160,10.);
#2025=VECTOR('',#7161,10.);
#2026=VECTOR('',#7164,10.);
#2027=VECTOR('',#7165,10.);
#2028=VECTOR('',#7166,10.);
#2029=VECTOR('',#7169,10.);
#2030=VECTOR('',#7170,10.);
#2031=VECTOR('',#7175,10.);
#2032=VECTOR('',#7176,10.);
#2033=VECTOR('',#7177,10.);
#2034=VECTOR('',#7178,10.);
#2035=VECTOR('',#7181,10.);
#2036=VECTOR('',#7182,10.);
#2037=VECTOR('',#7183,10.);
#2038=VECTOR('',#7186,10.);
#2039=VECTOR('',#7187,10.);
#2040=VECTOR('',#7188,10.);
#2041=VECTOR('',#7191,10.);
#2042=VECTOR('',#7192,10.);
#2043=VECTOR('',#7193,10.);
#2044=VECTOR('',#7196,10.);
#2045=VECTOR('',#7197,10.);
#2046=VECTOR('',#7198,10.);
#2047=VECTOR('',#7201,10.);
#2048=VECTOR('',#7202,10.);
#2049=VECTOR('',#7203,10.);
#2050=VECTOR('',#7206,10.);
#2051=VECTOR('',#7207,10.);
#2052=VECTOR('',#7208,10.);
#2053=VECTOR('',#7211,10.);
#2054=VECTOR('',#7212,10.);
#2055=VECTOR('',#7213,10.);
#2056=VECTOR('',#7216,10.);
#2057=VECTOR('',#7217,10.);
#2058=VECTOR('',#7218,10.);
#2059=VECTOR('',#7221,10.);
#2060=VECTOR('',#7222,10.);
#2061=VECTOR('',#7223,10.);
#2062=VECTOR('',#7226,10.);
#2063=VECTOR('',#7227,10.);
#2064=VECTOR('',#7228,10.);
#2065=VECTOR('',#7231,10.);
#2066=VECTOR('',#7232,10.);
#2067=VECTOR('',#7237,10.);
#2068=VECTOR('',#7238,10.);
#2069=VECTOR('',#7239,10.);
#2070=VECTOR('',#7240,10.);
#2071=VECTOR('',#7243,10.);
#2072=VECTOR('',#7244,10.);
#2073=VECTOR('',#7245,10.);
#2074=VECTOR('',#7248,10.);
#2075=VECTOR('',#7249,10.);
#2076=VECTOR('',#7250,10.);
#2077=VECTOR('',#7253,10.);
#2078=VECTOR('',#7254,10.);
#2079=VECTOR('',#7255,10.);
#2080=VECTOR('',#7258,10.);
#2081=VECTOR('',#7259,10.);
#2082=VECTOR('',#7260,10.);
#2083=VECTOR('',#7263,10.);
#2084=VECTOR('',#7264,10.);
#2085=VECTOR('',#7265,10.);
#2086=VECTOR('',#7268,10.);
#2087=VECTOR('',#7269,10.);
#2088=VECTOR('',#7270,10.);
#2089=VECTOR('',#7273,10.);
#2090=VECTOR('',#7274,10.);
#2091=VECTOR('',#7275,10.);
#2092=VECTOR('',#7278,10.);
#2093=VECTOR('',#7279,10.);
#2094=VECTOR('',#7280,10.);
#2095=VECTOR('',#7283,10.);
#2096=VECTOR('',#7284,10.);
#2097=VECTOR('',#7285,10.);
#2098=VECTOR('',#7288,10.);
#2099=VECTOR('',#7289,10.);
#2100=VECTOR('',#7290,10.);
#2101=VECTOR('',#7293,10.);
#2102=VECTOR('',#7294,10.);
#2103=VECTOR('',#7299,10.);
#2104=VECTOR('',#7300,10.);
#2105=VECTOR('',#7301,10.);
#2106=VECTOR('',#7302,10.);
#2107=VECTOR('',#7305,10.);
#2108=VECTOR('',#7306,10.);
#2109=VECTOR('',#7307,10.);
#2110=VECTOR('',#7310,10.);
#2111=VECTOR('',#7311,10.);
#2112=VECTOR('',#7314,10.);
#2113=VECTOR('',#7315,10.);
#2114=VECTOR('',#7316,10.);
#2115=VECTOR('',#7317,10.);
#2116=VECTOR('',#7320,10.);
#2117=VECTOR('',#7321,10.);
#2118=VECTOR('',#7322,10.);
#2119=VECTOR('',#7325,10.);
#2120=VECTOR('',#7326,10.);
#2121=VECTOR('',#7327,10.);
#2122=VECTOR('',#7330,10.);
#2123=VECTOR('',#7331,10.);
#2124=VECTOR('',#7332,10.);
#2125=VECTOR('',#7335,10.);
#2126=VECTOR('',#7336,10.);
#2127=VECTOR('',#7337,10.);
#2128=VECTOR('',#7340,10.);
#2129=VECTOR('',#7341,10.);
#2130=VECTOR('',#7342,10.);
#2131=VECTOR('',#7345,10.);
#2132=VECTOR('',#7346,10.);
#2133=VECTOR('',#7347,10.);
#2134=VECTOR('',#7350,10.);
#2135=VECTOR('',#7351,10.);
#2136=VECTOR('',#7354,10.);
#2137=VECTOR('',#7355,10.);
#2138=VECTOR('',#7356,10.);
#2139=VECTOR('',#7357,10.);
#2140=VECTOR('',#7358,10.);
#2141=VECTOR('',#7359,10.);
#2142=VECTOR('',#7360,10.);
#2143=VECTOR('',#7361,10.);
#2144=VECTOR('',#7362,10.);
#2145=VECTOR('',#7363,10.);
#2146=VECTOR('',#7364,10.);
#2147=VECTOR('',#7365,10.);
#2148=VECTOR('',#7366,10.);
#2149=VECTOR('',#7367,10.);
#2150=VECTOR('',#7370,10.);
#2151=VECTOR('',#7371,10.);
#2152=VECTOR('',#7372,10.);
#2153=VECTOR('',#7373,10.);
#2154=VECTOR('',#7374,10.);
#2155=VECTOR('',#7375,10.);
#2156=VECTOR('',#7376,10.);
#2157=VECTOR('',#7377,10.);
#2158=VECTOR('',#7378,10.);
#2159=VECTOR('',#7379,10.);
#2160=VECTOR('',#7380,10.);
#2161=VECTOR('',#7381,10.);
#2162=VECTOR('',#7382,10.);
#2163=VECTOR('',#7383,10.);
#2164=VECTOR('',#7384,10.);
#2165=VECTOR('',#7385,10.);
#2166=VECTOR('',#7388,10.);
#2167=VECTOR('',#7389,10.);
#2168=VECTOR('',#7390,10.);
#2169=VECTOR('',#7399,10.);
#2170=VECTOR('',#7400,10.);
#2171=VECTOR('',#7401,10.);
#2172=VECTOR('',#7402,10.);
#2173=VECTOR('',#7405,10.);
#2174=VECTOR('',#7406,10.);
#2175=VECTOR('',#7407,10.);
#2176=VECTOR('',#7410,10.);
#2177=VECTOR('',#7411,10.);
#2178=VECTOR('',#7412,10.);
#2179=VECTOR('',#7415,10.);
#2180=VECTOR('',#7416,10.);
#2181=VECTOR('',#7419,10.);
#2182=VECTOR('',#7420,10.);
#2183=VECTOR('',#7421,10.);
#2184=VECTOR('',#7422,10.);
#2185=VECTOR('',#7425,10.);
#2186=VECTOR('',#7426,10.);
#2187=VECTOR('',#7427,10.);
#2188=VECTOR('',#7430,10.);
#2189=VECTOR('',#7431,10.);
#2190=VECTOR('',#7432,10.);
#2191=VECTOR('',#7435,10.);
#2192=VECTOR('',#7436,10.);
#2193=VECTOR('',#7439,10.);
#2194=VECTOR('',#7440,10.);
#2195=VECTOR('',#7441,10.);
#2196=VECTOR('',#7442,10.);
#2197=VECTOR('',#7445,10.);
#2198=VECTOR('',#7446,10.);
#2199=VECTOR('',#7447,10.);
#2200=VECTOR('',#7450,10.);
#2201=VECTOR('',#7451,10.);
#2202=VECTOR('',#7452,10.);
#2203=VECTOR('',#7455,10.);
#2204=VECTOR('',#7456,10.);
#2205=VECTOR('',#7461,3.6206890804403);
#2206=VECTOR('',#7468,3.60555132919089);
#2207=VECTOR('',#7475,3.60555132919089);
#2208=VECTOR('',#7482,3.60555132919089);
#2209=VECTOR('',#7489,3.60555132919089);
#2210=VECTOR('',#7496,3.60555132919089);
#2211=VECTOR('',#7513,10.);
#2212=VECTOR('',#7514,10.);
#2213=VECTOR('',#7527,10.);
#2214=VECTOR('',#7528,10.);
#2215=VECTOR('',#7541,10.);
#2216=VECTOR('',#7542,10.);
#2217=VECTOR('',#7553,10.);
#2218=VECTOR('',#7554,10.);
#2219=VECTOR('',#7557,10.);
#2220=VECTOR('',#7558,10.);
#2221=VECTOR('',#7559,10.);
#2222=VECTOR('',#7562,10.);
#2223=VECTOR('',#7567,10.);
#2224=VECTOR('',#7568,10.);
#2225=VECTOR('',#7571,10.);
#2226=VECTOR('',#7578,10.);
#2227=VECTOR('',#7583,10.);
#2228=VECTOR('',#7586,10.);
#2229=VECTOR('',#7589,10.);
#2230=VECTOR('',#7592,10.);
#2231=VECTOR('',#7595,10.);
#2232=VECTOR('',#7598,10.);
#2233=VECTOR('',#7601,10.);
#2234=VECTOR('',#7604,10.);
#2235=VECTOR('',#7607,10.);
#2236=VECTOR('',#7610,10.);
#2237=VECTOR('',#7623,10.);
#2238=VECTOR('',#7634,10.);
#2239=VECTOR('',#7645,10.);
#2240=VECTOR('',#7656,10.);
#2241=VECTOR('',#7667,10.);
#2242=VECTOR('',#7678,10.);
#2243=VECTOR('',#7689,10.);
#2244=VECTOR('',#7700,10.);
#2245=VECTOR('',#7711,10.);
#2246=VECTOR('',#7722,10.);
#2247=VECTOR('',#7737,10.);
#2248=VECTOR('',#7740,10.);
#2249=VECTOR('',#7743,10.);
#2250=VECTOR('',#7746,10.);
#2251=VECTOR('',#7747,10.);
#2252=VECTOR('',#7750,10.);
#2253=VECTOR('',#7755,10.);
#2254=VECTOR('',#7756,10.);
#2255=VECTOR('',#7759,10.);
#2256=VECTOR('',#7764,10.);
#2257=VECTOR('',#7765,10.);
#2258=VECTOR('',#7768,10.);
#2259=VECTOR('',#7773,3.);
#2260=VECTOR('',#7774,10.);
#2261=VECTOR('',#7775,10.);
#2262=VECTOR('',#7778,3.);
#2263=VECTOR('',#7783,10.);
#2264=VECTOR('',#7788,10.);
#2265=VECTOR('',#7789,10.);
#2266=VECTOR('',#7792,10.);
#2267=VECTOR('',#7797,10.);
#2268=VECTOR('',#7800,10.);
#2269=VECTOR('',#7803,10.);
#2270=VECTOR('',#7804,10.);
#2271=VECTOR('',#7807,10.);
#2272=VECTOR('',#7814,10.);
#2273=VECTOR('',#7817,10.);
#2274=VECTOR('',#7820,10.);
#2275=VECTOR('',#7821,10.);
#2276=VECTOR('',#7826,10.);
#2277=VECTOR('',#7829,10.);
#2278=VECTOR('',#7830,10.);
#2279=VECTOR('',#7835,10.);
#2280=VECTOR('',#7838,10.);
#2281=VECTOR('',#7839,10.);
#2282=VECTOR('',#7842,10.);
#2283=VECTOR('',#7847,10.);
#2284=VECTOR('',#7850,10.);
#2285=VECTOR('',#7853,10.);
#2286=VECTOR('',#7856,10.);
#2287=VECTOR('',#7859,10.);
#2288=VECTOR('',#7864,10.);
#2289=VECTOR('',#7865,10.);
#2290=VECTOR('',#7866,10.);
#2291=VECTOR('',#7867,10.);
#2292=VECTOR('',#7870,10.);
#2293=VECTOR('',#7871,10.);
#2294=VECTOR('',#7872,10.);
#2295=VECTOR('',#7873,10.);
#2296=VECTOR('',#7876,10.);
#2297=VECTOR('',#7877,10.);
#2298=VECTOR('',#7878,10.);
#2299=VECTOR('',#7879,10.);
#2300=VECTOR('',#7882,10.);
#2301=VECTOR('',#7883,10.);
#2302=VECTOR('',#7884,10.);
#2303=VECTOR('',#7885,10.);
#2304=VECTOR('',#7892,10.);
#2305=VECTOR('',#7895,3.);
#2306=VECTOR('',#7898,10.);
#2307=VECTOR('',#7903,3.);
#2308=VECTOR('',#7904,10.);
#2309=VECTOR('',#7905,10.);
#2310=VECTOR('',#7906,10.);
#2311=VECTOR('',#7917,10.);
#2312=VECTOR('',#7922,10.);
#2313=VECTOR('',#7923,10.);
#2314=VECTOR('',#7924,10.);
#2315=VECTOR('',#7933,10.);
#2316=VECTOR('',#7934,10.);
#2317=VECTOR('',#7935,10.);
#2318=VECTOR('',#7936,10.);
#2319=VECTOR('',#7941,10.);
#2320=VECTOR('',#7946,10.);
#2321=VECTOR('',#7947,10.);
#2322=VECTOR('',#7948,10.);
#2323=VECTOR('',#7949,10.);
#2324=VECTOR('',#7954,10.);
#2325=VECTOR('',#7959,10.);
#2326=VECTOR('',#7960,10.);
#2327=VECTOR('',#7961,10.);
#2328=VECTOR('',#7962,10.);
#2329=VECTOR('',#7971,10.);
#2330=VECTOR('',#7972,10.);
#2331=VECTOR('',#7973,10.);
#2332=VECTOR('',#7982,10.);
#2333=VECTOR('',#7983,10.);
#2334=VECTOR('',#7984,10.);
#2335=VECTOR('',#7991,10.);
#2336=VECTOR('',#7994,10.);
#2337=VECTOR('',#7995,10.);
#2338=VECTOR('',#7996,10.);
#2339=VECTOR('',#8005,10.);
#2340=VECTOR('',#8006,10.);
#2341=VECTOR('',#8007,10.);
#2342=VECTOR('',#8008,10.);
#2343=VECTOR('',#8013,10.);
#2344=VECTOR('',#8022,0.999999999999996);
#2345=VECTOR('',#8029,0.999999999999996);
#2346=VECTOR('',#8032,10.);
#2347=VECTOR('',#8033,10.);
#2348=VECTOR('',#8034,10.);
#2349=VECTOR('',#8039,10.);
#2350=VECTOR('',#8046,10.);
#2351=VECTOR('',#8051,10.);
#2352=VECTOR('',#8052,10.);
#2353=VECTOR('',#8053,10.);
#2354=VECTOR('',#8058,10.);
#2355=VECTOR('',#8063,10.);
#2356=VECTOR('',#8064,10.);
#2357=VECTOR('',#8065,10.);
#2358=VECTOR('',#8074,10.);
#2359=VECTOR('',#8075,10.);
#2360=VECTOR('',#8076,10.);
#2361=VECTOR('',#8085,10.);
#2362=VECTOR('',#8086,10.);
#2363=VECTOR('',#8087,10.);
#2364=VECTOR('',#8098,10.);
#2365=VECTOR('',#8101,10.);
#2366=VECTOR('',#8104,10.);
#2367=VECTOR('',#8107,10.);
#2368=VECTOR('',#8112,10.);
#2369=VECTOR('',#8115,10.);
#2370=VECTOR('',#8118,10.);
#2371=VECTOR('',#8139,1.04999999999999);
#2372=VECTOR('',#8144,0.999999999999996);
#2373=VECTOR('',#8149,0.999999999999996);
#2374=VECTOR('',#8154,0.999999999999996);
#2375=VECTOR('',#8159,0.999999999999979);
#2376=VECTOR('',#8164,0.999999999999979);
#2377=VECTOR('',#8169,0.999999999999996);
#2378=VECTOR('',#8174,1.00000000000001);
#2379=VECTOR('',#8179,10.);
#2380=VECTOR('',#8182,10.);
#2381=VECTOR('',#8185,10.);
#2382=VECTOR('',#8188,10.);
#2383=VECTOR('',#8191,10.);
#2384=VECTOR('',#8194,10.);
#2385=VECTOR('',#8197,10.);
#2386=VECTOR('',#8200,10.);
#2387=VECTOR('',#8203,10.);
#2388=VECTOR('',#8206,10.);
#2389=VECTOR('',#8209,10.);
#2390=VECTOR('',#8212,10.);
#2391=VECTOR('',#8215,10.);
#2392=VECTOR('',#8218,10.);
#2393=VECTOR('',#8221,10.);
#2394=VECTOR('',#8222,10.);
#2395=VECTOR('',#8227,10.);
#2396=VECTOR('',#8232,1.);
#2397=VECTOR('',#8235,10.);
#2398=VECTOR('',#8236,10.);
#2399=VECTOR('',#8241,10.);
#2400=VECTOR('',#8244,10.);
#2401=VECTOR('',#8245,10.);
#2402=VECTOR('',#8250,10.);
#2403=VECTOR('',#8253,10.);
#2404=VECTOR('',#8254,10.);
#2405=VECTOR('',#8259,10.);
#2406=VECTOR('',#8262,10.);
#2407=VECTOR('',#8263,10.);
#2408=VECTOR('',#8268,10.);
#2409=VECTOR('',#8271,10.);
#2410=VECTOR('',#8272,10.);
#2411=VECTOR('',#8277,10.);
#2412=VECTOR('',#8280,10.);
#2413=VECTOR('',#8281,10.);
#2414=B_SPLINE_CURVE_WITH_KNOTS('',3,(#8419,#8420,#8421,#8422,#8423),
 .UNSPECIFIED.,.F.,.F.,(4,1,4),(0.,0.0315347787558164,0.0585224558842087),
 .UNSPECIFIED.);
#2415=B_SPLINE_CURVE_WITH_KNOTS('',3,(#8427,#8428,#8429,#8430,#8431),
 .UNSPECIFIED.,.F.,.F.,(4,1,4),(0.,0.0315347787558164,0.0585224558842087),
 .UNSPECIFIED.);
#2416=B_SPLINE_CURVE_WITH_KNOTS('',3,(#8444,#8445,#8446,#8447,#8448),
 .UNSPECIFIED.,.F.,.F.,(4,1,4),(0.,0.0305262707222369,0.0635757797842715),
 .UNSPECIFIED.);
#2417=B_SPLINE_CURVE_WITH_KNOTS('',3,(#8451,#8452,#8453,#8454,#8455),
 .UNSPECIFIED.,.F.,.F.,(4,1,4),(0.,0.0305262707222369,0.0635757797842715),
 .UNSPECIFIED.);
#2418=B_SPLINE_CURVE_WITH_KNOTS('',3,(#8467,#8468,#8469,#8470,#8471),
 .UNSPECIFIED.,.F.,.F.,(4,1,4),(0.,0.0562669237785026,0.0945145987114272),
 .UNSPECIFIED.);
#2419=B_SPLINE_CURVE_WITH_KNOTS('',3,(#8474,#8475,#8476,#8477,#8478),
 .UNSPECIFIED.,.F.,.F.,(4,1,4),(0.,0.0562669237785026,0.0945145987114272),
 .UNSPECIFIED.);
#2420=B_SPLINE_CURVE_WITH_KNOTS('',3,(#8490,#8491,#8492,#8493,#8494),
 .UNSPECIFIED.,.F.,.F.,(4,1,4),(0.,0.0346328371534518,0.0813554800663157),
 .UNSPECIFIED.);
#2421=B_SPLINE_CURVE_WITH_KNOTS('',3,(#8497,#8498,#8499,#8500,#8501),
 .UNSPECIFIED.,.F.,.F.,(4,1,4),(0.,0.0346328371534518,0.0813554800663157),
 .UNSPECIFIED.);
#2422=B_SPLINE_CURVE_WITH_KNOTS('',3,(#8513,#8514,#8515,#8516,#8517),
 .UNSPECIFIED.,.F.,.F.,(4,1,4),(0.,0.0380574454867725,0.0752988175236735),
 .UNSPECIFIED.);
#2423=B_SPLINE_CURVE_WITH_KNOTS('',3,(#8520,#8521,#8522,#8523,#8524),
 .UNSPECIFIED.,.F.,.F.,(4,1,4),(0.,0.0380574454867725,0.0752988175236735),
 .UNSPECIFIED.);
#2424=B_SPLINE_CURVE_WITH_KNOTS('',3,(#8536,#8537,#8538,#8539,#8540),
 .UNSPECIFIED.,.F.,.F.,(4,1,4),(0.,0.016894903066033,0.0346650195333466),
 .UNSPECIFIED.);
#2425=B_SPLINE_CURVE_WITH_KNOTS('',3,(#8543,#8544,#8545,#8546,#8547),
 .UNSPECIFIED.,.F.,.F.,(4,1,4),(0.,0.016894903066033,0.0346650195333466),
 .UNSPECIFIED.);
#2426=B_SPLINE_CURVE_WITH_KNOTS('',3,(#8559,#8560,#8561,#8562,#8563),
 .UNSPECIFIED.,.F.,.F.,(4,1,4),(0.,0.0170418922286275,0.0337093587225062),
 .UNSPECIFIED.);
#2427=B_SPLINE_CURVE_WITH_KNOTS('',3,(#8566,#8567,#8568,#8569,#8570),
 .UNSPECIFIED.,.F.,.F.,(4,1,4),(0.,0.0170418922286275,0.0337093587225062),
 .UNSPECIFIED.);
#2428=B_SPLINE_CURVE_WITH_KNOTS('',3,(#8582,#8583,#8584,#8585,#8586),
 .UNSPECIFIED.,.F.,.F.,(4,1,4),(0.,0.0168776877187213,0.0293999310165122),
 .UNSPECIFIED.);
#2429=B_SPLINE_CURVE_WITH_KNOTS('',3,(#8589,#8590,#8591,#8592,#8593),
 .UNSPECIFIED.,.F.,.F.,(4,1,4),(0.,0.0168776877187213,0.0293999310165122),
 .UNSPECIFIED.);
#2430=B_SPLINE_CURVE_WITH_KNOTS('',3,(#8611,#8612,#8613,#8614,#8615),
 .UNSPECIFIED.,.F.,.F.,(4,1,4),(0.,0.0540510869563814,0.115236645201145),
 .UNSPECIFIED.);
#2431=B_SPLINE_CURVE_WITH_KNOTS('',3,(#8618,#8619,#8620,#8621,#8622),
 .UNSPECIFIED.,.F.,.F.,(4,1,4),(0.,0.0540510869563814,0.115236645201145),
 .UNSPECIFIED.);
#2432=B_SPLINE_CURVE_WITH_KNOTS('',3,(#8634,#8635,#8636,#8637,#8638),
 .UNSPECIFIED.,.F.,.F.,(4,1,4),(0.,0.0679275978681222,0.124142221086466),
 .UNSPECIFIED.);
#2433=B_SPLINE_CURVE_WITH_KNOTS('',3,(#8641,#8642,#8643,#8644,#8645),
 .UNSPECIFIED.,.F.,.F.,(4,1,4),(0.,0.0679275978681222,0.124142221086466),
 .UNSPECIFIED.);
#2434=B_SPLINE_CURVE_WITH_KNOTS('',3,(#8657,#8658,#8659,#8660,#8661),
 .UNSPECIFIED.,.F.,.F.,(4,1,4),(0.,0.075245568034916,0.161917584453426),
 .UNSPECIFIED.);
#2435=B_SPLINE_CURVE_WITH_KNOTS('',3,(#8664,#8665,#8666,#8667,#8668),
 .UNSPECIFIED.,.F.,.F.,(4,1,4),(0.,0.075245568034916,0.161917584453426),
 .UNSPECIFIED.);
#2436=B_SPLINE_CURVE_WITH_KNOTS('',3,(#8680,#8681,#8682,#8683,#8684),
 .UNSPECIFIED.,.F.,.F.,(4,1,4),(0.,0.0887512537141489,0.164686770292292),
 .UNSPECIFIED.);
#2437=B_SPLINE_CURVE_WITH_KNOTS('',3,(#8687,#8688,#8689,#8690,#8691),
 .UNSPECIFIED.,.F.,.F.,(4,1,4),(0.,0.0887512537141489,0.164686770292292),
 .UNSPECIFIED.);
#2438=B_SPLINE_CURVE_WITH_KNOTS('',3,(#8703,#8704,#8705,#8706,#8707),
 .UNSPECIFIED.,.F.,.F.,(4,1,4),(0.,0.0588716714995747,0.127046195118195),
 .UNSPECIFIED.);
#2439=B_SPLINE_CURVE_WITH_KNOTS('',3,(#8710,#8711,#8712,#8713,#8714),
 .UNSPECIFIED.,.F.,.F.,(4,1,4),(0.,0.0588716714995747,0.127046195118195),
 .UNSPECIFIED.);
#2440=B_SPLINE_CURVE_WITH_KNOTS('',3,(#8726,#8727,#8728,#8729,#8730),
 .UNSPECIFIED.,.F.,.F.,(4,1,4),(0.,0.0465417453876411,0.098705428476462),
 .UNSPECIFIED.);
#2441=B_SPLINE_CURVE_WITH_KNOTS('',3,(#8733,#8734,#8735,#8736,#8737),
 .UNSPECIFIED.,.F.,.F.,(4,1,4),(0.,0.0465417453876411,0.098705428476462),
 .UNSPECIFIED.);
#2442=B_SPLINE_CURVE_WITH_KNOTS('',3,(#8749,#8750,#8751,#8752,#8753),
 .UNSPECIFIED.,.F.,.F.,(4,1,4),(0.,0.0594319748582732,0.108826542232879),
 .UNSPECIFIED.);
#2443=B_SPLINE_CURVE_WITH_KNOTS('',3,(#8756,#8757,#8758,#8759,#8760),
 .UNSPECIFIED.,.F.,.F.,(4,1,4),(0.,0.0594319748582732,0.108826542232879),
 .UNSPECIFIED.);
#2444=B_SPLINE_CURVE_WITH_KNOTS('',3,(#8772,#8773,#8774,#8775,#8776),
 .UNSPECIFIED.,.F.,.F.,(4,1,4),(0.,0.0412143837725802,0.0903793006904259),
 .UNSPECIFIED.);
#2445=B_SPLINE_CURVE_WITH_KNOTS('',3,(#8779,#8780,#8781,#8782,#8783),
 .UNSPECIFIED.,.F.,.F.,(4,1,4),(0.,0.0412143837725802,0.0903793006904259),
 .UNSPECIFIED.);
#2446=B_SPLINE_CURVE_WITH_KNOTS('',3,(#8795,#8796,#8797,#8798,#8799),
 .UNSPECIFIED.,.F.,.F.,(4,1,4),(0.,0.0375518457277904,0.074887468719564),
 .UNSPECIFIED.);
#2447=B_SPLINE_CURVE_WITH_KNOTS('',3,(#8802,#8803,#8804,#8805,#8806),
 .UNSPECIFIED.,.F.,.F.,(4,1,4),(0.,0.0375518457277904,0.074887468719564),
 .UNSPECIFIED.);
#2448=B_SPLINE_CURVE_WITH_KNOTS('',3,(#8818,#8819,#8820,#8821,#8822),
 .UNSPECIFIED.,.F.,.F.,(4,1,4),(0.,0.0441122724479937,0.0839927354163123),
 .UNSPECIFIED.);
#2449=B_SPLINE_CURVE_WITH_KNOTS('',3,(#8825,#8826,#8827,#8828,#8829),
 .UNSPECIFIED.,.F.,.F.,(4,1,4),(0.,0.0441122724479937,0.0839927354163123),
 .UNSPECIFIED.);
#2450=B_SPLINE_CURVE_WITH_KNOTS('',3,(#8846,#8847,#8848,#8849,#8850),
 .UNSPECIFIED.,.F.,.F.,(4,1,4),(0.,0.0290072067897178,0.0640949720959205),
 .UNSPECIFIED.);
#2451=B_SPLINE_CURVE_WITH_KNOTS('',3,(#8851,#8852,#8853,#8854,#8855),
 .UNSPECIFIED.,.F.,.F.,(4,1,4),(0.,0.0290072067897178,0.0640949720959205),
 .UNSPECIFIED.);
#2452=B_SPLINE_CURVE_WITH_KNOTS('',3,(#8930,#8931,#8932,#8933,#8934),
 .UNSPECIFIED.,.F.,.F.,(4,1,4),(-0.155250846785981,-0.0821067730060716,
0.),.UNSPECIFIED.);
#2453=B_SPLINE_CURVE_WITH_KNOTS('',3,(#8938,#8939,#8940,#8941,#8942),
 .UNSPECIFIED.,.F.,.F.,(4,1,4),(-0.155250846785981,-0.0821067730060716,
0.),.UNSPECIFIED.);
#2454=B_SPLINE_CURVE_WITH_KNOTS('',3,(#8955,#8956,#8957,#8958,#8959),
 .UNSPECIFIED.,.F.,.F.,(4,1,4),(-0.12262741511645,-0.0597826340877343,0.),
 .UNSPECIFIED.);
#2455=B_SPLINE_CURVE_WITH_KNOTS('',3,(#8962,#8963,#8964,#8965,#8966),
 .UNSPECIFIED.,.F.,.F.,(4,1,4),(-0.12262741511645,-0.0597826340877343,0.),
 .UNSPECIFIED.);
#2456=B_SPLINE_CURVE_WITH_KNOTS('',3,(#8978,#8979,#8980,#8981,#8982),
 .UNSPECIFIED.,.F.,.F.,(4,1,4),(-0.266341171988681,-0.12750437112596,0.),
 .UNSPECIFIED.);
#2457=B_SPLINE_CURVE_WITH_KNOTS('',3,(#8985,#8986,#8987,#8988,#8989),
 .UNSPECIFIED.,.F.,.F.,(4,1,4),(-0.266341171988681,-0.12750437112596,0.),
 .UNSPECIFIED.);
#2458=B_SPLINE_CURVE_WITH_KNOTS('',3,(#9007,#9008,#9009,#9010,#9011),
 .UNSPECIFIED.,.F.,.F.,(4,1,4),(-0.15512307252802,-0.0844715744499938,0.),
 .UNSPECIFIED.);
#2459=B_SPLINE_CURVE_WITH_KNOTS('',3,(#9014,#9015,#9016,#9017,#9018),
 .UNSPECIFIED.,.F.,.F.,(4,1,4),(-0.15512307252802,-0.0844715744499938,0.),
 .UNSPECIFIED.);
#2460=B_SPLINE_CURVE_WITH_KNOTS('',3,(#9030,#9031,#9032,#9033,#9034),
 .UNSPECIFIED.,.F.,.F.,(4,1,4),(-0.12954653379757,-0.0642175658934736,0.),
 .UNSPECIFIED.);
#2461=B_SPLINE_CURVE_WITH_KNOTS('',3,(#9037,#9038,#9039,#9040,#9041),
 .UNSPECIFIED.,.F.,.F.,(4,1,4),(-0.12954653379757,-0.0642175658934736,0.),
 .UNSPECIFIED.);
#2462=B_SPLINE_CURVE_WITH_KNOTS('',3,(#9053,#9054,#9055,#9056,#9057),
 .UNSPECIFIED.,.F.,.F.,(4,1,4),(-0.13366827545444,-0.0675607411322051,0.),
 .UNSPECIFIED.);
#2463=B_SPLINE_CURVE_WITH_KNOTS('',3,(#9060,#9061,#9062,#9063,#9064),
 .UNSPECIFIED.,.F.,.F.,(4,1,4),(-0.13366827545444,-0.0675607411322051,0.),
 .UNSPECIFIED.);
#2464=B_SPLINE_CURVE_WITH_KNOTS('',3,(#9076,#9077,#9078,#9079,#9080),
 .UNSPECIFIED.,.F.,.F.,(4,1,4),(-0.149751331548535,-0.0701766272523163,
0.),.UNSPECIFIED.);
#2465=B_SPLINE_CURVE_WITH_KNOTS('',3,(#9083,#9084,#9085,#9086,#9087),
 .UNSPECIFIED.,.F.,.F.,(4,1,4),(-0.149751331548535,-0.0701766272523163,
0.),.UNSPECIFIED.);
#2466=B_SPLINE_CURVE_WITH_KNOTS('',3,(#9112,#9113,#9114,#9115,#9116),
 .UNSPECIFIED.,.F.,.F.,(4,1,4),(0.,0.019302939847775,0.047865567239601),
 .UNSPECIFIED.);
#2467=B_SPLINE_CURVE_WITH_KNOTS('',3,(#9119,#9120,#9121,#9122,#9123),
 .UNSPECIFIED.,.F.,.F.,(4,1,4),(0.,0.019302939847775,0.047865567239601),
 .UNSPECIFIED.);
#2468=B_SPLINE_CURVE_WITH_KNOTS('',3,(#9135,#9136,#9137,#9138,#9139),
 .UNSPECIFIED.,.F.,.F.,(4,1,4),(0.,0.0173943126414189,0.0330164583499616),
 .UNSPECIFIED.);
#2469=B_SPLINE_CURVE_WITH_KNOTS('',3,(#9142,#9143,#9144,#9145,#9146),
 .UNSPECIFIED.,.F.,.F.,(4,1,4),(0.,0.0173943126414189,0.0330164583499616),
 .UNSPECIFIED.);
#2470=B_SPLINE_CURVE_WITH_KNOTS('',3,(#9158,#9159,#9160,#9161,#9162),
 .UNSPECIFIED.,.F.,.F.,(4,1,4),(0.,0.0123145458522852,0.0248131698737774),
 .UNSPECIFIED.);
#2471=B_SPLINE_CURVE_WITH_KNOTS('',3,(#9165,#9166,#9167,#9168,#9169),
 .UNSPECIFIED.,.F.,.F.,(4,1,4),(0.,0.0123145458522852,0.0248131698737774),
 .UNSPECIFIED.);
#2472=B_SPLINE_CURVE_WITH_KNOTS('',3,(#9181,#9182,#9183,#9184,#9185),
 .UNSPECIFIED.,.F.,.F.,(4,1,4),(0.,0.0119767645819134,0.0240698705512883),
 .UNSPECIFIED.);
#2473=B_SPLINE_CURVE_WITH_KNOTS('',3,(#9188,#9189,#9190,#9191,#9192),
 .UNSPECIFIED.,.F.,.F.,(4,1,4),(0.,0.0119767645819134,0.0240698705512883),
 .UNSPECIFIED.);
#2474=B_SPLINE_CURVE_WITH_KNOTS('',3,(#9204,#9205,#9206,#9207,#9208),
 .UNSPECIFIED.,.F.,.F.,(4,1,4),(0.,0.012489425506108,0.0332249297794676),
 .UNSPECIFIED.);
#2475=B_SPLINE_CURVE_WITH_KNOTS('',3,(#9211,#9212,#9213,#9214,#9215),
 .UNSPECIFIED.,.F.,.F.,(4,1,4),(0.,0.012489425506108,0.0332249297794676),
 .UNSPECIFIED.);
#2476=B_SPLINE_CURVE_WITH_KNOTS('',3,(#9251,#9252,#9253,#9254,#9255),
 .UNSPECIFIED.,.F.,.F.,(4,1,4),(0.,0.0158636705302593,0.0320604099632014),
 .UNSPECIFIED.);
#2477=B_SPLINE_CURVE_WITH_KNOTS('',3,(#9258,#9259,#9260,#9261,#9262),
 .UNSPECIFIED.,.F.,.F.,(4,1,4),(0.,0.0158636705302593,0.0320604099632014),
 .UNSPECIFIED.);
#2478=B_SPLINE_CURVE_WITH_KNOTS('',3,(#9274,#9275,#9276,#9277,#9278),
 .UNSPECIFIED.,.F.,.F.,(4,1,4),(0.,0.0228941553804692,0.0382898524226715),
 .UNSPECIFIED.);
#2479=B_SPLINE_CURVE_WITH_KNOTS('',3,(#9281,#9282,#9283,#9284,#9285),
 .UNSPECIFIED.,.F.,.F.,(4,1,4),(0.,0.0228941553804692,0.0382898524226715),
 .UNSPECIFIED.);
#2480=B_SPLINE_CURVE_WITH_KNOTS('',3,(#9315,#9316,#9317,#9318,#9319),
 .UNSPECIFIED.,.F.,.F.,(4,1,4),(0.,0.017898459092393,0.0303230822167472),
 .UNSPECIFIED.);
#2481=B_SPLINE_CURVE_WITH_KNOTS('',3,(#9322,#9323,#9324,#9325,#9326),
 .UNSPECIFIED.,.F.,.F.,(4,1,4),(0.,0.017898459092393,0.0303230822167472),
 .UNSPECIFIED.);
#2482=B_SPLINE_CURVE_WITH_KNOTS('',3,(#9338,#9339,#9340,#9341,#9342),
 .UNSPECIFIED.,.F.,.F.,(4,1,4),(0.,0.0113691557687828,0.0289085281156897),
 .UNSPECIFIED.);
#2483=B_SPLINE_CURVE_WITH_KNOTS('',3,(#9345,#9346,#9347,#9348,#9349),
 .UNSPECIFIED.,.F.,.F.,(4,1,4),(0.,0.0113691557687828,0.0289085281156897),
 .UNSPECIFIED.);
#2484=B_SPLINE_CURVE_WITH_KNOTS('',3,(#9361,#9362,#9363,#9364,#9365),
 .UNSPECIFIED.,.F.,.F.,(4,1,4),(0.,0.0204607852405057,0.035483596260148),
 .UNSPECIFIED.);
#2485=B_SPLINE_CURVE_WITH_KNOTS('',3,(#9368,#9369,#9370,#9371,#9372),
 .UNSPECIFIED.,.F.,.F.,(4,1,4),(0.,0.0204607852405057,0.035483596260148),
 .UNSPECIFIED.);
#2486=B_SPLINE_CURVE_WITH_KNOTS('',3,(#9384,#9385,#9386,#9387,#9388),
 .UNSPECIFIED.,.F.,.F.,(4,1,4),(0.,0.0207005571882077,0.0463412895451923),
 .UNSPECIFIED.);
#2487=B_SPLINE_CURVE_WITH_KNOTS('',3,(#9391,#9392,#9393,#9394,#9395),
 .UNSPECIFIED.,.F.,.F.,(4,1,4),(0.,0.0207005571882077,0.0463412895451923),
 .UNSPECIFIED.);
#2488=B_SPLINE_CURVE_WITH_KNOTS('',3,(#9407,#9408,#9409,#9410,#9411),
 .UNSPECIFIED.,.F.,.F.,(4,1,4),(0.,0.0276071942364838,0.0557319474934906),
 .UNSPECIFIED.);
#2489=B_SPLINE_CURVE_WITH_KNOTS('',3,(#9414,#9415,#9416,#9417,#9418),
 .UNSPECIFIED.,.F.,.F.,(4,1,4),(0.,0.0276071942364838,0.0557319474934906),
 .UNSPECIFIED.);
#2490=B_SPLINE_CURVE_WITH_KNOTS('',3,(#9430,#9431,#9432,#9433,#9434),
 .UNSPECIFIED.,.F.,.F.,(4,1,4),(0.,0.0312051251457347,0.0597015778182703),
 .UNSPECIFIED.);
#2491=B_SPLINE_CURVE_WITH_KNOTS('',3,(#9437,#9438,#9439,#9440,#9441),
 .UNSPECIFIED.,.F.,.F.,(4,1,4),(0.,0.0312051251457347,0.0597015778182703),
 .UNSPECIFIED.);
#2492=B_SPLINE_CURVE_WITH_KNOTS('',3,(#9453,#9454,#9455,#9456,#9457),
 .UNSPECIFIED.,.F.,.F.,(4,1,4),(0.,0.032619098785166,0.0682226749986543),
 .UNSPECIFIED.);
#2493=B_SPLINE_CURVE_WITH_KNOTS('',3,(#9460,#9461,#9462,#9463,#9464),
 .UNSPECIFIED.,.F.,.F.,(4,1,4),(0.,0.032619098785166,0.0682226749986543),
 .UNSPECIFIED.);
#2494=B_SPLINE_CURVE_WITH_KNOTS('',3,(#9476,#9477,#9478,#9479,#9480),
 .UNSPECIFIED.,.F.,.F.,(4,1,4),(0.,0.0307359981658423,0.0617813652558211),
 .UNSPECIFIED.);
#2495=B_SPLINE_CURVE_WITH_KNOTS('',3,(#9483,#9484,#9485,#9486,#9487),
 .UNSPECIFIED.,.F.,.F.,(4,1,4),(0.,0.0307359981658423,0.0617813652558211),
 .UNSPECIFIED.);
#2496=B_SPLINE_CURVE_WITH_KNOTS('',3,(#9499,#9500,#9501,#9502,#9503),
 .UNSPECIFIED.,.F.,.F.,(4,1,4),(0.,0.0506053114103152,0.0883703358636961),
 .UNSPECIFIED.);
#2497=B_SPLINE_CURVE_WITH_KNOTS('',3,(#9506,#9507,#9508,#9509,#9510),
 .UNSPECIFIED.,.F.,.F.,(4,1,4),(0.,0.0506053114103152,0.0883703358636961),
 .UNSPECIFIED.);
#2498=B_SPLINE_CURVE_WITH_KNOTS('',3,(#9539,#9540,#9541,#9542,#9543),
 .UNSPECIFIED.,.F.,.F.,(4,1,4),(-0.155250846785981,-0.0821067730060716,
0.),.UNSPECIFIED.);
#2499=B_SPLINE_CURVE_WITH_KNOTS('',3,(#9547,#9548,#9549,#9550,#9551),
 .UNSPECIFIED.,.F.,.F.,(4,1,4),(-0.155250846785981,-0.0821067730060716,
0.),.UNSPECIFIED.);
#2500=B_SPLINE_CURVE_WITH_KNOTS('',3,(#9564,#9565,#9566,#9567,#9568),
 .UNSPECIFIED.,.F.,.F.,(4,1,4),(-0.122627469734413,-0.0597827140662132,
0.),.UNSPECIFIED.);
#2501=B_SPLINE_CURVE_WITH_KNOTS('',3,(#9571,#9572,#9573,#9574,#9575),
 .UNSPECIFIED.,.F.,.F.,(4,1,4),(-0.122627469734413,-0.0597827140662132,
0.),.UNSPECIFIED.);
#2502=B_SPLINE_CURVE_WITH_KNOTS('',3,(#9587,#9588,#9589,#9590,#9591),
 .UNSPECIFIED.,.F.,.F.,(4,1,4),(-0.266341065428054,-0.127504431839769,0.),
 .UNSPECIFIED.);
#2503=B_SPLINE_CURVE_WITH_KNOTS('',3,(#9594,#9595,#9596,#9597,#9598),
 .UNSPECIFIED.,.F.,.F.,(4,1,4),(-0.266341065428054,-0.127504431839769,0.),
 .UNSPECIFIED.);
#2504=B_SPLINE_CURVE_WITH_KNOTS('',3,(#9616,#9617,#9618,#9619,#9620),
 .UNSPECIFIED.,.F.,.F.,(4,1,4),(-0.155123001959162,-0.0844717016150781,
0.),.UNSPECIFIED.);
#2505=B_SPLINE_CURVE_WITH_KNOTS('',3,(#9623,#9624,#9625,#9626,#9627),
 .UNSPECIFIED.,.F.,.F.,(4,1,4),(-0.155123001959162,-0.0844717016150781,
0.),.UNSPECIFIED.);
#2506=B_SPLINE_CURVE_WITH_KNOTS('',3,(#9639,#9640,#9641,#9642,#9643),
 .UNSPECIFIED.,.F.,.F.,(4,1,4),(-0.12954653379757,-0.0642175658934736,0.),
 .UNSPECIFIED.);
#2507=B_SPLINE_CURVE_WITH_KNOTS('',3,(#9646,#9647,#9648,#9649,#9650),
 .UNSPECIFIED.,.F.,.F.,(4,1,4),(-0.12954653379757,-0.0642175658934736,0.),
 .UNSPECIFIED.);
#2508=B_SPLINE_CURVE_WITH_KNOTS('',3,(#9662,#9663,#9664,#9665,#9666),
 .UNSPECIFIED.,.F.,.F.,(4,1,4),(-0.13366827545444,-0.0675607411322051,0.),
 .UNSPECIFIED.);
#2509=B_SPLINE_CURVE_WITH_KNOTS('',3,(#9669,#9670,#9671,#9672,#9673),
 .UNSPECIFIED.,.F.,.F.,(4,1,4),(-0.13366827545444,-0.0675607411322051,0.),
 .UNSPECIFIED.);
#2510=B_SPLINE_CURVE_WITH_KNOTS('',3,(#9685,#9686,#9687,#9688,#9689),
 .UNSPECIFIED.,.F.,.F.,(4,1,4),(-0.149751170202966,-0.0701767277143294,
0.),.UNSPECIFIED.);
#2511=B_SPLINE_CURVE_WITH_KNOTS('',3,(#9692,#9693,#9694,#9695,#9696),
 .UNSPECIFIED.,.F.,.F.,(4,1,4),(-0.149751170202966,-0.0701767277143294,
0.),.UNSPECIFIED.);
#2512=B_SPLINE_CURVE_WITH_KNOTS('',3,(#9713,#9714,#9715,#9716,#9717),
 .UNSPECIFIED.,.F.,.F.,(4,1,4),(-0.155250846785981,-0.0821067730060716,
0.),.UNSPECIFIED.);
#2513=B_SPLINE_CURVE_WITH_KNOTS('',3,(#9721,#9722,#9723,#9724,#9725),
 .UNSPECIFIED.,.F.,.F.,(4,1,4),(-0.155250846785981,-0.0821067730060716,
0.),.UNSPECIFIED.);
#2514=B_SPLINE_CURVE_WITH_KNOTS('',3,(#9738,#9739,#9740,#9741,#9742),
 .UNSPECIFIED.,.F.,.F.,(4,1,4),(-0.12262741511645,-0.0597826340877343,0.),
 .UNSPECIFIED.);
#2515=B_SPLINE_CURVE_WITH_KNOTS('',3,(#9745,#9746,#9747,#9748,#9749),
 .UNSPECIFIED.,.F.,.F.,(4,1,4),(-0.12262741511645,-0.0597826340877343,0.),
 .UNSPECIFIED.);
#2516=B_SPLINE_CURVE_WITH_KNOTS('',3,(#9761,#9762,#9763,#9764,#9765),
 .UNSPECIFIED.,.F.,.F.,(4,1,4),(-0.266341171988681,-0.12750437112596,0.),
 .UNSPECIFIED.);
#2517=B_SPLINE_CURVE_WITH_KNOTS('',3,(#9768,#9769,#9770,#9771,#9772),
 .UNSPECIFIED.,.F.,.F.,(4,1,4),(-0.266341171988681,-0.12750437112596,0.),
 .UNSPECIFIED.);
#2518=B_SPLINE_CURVE_WITH_KNOTS('',3,(#9790,#9791,#9792,#9793,#9794),
 .UNSPECIFIED.,.F.,.F.,(4,1,4),(-0.155122874794077,-0.0844715744499938,
0.),.UNSPECIFIED.);
#2519=B_SPLINE_CURVE_WITH_KNOTS('',3,(#9797,#9798,#9799,#9800,#9801),
 .UNSPECIFIED.,.F.,.F.,(4,1,4),(-0.155122874794077,-0.0844715744499938,
0.),.UNSPECIFIED.);
#2520=B_SPLINE_CURVE_WITH_KNOTS('',3,(#9813,#9814,#9815,#9816,#9817),
 .UNSPECIFIED.,.F.,.F.,(4,1,4),(-0.129546613993932,-0.0642176851734688,
0.),.UNSPECIFIED.);
#2521=B_SPLINE_CURVE_WITH_KNOTS('',3,(#9820,#9821,#9822,#9823,#9824),
 .UNSPECIFIED.,.F.,.F.,(4,1,4),(-0.129546613993932,-0.0642176851734688,
0.),.UNSPECIFIED.);
#2522=B_SPLINE_CURVE_WITH_KNOTS('',3,(#9836,#9837,#9838,#9839,#9840),
 .UNSPECIFIED.,.F.,.F.,(4,1,4),(-0.13366827545444,-0.0675607411322051,0.),
 .UNSPECIFIED.);
#2523=B_SPLINE_CURVE_WITH_KNOTS('',3,(#9843,#9844,#9845,#9846,#9847),
 .UNSPECIFIED.,.F.,.F.,(4,1,4),(-0.13366827545444,-0.0675607411322051,0.),
 .UNSPECIFIED.);
#2524=B_SPLINE_CURVE_WITH_KNOTS('',3,(#9859,#9860,#9861,#9862,#9863),
 .UNSPECIFIED.,.F.,.F.,(4,1,4),(-0.149751069740953,-0.0701766272523163,
0.),.UNSPECIFIED.);
#2525=B_SPLINE_CURVE_WITH_KNOTS('',3,(#9866,#9867,#9868,#9869,#9870),
 .UNSPECIFIED.,.F.,.F.,(4,1,4),(-0.149751069740953,-0.0701766272523163,
0.),.UNSPECIFIED.);
#2526=B_SPLINE_CURVE_WITH_KNOTS('',3,(#10173,#10174,#10175,#10176,#10177),
 .UNSPECIFIED.,.F.,.F.,(4,1,4),(0.,0.0869142638481504,0.149293070964183),
 .UNSPECIFIED.);
#2527=B_SPLINE_CURVE_WITH_KNOTS('',3,(#10181,#10182,#10183,#10184,#10185),
 .UNSPECIFIED.,.F.,.F.,(4,1,4),(0.,0.0869142638481504,0.149293070964183),
 .UNSPECIFIED.);
#2528=B_SPLINE_CURVE_WITH_KNOTS('',3,(#10198,#10199,#10200,#10201,#10202),
 .UNSPECIFIED.,.F.,.F.,(4,1,4),(0.,0.0449755008291896,0.0982786095239228),
 .UNSPECIFIED.);
#2529=B_SPLINE_CURVE_WITH_KNOTS('',3,(#10205,#10206,#10207,#10208,#10209),
 .UNSPECIFIED.,.F.,.F.,(4,1,4),(0.,0.0449755008291896,0.0982786095239228),
 .UNSPECIFIED.);
#2530=B_SPLINE_CURVE_WITH_KNOTS('',3,(#10221,#10222,#10223,#10224,#10225),
 .UNSPECIFIED.,.F.,.F.,(4,1,4),(0.,0.0382854455417372,0.0780668033665549),
 .UNSPECIFIED.);
#2531=B_SPLINE_CURVE_WITH_KNOTS('',3,(#10228,#10229,#10230,#10231,#10232),
 .UNSPECIFIED.,.F.,.F.,(4,1,4),(0.,0.0382854455417372,0.0780668033665549),
 .UNSPECIFIED.);
#2532=B_SPLINE_CURVE_WITH_KNOTS('',3,(#10244,#10245,#10246,#10247,#10248),
 .UNSPECIFIED.,.F.,.F.,(4,1,4),(0.,0.0373522134337858,0.0748855156071832),
 .UNSPECIFIED.);
#2533=B_SPLINE_CURVE_WITH_KNOTS('',3,(#10251,#10252,#10253,#10254,#10255),
 .UNSPECIFIED.,.F.,.F.,(4,1,4),(0.,0.0373522134337858,0.0748855156071832),
 .UNSPECIFIED.);
#2534=B_SPLINE_CURVE_WITH_KNOTS('',3,(#10267,#10268,#10269,#10270,#10271),
 .UNSPECIFIED.,.F.,.F.,(4,1,4),(0.,0.0304844844860327,0.0619120813349542),
 .UNSPECIFIED.);
#2535=B_SPLINE_CURVE_WITH_KNOTS('',3,(#10274,#10275,#10276,#10277,#10278),
 .UNSPECIFIED.,.F.,.F.,(4,1,4),(0.,0.0304844844860327,0.0619120813349542),
 .UNSPECIFIED.);
#2536=B_SPLINE_CURVE_WITH_KNOTS('',3,(#10290,#10291,#10292,#10293,#10294),
 .UNSPECIFIED.,.F.,.F.,(4,1,4),(0.,0.0363055277978818,0.0682643894219324),
 .UNSPECIFIED.);
#2537=B_SPLINE_CURVE_WITH_KNOTS('',3,(#10297,#10298,#10299,#10300,#10301),
 .UNSPECIFIED.,.F.,.F.,(4,1,4),(0.,0.0363055277978818,0.0682643894219324),
 .UNSPECIFIED.);
#2538=B_SPLINE_CURVE_WITH_KNOTS('',3,(#10313,#10314,#10315,#10316,#10317),
 .UNSPECIFIED.,.F.,.F.,(4,1,4),(0.,0.071726917703471,0.121558039621026),
 .UNSPECIFIED.);
#2539=B_SPLINE_CURVE_WITH_KNOTS('',3,(#10320,#10321,#10322,#10323,#10324),
 .UNSPECIFIED.,.F.,.F.,(4,1,4),(0.,0.071726917703471,0.121558039621026),
 .UNSPECIFIED.);
#2540=B_SPLINE_CURVE_WITH_KNOTS('',3,(#10336,#10337,#10338,#10339,#10340),
 .UNSPECIFIED.,.F.,.F.,(4,1,4),(0.,0.0165968640828348,0.0442613429829693),
 .UNSPECIFIED.);
#2541=B_SPLINE_CURVE_WITH_KNOTS('',3,(#10343,#10344,#10345,#10346,#10347),
 .UNSPECIFIED.,.F.,.F.,(4,1,4),(0.,0.0165968640828348,0.0442613429829693),
 .UNSPECIFIED.);
#2542=B_SPLINE_CURVE_WITH_KNOTS('',3,(#10359,#10360,#10361,#10362,#10363),
 .UNSPECIFIED.,.F.,.F.,(4,1,4),(0.,0.00934739682240267,0.0199064988727371),
 .UNSPECIFIED.);
#2543=B_SPLINE_CURVE_WITH_KNOTS('',3,(#10366,#10367,#10368,#10369,#10370),
 .UNSPECIFIED.,.F.,.F.,(4,1,4),(0.,0.00934739682240267,0.0199064988727371),
 .UNSPECIFIED.);
#2544=B_SPLINE_CURVE_WITH_KNOTS('',3,(#10382,#10383,#10384,#10385,#10386),
 .UNSPECIFIED.,.F.,.F.,(4,1,4),(0.,0.0130235699096715,0.0254349305782098),
 .UNSPECIFIED.);
#2545=B_SPLINE_CURVE_WITH_KNOTS('',3,(#10389,#10390,#10391,#10392,#10393),
 .UNSPECIFIED.,.F.,.F.,(4,1,4),(0.,0.0130235699096715,0.0254349305782098),
 .UNSPECIFIED.);
#2546=B_SPLINE_CURVE_WITH_KNOTS('',3,(#10405,#10406,#10407,#10408,#10409),
 .UNSPECIFIED.,.F.,.F.,(4,1,4),(0.,0.019032633785055,0.0342399021658794),
 .UNSPECIFIED.);
#2547=B_SPLINE_CURVE_WITH_KNOTS('',3,(#10412,#10413,#10414,#10415,#10416),
 .UNSPECIFIED.,.F.,.F.,(4,1,4),(0.,0.019032633785055,0.0342399021658794),
 .UNSPECIFIED.);
#2548=B_SPLINE_CURVE_WITH_KNOTS('',3,(#10428,#10429,#10430,#10431,#10432),
 .UNSPECIFIED.,.F.,.F.,(4,1,4),(0.,0.0199532857762245,0.0435169572305468),
 .UNSPECIFIED.);
#2549=B_SPLINE_CURVE_WITH_KNOTS('',3,(#10435,#10436,#10437,#10438,#10439),
 .UNSPECIFIED.,.F.,.F.,(4,1,4),(0.,0.0199532857762245,0.0435169572305468),
 .UNSPECIFIED.);
#2550=B_SPLINE_CURVE_WITH_KNOTS('',3,(#10451,#10452,#10453,#10454,#10455),
 .UNSPECIFIED.,.F.,.F.,(4,1,4),(0.,0.0244135415428797,0.0445722487758374),
 .UNSPECIFIED.);
#2551=B_SPLINE_CURVE_WITH_KNOTS('',3,(#10458,#10459,#10460,#10461,#10462),
 .UNSPECIFIED.,.F.,.F.,(4,1,4),(0.,0.0244135415428797,0.0445722487758374),
 .UNSPECIFIED.);
#2552=B_SPLINE_CURVE_WITH_KNOTS('',3,(#10480,#10481,#10482,#10483,#10484),
 .UNSPECIFIED.,.F.,.F.,(4,1,4),(0.,0.0489325256124322,0.104988537783346),
 .UNSPECIFIED.);
#2553=B_SPLINE_CURVE_WITH_KNOTS('',3,(#10487,#10488,#10489,#10490,#10491),
 .UNSPECIFIED.,.F.,.F.,(4,1,4),(0.,0.0489325256124322,0.104988537783346),
 .UNSPECIFIED.);
#2554=B_SPLINE_CURVE_WITH_KNOTS('',3,(#10503,#10504,#10505,#10506,#10507),
 .UNSPECIFIED.,.F.,.F.,(4,1,4),(0.,0.0679397676157058,0.121725686022072),
 .UNSPECIFIED.);
#2555=B_SPLINE_CURVE_WITH_KNOTS('',3,(#10510,#10511,#10512,#10513,#10514),
 .UNSPECIFIED.,.F.,.F.,(4,1,4),(0.,0.0679397676157058,0.121725686022072),
 .UNSPECIFIED.);
#2556=B_SPLINE_CURVE_WITH_KNOTS('',3,(#10526,#10527,#10528,#10529,#10530),
 .UNSPECIFIED.,.F.,.F.,(4,1,4),(0.,0.0441283857608571,0.100098177065428),
 .UNSPECIFIED.);
#2557=B_SPLINE_CURVE_WITH_KNOTS('',3,(#10533,#10534,#10535,#10536,#10537),
 .UNSPECIFIED.,.F.,.F.,(4,1,4),(0.,0.0441283857608571,0.100098177065428),
 .UNSPECIFIED.);
#2558=B_SPLINE_CURVE_WITH_KNOTS('',3,(#10549,#10550,#10551,#10552,#10553),
 .UNSPECIFIED.,.F.,.F.,(4,1,4),(0.,0.0331703386287778,0.0696580461596382),
 .UNSPECIFIED.);
#2559=B_SPLINE_CURVE_WITH_KNOTS('',3,(#10556,#10557,#10558,#10559,#10560),
 .UNSPECIFIED.,.F.,.F.,(4,1,4),(0.,0.0331703386287778,0.0696580461596382),
 .UNSPECIFIED.);
#2560=B_SPLINE_CURVE_WITH_KNOTS('',3,(#10572,#10573,#10574,#10575,#10576),
 .UNSPECIFIED.,.F.,.F.,(4,1,4),(0.,0.030310693111421,0.0616011310663146),
 .UNSPECIFIED.);
#2561=B_SPLINE_CURVE_WITH_KNOTS('',3,(#10579,#10580,#10581,#10582,#10583),
 .UNSPECIFIED.,.F.,.F.,(4,1,4),(0.,0.030310693111421,0.0616011310663146),
 .UNSPECIFIED.);
#2562=B_SPLINE_CURVE_WITH_KNOTS('',3,(#10595,#10596,#10597,#10598,#10599),
 .UNSPECIFIED.,.F.,.F.,(4,1,4),(0.,0.0432752247641135,0.0869267865451111),
 .UNSPECIFIED.);
#2563=B_SPLINE_CURVE_WITH_KNOTS('',3,(#10602,#10603,#10604,#10605,#10606),
 .UNSPECIFIED.,.F.,.F.,(4,1,4),(0.,0.0432752247641135,0.0869267865451111),
 .UNSPECIFIED.);
#2564=B_SPLINE_CURVE_WITH_KNOTS('',3,(#10618,#10619,#10620,#10621,#10622),
 .UNSPECIFIED.,.F.,.F.,(4,1,4),(0.,0.0728245001622946,0.126580385571751),
 .UNSPECIFIED.);
#2565=B_SPLINE_CURVE_WITH_KNOTS('',3,(#10625,#10626,#10627,#10628,#10629),
 .UNSPECIFIED.,.F.,.F.,(4,1,4),(0.,0.0728245001622946,0.126580385571751),
 .UNSPECIFIED.);
#2566=B_SPLINE_CURVE_WITH_KNOTS('',3,(#10641,#10642,#10643,#10644,#10645),
 .UNSPECIFIED.,.F.,.F.,(4,1,4),(0.,0.025600175350034,0.0677842088050267),
 .UNSPECIFIED.);
#2567=B_SPLINE_CURVE_WITH_KNOTS('',3,(#10648,#10649,#10650,#10651,#10652),
 .UNSPECIFIED.,.F.,.F.,(4,1,4),(0.,0.025600175350034,0.0677842088050267),
 .UNSPECIFIED.);
#2568=B_SPLINE_CURVE_WITH_KNOTS('',3,(#10664,#10665,#10666,#10667,#10668),
 .UNSPECIFIED.,.F.,.F.,(4,1,4),(0.,0.0151236332896522,0.0317434540493732),
 .UNSPECIFIED.);
#2569=B_SPLINE_CURVE_WITH_KNOTS('',3,(#10671,#10672,#10673,#10674,#10675),
 .UNSPECIFIED.,.F.,.F.,(4,1,4),(0.,0.0151236332896522,0.0317434540493732),
 .UNSPECIFIED.);
#2570=B_SPLINE_CURVE_WITH_KNOTS('',3,(#10687,#10688,#10689,#10690,#10691),
 .UNSPECIFIED.,.F.,.F.,(4,1,4),(0.,0.0171780250833083,0.0329714496389807),
 .UNSPECIFIED.);
#2571=B_SPLINE_CURVE_WITH_KNOTS('',3,(#10694,#10695,#10696,#10697,#10698),
 .UNSPECIFIED.,.F.,.F.,(4,1,4),(0.,0.0171780250833083,0.0329714496389807),
 .UNSPECIFIED.);
#2572=B_SPLINE_CURVE_WITH_KNOTS('',3,(#10710,#10711,#10712,#10713,#10714),
 .UNSPECIFIED.,.F.,.F.,(4,1,4),(0.,0.0236357456637883,0.0433353340854472),
 .UNSPECIFIED.);
#2573=B_SPLINE_CURVE_WITH_KNOTS('',3,(#10717,#10718,#10719,#10720,#10721),
 .UNSPECIFIED.,.F.,.F.,(4,1,4),(0.,0.0236357456637883,0.0433353340854472),
 .UNSPECIFIED.);
#2574=B_SPLINE_CURVE_WITH_KNOTS('',3,(#10733,#10734,#10735,#10736,#10737),
 .UNSPECIFIED.,.F.,.F.,(4,1,4),(0.,0.0294889108310484,0.0614486925358212),
 .UNSPECIFIED.);
#2575=B_SPLINE_CURVE_WITH_KNOTS('',3,(#10740,#10741,#10742,#10743,#10744),
 .UNSPECIFIED.,.F.,.F.,(4,1,4),(0.,0.0294889108310484,0.0614486925358212),
 .UNSPECIFIED.);
#2576=B_SPLINE_CURVE_WITH_KNOTS('',3,(#10756,#10757,#10758,#10759,#10760),
 .UNSPECIFIED.,.F.,.F.,(4,1,4),(0.,0.0258961855933913,0.0467373100481418),
 .UNSPECIFIED.);
#2577=B_SPLINE_CURVE_WITH_KNOTS('',3,(#10763,#10764,#10765,#10766,#10767),
 .UNSPECIFIED.,.F.,.F.,(4,1,4),(0.,0.0258961855933913,0.0467373100481418),
 .UNSPECIFIED.);
#2578=B_SPLINE_CURVE_WITH_KNOTS('',3,(#10784,#10785,#10786,#10787,#10788),
 .UNSPECIFIED.,.F.,.F.,(4,1,4),(0.,0.0541902505186085,0.111118421662227),
 .UNSPECIFIED.);
#2579=B_SPLINE_CURVE_WITH_KNOTS('',3,(#10789,#10790,#10791,#10792,#10793),
 .UNSPECIFIED.,.F.,.F.,(4,1,4),(0.,0.0541902505186085,0.111118421662227),
 .UNSPECIFIED.);
#2580=VERTEX_POINT('',#8417);
#2581=VERTEX_POINT('',#8418);
#2582=VERTEX_POINT('',#8424);
#2583=VERTEX_POINT('',#8426);
#2584=VERTEX_POINT('',#8443);
#2585=VERTEX_POINT('',#8449);
#2586=VERTEX_POINT('',#8466);
#2587=VERTEX_POINT('',#8472);
#2588=VERTEX_POINT('',#8489);
#2589=VERTEX_POINT('',#8495);
#2590=VERTEX_POINT('',#8512);
#2591=VERTEX_POINT('',#8518);
#2592=VERTEX_POINT('',#8535);
#2593=VERTEX_POINT('',#8541);
#2594=VERTEX_POINT('',#8558);
#2595=VERTEX_POINT('',#8564);
#2596=VERTEX_POINT('',#8581);
#2597=VERTEX_POINT('',#8587);
#2598=VERTEX_POINT('',#8595);
#2599=VERTEX_POINT('',#8597);
#2600=VERTEX_POINT('',#8610);
#2601=VERTEX_POINT('',#8616);
#2602=VERTEX_POINT('',#8633);
#2603=VERTEX_POINT('',#8639);
#2604=VERTEX_POINT('',#8656);
#2605=VERTEX_POINT('',#8662);
#2606=VERTEX_POINT('',#8679);
#2607=VERTEX_POINT('',#8685);
#2608=VERTEX_POINT('',#8702);
#2609=VERTEX_POINT('',#8708);
#2610=VERTEX_POINT('',#8725);
#2611=VERTEX_POINT('',#8731);
#2612=VERTEX_POINT('',#8748);
#2613=VERTEX_POINT('',#8754);
#2614=VERTEX_POINT('',#8771);
#2615=VERTEX_POINT('',#8777);
#2616=VERTEX_POINT('',#8794);
#2617=VERTEX_POINT('',#8800);
#2618=VERTEX_POINT('',#8817);
#2619=VERTEX_POINT('',#8823);
#2620=VERTEX_POINT('',#8831);
#2621=VERTEX_POINT('',#8833);
#2622=VERTEX_POINT('',#8858);
#2623=VERTEX_POINT('',#8859);
#2624=VERTEX_POINT('',#8861);
#2625=VERTEX_POINT('',#8863);
#2626=VERTEX_POINT('',#8867);
#2627=VERTEX_POINT('',#8869);
#2628=VERTEX_POINT('',#8873);
#2629=VERTEX_POINT('',#8875);
#2630=VERTEX_POINT('',#8879);
#2631=VERTEX_POINT('',#8881);
#2632=VERTEX_POINT('',#8885);
#2633=VERTEX_POINT('',#8887);
#2634=VERTEX_POINT('',#8891);
#2635=VERTEX_POINT('',#8893);
#2636=VERTEX_POINT('',#8897);
#2637=VERTEX_POINT('',#8899);
#2638=VERTEX_POINT('',#8903);
#2639=VERTEX_POINT('',#8905);
#2640=VERTEX_POINT('',#8909);
#2641=VERTEX_POINT('',#8911);
#2642=VERTEX_POINT('',#8928);
#2643=VERTEX_POINT('',#8929);
#2644=VERTEX_POINT('',#8935);
#2645=VERTEX_POINT('',#8937);
#2646=VERTEX_POINT('',#8954);
#2647=VERTEX_POINT('',#8960);
#2648=VERTEX_POINT('',#8977);
#2649=VERTEX_POINT('',#8983);
#2650=VERTEX_POINT('',#8991);
#2651=VERTEX_POINT('',#8993);
#2652=VERTEX_POINT('',#9006);
#2653=VERTEX_POINT('',#9012);
#2654=VERTEX_POINT('',#9029);
#2655=VERTEX_POINT('',#9035);
#2656=VERTEX_POINT('',#9052);
#2657=VERTEX_POINT('',#9058);
#2658=VERTEX_POINT('',#9075);
#2659=VERTEX_POINT('',#9081);
#2660=VERTEX_POINT('',#9093);
#2661=VERTEX_POINT('',#9094);
#2662=VERTEX_POINT('',#9096);
#2663=VERTEX_POINT('',#9098);
#2664=VERTEX_POINT('',#9111);
#2665=VERTEX_POINT('',#9117);
#2666=VERTEX_POINT('',#9134);
#2667=VERTEX_POINT('',#9140);
#2668=VERTEX_POINT('',#9157);
#2669=VERTEX_POINT('',#9163);
#2670=VERTEX_POINT('',#9180);
#2671=VERTEX_POINT('',#9186);
#2672=VERTEX_POINT('',#9203);
#2673=VERTEX_POINT('',#9209);
#2674=VERTEX_POINT('',#9217);
#2675=VERTEX_POINT('',#9219);
#2676=VERTEX_POINT('',#9226);
#2677=VERTEX_POINT('',#9227);
#2678=VERTEX_POINT('',#9229);
#2679=VERTEX_POINT('',#9231);
#2680=VERTEX_POINT('',#9235);
#2681=VERTEX_POINT('',#9237);
#2682=VERTEX_POINT('',#9250);
#2683=VERTEX_POINT('',#9256);
#2684=VERTEX_POINT('',#9273);
#2685=VERTEX_POINT('',#9279);
#2686=VERTEX_POINT('',#9287);
#2687=VERTEX_POINT('',#9289);
#2688=VERTEX_POINT('',#9293);
#2689=VERTEX_POINT('',#9295);
#2690=VERTEX_POINT('',#9299);
#2691=VERTEX_POINT('',#9301);
#2692=VERTEX_POINT('',#9314);
#2693=VERTEX_POINT('',#9320);
#2694=VERTEX_POINT('',#9337);
#2695=VERTEX_POINT('',#9343);
#2696=VERTEX_POINT('',#9360);
#2697=VERTEX_POINT('',#9366);
#2698=VERTEX_POINT('',#9383);
#2699=VERTEX_POINT('',#9389);
#2700=VERTEX_POINT('',#9406);
#2701=VERTEX_POINT('',#9412);
#2702=VERTEX_POINT('',#9429);
#2703=VERTEX_POINT('',#9435);
#2704=VERTEX_POINT('',#9452);
#2705=VERTEX_POINT('',#9458);
#2706=VERTEX_POINT('',#9475);
#2707=VERTEX_POINT('',#9481);
#2708=VERTEX_POINT('',#9498);
#2709=VERTEX_POINT('',#9504);
#2710=VERTEX_POINT('',#9512);
#2711=VERTEX_POINT('',#9514);
#2712=VERTEX_POINT('',#9518);
#2713=VERTEX_POINT('',#9520);
#2714=VERTEX_POINT('',#9537);
#2715=VERTEX_POINT('',#9538);
#2716=VERTEX_POINT('',#9544);
#2717=VERTEX_POINT('',#9546);
#2718=VERTEX_POINT('',#9563);
#2719=VERTEX_POINT('',#9569);
#2720=VERTEX_POINT('',#9586);
#2721=VERTEX_POINT('',#9592);
#2722=VERTEX_POINT('',#9600);
#2723=VERTEX_POINT('',#9602);
#2724=VERTEX_POINT('',#9615);
#2725=VERTEX_POINT('',#9621);
#2726=VERTEX_POINT('',#9638);
#2727=VERTEX_POINT('',#9644);
#2728=VERTEX_POINT('',#9661);
#2729=VERTEX_POINT('',#9667);
#2730=VERTEX_POINT('',#9684);
#2731=VERTEX_POINT('',#9690);
#2732=VERTEX_POINT('',#9711);
#2733=VERTEX_POINT('',#9712);
#2734=VERTEX_POINT('',#9718);
#2735=VERTEX_POINT('',#9720);
#2736=VERTEX_POINT('',#9737);
#2737=VERTEX_POINT('',#9743);
#2738=VERTEX_POINT('',#9760);
#2739=VERTEX_POINT('',#9766);
#2740=VERTEX_POINT('',#9774);
#2741=VERTEX_POINT('',#9776);
#2742=VERTEX_POINT('',#9789);
#2743=VERTEX_POINT('',#9795);
#2744=VERTEX_POINT('',#9812);
#2745=VERTEX_POINT('',#9818);
#2746=VERTEX_POINT('',#9835);
#2747=VERTEX_POINT('',#9841);
#2748=VERTEX_POINT('',#9858);
#2749=VERTEX_POINT('',#9864);
#2750=VERTEX_POINT('',#9876);
#2751=VERTEX_POINT('',#9877);
#2752=VERTEX_POINT('',#9879);
#2753=VERTEX_POINT('',#9881);
#2754=VERTEX_POINT('',#9885);
#2755=VERTEX_POINT('',#9887);
#2756=VERTEX_POINT('',#9891);
#2757=VERTEX_POINT('',#9893);
#2758=VERTEX_POINT('',#9897);
#2759=VERTEX_POINT('',#9899);
#2760=VERTEX_POINT('',#9903);
#2761=VERTEX_POINT('',#9905);
#2762=VERTEX_POINT('',#9909);
#2763=VERTEX_POINT('',#9911);
#2764=VERTEX_POINT('',#9915);
#2765=VERTEX_POINT('',#9917);
#2766=VERTEX_POINT('',#9921);
#2767=VERTEX_POINT('',#9923);
#2768=VERTEX_POINT('',#9927);
#2769=VERTEX_POINT('',#9929);
#2770=VERTEX_POINT('',#9933);
#2771=VERTEX_POINT('',#9935);
#2772=VERTEX_POINT('',#9939);
#2773=VERTEX_POINT('',#9941);
#2774=VERTEX_POINT('',#9949);
#2775=VERTEX_POINT('',#9950);
#2776=VERTEX_POINT('',#9952);
#2777=VERTEX_POINT('',#9954);
#2778=VERTEX_POINT('',#9958);
#2779=VERTEX_POINT('',#9960);
#2780=VERTEX_POINT('',#9964);
#2781=VERTEX_POINT('',#9966);
#2782=VERTEX_POINT('',#9970);
#2783=VERTEX_POINT('',#9972);
#2784=VERTEX_POINT('',#9976);
#2785=VERTEX_POINT('',#9978);
#2786=VERTEX_POINT('',#9982);
#2787=VERTEX_POINT('',#9984);
#2788=VERTEX_POINT('',#9988);
#2789=VERTEX_POINT('',#9990);
#2790=VERTEX_POINT('',#9994);
#2791=VERTEX_POINT('',#9996);
#2792=VERTEX_POINT('',#10000);
#2793=VERTEX_POINT('',#10002);
#2794=VERTEX_POINT('',#10006);
#2795=VERTEX_POINT('',#10008);
#2796=VERTEX_POINT('',#10012);
#2797=VERTEX_POINT('',#10014);
#2798=VERTEX_POINT('',#10022);
#2799=VERTEX_POINT('',#10023);
#2800=VERTEX_POINT('',#10025);
#2801=VERTEX_POINT('',#10027);
#2802=VERTEX_POINT('',#10031);
#2803=VERTEX_POINT('',#10033);
#2804=VERTEX_POINT('',#10037);
#2805=VERTEX_POINT('',#10039);
#2806=VERTEX_POINT('',#10043);
#2807=VERTEX_POINT('',#10045);
#2808=VERTEX_POINT('',#10049);
#2809=VERTEX_POINT('',#10051);
#2810=VERTEX_POINT('',#10055);
#2811=VERTEX_POINT('',#10057);
#2812=VERTEX_POINT('',#10061);
#2813=VERTEX_POINT('',#10063);
#2814=VERTEX_POINT('',#10067);
#2815=VERTEX_POINT('',#10069);
#2816=VERTEX_POINT('',#10073);
#2817=VERTEX_POINT('',#10075);
#2818=VERTEX_POINT('',#10079);
#2819=VERTEX_POINT('',#10081);
#2820=VERTEX_POINT('',#10085);
#2821=VERTEX_POINT('',#10087);
#2822=VERTEX_POINT('',#10095);
#2823=VERTEX_POINT('',#10096);
#2824=VERTEX_POINT('',#10098);
#2825=VERTEX_POINT('',#10100);
#2826=VERTEX_POINT('',#10104);
#2827=VERTEX_POINT('',#10106);
#2828=VERTEX_POINT('',#10113);
#2829=VERTEX_POINT('',#10114);
#2830=VERTEX_POINT('',#10116);
#2831=VERTEX_POINT('',#10118);
#2832=VERTEX_POINT('',#10122);
#2833=VERTEX_POINT('',#10124);
#2834=VERTEX_POINT('',#10128);
#2835=VERTEX_POINT('',#10130);
#2836=VERTEX_POINT('',#10134);
#2837=VERTEX_POINT('',#10136);
#2838=VERTEX_POINT('',#10140);
#2839=VERTEX_POINT('',#10142);
#2840=VERTEX_POINT('',#10146);
#2841=VERTEX_POINT('',#10148);
#2842=VERTEX_POINT('',#10152);
#2843=VERTEX_POINT('',#10154);
#2844=VERTEX_POINT('',#10171);
#2845=VERTEX_POINT('',#10172);
#2846=VERTEX_POINT('',#10178);
#2847=VERTEX_POINT('',#10180);
#2848=VERTEX_POINT('',#10197);
#2849=VERTEX_POINT('',#10203);
#2850=VERTEX_POINT('',#10220);
#2851=VERTEX_POINT('',#10226);
#2852=VERTEX_POINT('',#10243);
#2853=VERTEX_POINT('',#10249);
#2854=VERTEX_POINT('',#10266);
#2855=VERTEX_POINT('',#10272);
#2856=VERTEX_POINT('',#10289);
#2857=VERTEX_POINT('',#10295);
#2858=VERTEX_POINT('',#10312);
#2859=VERTEX_POINT('',#10318);
#2860=VERTEX_POINT('',#10335);
#2861=VERTEX_POINT('',#10341);
#2862=VERTEX_POINT('',#10358);
#2863=VERTEX_POINT('',#10364);
#2864=VERTEX_POINT('',#10381);
#2865=VERTEX_POINT('',#10387);
#2866=VERTEX_POINT('',#10404);
#2867=VERTEX_POINT('',#10410);
#2868=VERTEX_POINT('',#10427);
#2869=VERTEX_POINT('',#10433);
#2870=VERTEX_POINT('',#10450);
#2871=VERTEX_POINT('',#10456);
#2872=VERTEX_POINT('',#10464);
#2873=VERTEX_POINT('',#10466);
#2874=VERTEX_POINT('',#10479);
#2875=VERTEX_POINT('',#10485);
#2876=VERTEX_POINT('',#10502);
#2877=VERTEX_POINT('',#10508);
#2878=VERTEX_POINT('',#10525);
#2879=VERTEX_POINT('',#10531);
#2880=VERTEX_POINT('',#10548);
#2881=VERTEX_POINT('',#10554);
#2882=VERTEX_POINT('',#10571);
#2883=VERTEX_POINT('',#10577);
#2884=VERTEX_POINT('',#10594);
#2885=VERTEX_POINT('',#10600);
#2886=VERTEX_POINT('',#10617);
#2887=VERTEX_POINT('',#10623);
#2888=VERTEX_POINT('',#10640);
#2889=VERTEX_POINT('',#10646);
#2890=VERTEX_POINT('',#10663);
#2891=VERTEX_POINT('',#10669);
#2892=VERTEX_POINT('',#10686);
#2893=VERTEX_POINT('',#10692);
#2894=VERTEX_POINT('',#10709);
#2895=VERTEX_POINT('',#10715);
#2896=VERTEX_POINT('',#10732);
#2897=VERTEX_POINT('',#10738);
#2898=VERTEX_POINT('',#10755);
#2899=VERTEX_POINT('',#10761);
#2900=VERTEX_POINT('',#10769);
#2901=VERTEX_POINT('',#10771);
#2902=VERTEX_POINT('',#10798);
#2903=VERTEX_POINT('',#10799);
#2904=VERTEX_POINT('',#10801);
#2905=VERTEX_POINT('',#10803);
#2906=VERTEX_POINT('',#10807);
#2907=VERTEX_POINT('',#10809);
#2908=VERTEX_POINT('',#10813);
#2909=VERTEX_POINT('',#10815);
#2910=VERTEX_POINT('',#10822);
#2911=VERTEX_POINT('',#10823);
#2912=VERTEX_POINT('',#10825);
#2913=VERTEX_POINT('',#10827);
#2914=VERTEX_POINT('',#10831);
#2915=VERTEX_POINT('',#10833);
#2916=VERTEX_POINT('',#10837);
#2917=VERTEX_POINT('',#10839);
#2918=VERTEX_POINT('',#10846);
#2919=VERTEX_POINT('',#10847);
#2920=VERTEX_POINT('',#10849);
#2921=VERTEX_POINT('',#10851);
#2922=VERTEX_POINT('',#10855);
#2923=VERTEX_POINT('',#10857);
#2924=VERTEX_POINT('',#10861);
#2925=VERTEX_POINT('',#10863);
#2926=VERTEX_POINT('',#10870);
#2927=VERTEX_POINT('',#10872);
#2928=VERTEX_POINT('',#10876);
#2929=VERTEX_POINT('',#10878);
#2930=VERTEX_POINT('',#10882);
#2931=VERTEX_POINT('',#10884);
#2932=VERTEX_POINT('',#10888);
#2933=VERTEX_POINT('',#10890);
#2934=VERTEX_POINT('',#10894);
#2935=VERTEX_POINT('',#10896);
#2936=VERTEX_POINT('',#10900);
#2937=VERTEX_POINT('',#10902);
#2938=VERTEX_POINT('',#10906);
#2939=VERTEX_POINT('',#10907);
#2940=VERTEX_POINT('',#10909);
#2941=VERTEX_POINT('',#10911);
#2942=VERTEX_POINT('',#10915);
#2943=VERTEX_POINT('',#10916);
#2944=VERTEX_POINT('',#10921);
#2945=VERTEX_POINT('',#10922);
#2946=VERTEX_POINT('',#10927);
#2947=VERTEX_POINT('',#10928);
#2948=VERTEX_POINT('',#10933);
#2949=VERTEX_POINT('',#10934);
#2950=VERTEX_POINT('',#10939);
#2951=VERTEX_POINT('',#10940);
#2952=VERTEX_POINT('',#10945);
#2953=VERTEX_POINT('',#10946);
#2954=VERTEX_POINT('',#10954);
#2955=VERTEX_POINT('',#10956);
#2956=VERTEX_POINT('',#10960);
#2957=VERTEX_POINT('',#10964);
#2958=VERTEX_POINT('',#10968);
#2959=VERTEX_POINT('',#10972);
#2960=VERTEX_POINT('',#10973);
#2961=VERTEX_POINT('',#10975);
#2962=VERTEX_POINT('',#10977);
#2963=VERTEX_POINT('',#10979);
#2964=VERTEX_POINT('',#10981);
#2965=VERTEX_POINT('',#10983);
#2966=VERTEX_POINT('',#10985);
#2967=VERTEX_POINT('',#10987);
#2968=VERTEX_POINT('',#10989);
#2969=VERTEX_POINT('',#10991);
#2970=VERTEX_POINT('',#10993);
#2971=VERTEX_POINT('',#10995);
#2972=VERTEX_POINT('',#10997);
#2973=VERTEX_POINT('',#10999);
#2974=VERTEX_POINT('',#11001);
#2975=VERTEX_POINT('',#11003);
#2976=VERTEX_POINT('',#11005);
#2977=VERTEX_POINT('',#11007);
#2978=VERTEX_POINT('',#11009);
#2979=VERTEX_POINT('',#11011);
#2980=VERTEX_POINT('',#11013);
#2981=VERTEX_POINT('',#11015);
#2982=VERTEX_POINT('',#11019);
#2983=VERTEX_POINT('',#11021);
#2984=VERTEX_POINT('',#11025);
#2985=VERTEX_POINT('',#11029);
#2986=VERTEX_POINT('',#11033);
#2987=VERTEX_POINT('',#11037);
#2988=VERTEX_POINT('',#11041);
#2989=VERTEX_POINT('',#11045);
#2990=VERTEX_POINT('',#11049);
#2991=VERTEX_POINT('',#11053);
#2992=VERTEX_POINT('',#11057);
#2993=VERTEX_POINT('',#11061);
#2994=VERTEX_POINT('',#11065);
#2995=VERTEX_POINT('',#11069);
#2996=VERTEX_POINT('',#11073);
#2997=VERTEX_POINT('',#11077);
#2998=VERTEX_POINT('',#11081);
#2999=VERTEX_POINT('',#11085);
#3000=VERTEX_POINT('',#11089);
#3001=VERTEX_POINT('',#11093);
#3002=VERTEX_POINT('',#11097);
#3003=VERTEX_POINT('',#11101);
#3004=VERTEX_POINT('',#11105);
#3005=VERTEX_POINT('',#11111);
#3006=VERTEX_POINT('',#11113);
#3007=VERTEX_POINT('',#11117);
#3008=VERTEX_POINT('',#11121);
#3009=VERTEX_POINT('',#11125);
#3010=VERTEX_POINT('',#11129);
#3011=VERTEX_POINT('',#11133);
#3012=VERTEX_POINT('',#11137);
#3013=VERTEX_POINT('',#11141);
#3014=VERTEX_POINT('',#11143);
#3015=VERTEX_POINT('',#11147);
#3016=VERTEX_POINT('',#11151);
#3017=VERTEX_POINT('',#11155);
#3018=VERTEX_POINT('',#11159);
#3019=VERTEX_POINT('',#11163);
#3020=VERTEX_POINT('',#11165);
#3021=VERTEX_POINT('',#11169);
#3022=VERTEX_POINT('',#11177);
#3023=VERTEX_POINT('',#11179);
#3024=VERTEX_POINT('',#11183);
#3025=VERTEX_POINT('',#11187);
#3026=VERTEX_POINT('',#11191);
#3027=VERTEX_POINT('',#11195);
#3028=VERTEX_POINT('',#11199);
#3029=VERTEX_POINT('',#11203);
#3030=VERTEX_POINT('',#11207);
#3031=VERTEX_POINT('',#11209);
#3032=VERTEX_POINT('',#11220);
#3033=VERTEX_POINT('',#11221);
#3034=VERTEX_POINT('',#11223);
#3035=VERTEX_POINT('',#11225);
#3036=VERTEX_POINT('',#11229);
#3037=VERTEX_POINT('',#11230);
#3038=VERTEX_POINT('',#11232);
#3039=VERTEX_POINT('',#11234);
#3040=VERTEX_POINT('',#11238);
#3041=VERTEX_POINT('',#11239);
#3042=VERTEX_POINT('',#11241);
#3043=VERTEX_POINT('',#11243);
#3044=VERTEX_POINT('',#11247);
#3045=VERTEX_POINT('',#11248);
#3046=VERTEX_POINT('',#11250);
#3047=VERTEX_POINT('',#11252);
#3048=VERTEX_POINT('',#11256);
#3049=VERTEX_POINT('',#11258);
#3050=VERTEX_POINT('',#11262);
#3051=VERTEX_POINT('',#11263);
#3052=VERTEX_POINT('',#11265);
#3053=VERTEX_POINT('',#11267);
#3054=VERTEX_POINT('',#11271);
#3055=VERTEX_POINT('',#11272);
#3056=VERTEX_POINT('',#11275);
#3057=VERTEX_POINT('',#11282);
#3058=VERTEX_POINT('',#11284);
#3059=VERTEX_POINT('',#11288);
#3060=VERTEX_POINT('',#11289);
#3061=VERTEX_POINT('',#11297);
#3062=VERTEX_POINT('',#11298);
#3063=VERTEX_POINT('',#11300);
#3064=VERTEX_POINT('',#11302);
#3065=VERTEX_POINT('',#11306);
#3066=VERTEX_POINT('',#11308);
#3067=VERTEX_POINT('',#11312);
#3068=VERTEX_POINT('',#11313);
#3069=VERTEX_POINT('',#11315);
#3070=VERTEX_POINT('',#11317);
#3071=VERTEX_POINT('',#11321);
#3072=VERTEX_POINT('',#11323);
#3073=VERTEX_POINT('',#11327);
#3074=VERTEX_POINT('',#11328);
#3075=VERTEX_POINT('',#11330);
#3076=VERTEX_POINT('',#11332);
#3077=VERTEX_POINT('',#11339);
#3078=VERTEX_POINT('',#11340);
#3079=VERTEX_POINT('',#11348);
#3080=VERTEX_POINT('',#11349);
#3081=VERTEX_POINT('',#11354);
#3082=VERTEX_POINT('',#11356);
#3083=VERTEX_POINT('',#11360);
#3084=VERTEX_POINT('',#11361);
#3085=VERTEX_POINT('',#11369);
#3086=VERTEX_POINT('',#11370);
#3087=VERTEX_POINT('',#11372);
#3088=VERTEX_POINT('',#11374);
#3089=VERTEX_POINT('',#11378);
#3090=VERTEX_POINT('',#11380);
#3091=VERTEX_POINT('',#11384);
#3092=VERTEX_POINT('',#11386);
#3093=VERTEX_POINT('',#11390);
#3094=VERTEX_POINT('',#11392);
#3095=VERTEX_POINT('',#11396);
#3096=VERTEX_POINT('',#11398);
#3097=VERTEX_POINT('',#11402);
#3098=VERTEX_POINT('',#11404);
#3099=VERTEX_POINT('',#11408);
#3100=VERTEX_POINT('',#11410);
#3101=VERTEX_POINT('',#11414);
#3102=VERTEX_POINT('',#11416);
#3103=VERTEX_POINT('',#11420);
#3104=VERTEX_POINT('',#11422);
#3105=VERTEX_POINT('',#11426);
#3106=VERTEX_POINT('',#11428);
#3107=VERTEX_POINT('',#11435);
#3108=VERTEX_POINT('',#11436);
#3109=VERTEX_POINT('',#11444);
#3110=VERTEX_POINT('',#11446);
#3111=VERTEX_POINT('',#11453);
#3112=VERTEX_POINT('',#11454);
#3113=VERTEX_POINT('',#11456);
#3114=VERTEX_POINT('',#11458);
#3115=VERTEX_POINT('',#11460);
#3116=VERTEX_POINT('',#11462);
#3117=VERTEX_POINT('',#11464);
#3118=VERTEX_POINT('',#11466);
#3119=VERTEX_POINT('',#11468);
#3120=VERTEX_POINT('',#11470);
#3121=VERTEX_POINT('',#11472);
#3122=VERTEX_POINT('',#11475);
#3123=VERTEX_POINT('',#11477);
#3124=VERTEX_POINT('',#11479);
#3125=VERTEX_POINT('',#11482);
#3126=VERTEX_POINT('',#11484);
#3127=VERTEX_POINT('',#11486);
#3128=VERTEX_POINT('',#11488);
#3129=VERTEX_POINT('',#11490);
#3130=VERTEX_POINT('',#11492);
#3131=VERTEX_POINT('',#11494);
#3132=VERTEX_POINT('',#11496);
#3133=VERTEX_POINT('',#11499);
#3134=VERTEX_POINT('',#11503);
#3135=VERTEX_POINT('',#11507);
#3136=VERTEX_POINT('',#11511);
#3137=VERTEX_POINT('',#11515);
#3138=VERTEX_POINT('',#11519);
#3139=VERTEX_POINT('',#11523);
#3140=VERTEX_POINT('',#11527);
#3141=VERTEX_POINT('',#11531);
#3142=VERTEX_POINT('',#11532);
#3143=VERTEX_POINT('',#11534);
#3144=VERTEX_POINT('',#11536);
#3145=VERTEX_POINT('',#11538);
#3146=VERTEX_POINT('',#11540);
#3147=VERTEX_POINT('',#11542);
#3148=VERTEX_POINT('',#11544);
#3149=VERTEX_POINT('',#11546);
#3150=VERTEX_POINT('',#11548);
#3151=VERTEX_POINT('',#11550);
#3152=VERTEX_POINT('',#11552);
#3153=VERTEX_POINT('',#11554);
#3154=VERTEX_POINT('',#11556);
#3155=VERTEX_POINT('',#11558);
#3156=VERTEX_POINT('',#11560);
#3157=VERTEX_POINT('',#11562);
#3158=VERTEX_POINT('',#11564);
#3159=VERTEX_POINT('',#11566);
#3160=VERTEX_POINT('',#11568);
#3161=VERTEX_POINT('',#11570);
#3162=VERTEX_POINT('',#11572);
#3163=VERTEX_POINT('',#11574);
#3164=VERTEX_POINT('',#11576);
#3165=VERTEX_POINT('',#11578);
#3166=VERTEX_POINT('',#11580);
#3167=VERTEX_POINT('',#11582);
#3168=VERTEX_POINT('',#11584);
#3169=VERTEX_POINT('',#11588);
#3170=VERTEX_POINT('',#11592);
#3171=VERTEX_POINT('',#11596);
#3172=VERTEX_POINT('',#11600);
#3173=VERTEX_POINT('',#11604);
#3174=VERTEX_POINT('',#11608);
#3175=VERTEX_POINT('',#11612);
#3176=VERTEX_POINT('',#11616);
#3177=VERTEX_POINT('',#11620);
#3178=VERTEX_POINT('',#11624);
#3179=VERTEX_POINT('',#11628);
#3180=VERTEX_POINT('',#11632);
#3181=VERTEX_POINT('',#11636);
#3182=VERTEX_POINT('',#11640);
#3183=EDGE_CURVE('',#2580,#2581,#2414,.T.);
#3184=EDGE_CURVE('',#2580,#2582,#1290,.T.);
#3185=EDGE_CURVE('',#2582,#2583,#2415,.T.);
#3186=EDGE_CURVE('',#2581,#2583,#1291,.T.);
#3187=EDGE_CURVE('',#2584,#2580,#2416,.T.);
#3188=EDGE_CURVE('',#2584,#2585,#1292,.T.);
#3189=EDGE_CURVE('',#2585,#2582,#2417,.T.);
#3190=EDGE_CURVE('',#2586,#2584,#2418,.T.);
#3191=EDGE_CURVE('',#2586,#2587,#1293,.T.);
#3192=EDGE_CURVE('',#2587,#2585,#2419,.T.);
#3193=EDGE_CURVE('',#2588,#2586,#2420,.T.);
#3194=EDGE_CURVE('',#2588,#2589,#1294,.T.);
#3195=EDGE_CURVE('',#2589,#2587,#2421,.T.);
#3196=EDGE_CURVE('',#2590,#2588,#2422,.T.);
#3197=EDGE_CURVE('',#2590,#2591,#1295,.T.);
#3198=EDGE_CURVE('',#2591,#2589,#2423,.T.);
#3199=EDGE_CURVE('',#2592,#2590,#2424,.T.);
#3200=EDGE_CURVE('',#2592,#2593,#1296,.T.);
#3201=EDGE_CURVE('',#2593,#2591,#2425,.T.);
#3202=EDGE_CURVE('',#2594,#2592,#2426,.T.);
#3203=EDGE_CURVE('',#2594,#2595,#1297,.T.);
#3204=EDGE_CURVE('',#2595,#2593,#2427,.T.);
#3205=EDGE_CURVE('',#2596,#2594,#2428,.T.);
#3206=EDGE_CURVE('',#2596,#2597,#1298,.T.);
#3207=EDGE_CURVE('',#2597,#2595,#2429,.T.);
#3208=EDGE_CURVE('',#2598,#2596,#1299,.T.);
#3209=EDGE_CURVE('',#2598,#2599,#1300,.T.);
#3210=EDGE_CURVE('',#2599,#2597,#1301,.T.);
#3211=EDGE_CURVE('',#2600,#2598,#2430,.T.);
#3212=EDGE_CURVE('',#2600,#2601,#1302,.T.);
#3213=EDGE_CURVE('',#2601,#2599,#2431,.T.);
#3214=EDGE_CURVE('',#2602,#2600,#2432,.T.);
#3215=EDGE_CURVE('',#2602,#2603,#1303,.T.);
#3216=EDGE_CURVE('',#2603,#2601,#2433,.T.);
#3217=EDGE_CURVE('',#2604,#2602,#2434,.T.);
#3218=EDGE_CURVE('',#2604,#2605,#1304,.T.);
#3219=EDGE_CURVE('',#2605,#2603,#2435,.T.);
#3220=EDGE_CURVE('',#2606,#2604,#2436,.T.);
#3221=EDGE_CURVE('',#2606,#2607,#1305,.T.);
#3222=EDGE_CURVE('',#2607,#2605,#2437,.T.);
#3223=EDGE_CURVE('',#2608,#2606,#2438,.T.);
#3224=EDGE_CURVE('',#2608,#2609,#1306,.T.);
#3225=EDGE_CURVE('',#2609,#2607,#2439,.T.);
#3226=EDGE_CURVE('',#2610,#2608,#2440,.T.);
#3227=EDGE_CURVE('',#2610,#2611,#1307,.T.);
#3228=EDGE_CURVE('',#2611,#2609,#2441,.T.);
#3229=EDGE_CURVE('',#2612,#2610,#2442,.T.);
#3230=EDGE_CURVE('',#2612,#2613,#1308,.T.);
#3231=EDGE_CURVE('',#2613,#2611,#2443,.T.);
#3232=EDGE_CURVE('',#2614,#2612,#2444,.T.);
#3233=EDGE_CURVE('',#2614,#2615,#1309,.T.);
#3234=EDGE_CURVE('',#2615,#2613,#2445,.T.);
#3235=EDGE_CURVE('',#2616,#2614,#2446,.T.);
#3236=EDGE_CURVE('',#2616,#2617,#1310,.T.);
#3237=EDGE_CURVE('',#2617,#2615,#2447,.T.);
#3238=EDGE_CURVE('',#2618,#2616,#2448,.T.);
#3239=EDGE_CURVE('',#2618,#2619,#1311,.T.);
#3240=EDGE_CURVE('',#2619,#2617,#2449,.T.);
#3241=EDGE_CURVE('',#2620,#2618,#1312,.T.);
#3242=EDGE_CURVE('',#2620,#2621,#1313,.T.);
#3243=EDGE_CURVE('',#2621,#2619,#1314,.T.);
#3244=EDGE_CURVE('',#2581,#2620,#2450,.T.);
#3245=EDGE_CURVE('',#2583,#2621,#2451,.T.);
#3246=EDGE_CURVE('',#2622,#2623,#1315,.T.);
#3247=EDGE_CURVE('',#2622,#2624,#1316,.T.);
#3248=EDGE_CURVE('',#2624,#2625,#1317,.T.);
#3249=EDGE_CURVE('',#2623,#2625,#1318,.T.);
#3250=EDGE_CURVE('',#2626,#2622,#1319,.T.);
#3251=EDGE_CURVE('',#2626,#2627,#1320,.T.);
#3252=EDGE_CURVE('',#2627,#2624,#1321,.T.);
#3253=EDGE_CURVE('',#2628,#2626,#1322,.T.);
#3254=EDGE_CURVE('',#2628,#2629,#1323,.T.);
#3255=EDGE_CURVE('',#2629,#2627,#1324,.T.);
#3256=EDGE_CURVE('',#2630,#2628,#1325,.T.);
#3257=EDGE_CURVE('',#2630,#2631,#1326,.T.);
#3258=EDGE_CURVE('',#2631,#2629,#1327,.T.);
#3259=EDGE_CURVE('',#2632,#2630,#1328,.T.);
#3260=EDGE_CURVE('',#2632,#2633,#1329,.T.);
#3261=EDGE_CURVE('',#2633,#2631,#1330,.T.);
#3262=EDGE_CURVE('',#2634,#2632,#1331,.T.);
#3263=EDGE_CURVE('',#2634,#2635,#1332,.T.);
#3264=EDGE_CURVE('',#2635,#2633,#1333,.T.);
#3265=EDGE_CURVE('',#2636,#2634,#1334,.T.);
#3266=EDGE_CURVE('',#2636,#2637,#1335,.T.);
#3267=EDGE_CURVE('',#2637,#2635,#1336,.T.);
#3268=EDGE_CURVE('',#2638,#2636,#1337,.T.);
#3269=EDGE_CURVE('',#2638,#2639,#1338,.T.);
#3270=EDGE_CURVE('',#2639,#2637,#1339,.T.);
#3271=EDGE_CURVE('',#2640,#2638,#1340,.T.);
#3272=EDGE_CURVE('',#2640,#2641,#1341,.T.);
#3273=EDGE_CURVE('',#2641,#2639,#1342,.T.);
#3274=EDGE_CURVE('',#2623,#2640,#1343,.T.);
#3275=EDGE_CURVE('',#2625,#2641,#1344,.T.);
#3276=EDGE_CURVE('',#2642,#2643,#2452,.T.);
#3277=EDGE_CURVE('',#2642,#2644,#1345,.T.);
#3278=EDGE_CURVE('',#2644,#2645,#2453,.T.);
#3279=EDGE_CURVE('',#2643,#2645,#1346,.T.);
#3280=EDGE_CURVE('',#2646,#2642,#2454,.T.);
#3281=EDGE_CURVE('',#2646,#2647,#1347,.T.);
#3282=EDGE_CURVE('',#2647,#2644,#2455,.T.);
#3283=EDGE_CURVE('',#2648,#2646,#2456,.T.);
#3284=EDGE_CURVE('',#2648,#2649,#1348,.T.);
#3285=EDGE_CURVE('',#2649,#2647,#2457,.T.);
#3286=EDGE_CURVE('',#2650,#2648,#1349,.T.);
#3287=EDGE_CURVE('',#2650,#2651,#1350,.T.);
#3288=EDGE_CURVE('',#2651,#2649,#1351,.T.);
#3289=EDGE_CURVE('',#2652,#2650,#2458,.T.);
#3290=EDGE_CURVE('',#2652,#2653,#1352,.T.);
#3291=EDGE_CURVE('',#2653,#2651,#2459,.T.);
#3292=EDGE_CURVE('',#2654,#2652,#2460,.T.);
#3293=EDGE_CURVE('',#2654,#2655,#1353,.T.);
#3294=EDGE_CURVE('',#2655,#2653,#2461,.T.);
#3295=EDGE_CURVE('',#2656,#2654,#2462,.T.);
#3296=EDGE_CURVE('',#2656,#2657,#1354,.T.);
#3297=EDGE_CURVE('',#2657,#2655,#2463,.T.);
#3298=EDGE_CURVE('',#2658,#2656,#2464,.T.);
#3299=EDGE_CURVE('',#2658,#2659,#1355,.T.);
#3300=EDGE_CURVE('',#2659,#2657,#2465,.T.);
#3301=EDGE_CURVE('',#2643,#2658,#1356,.T.);
#3302=EDGE_CURVE('',#2645,#2659,#1357,.T.);
#3303=EDGE_CURVE('',#2660,#2661,#1358,.T.);
#3304=EDGE_CURVE('',#2660,#2662,#1359,.T.);
#3305=EDGE_CURVE('',#2662,#2663,#1360,.T.);
#3306=EDGE_CURVE('',#2661,#2663,#1361,.T.);
#3307=EDGE_CURVE('',#2664,#2660,#2466,.T.);
#3308=EDGE_CURVE('',#2664,#2665,#1362,.T.);
#3309=EDGE_CURVE('',#2665,#2662,#2467,.T.);
#3310=EDGE_CURVE('',#2666,#2664,#2468,.T.);
#3311=EDGE_CURVE('',#2666,#2667,#1363,.T.);
#3312=EDGE_CURVE('',#2667,#2665,#2469,.T.);
#3313=EDGE_CURVE('',#2668,#2666,#2470,.T.);
#3314=EDGE_CURVE('',#2668,#2669,#1364,.T.);
#3315=EDGE_CURVE('',#2669,#2667,#2471,.T.);
#3316=EDGE_CURVE('',#2670,#2668,#2472,.T.);
#3317=EDGE_CURVE('',#2670,#2671,#1365,.T.);
#3318=EDGE_CURVE('',#2671,#2669,#2473,.T.);
#3319=EDGE_CURVE('',#2672,#2670,#2474,.T.);
#3320=EDGE_CURVE('',#2672,#2673,#1366,.T.);
#3321=EDGE_CURVE('',#2673,#2671,#2475,.T.);
#3322=EDGE_CURVE('',#2674,#2672,#1367,.T.);
#3323=EDGE_CURVE('',#2674,#2675,#1368,.T.);
#3324=EDGE_CURVE('',#2675,#2673,#1369,.T.);
#3325=EDGE_CURVE('',#2661,#2674,#1370,.T.);
#3326=EDGE_CURVE('',#2663,#2675,#1371,.T.);
#3327=EDGE_CURVE('',#2676,#2677,#1372,.T.);
#3328=EDGE_CURVE('',#2676,#2678,#1373,.T.);
#3329=EDGE_CURVE('',#2678,#2679,#1374,.T.);
#3330=EDGE_CURVE('',#2677,#2679,#1375,.T.);
#3331=EDGE_CURVE('',#2680,#2676,#1376,.T.);
#3332=EDGE_CURVE('',#2680,#2681,#1377,.T.);
#3333=EDGE_CURVE('',#2681,#2678,#1378,.T.);
#3334=EDGE_CURVE('',#2682,#2680,#2476,.T.);
#3335=EDGE_CURVE('',#2682,#2683,#1379,.T.);
#3336=EDGE_CURVE('',#2683,#2681,#2477,.T.);
#3337=EDGE_CURVE('',#2684,#2682,#2478,.T.);
#3338=EDGE_CURVE('',#2684,#2685,#1380,.T.);
#3339=EDGE_CURVE('',#2685,#2683,#2479,.T.);
#3340=EDGE_CURVE('',#2686,#2684,#1381,.T.);
#3341=EDGE_CURVE('',#2686,#2687,#1382,.T.);
#3342=EDGE_CURVE('',#2687,#2685,#1383,.T.);
#3343=EDGE_CURVE('',#2688,#2686,#1384,.T.);
#3344=EDGE_CURVE('',#2688,#2689,#1385,.T.);
#3345=EDGE_CURVE('',#2689,#2687,#1386,.T.);
#3346=EDGE_CURVE('',#2690,#2688,#1387,.T.);
#3347=EDGE_CURVE('',#2690,#2691,#1388,.T.);
#3348=EDGE_CURVE('',#2691,#2689,#1389,.T.);
#3349=EDGE_CURVE('',#2692,#2690,#2480,.T.);
#3350=EDGE_CURVE('',#2692,#2693,#1390,.T.);
#3351=EDGE_CURVE('',#2693,#2691,#2481,.T.);
#3352=EDGE_CURVE('',#2694,#2692,#2482,.T.);
#3353=EDGE_CURVE('',#2694,#2695,#1391,.T.);
#3354=EDGE_CURVE('',#2695,#2693,#2483,.T.);
#3355=EDGE_CURVE('',#2696,#2694,#2484,.T.);
#3356=EDGE_CURVE('',#2696,#2697,#1392,.T.);
#3357=EDGE_CURVE('',#2697,#2695,#2485,.T.);
#3358=EDGE_CURVE('',#2698,#2696,#2486,.T.);
#3359=EDGE_CURVE('',#2698,#2699,#1393,.T.);
#3360=EDGE_CURVE('',#2699,#2697,#2487,.T.);
#3361=EDGE_CURVE('',#2700,#2698,#2488,.T.);
#3362=EDGE_CURVE('',#2700,#2701,#1394,.T.);
#3363=EDGE_CURVE('',#2701,#2699,#2489,.T.);
#3364=EDGE_CURVE('',#2702,#2700,#2490,.T.);
#3365=EDGE_CURVE('',#2702,#2703,#1395,.T.);
#3366=EDGE_CURVE('',#2703,#2701,#2491,.T.);
#3367=EDGE_CURVE('',#2704,#2702,#2492,.T.);
#3368=EDGE_CURVE('',#2704,#2705,#1396,.T.);
#3369=EDGE_CURVE('',#2705,#2703,#2493,.T.);
#3370=EDGE_CURVE('',#2706,#2704,#2494,.T.);
#3371=EDGE_CURVE('',#2706,#2707,#1397,.T.);
#3372=EDGE_CURVE('',#2707,#2705,#2495,.T.);
#3373=EDGE_CURVE('',#2708,#2706,#2496,.T.);
#3374=EDGE_CURVE('',#2708,#2709,#1398,.T.);
#3375=EDGE_CURVE('',#2709,#2707,#2497,.T.);
#3376=EDGE_CURVE('',#2710,#2708,#1399,.T.);
#3377=EDGE_CURVE('',#2710,#2711,#1400,.T.);
#3378=EDGE_CURVE('',#2711,#2709,#1401,.T.);
#3379=EDGE_CURVE('',#2712,#2710,#1402,.T.);
#3380=EDGE_CURVE('',#2712,#2713,#1403,.T.);
#3381=EDGE_CURVE('',#2713,#2711,#1404,.T.);
#3382=EDGE_CURVE('',#2677,#2712,#1405,.T.);
#3383=EDGE_CURVE('',#2679,#2713,#1406,.T.);
#3384=EDGE_CURVE('',#2714,#2715,#2498,.T.);
#3385=EDGE_CURVE('',#2714,#2716,#1407,.T.);
#3386=EDGE_CURVE('',#2716,#2717,#2499,.T.);
#3387=EDGE_CURVE('',#2715,#2717,#1408,.T.);
#3388=EDGE_CURVE('',#2718,#2714,#2500,.T.);
#3389=EDGE_CURVE('',#2718,#2719,#1409,.T.);
#3390=EDGE_CURVE('',#2719,#2716,#2501,.T.);
#3391=EDGE_CURVE('',#2720,#2718,#2502,.T.);
#3392=EDGE_CURVE('',#2720,#2721,#1410,.T.);
#3393=EDGE_CURVE('',#2721,#2719,#2503,.T.);
#3394=EDGE_CURVE('',#2722,#2720,#1411,.T.);
#3395=EDGE_CURVE('',#2722,#2723,#1412,.T.);
#3396=EDGE_CURVE('',#2723,#2721,#1413,.T.);
#3397=EDGE_CURVE('',#2724,#2722,#2504,.T.);
#3398=EDGE_CURVE('',#2724,#2725,#1414,.T.);
#3399=EDGE_CURVE('',#2725,#2723,#2505,.T.);
#3400=EDGE_CURVE('',#2726,#2724,#2506,.T.);
#3401=EDGE_CURVE('',#2726,#2727,#1415,.T.);
#3402=EDGE_CURVE('',#2727,#2725,#2507,.T.);
#3403=EDGE_CURVE('',#2728,#2726,#2508,.T.);
#3404=EDGE_CURVE('',#2728,#2729,#1416,.T.);
#3405=EDGE_CURVE('',#2729,#2727,#2509,.T.);
#3406=EDGE_CURVE('',#2730,#2728,#2510,.T.);
#3407=EDGE_CURVE('',#2730,#2731,#1417,.T.);
#3408=EDGE_CURVE('',#2731,#2729,#2511,.T.);
#3409=EDGE_CURVE('',#2715,#2730,#1418,.T.);
#3410=EDGE_CURVE('',#2717,#2731,#1419,.T.);
#3411=EDGE_CURVE('',#2732,#2733,#2512,.T.);
#3412=EDGE_CURVE('',#2732,#2734,#1420,.T.);
#3413=EDGE_CURVE('',#2734,#2735,#2513,.T.);
#3414=EDGE_CURVE('',#2733,#2735,#1421,.T.);
#3415=EDGE_CURVE('',#2736,#2732,#2514,.T.);
#3416=EDGE_CURVE('',#2736,#2737,#1422,.T.);
#3417=EDGE_CURVE('',#2737,#2734,#2515,.T.);
#3418=EDGE_CURVE('',#2738,#2736,#2516,.T.);
#3419=EDGE_CURVE('',#2738,#2739,#1423,.T.);
#3420=EDGE_CURVE('',#2739,#2737,#2517,.T.);
#3421=EDGE_CURVE('',#2740,#2738,#1424,.T.);
#3422=EDGE_CURVE('',#2740,#2741,#1425,.T.);
#3423=EDGE_CURVE('',#2741,#2739,#1426,.T.);
#3424=EDGE_CURVE('',#2742,#2740,#2518,.T.);
#3425=EDGE_CURVE('',#2742,#2743,#1427,.T.);
#3426=EDGE_CURVE('',#2743,#2741,#2519,.T.);
#3427=EDGE_CURVE('',#2744,#2742,#2520,.T.);
#3428=EDGE_CURVE('',#2744,#2745,#1428,.T.);
#3429=EDGE_CURVE('',#2745,#2743,#2521,.T.);
#3430=EDGE_CURVE('',#2746,#2744,#2522,.T.);
#3431=EDGE_CURVE('',#2746,#2747,#1429,.T.);
#3432=EDGE_CURVE('',#2747,#2745,#2523,.T.);
#3433=EDGE_CURVE('',#2748,#2746,#2524,.T.);
#3434=EDGE_CURVE('',#2748,#2749,#1430,.T.);
#3435=EDGE_CURVE('',#2749,#2747,#2525,.T.);
#3436=EDGE_CURVE('',#2733,#2748,#1431,.T.);
#3437=EDGE_CURVE('',#2735,#2749,#1432,.T.);
#3438=EDGE_CURVE('',#2750,#2751,#1433,.T.);
#3439=EDGE_CURVE('',#2750,#2752,#1434,.T.);
#3440=EDGE_CURVE('',#2752,#2753,#1435,.T.);
#3441=EDGE_CURVE('',#2751,#2753,#1436,.T.);
#3442=EDGE_CURVE('',#2754,#2750,#1437,.T.);
#3443=EDGE_CURVE('',#2754,#2755,#1438,.T.);
#3444=EDGE_CURVE('',#2755,#2752,#1439,.T.);
#3445=EDGE_CURVE('',#2756,#2754,#1440,.T.);
#3446=EDGE_CURVE('',#2756,#2757,#1441,.T.);
#3447=EDGE_CURVE('',#2757,#2755,#1442,.T.);
#3448=EDGE_CURVE('',#2758,#2756,#1443,.T.);
#3449=EDGE_CURVE('',#2758,#2759,#1444,.T.);
#3450=EDGE_CURVE('',#2759,#2757,#1445,.T.);
#3451=EDGE_CURVE('',#2760,#2758,#1446,.T.);
#3452=EDGE_CURVE('',#2760,#2761,#1447,.T.);
#3453=EDGE_CURVE('',#2761,#2759,#1448,.T.);
#3454=EDGE_CURVE('',#2762,#2760,#1449,.T.);
#3455=EDGE_CURVE('',#2762,#2763,#1450,.T.);
#3456=EDGE_CURVE('',#2763,#2761,#1451,.T.);
#3457=EDGE_CURVE('',#2764,#2762,#1452,.T.);
#3458=EDGE_CURVE('',#2764,#2765,#1453,.T.);
#3459=EDGE_CURVE('',#2765,#2763,#1454,.T.);
#3460=EDGE_CURVE('',#2766,#2764,#1455,.T.);
#3461=EDGE_CURVE('',#2766,#2767,#1456,.T.);
#3462=EDGE_CURVE('',#2767,#2765,#1457,.T.);
#3463=EDGE_CURVE('',#2768,#2766,#1458,.T.);
#3464=EDGE_CURVE('',#2768,#2769,#1459,.T.);
#3465=EDGE_CURVE('',#2769,#2767,#1460,.T.);
#3466=EDGE_CURVE('',#2770,#2768,#1461,.T.);
#3467=EDGE_CURVE('',#2770,#2771,#1462,.T.);
#3468=EDGE_CURVE('',#2771,#2769,#1463,.T.);
#3469=EDGE_CURVE('',#2772,#2770,#1464,.T.);
#3470=EDGE_CURVE('',#2772,#2773,#1465,.T.);
#3471=EDGE_CURVE('',#2773,#2771,#1466,.T.);
#3472=EDGE_CURVE('',#2751,#2772,#1467,.T.);
#3473=EDGE_CURVE('',#2753,#2773,#1468,.T.);
#3474=EDGE_CURVE('',#2774,#2775,#1469,.T.);
#3475=EDGE_CURVE('',#2774,#2776,#1470,.T.);
#3476=EDGE_CURVE('',#2776,#2777,#1471,.T.);
#3477=EDGE_CURVE('',#2775,#2777,#1472,.T.);
#3478=EDGE_CURVE('',#2778,#2774,#1473,.T.);
#3479=EDGE_CURVE('',#2778,#2779,#1474,.T.);
#3480=EDGE_CURVE('',#2779,#2776,#1475,.T.);
#3481=EDGE_CURVE('',#2780,#2778,#1476,.T.);
#3482=EDGE_CURVE('',#2780,#2781,#1477,.T.);
#3483=EDGE_CURVE('',#2781,#2779,#1478,.T.);
#3484=EDGE_CURVE('',#2782,#2780,#1479,.T.);
#3485=EDGE_CURVE('',#2782,#2783,#1480,.T.);
#3486=EDGE_CURVE('',#2783,#2781,#1481,.T.);
#3487=EDGE_CURVE('',#2784,#2782,#1482,.T.);
#3488=EDGE_CURVE('',#2784,#2785,#1483,.T.);
#3489=EDGE_CURVE('',#2785,#2783,#1484,.T.);
#3490=EDGE_CURVE('',#2786,#2784,#1485,.T.);
#3491=EDGE_CURVE('',#2786,#2787,#1486,.T.);
#3492=EDGE_CURVE('',#2787,#2785,#1487,.T.);
#3493=EDGE_CURVE('',#2788,#2786,#1488,.T.);
#3494=EDGE_CURVE('',#2788,#2789,#1489,.T.);
#3495=EDGE_CURVE('',#2789,#2787,#1490,.T.);
#3496=EDGE_CURVE('',#2790,#2788,#1491,.T.);
#3497=EDGE_CURVE('',#2790,#2791,#1492,.T.);
#3498=EDGE_CURVE('',#2791,#2789,#1493,.T.);
#3499=EDGE_CURVE('',#2792,#2790,#1494,.T.);
#3500=EDGE_CURVE('',#2792,#2793,#1495,.T.);
#3501=EDGE_CURVE('',#2793,#2791,#1496,.T.);
#3502=EDGE_CURVE('',#2794,#2792,#1497,.T.);
#3503=EDGE_CURVE('',#2794,#2795,#1498,.T.);
#3504=EDGE_CURVE('',#2795,#2793,#1499,.T.);
#3505=EDGE_CURVE('',#2796,#2794,#1500,.T.);
#3506=EDGE_CURVE('',#2796,#2797,#1501,.T.);
#3507=EDGE_CURVE('',#2797,#2795,#1502,.T.);
#3508=EDGE_CURVE('',#2775,#2796,#1503,.T.);
#3509=EDGE_CURVE('',#2777,#2797,#1504,.T.);
#3510=EDGE_CURVE('',#2798,#2799,#1505,.T.);
#3511=EDGE_CURVE('',#2798,#2800,#1506,.T.);
#3512=EDGE_CURVE('',#2800,#2801,#1507,.T.);
#3513=EDGE_CURVE('',#2799,#2801,#1508,.T.);
#3514=EDGE_CURVE('',#2802,#2798,#1509,.T.);
#3515=EDGE_CURVE('',#2802,#2803,#1510,.T.);
#3516=EDGE_CURVE('',#2803,#2800,#1511,.T.);
#3517=EDGE_CURVE('',#2804,#2802,#1512,.T.);
#3518=EDGE_CURVE('',#2804,#2805,#1513,.T.);
#3519=EDGE_CURVE('',#2805,#2803,#1514,.T.);
#3520=EDGE_CURVE('',#2806,#2804,#1515,.T.);
#3521=EDGE_CURVE('',#2806,#2807,#1516,.T.);
#3522=EDGE_CURVE('',#2807,#2805,#1517,.T.);
#3523=EDGE_CURVE('',#2808,#2806,#1518,.T.);
#3524=EDGE_CURVE('',#2808,#2809,#1519,.T.);
#3525=EDGE_CURVE('',#2809,#2807,#1520,.T.);
#3526=EDGE_CURVE('',#2810,#2808,#1521,.T.);
#3527=EDGE_CURVE('',#2810,#2811,#1522,.T.);
#3528=EDGE_CURVE('',#2811,#2809,#1523,.T.);
#3529=EDGE_CURVE('',#2812,#2810,#1524,.T.);
#3530=EDGE_CURVE('',#2812,#2813,#1525,.T.);
#3531=EDGE_CURVE('',#2813,#2811,#1526,.T.);
#3532=EDGE_CURVE('',#2814,#2812,#1527,.T.);
#3533=EDGE_CURVE('',#2814,#2815,#1528,.T.);
#3534=EDGE_CURVE('',#2815,#2813,#1529,.T.);
#3535=EDGE_CURVE('',#2816,#2814,#1530,.T.);
#3536=EDGE_CURVE('',#2816,#2817,#1531,.T.);
#3537=EDGE_CURVE('',#2817,#2815,#1532,.T.);
#3538=EDGE_CURVE('',#2818,#2816,#1533,.T.);
#3539=EDGE_CURVE('',#2818,#2819,#1534,.T.);
#3540=EDGE_CURVE('',#2819,#2817,#1535,.T.);
#3541=EDGE_CURVE('',#2820,#2818,#1536,.T.);
#3542=EDGE_CURVE('',#2820,#2821,#1537,.T.);
#3543=EDGE_CURVE('',#2821,#2819,#1538,.T.);
#3544=EDGE_CURVE('',#2799,#2820,#1539,.T.);
#3545=EDGE_CURVE('',#2801,#2821,#1540,.T.);
#3546=EDGE_CURVE('',#2822,#2823,#1541,.T.);
#3547=EDGE_CURVE('',#2822,#2824,#1542,.T.);
#3548=EDGE_CURVE('',#2824,#2825,#1543,.T.);
#3549=EDGE_CURVE('',#2823,#2825,#1544,.T.);
#3550=EDGE_CURVE('',#2826,#2822,#1545,.T.);
#3551=EDGE_CURVE('',#2826,#2827,#1546,.T.);
#3552=EDGE_CURVE('',#2827,#2824,#1547,.T.);
#3553=EDGE_CURVE('',#2823,#2826,#1548,.T.);
#3554=EDGE_CURVE('',#2825,#2827,#1549,.T.);
#3555=EDGE_CURVE('',#2828,#2829,#1550,.T.);
#3556=EDGE_CURVE('',#2828,#2830,#1551,.T.);
#3557=EDGE_CURVE('',#2830,#2831,#1552,.T.);
#3558=EDGE_CURVE('',#2829,#2831,#1553,.T.);
#3559=EDGE_CURVE('',#2832,#2828,#1554,.T.);
#3560=EDGE_CURVE('',#2832,#2833,#1555,.T.);
#3561=EDGE_CURVE('',#2833,#2830,#1556,.T.);
#3562=EDGE_CURVE('',#2834,#2832,#1557,.T.);
#3563=EDGE_CURVE('',#2834,#2835,#1558,.T.);
#3564=EDGE_CURVE('',#2835,#2833,#1559,.T.);
#3565=EDGE_CURVE('',#2836,#2834,#1560,.T.);
#3566=EDGE_CURVE('',#2836,#2837,#1561,.T.);
#3567=EDGE_CURVE('',#2837,#2835,#1562,.T.);
#3568=EDGE_CURVE('',#2838,#2836,#1563,.T.);
#3569=EDGE_CURVE('',#2838,#2839,#1564,.T.);
#3570=EDGE_CURVE('',#2839,#2837,#1565,.T.);
#3571=EDGE_CURVE('',#2840,#2838,#1566,.T.);
#3572=EDGE_CURVE('',#2840,#2841,#1567,.T.);
#3573=EDGE_CURVE('',#2841,#2839,#1568,.T.);
#3574=EDGE_CURVE('',#2842,#2840,#1569,.T.);
#3575=EDGE_CURVE('',#2842,#2843,#1570,.T.);
#3576=EDGE_CURVE('',#2843,#2841,#1571,.T.);
#3577=EDGE_CURVE('',#2829,#2842,#1572,.T.);
#3578=EDGE_CURVE('',#2831,#2843,#1573,.T.);
#3579=EDGE_CURVE('',#2844,#2845,#2526,.T.);
#3580=EDGE_CURVE('',#2844,#2846,#1574,.T.);
#3581=EDGE_CURVE('',#2846,#2847,#2527,.T.);
#3582=EDGE_CURVE('',#2845,#2847,#1575,.T.);
#3583=EDGE_CURVE('',#2848,#2844,#2528,.T.);
#3584=EDGE_CURVE('',#2848,#2849,#1576,.T.);
#3585=EDGE_CURVE('',#2849,#2846,#2529,.T.);
#3586=EDGE_CURVE('',#2850,#2848,#2530,.T.);
#3587=EDGE_CURVE('',#2850,#2851,#1577,.T.);
#3588=EDGE_CURVE('',#2851,#2849,#2531,.T.);
#3589=EDGE_CURVE('',#2852,#2850,#2532,.T.);
#3590=EDGE_CURVE('',#2852,#2853,#1578,.T.);
#3591=EDGE_CURVE('',#2853,#2851,#2533,.T.);
#3592=EDGE_CURVE('',#2854,#2852,#2534,.T.);
#3593=EDGE_CURVE('',#2854,#2855,#1579,.T.);
#3594=EDGE_CURVE('',#2855,#2853,#2535,.T.);
#3595=EDGE_CURVE('',#2856,#2854,#2536,.T.);
#3596=EDGE_CURVE('',#2856,#2857,#1580,.T.);
#3597=EDGE_CURVE('',#2857,#2855,#2537,.T.);
#3598=EDGE_CURVE('',#2858,#2856,#2538,.T.);
#3599=EDGE_CURVE('',#2858,#2859,#1581,.T.);
#3600=EDGE_CURVE('',#2859,#2857,#2539,.T.);
#3601=EDGE_CURVE('',#2860,#2858,#2540,.T.);
#3602=EDGE_CURVE('',#2860,#2861,#1582,.T.);
#3603=EDGE_CURVE('',#2861,#2859,#2541,.T.);
#3604=EDGE_CURVE('',#2862,#2860,#2542,.T.);
#3605=EDGE_CURVE('',#2862,#2863,#1583,.T.);
#3606=EDGE_CURVE('',#2863,#2861,#2543,.T.);
#3607=EDGE_CURVE('',#2864,#2862,#2544,.T.);
#3608=EDGE_CURVE('',#2864,#2865,#1584,.T.);
#3609=EDGE_CURVE('',#2865,#2863,#2545,.T.);
#3610=EDGE_CURVE('',#2866,#2864,#2546,.T.);
#3611=EDGE_CURVE('',#2866,#2867,#1585,.T.);
#3612=EDGE_CURVE('',#2867,#2865,#2547,.T.);
#3613=EDGE_CURVE('',#2868,#2866,#2548,.T.);
#3614=EDGE_CURVE('',#2868,#2869,#1586,.T.);
#3615=EDGE_CURVE('',#2869,#2867,#2549,.T.);
#3616=EDGE_CURVE('',#2870,#2868,#2550,.T.);
#3617=EDGE_CURVE('',#2870,#2871,#1587,.T.);
#3618=EDGE_CURVE('',#2871,#2869,#2551,.T.);
#3619=EDGE_CURVE('',#2872,#2870,#1588,.T.);
#3620=EDGE_CURVE('',#2872,#2873,#1589,.T.);
#3621=EDGE_CURVE('',#2873,#2871,#1590,.T.);
#3622=EDGE_CURVE('',#2874,#2872,#2552,.T.);
#3623=EDGE_CURVE('',#2874,#2875,#1591,.T.);
#3624=EDGE_CURVE('',#2875,#2873,#2553,.T.);
#3625=EDGE_CURVE('',#2876,#2874,#2554,.T.);
#3626=EDGE_CURVE('',#2876,#2877,#1592,.T.);
#3627=EDGE_CURVE('',#2877,#2875,#2555,.T.);
#3628=EDGE_CURVE('',#2878,#2876,#2556,.T.);
#3629=EDGE_CURVE('',#2878,#2879,#1593,.T.);
#3630=EDGE_CURVE('',#2879,#2877,#2557,.T.);
#3631=EDGE_CURVE('',#2880,#2878,#2558,.T.);
#3632=EDGE_CURVE('',#2880,#2881,#1594,.T.);
#3633=EDGE_CURVE('',#2881,#2879,#2559,.T.);
#3634=EDGE_CURVE('',#2882,#2880,#2560,.T.);
#3635=EDGE_CURVE('',#2882,#2883,#1595,.T.);
#3636=EDGE_CURVE('',#2883,#2881,#2561,.T.);
#3637=EDGE_CURVE('',#2884,#2882,#2562,.T.);
#3638=EDGE_CURVE('',#2884,#2885,#1596,.T.);
#3639=EDGE_CURVE('',#2885,#2883,#2563,.T.);
#3640=EDGE_CURVE('',#2886,#2884,#2564,.T.);
#3641=EDGE_CURVE('',#2886,#2887,#1597,.T.);
#3642=EDGE_CURVE('',#2887,#2885,#2565,.T.);
#3643=EDGE_CURVE('',#2888,#2886,#2566,.T.);
#3644=EDGE_CURVE('',#2888,#2889,#1598,.T.);
#3645=EDGE_CURVE('',#2889,#2887,#2567,.T.);
#3646=EDGE_CURVE('',#2890,#2888,#2568,.T.);
#3647=EDGE_CURVE('',#2890,#2891,#1599,.T.);
#3648=EDGE_CURVE('',#2891,#2889,#2569,.T.);
#3649=EDGE_CURVE('',#2892,#2890,#2570,.T.);
#3650=EDGE_CURVE('',#2892,#2893,#1600,.T.);
#3651=EDGE_CURVE('',#2893,#2891,#2571,.T.);
#3652=EDGE_CURVE('',#2894,#2892,#2572,.T.);
#3653=EDGE_CURVE('',#2894,#2895,#1601,.T.);
#3654=EDGE_CURVE('',#2895,#2893,#2573,.T.);
#3655=EDGE_CURVE('',#2896,#2894,#2574,.T.);
#3656=EDGE_CURVE('',#2896,#2897,#1602,.T.);
#3657=EDGE_CURVE('',#2897,#2895,#2575,.T.);
#3658=EDGE_CURVE('',#2898,#2896,#2576,.T.);
#3659=EDGE_CURVE('',#2898,#2899,#1603,.T.);
#3660=EDGE_CURVE('',#2899,#2897,#2577,.T.);
#3661=EDGE_CURVE('',#2900,#2898,#1604,.T.);
#3662=EDGE_CURVE('',#2900,#2901,#1605,.T.);
#3663=EDGE_CURVE('',#2901,#2899,#1606,.T.);
#3664=EDGE_CURVE('',#2845,#2900,#2578,.T.);
#3665=EDGE_CURVE('',#2847,#2901,#2579,.T.);
#3666=EDGE_CURVE('',#2902,#2903,#1607,.T.);
#3667=EDGE_CURVE('',#2904,#2902,#1608,.T.);
#3668=EDGE_CURVE('',#2905,#2904,#1609,.T.);
#3669=EDGE_CURVE('',#2905,#2903,#1610,.T.);
#3670=EDGE_CURVE('',#2903,#2906,#1611,.T.);
#3671=EDGE_CURVE('',#2907,#2905,#1612,.T.);
#3672=EDGE_CURVE('',#2907,#2906,#1613,.T.);
#3673=EDGE_CURVE('',#2906,#2908,#1614,.T.);
#3674=EDGE_CURVE('',#2909,#2907,#1615,.T.);
#3675=EDGE_CURVE('',#2909,#2908,#1616,.T.);
#3676=EDGE_CURVE('',#2908,#2902,#1617,.T.);
#3677=EDGE_CURVE('',#2904,#2909,#1618,.T.);
#3678=EDGE_CURVE('',#2910,#2911,#1619,.T.);
#3679=EDGE_CURVE('',#2912,#2910,#1620,.T.);
#3680=EDGE_CURVE('',#2913,#2912,#1621,.T.);
#3681=EDGE_CURVE('',#2913,#2911,#1622,.T.);
#3682=EDGE_CURVE('',#2911,#2914,#1623,.T.);
#3683=EDGE_CURVE('',#2915,#2913,#1624,.T.);
#3684=EDGE_CURVE('',#2915,#2914,#1625,.T.);
#3685=EDGE_CURVE('',#2914,#2916,#1626,.T.);
#3686=EDGE_CURVE('',#2917,#2915,#1627,.T.);
#3687=EDGE_CURVE('',#2917,#2916,#1628,.T.);
#3688=EDGE_CURVE('',#2916,#2910,#1629,.T.);
#3689=EDGE_CURVE('',#2912,#2917,#1630,.T.);
#3690=EDGE_CURVE('',#2918,#2919,#1631,.T.);
#3691=EDGE_CURVE('',#2920,#2918,#1632,.T.);
#3692=EDGE_CURVE('',#2921,#2920,#1633,.T.);
#3693=EDGE_CURVE('',#2921,#2919,#1634,.T.);
#3694=EDGE_CURVE('',#2919,#2922,#1635,.T.);
#3695=EDGE_CURVE('',#2923,#2921,#1636,.T.);
#3696=EDGE_CURVE('',#2923,#2922,#1637,.T.);
#3697=EDGE_CURVE('',#2922,#2924,#1638,.T.);
#3698=EDGE_CURVE('',#2925,#2923,#1639,.T.);
#3699=EDGE_CURVE('',#2925,#2924,#1640,.T.);
#3700=EDGE_CURVE('',#2924,#2918,#1641,.T.);
#3701=EDGE_CURVE('',#2920,#2925,#1642,.T.);
#3702=EDGE_CURVE('',#2926,#2926,#49,.T.);
#3703=EDGE_CURVE('',#2926,#2927,#1643,.T.);
#3704=EDGE_CURVE('',#2927,#2927,#50,.T.);
#3705=EDGE_CURVE('',#2928,#2928,#51,.T.);
#3706=EDGE_CURVE('',#2928,#2929,#1644,.T.);
#3707=EDGE_CURVE('',#2929,#2929,#52,.T.);
#3708=EDGE_CURVE('',#2930,#2930,#53,.T.);
#3709=EDGE_CURVE('',#2930,#2931,#1645,.T.);
#3710=EDGE_CURVE('',#2931,#2931,#54,.T.);
#3711=EDGE_CURVE('',#2932,#2932,#55,.T.);
#3712=EDGE_CURVE('',#2932,#2933,#1646,.T.);
#3713=EDGE_CURVE('',#2933,#2933,#56,.T.);
#3714=EDGE_CURVE('',#2934,#2934,#57,.T.);
#3715=EDGE_CURVE('',#2934,#2935,#1647,.T.);
#3716=EDGE_CURVE('',#2935,#2935,#58,.T.);
#3717=EDGE_CURVE('',#2936,#2936,#59,.T.);
#3718=EDGE_CURVE('',#2936,#2937,#1648,.T.);
#3719=EDGE_CURVE('',#2937,#2937,#60,.T.);
#3720=EDGE_CURVE('',#2938,#2939,#61,.T.);
#3721=EDGE_CURVE('',#2939,#2940,#62,.T.);
#3722=EDGE_CURVE('',#2940,#2941,#63,.T.);
#3723=EDGE_CURVE('',#2941,#2938,#64,.T.);
#3724=EDGE_CURVE('',#2942,#2943,#65,.T.);
#3725=EDGE_CURVE('',#2943,#2941,#1649,.T.);
#3726=EDGE_CURVE('',#2940,#2942,#1650,.T.);
#3727=EDGE_CURVE('',#2944,#2945,#66,.T.);
#3728=EDGE_CURVE('',#2945,#2943,#67,.T.);
#3729=EDGE_CURVE('',#2942,#2944,#68,.T.);
#3730=EDGE_CURVE('',#2946,#2947,#69,.T.);
#3731=EDGE_CURVE('',#2947,#2945,#1651,.T.);
#3732=EDGE_CURVE('',#2944,#2946,#1652,.T.);
#3733=EDGE_CURVE('',#2948,#2949,#70,.T.);
#3734=EDGE_CURVE('',#2949,#2947,#71,.T.);
#3735=EDGE_CURVE('',#2946,#2948,#72,.T.);
#3736=EDGE_CURVE('',#2950,#2951,#73,.T.);
#3737=EDGE_CURVE('',#2951,#2949,#1653,.T.);
#3738=EDGE_CURVE('',#2948,#2950,#1654,.T.);
#3739=EDGE_CURVE('',#2952,#2953,#74,.T.);
#3740=EDGE_CURVE('',#2953,#2951,#75,.T.);
#3741=EDGE_CURVE('',#2950,#2952,#76,.T.);
#3742=EDGE_CURVE('',#2952,#2939,#1655,.T.);
#3743=EDGE_CURVE('',#2938,#2953,#1656,.T.);
#3744=EDGE_CURVE('',#2954,#2951,#1657,.T.);
#3745=EDGE_CURVE('',#2955,#2954,#1658,.T.);
#3746=EDGE_CURVE('',#2949,#2955,#1659,.T.);
#3747=EDGE_CURVE('',#2953,#2956,#1660,.T.);
#3748=EDGE_CURVE('',#2956,#2954,#77,.T.);
#3749=EDGE_CURVE('',#2957,#2938,#1661,.T.);
#3750=EDGE_CURVE('',#2956,#2957,#1662,.T.);
#3751=EDGE_CURVE('',#2941,#2958,#1663,.T.);
#3752=EDGE_CURVE('',#2958,#2957,#78,.T.);
#3753=EDGE_CURVE('',#2959,#2960,#79,.T.);
#3754=EDGE_CURVE('',#2961,#2959,#1664,.T.);
#3755=EDGE_CURVE('',#2962,#2961,#80,.T.);
#3756=EDGE_CURVE('',#2963,#2962,#81,.T.);
#3757=EDGE_CURVE('',#2964,#2963,#1665,.T.);
#3758=EDGE_CURVE('',#2965,#2964,#82,.T.);
#3759=EDGE_CURVE('',#2966,#2965,#1666,.T.);
#3760=EDGE_CURVE('',#2967,#2966,#83,.T.);
#3761=EDGE_CURVE('',#2968,#2967,#1667,.T.);
#3762=EDGE_CURVE('',#2969,#2968,#84,.T.);
#3763=EDGE_CURVE('',#2970,#2969,#1668,.T.);
#3764=EDGE_CURVE('',#2971,#2970,#85,.T.);
#3765=EDGE_CURVE('',#2972,#2971,#1669,.T.);
#3766=EDGE_CURVE('',#2973,#2972,#86,.T.);
#3767=EDGE_CURVE('',#2974,#2973,#1670,.T.);
#3768=EDGE_CURVE('',#2975,#2974,#87,.T.);
#3769=EDGE_CURVE('',#2976,#2975,#1671,.T.);
#3770=EDGE_CURVE('',#2977,#2976,#88,.T.);
#3771=EDGE_CURVE('',#2978,#2977,#1672,.T.);
#3772=EDGE_CURVE('',#2979,#2978,#89,.T.);
#3773=EDGE_CURVE('',#2980,#2979,#1673,.T.);
#3774=EDGE_CURVE('',#2981,#2980,#90,.T.);
#3775=EDGE_CURVE('',#2960,#2981,#1674,.T.);
#3776=EDGE_CURVE('',#2982,#2959,#91,.T.);
#3777=EDGE_CURVE('',#2960,#2983,#92,.T.);
#3778=EDGE_CURVE('',#2983,#2982,#93,.T.);
#3779=EDGE_CURVE('',#2981,#2984,#94,.T.);
#3780=EDGE_CURVE('',#2984,#2983,#1675,.T.);
#3781=EDGE_CURVE('',#2980,#2985,#95,.T.);
#3782=EDGE_CURVE('',#2985,#2984,#96,.T.);
#3783=EDGE_CURVE('',#2979,#2986,#97,.T.);
#3784=EDGE_CURVE('',#2986,#2985,#1676,.T.);
#3785=EDGE_CURVE('',#2978,#2987,#98,.T.);
#3786=EDGE_CURVE('',#2987,#2986,#99,.T.);
#3787=EDGE_CURVE('',#2977,#2988,#100,.T.);
#3788=EDGE_CURVE('',#2988,#2987,#1677,.T.);
#3789=EDGE_CURVE('',#2976,#2989,#101,.T.);
#3790=EDGE_CURVE('',#2989,#2988,#102,.T.);
#3791=EDGE_CURVE('',#2975,#2990,#103,.T.);
#3792=EDGE_CURVE('',#2990,#2989,#1678,.T.);
#3793=EDGE_CURVE('',#2974,#2991,#104,.T.);
#3794=EDGE_CURVE('',#2991,#2990,#105,.T.);
#3795=EDGE_CURVE('',#2973,#2992,#106,.T.);
#3796=EDGE_CURVE('',#2992,#2991,#1679,.T.);
#3797=EDGE_CURVE('',#2972,#2993,#107,.T.);
#3798=EDGE_CURVE('',#2993,#2992,#108,.T.);
#3799=EDGE_CURVE('',#2971,#2994,#109,.T.);
#3800=EDGE_CURVE('',#2994,#2993,#1680,.T.);
#3801=EDGE_CURVE('',#2970,#2995,#110,.T.);
#3802=EDGE_CURVE('',#2995,#2994,#111,.T.);
#3803=EDGE_CURVE('',#2969,#2996,#112,.T.);
#3804=EDGE_CURVE('',#2996,#2995,#1681,.T.);
#3805=EDGE_CURVE('',#2968,#2997,#113,.T.);
#3806=EDGE_CURVE('',#2997,#2996,#114,.T.);
#3807=EDGE_CURVE('',#2967,#2998,#115,.T.);
#3808=EDGE_CURVE('',#2998,#2997,#1682,.T.);
#3809=EDGE_CURVE('',#2966,#2999,#116,.T.);
#3810=EDGE_CURVE('',#2999,#2998,#117,.T.);
#3811=EDGE_CURVE('',#2965,#3000,#118,.T.);
#3812=EDGE_CURVE('',#3000,#2999,#1683,.T.);
#3813=EDGE_CURVE('',#2964,#3001,#119,.T.);
#3814=EDGE_CURVE('',#3001,#3000,#120,.T.);
#3815=EDGE_CURVE('',#2963,#3002,#121,.T.);
#3816=EDGE_CURVE('',#3002,#3001,#1684,.T.);
#3817=EDGE_CURVE('',#2962,#3003,#122,.T.);
#3818=EDGE_CURVE('',#3003,#3002,#123,.T.);
#3819=EDGE_CURVE('',#2961,#3004,#124,.T.);
#3820=EDGE_CURVE('',#3004,#3003,#125,.T.);
#3821=EDGE_CURVE('',#2982,#3004,#1685,.T.);
#3822=EDGE_CURVE('',#2995,#3005,#1686,.T.);
#3823=EDGE_CURVE('',#3005,#3006,#126,.T.);
#3824=EDGE_CURVE('',#3006,#2994,#1687,.T.);
#3825=EDGE_CURVE('',#3007,#2996,#1688,.T.);
#3826=EDGE_CURVE('',#3005,#3007,#1689,.T.);
#3827=EDGE_CURVE('',#2997,#3008,#1690,.T.);
#3828=EDGE_CURVE('',#3008,#3007,#127,.T.);
#3829=EDGE_CURVE('',#3009,#2998,#1691,.T.);
#3830=EDGE_CURVE('',#3008,#3009,#1692,.T.);
#3831=EDGE_CURVE('',#2999,#3010,#1693,.T.);
#3832=EDGE_CURVE('',#3010,#3009,#128,.T.);
#3833=EDGE_CURVE('',#3011,#3000,#1694,.T.);
#3834=EDGE_CURVE('',#3010,#3011,#1695,.T.);
#3835=EDGE_CURVE('',#3001,#3012,#1696,.T.);
#3836=EDGE_CURVE('',#3012,#3011,#129,.T.);
#3837=EDGE_CURVE('',#3013,#3002,#1697,.T.);
#3838=EDGE_CURVE('',#3014,#3013,#1698,.T.);
#3839=EDGE_CURVE('',#3012,#3014,#1699,.T.);
#3840=EDGE_CURVE('',#3003,#3015,#1700,.T.);
#3841=EDGE_CURVE('',#3013,#3015,#130,.F.);
#3842=EDGE_CURVE('',#3004,#3016,#1701,.T.);
#3843=EDGE_CURVE('',#3016,#3015,#131,.T.);
#3844=EDGE_CURVE('',#3017,#2982,#1702,.T.);
#3845=EDGE_CURVE('',#3016,#3017,#1703,.T.);
#3846=EDGE_CURVE('',#2983,#3018,#1704,.T.);
#3847=EDGE_CURVE('',#3018,#3017,#132,.T.);
#3848=EDGE_CURVE('',#2945,#3019,#1705,.T.);
#3849=EDGE_CURVE('',#3019,#3020,#133,.T.);
#3850=EDGE_CURVE('',#3020,#2943,#1706,.T.);
#3851=EDGE_CURVE('',#3021,#2947,#1707,.T.);
#3852=EDGE_CURVE('',#3019,#3021,#1708,.T.);
#3853=EDGE_CURVE('',#2958,#3020,#1709,.T.);
#3854=EDGE_CURVE('',#2955,#3021,#134,.T.);
#3855=EDGE_CURVE('',#2993,#3022,#1710,.T.);
#3856=EDGE_CURVE('',#3022,#3023,#135,.T.);
#3857=EDGE_CURVE('',#3023,#2992,#1711,.T.);
#3858=EDGE_CURVE('',#3024,#3023,#1712,.T.);
#3859=EDGE_CURVE('',#2991,#3024,#1713,.T.);
#3860=EDGE_CURVE('',#3024,#3025,#136,.T.);
#3861=EDGE_CURVE('',#3025,#2990,#1714,.T.);
#3862=EDGE_CURVE('',#3026,#3025,#1715,.T.);
#3863=EDGE_CURVE('',#2989,#3026,#1716,.T.);
#3864=EDGE_CURVE('',#3026,#3027,#137,.T.);
#3865=EDGE_CURVE('',#3027,#2988,#1717,.T.);
#3866=EDGE_CURVE('',#3028,#2984,#1718,.T.);
#3867=EDGE_CURVE('',#3018,#3028,#1719,.T.);
#3868=EDGE_CURVE('',#2985,#3029,#1720,.T.);
#3869=EDGE_CURVE('',#3029,#3028,#138,.T.);
#3870=EDGE_CURVE('',#2987,#3030,#1721,.T.);
#3871=EDGE_CURVE('',#3030,#3031,#139,.T.);
#3872=EDGE_CURVE('',#3031,#2986,#1722,.T.);
#3873=EDGE_CURVE('',#3029,#3031,#1723,.T.);
#3874=EDGE_CURVE('',#3030,#3027,#1724,.T.);
#3875=EDGE_CURVE('',#3022,#3006,#1725,.T.);
#3876=EDGE_CURVE('',#3032,#3033,#1726,.T.);
#3877=EDGE_CURVE('',#3034,#3032,#1727,.T.);
#3878=EDGE_CURVE('',#3034,#3035,#1728,.T.);
#3879=EDGE_CURVE('',#3033,#3035,#1729,.T.);
#3880=EDGE_CURVE('',#3036,#3037,#1730,.T.);
#3881=EDGE_CURVE('',#3038,#3036,#1731,.T.);
#3882=EDGE_CURVE('',#3038,#3039,#1732,.T.);
#3883=EDGE_CURVE('',#3037,#3039,#1733,.T.);
#3884=EDGE_CURVE('',#3040,#3041,#1734,.T.);
#3885=EDGE_CURVE('',#3042,#3040,#1735,.T.);
#3886=EDGE_CURVE('',#3043,#3042,#1736,.T.);
#3887=EDGE_CURVE('',#3043,#3041,#1737,.T.);
#3888=EDGE_CURVE('',#3044,#3045,#1738,.T.);
#3889=EDGE_CURVE('',#3046,#3044,#1739,.T.);
#3890=EDGE_CURVE('',#3047,#3046,#1740,.T.);
#3891=EDGE_CURVE('',#3047,#3045,#1741,.T.);
#3892=EDGE_CURVE('',#3048,#3047,#140,.T.);
#3893=EDGE_CURVE('',#3046,#3049,#141,.T.);
#3894=EDGE_CURVE('',#3049,#3048,#1742,.T.);
#3895=EDGE_CURVE('',#3050,#3051,#1743,.T.);
#3896=EDGE_CURVE('',#3050,#3052,#142,.T.);
#3897=EDGE_CURVE('',#3052,#3053,#1744,.T.);
#3898=EDGE_CURVE('',#3053,#3051,#143,.T.);
#3899=EDGE_CURVE('',#3054,#3055,#1745,.T.);
#3900=EDGE_CURVE('',#3054,#3048,#1746,.T.);
#3901=EDGE_CURVE('',#3056,#3049,#1747,.T.);
#3902=EDGE_CURVE('',#3055,#3056,#1748,.T.);
#3903=EDGE_CURVE('',#3055,#3050,#144,.T.);
#3904=EDGE_CURVE('',#3054,#3051,#145,.F.);
#3905=EDGE_CURVE('',#3045,#3057,#146,.T.);
#3906=EDGE_CURVE('',#3057,#3058,#1749,.T.);
#3907=EDGE_CURVE('',#3058,#3044,#147,.T.);
#3908=EDGE_CURVE('',#3059,#3060,#1750,.T.);
#3909=EDGE_CURVE('',#3058,#3059,#1751,.T.);
#3910=EDGE_CURVE('',#3057,#3060,#1752,.T.);
#3911=EDGE_CURVE('',#3042,#3059,#148,.T.);
#3912=EDGE_CURVE('',#3060,#3043,#149,.T.);
#3913=EDGE_CURVE('',#3061,#3062,#1753,.T.);
#3914=EDGE_CURVE('',#3063,#3061,#1754,.T.);
#3915=EDGE_CURVE('',#3064,#3063,#1755,.T.);
#3916=EDGE_CURVE('',#3064,#3062,#1756,.T.);
#3917=EDGE_CURVE('',#3063,#3065,#150,.T.);
#3918=EDGE_CURVE('',#3065,#3066,#1757,.T.);
#3919=EDGE_CURVE('',#3066,#3064,#151,.T.);
#3920=EDGE_CURVE('',#3067,#3068,#1758,.T.);
#3921=EDGE_CURVE('',#3069,#3067,#1759,.T.);
#3922=EDGE_CURVE('',#3070,#3069,#1760,.T.);
#3923=EDGE_CURVE('',#3070,#3068,#1761,.T.);
#3924=EDGE_CURVE('',#3069,#3071,#152,.T.);
#3925=EDGE_CURVE('',#3071,#3072,#1762,.T.);
#3926=EDGE_CURVE('',#3072,#3070,#153,.T.);
#3927=EDGE_CURVE('',#3073,#3074,#1763,.T.);
#3928=EDGE_CURVE('',#3075,#3073,#1764,.T.);
#3929=EDGE_CURVE('',#3076,#3075,#1765,.T.);
#3930=EDGE_CURVE('',#3076,#3074,#1766,.T.);
#3931=EDGE_CURVE('',#3062,#3076,#154,.T.);
#3932=EDGE_CURVE('',#3075,#3061,#155,.T.);
#3933=EDGE_CURVE('',#3077,#3078,#1767,.T.);
#3934=EDGE_CURVE('',#3077,#3053,#1768,.T.);
#3935=EDGE_CURVE('',#3078,#3052,#1769,.T.);
#3936=EDGE_CURVE('',#3074,#3077,#156,.T.);
#3937=EDGE_CURVE('',#3078,#3073,#157,.T.);
#3938=EDGE_CURVE('',#3079,#3080,#1770,.T.);
#3939=EDGE_CURVE('',#3079,#3072,#1771,.T.);
#3940=EDGE_CURVE('',#3080,#3071,#1772,.T.);
#3941=EDGE_CURVE('',#3081,#3079,#158,.T.);
#3942=EDGE_CURVE('',#3080,#3082,#159,.T.);
#3943=EDGE_CURVE('',#3082,#3081,#1773,.T.);
#3944=EDGE_CURVE('',#3083,#3084,#1774,.T.);
#3945=EDGE_CURVE('',#3083,#3081,#1775,.T.);
#3946=EDGE_CURVE('',#3084,#3082,#1776,.T.);
#3947=EDGE_CURVE('',#3041,#3083,#160,.T.);
#3948=EDGE_CURVE('',#3084,#3040,#161,.T.);
#3949=EDGE_CURVE('',#3085,#3086,#1777,.T.);
#3950=EDGE_CURVE('',#3087,#3085,#1778,.T.);
#3951=EDGE_CURVE('',#3087,#3088,#1779,.T.);
#3952=EDGE_CURVE('',#3086,#3088,#1780,.T.);
#3953=EDGE_CURVE('',#3089,#3085,#162,.T.);
#3954=EDGE_CURVE('',#3089,#3090,#1781,.T.);
#3955=EDGE_CURVE('',#3090,#3087,#163,.T.);
#3956=EDGE_CURVE('',#3086,#3091,#164,.T.);
#3957=EDGE_CURVE('',#3088,#3092,#165,.T.);
#3958=EDGE_CURVE('',#3091,#3092,#1782,.T.);
#3959=EDGE_CURVE('',#3091,#3093,#166,.T.);
#3960=EDGE_CURVE('',#3092,#3094,#167,.T.);
#3961=EDGE_CURVE('',#3094,#3093,#1783,.T.);
#3962=EDGE_CURVE('',#3095,#3089,#1784,.T.);
#3963=EDGE_CURVE('',#3096,#3095,#1785,.T.);
#3964=EDGE_CURVE('',#3096,#3090,#1786,.T.);
#3965=EDGE_CURVE('',#3097,#3095,#168,.T.);
#3966=EDGE_CURVE('',#3097,#3098,#1787,.T.);
#3967=EDGE_CURVE('',#3098,#3096,#169,.T.);
#3968=EDGE_CURVE('',#3099,#3036,#170,.T.);
#3969=EDGE_CURVE('',#3099,#3100,#1788,.T.);
#3970=EDGE_CURVE('',#3100,#3038,#171,.T.);
#3971=EDGE_CURVE('',#3101,#3099,#1789,.T.);
#3972=EDGE_CURVE('',#3102,#3101,#1790,.T.);
#3973=EDGE_CURVE('',#3102,#3100,#1791,.T.);
#3974=EDGE_CURVE('',#3103,#3101,#172,.T.);
#3975=EDGE_CURVE('',#3103,#3104,#1792,.T.);
#3976=EDGE_CURVE('',#3104,#3102,#173,.T.);
#3977=EDGE_CURVE('',#3105,#3097,#1793,.T.);
#3978=EDGE_CURVE('',#3106,#3105,#1794,.T.);
#3979=EDGE_CURVE('',#3106,#3098,#1795,.T.);
#3980=EDGE_CURVE('',#3037,#3105,#174,.T.);
#3981=EDGE_CURVE('',#3039,#3106,#175,.T.);
#3982=EDGE_CURVE('',#3107,#3108,#1796,.T.);
#3983=EDGE_CURVE('',#3107,#3066,#1797,.T.);
#3984=EDGE_CURVE('',#3108,#3065,#1798,.T.);
#3985=EDGE_CURVE('',#3068,#3107,#176,.T.);
#3986=EDGE_CURVE('',#3108,#3067,#177,.T.);
#3987=EDGE_CURVE('',#3109,#3103,#1799,.T.);
#3988=EDGE_CURVE('',#3110,#3109,#1800,.T.);
#3989=EDGE_CURVE('',#3110,#3104,#1801,.T.);
#3990=EDGE_CURVE('',#3033,#3109,#178,.T.);
#3991=EDGE_CURVE('',#3035,#3110,#179,.T.);
#3992=EDGE_CURVE('',#3111,#3112,#180,.T.);
#3993=EDGE_CURVE('',#3113,#3111,#1802,.T.);
#3994=EDGE_CURVE('',#3114,#3113,#181,.T.);
#3995=EDGE_CURVE('',#3115,#3114,#1803,.T.);
#3996=EDGE_CURVE('',#3116,#3115,#182,.T.);
#3997=EDGE_CURVE('',#3117,#3116,#1804,.T.);
#3998=EDGE_CURVE('',#3118,#3117,#183,.T.);
#3999=EDGE_CURVE('',#3119,#3118,#1805,.T.);
#4000=EDGE_CURVE('',#3119,#3120,#184,.F.);
#4001=EDGE_CURVE('',#3121,#3120,#185,.T.);
#4002=EDGE_CURVE('',#3094,#3121,#1806,.T.);
#4003=EDGE_CURVE('',#3122,#3034,#186,.T.);
#4004=EDGE_CURVE('',#3123,#3122,#1807,.T.);
#4005=EDGE_CURVE('',#3124,#3123,#187,.T.);
#4006=EDGE_CURVE('',#3112,#3124,#1808,.T.);
#4007=EDGE_CURVE('',#3125,#3125,#188,.T.);
#4008=EDGE_CURVE('',#3126,#3126,#189,.T.);
#4009=EDGE_CURVE('',#3127,#3127,#190,.F.);
#4010=EDGE_CURVE('',#3128,#3128,#191,.F.);
#4011=EDGE_CURVE('',#3129,#3129,#192,.F.);
#4012=EDGE_CURVE('',#3130,#3130,#193,.F.);
#4013=EDGE_CURVE('',#3131,#3131,#194,.F.);
#4014=EDGE_CURVE('',#3132,#3132,#195,.F.);
#4015=EDGE_CURVE('',#3133,#3133,#196,.T.);
#4016=EDGE_CURVE('',#3133,#3130,#1809,.T.);
#4017=EDGE_CURVE('',#3134,#3134,#197,.T.);
#4018=EDGE_CURVE('',#3134,#3129,#1810,.T.);
#4019=EDGE_CURVE('',#3135,#3135,#198,.T.);
#4020=EDGE_CURVE('',#3135,#3128,#1811,.T.);
#4021=EDGE_CURVE('',#3136,#3136,#199,.T.);
#4022=EDGE_CURVE('',#3136,#3127,#1812,.T.);
#4023=EDGE_CURVE('',#3137,#3137,#200,.T.);
#4024=EDGE_CURVE('',#3137,#3126,#1813,.T.);
#4025=EDGE_CURVE('',#3138,#3138,#201,.T.);
#4026=EDGE_CURVE('',#3138,#3125,#1814,.T.);
#4027=EDGE_CURVE('',#3139,#3139,#202,.T.);
#4028=EDGE_CURVE('',#3139,#3131,#1815,.T.);
#4029=EDGE_CURVE('',#3140,#3140,#203,.T.);
#4030=EDGE_CURVE('',#3140,#3132,#1816,.T.);
#4031=EDGE_CURVE('',#3141,#3142,#204,.T.);
#4032=EDGE_CURVE('',#3143,#3141,#1817,.T.);
#4033=EDGE_CURVE('',#3144,#3143,#205,.T.);
#4034=EDGE_CURVE('',#3145,#3144,#1818,.T.);
#4035=EDGE_CURVE('',#3146,#3145,#206,.T.);
#4036=EDGE_CURVE('',#3147,#3146,#1819,.T.);
#4037=EDGE_CURVE('',#3148,#3147,#207,.T.);
#4038=EDGE_CURVE('',#3149,#3148,#1820,.T.);
#4039=EDGE_CURVE('',#3150,#3149,#208,.T.);
#4040=EDGE_CURVE('',#3151,#3150,#1821,.T.);
#4041=EDGE_CURVE('',#3152,#3151,#209,.T.);
#4042=EDGE_CURVE('',#3153,#3152,#1822,.T.);
#4043=EDGE_CURVE('',#3154,#3153,#210,.T.);
#4044=EDGE_CURVE('',#3155,#3154,#1823,.T.);
#4045=EDGE_CURVE('',#3156,#3155,#211,.T.);
#4046=EDGE_CURVE('',#3157,#3156,#1824,.T.);
#4047=EDGE_CURVE('',#3158,#3157,#212,.T.);
#4048=EDGE_CURVE('',#3159,#3158,#1825,.T.);
#4049=EDGE_CURVE('',#3160,#3159,#213,.T.);
#4050=EDGE_CURVE('',#3161,#3160,#1826,.T.);
#4051=EDGE_CURVE('',#3162,#3161,#214,.T.);
#4052=EDGE_CURVE('',#3163,#3162,#1827,.T.);
#4053=EDGE_CURVE('',#3164,#3163,#215,.T.);
#4054=EDGE_CURVE('',#3165,#3164,#1828,.T.);
#4055=EDGE_CURVE('',#3166,#3165,#216,.T.);
#4056=EDGE_CURVE('',#3167,#3166,#1829,.T.);
#4057=EDGE_CURVE('',#3168,#3167,#217,.T.);
#4058=EDGE_CURVE('',#3142,#3168,#1830,.T.);
#4059=EDGE_CURVE('',#3093,#3169,#1831,.T.);
#4060=EDGE_CURVE('',#3169,#3121,#1832,.T.);
#4061=EDGE_CURVE('',#3169,#3170,#218,.T.);
#4062=EDGE_CURVE('',#3120,#3170,#1833,.T.);
#4063=EDGE_CURVE('',#3170,#3171,#219,.T.);
#4064=EDGE_CURVE('',#3119,#3171,#1834,.T.);
#4065=EDGE_CURVE('',#3171,#3172,#1835,.T.);
#4066=EDGE_CURVE('',#3172,#3118,#1836,.T.);
#4067=EDGE_CURVE('',#3172,#3173,#220,.T.);
#4068=EDGE_CURVE('',#3117,#3173,#1837,.T.);
#4069=EDGE_CURVE('',#3173,#3174,#1838,.T.);
#4070=EDGE_CURVE('',#3174,#3116,#1839,.T.);
#4071=EDGE_CURVE('',#3174,#3175,#221,.T.);
#4072=EDGE_CURVE('',#3115,#3175,#1840,.T.);
#4073=EDGE_CURVE('',#3175,#3176,#1841,.T.);
#4074=EDGE_CURVE('',#3176,#3114,#1842,.T.);
#4075=EDGE_CURVE('',#3176,#3177,#222,.T.);
#4076=EDGE_CURVE('',#3113,#3177,#1843,.T.);
#4077=EDGE_CURVE('',#3177,#3178,#1844,.T.);
#4078=EDGE_CURVE('',#3178,#3111,#1845,.T.);
#4079=EDGE_CURVE('',#3178,#3179,#223,.T.);
#4080=EDGE_CURVE('',#3112,#3179,#1846,.T.);
#4081=EDGE_CURVE('',#3179,#3180,#1847,.T.);
#4082=EDGE_CURVE('',#3180,#3124,#1848,.T.);
#4083=EDGE_CURVE('',#3180,#3181,#224,.T.);
#4084=EDGE_CURVE('',#3123,#3181,#1849,.T.);
#4085=EDGE_CURVE('',#3181,#3182,#1850,.T.);
#4086=EDGE_CURVE('',#3182,#3122,#1851,.T.);
#4087=EDGE_CURVE('',#3182,#3032,#225,.T.);
#4088=EDGE_CURVE('',#3091,#3141,#226,.T.);
#4089=EDGE_CURVE('',#3141,#3093,#227,.T.);
#4090=EDGE_CURVE('',#3169,#3143,#228,.T.);
#4091=EDGE_CURVE('',#3143,#3170,#229,.T.);
#4092=EDGE_CURVE('',#3151,#3178,#230,.T.);
#4093=EDGE_CURVE('',#3177,#3150,#231,.T.);
#4094=EDGE_CURVE('',#3152,#3179,#232,.T.);
#4095=EDGE_CURVE('',#3153,#3180,#233,.T.);
#4096=EDGE_CURVE('',#3154,#3181,#234,.T.);
#4097=EDGE_CURVE('',#3155,#3182,#235,.T.);
#4098=EDGE_CURVE('',#3156,#3032,#236,.T.);
#4099=EDGE_CURVE('',#3157,#3033,#237,.T.);
#4100=EDGE_CURVE('',#3158,#3109,#238,.T.);
#4101=EDGE_CURVE('',#3159,#3103,#239,.T.);
#4102=EDGE_CURVE('',#3160,#3101,#240,.T.);
#4103=EDGE_CURVE('',#3161,#3099,#241,.T.);
#4104=EDGE_CURVE('',#3162,#3036,#242,.T.);
#4105=EDGE_CURVE('',#3163,#3037,#243,.T.);
#4106=EDGE_CURVE('',#3164,#3105,#244,.T.);
#4107=EDGE_CURVE('',#3165,#3097,#245,.T.);
#4108=EDGE_CURVE('',#3166,#3095,#246,.T.);
#4109=EDGE_CURVE('',#3167,#3089,#247,.T.);
#4110=EDGE_CURVE('',#3168,#3085,#248,.T.);
#4111=EDGE_CURVE('',#3142,#3086,#249,.T.);
#4112=EDGE_CURVE('',#3144,#3171,#250,.T.);
#4113=EDGE_CURVE('',#3145,#3172,#251,.T.);
#4114=EDGE_CURVE('',#3146,#3173,#252,.T.);
#4115=EDGE_CURVE('',#3147,#3174,#253,.T.);
#4116=EDGE_CURVE('',#3148,#3175,#254,.T.);
#4117=EDGE_CURVE('',#3149,#3176,#255,.T.);
#4118=ORIENTED_EDGE('',*,*,#3183,.F.);
#4119=ORIENTED_EDGE('',*,*,#3184,.T.);
#4120=ORIENTED_EDGE('',*,*,#3185,.T.);
#4121=ORIENTED_EDGE('',*,*,#3186,.F.);
#4122=ORIENTED_EDGE('',*,*,#3187,.F.);
#4123=ORIENTED_EDGE('',*,*,#3188,.T.);
#4124=ORIENTED_EDGE('',*,*,#3189,.T.);
#4125=ORIENTED_EDGE('',*,*,#3184,.F.);
#4126=ORIENTED_EDGE('',*,*,#3190,.F.);
#4127=ORIENTED_EDGE('',*,*,#3191,.T.);
#4128=ORIENTED_EDGE('',*,*,#3192,.T.);
#4129=ORIENTED_EDGE('',*,*,#3188,.F.);
#4130=ORIENTED_EDGE('',*,*,#3193,.F.);
#4131=ORIENTED_EDGE('',*,*,#3194,.T.);
#4132=ORIENTED_EDGE('',*,*,#3195,.T.);
#4133=ORIENTED_EDGE('',*,*,#3191,.F.);
#4134=ORIENTED_EDGE('',*,*,#3196,.F.);
#4135=ORIENTED_EDGE('',*,*,#3197,.T.);
#4136=ORIENTED_EDGE('',*,*,#3198,.T.);
#4137=ORIENTED_EDGE('',*,*,#3194,.F.);
#4138=ORIENTED_EDGE('',*,*,#3199,.F.);
#4139=ORIENTED_EDGE('',*,*,#3200,.T.);
#4140=ORIENTED_EDGE('',*,*,#3201,.T.);
#4141=ORIENTED_EDGE('',*,*,#3197,.F.);
#4142=ORIENTED_EDGE('',*,*,#3202,.F.);
#4143=ORIENTED_EDGE('',*,*,#3203,.T.);
#4144=ORIENTED_EDGE('',*,*,#3204,.T.);
#4145=ORIENTED_EDGE('',*,*,#3200,.F.);
#4146=ORIENTED_EDGE('',*,*,#3205,.F.);
#4147=ORIENTED_EDGE('',*,*,#3206,.T.);
#4148=ORIENTED_EDGE('',*,*,#3207,.T.);
#4149=ORIENTED_EDGE('',*,*,#3203,.F.);
#4150=ORIENTED_EDGE('',*,*,#3208,.F.);
#4151=ORIENTED_EDGE('',*,*,#3209,.T.);
#4152=ORIENTED_EDGE('',*,*,#3210,.T.);
#4153=ORIENTED_EDGE('',*,*,#3206,.F.);
#4154=ORIENTED_EDGE('',*,*,#3211,.F.);
#4155=ORIENTED_EDGE('',*,*,#3212,.T.);
#4156=ORIENTED_EDGE('',*,*,#3213,.T.);
#4157=ORIENTED_EDGE('',*,*,#3209,.F.);
#4158=ORIENTED_EDGE('',*,*,#3214,.F.);
#4159=ORIENTED_EDGE('',*,*,#3215,.T.);
#4160=ORIENTED_EDGE('',*,*,#3216,.T.);
#4161=ORIENTED_EDGE('',*,*,#3212,.F.);
#4162=ORIENTED_EDGE('',*,*,#3217,.F.);
#4163=ORIENTED_EDGE('',*,*,#3218,.T.);
#4164=ORIENTED_EDGE('',*,*,#3219,.T.);
#4165=ORIENTED_EDGE('',*,*,#3215,.F.);
#4166=ORIENTED_EDGE('',*,*,#3220,.F.);
#4167=ORIENTED_EDGE('',*,*,#3221,.T.);
#4168=ORIENTED_EDGE('',*,*,#3222,.T.);
#4169=ORIENTED_EDGE('',*,*,#3218,.F.);
#4170=ORIENTED_EDGE('',*,*,#3223,.F.);
#4171=ORIENTED_EDGE('',*,*,#3224,.T.);
#4172=ORIENTED_EDGE('',*,*,#3225,.T.);
#4173=ORIENTED_EDGE('',*,*,#3221,.F.);
#4174=ORIENTED_EDGE('',*,*,#3226,.F.);
#4175=ORIENTED_EDGE('',*,*,#3227,.T.);
#4176=ORIENTED_EDGE('',*,*,#3228,.T.);
#4177=ORIENTED_EDGE('',*,*,#3224,.F.);
#4178=ORIENTED_EDGE('',*,*,#3229,.F.);
#4179=ORIENTED_EDGE('',*,*,#3230,.T.);
#4180=ORIENTED_EDGE('',*,*,#3231,.T.);
#4181=ORIENTED_EDGE('',*,*,#3227,.F.);
#4182=ORIENTED_EDGE('',*,*,#3232,.F.);
#4183=ORIENTED_EDGE('',*,*,#3233,.T.);
#4184=ORIENTED_EDGE('',*,*,#3234,.T.);
#4185=ORIENTED_EDGE('',*,*,#3230,.F.);
#4186=ORIENTED_EDGE('',*,*,#3235,.F.);
#4187=ORIENTED_EDGE('',*,*,#3236,.T.);
#4188=ORIENTED_EDGE('',*,*,#3237,.T.);
#4189=ORIENTED_EDGE('',*,*,#3233,.F.);
#4190=ORIENTED_EDGE('',*,*,#3238,.F.);
#4191=ORIENTED_EDGE('',*,*,#3239,.T.);
#4192=ORIENTED_EDGE('',*,*,#3240,.T.);
#4193=ORIENTED_EDGE('',*,*,#3236,.F.);
#4194=ORIENTED_EDGE('',*,*,#3241,.F.);
#4195=ORIENTED_EDGE('',*,*,#3242,.T.);
#4196=ORIENTED_EDGE('',*,*,#3243,.T.);
#4197=ORIENTED_EDGE('',*,*,#3239,.F.);
#4198=ORIENTED_EDGE('',*,*,#3244,.F.);
#4199=ORIENTED_EDGE('',*,*,#3186,.T.);
#4200=ORIENTED_EDGE('',*,*,#3245,.T.);
#4201=ORIENTED_EDGE('',*,*,#3242,.F.);
#4202=ORIENTED_EDGE('',*,*,#3245,.F.);
#4203=ORIENTED_EDGE('',*,*,#3185,.F.);
#4204=ORIENTED_EDGE('',*,*,#3189,.F.);
#4205=ORIENTED_EDGE('',*,*,#3192,.F.);
#4206=ORIENTED_EDGE('',*,*,#3195,.F.);
#4207=ORIENTED_EDGE('',*,*,#3198,.F.);
#4208=ORIENTED_EDGE('',*,*,#3201,.F.);
#4209=ORIENTED_EDGE('',*,*,#3204,.F.);
#4210=ORIENTED_EDGE('',*,*,#3207,.F.);
#4211=ORIENTED_EDGE('',*,*,#3210,.F.);
#4212=ORIENTED_EDGE('',*,*,#3213,.F.);
#4213=ORIENTED_EDGE('',*,*,#3216,.F.);
#4214=ORIENTED_EDGE('',*,*,#3219,.F.);
#4215=ORIENTED_EDGE('',*,*,#3222,.F.);
#4216=ORIENTED_EDGE('',*,*,#3225,.F.);
#4217=ORIENTED_EDGE('',*,*,#3228,.F.);
#4218=ORIENTED_EDGE('',*,*,#3231,.F.);
#4219=ORIENTED_EDGE('',*,*,#3234,.F.);
#4220=ORIENTED_EDGE('',*,*,#3237,.F.);
#4221=ORIENTED_EDGE('',*,*,#3240,.F.);
#4222=ORIENTED_EDGE('',*,*,#3243,.F.);
#4223=ORIENTED_EDGE('',*,*,#3246,.F.);
#4224=ORIENTED_EDGE('',*,*,#3247,.T.);
#4225=ORIENTED_EDGE('',*,*,#3248,.T.);
#4226=ORIENTED_EDGE('',*,*,#3249,.F.);
#4227=ORIENTED_EDGE('',*,*,#3250,.F.);
#4228=ORIENTED_EDGE('',*,*,#3251,.T.);
#4229=ORIENTED_EDGE('',*,*,#3252,.T.);
#4230=ORIENTED_EDGE('',*,*,#3247,.F.);
#4231=ORIENTED_EDGE('',*,*,#3253,.F.);
#4232=ORIENTED_EDGE('',*,*,#3254,.T.);
#4233=ORIENTED_EDGE('',*,*,#3255,.T.);
#4234=ORIENTED_EDGE('',*,*,#3251,.F.);
#4235=ORIENTED_EDGE('',*,*,#3256,.F.);
#4236=ORIENTED_EDGE('',*,*,#3257,.T.);
#4237=ORIENTED_EDGE('',*,*,#3258,.T.);
#4238=ORIENTED_EDGE('',*,*,#3254,.F.);
#4239=ORIENTED_EDGE('',*,*,#3259,.F.);
#4240=ORIENTED_EDGE('',*,*,#3260,.T.);
#4241=ORIENTED_EDGE('',*,*,#3261,.T.);
#4242=ORIENTED_EDGE('',*,*,#3257,.F.);
#4243=ORIENTED_EDGE('',*,*,#3262,.F.);
#4244=ORIENTED_EDGE('',*,*,#3263,.T.);
#4245=ORIENTED_EDGE('',*,*,#3264,.T.);
#4246=ORIENTED_EDGE('',*,*,#3260,.F.);
#4247=ORIENTED_EDGE('',*,*,#3265,.F.);
#4248=ORIENTED_EDGE('',*,*,#3266,.T.);
#4249=ORIENTED_EDGE('',*,*,#3267,.T.);
#4250=ORIENTED_EDGE('',*,*,#3263,.F.);
#4251=ORIENTED_EDGE('',*,*,#3268,.F.);
#4252=ORIENTED_EDGE('',*,*,#3269,.T.);
#4253=ORIENTED_EDGE('',*,*,#3270,.T.);
#4254=ORIENTED_EDGE('',*,*,#3266,.F.);
#4255=ORIENTED_EDGE('',*,*,#3271,.F.);
#4256=ORIENTED_EDGE('',*,*,#3272,.T.);
#4257=ORIENTED_EDGE('',*,*,#3273,.T.);
#4258=ORIENTED_EDGE('',*,*,#3269,.F.);
#4259=ORIENTED_EDGE('',*,*,#3274,.F.);
#4260=ORIENTED_EDGE('',*,*,#3249,.T.);
#4261=ORIENTED_EDGE('',*,*,#3275,.T.);
#4262=ORIENTED_EDGE('',*,*,#3272,.F.);
#4263=ORIENTED_EDGE('',*,*,#3275,.F.);
#4264=ORIENTED_EDGE('',*,*,#3248,.F.);
#4265=ORIENTED_EDGE('',*,*,#3252,.F.);
#4266=ORIENTED_EDGE('',*,*,#3255,.F.);
#4267=ORIENTED_EDGE('',*,*,#3258,.F.);
#4268=ORIENTED_EDGE('',*,*,#3261,.F.);
#4269=ORIENTED_EDGE('',*,*,#3264,.F.);
#4270=ORIENTED_EDGE('',*,*,#3267,.F.);
#4271=ORIENTED_EDGE('',*,*,#3270,.F.);
#4272=ORIENTED_EDGE('',*,*,#3273,.F.);
#4273=ORIENTED_EDGE('',*,*,#3276,.F.);
#4274=ORIENTED_EDGE('',*,*,#3277,.T.);
#4275=ORIENTED_EDGE('',*,*,#3278,.T.);
#4276=ORIENTED_EDGE('',*,*,#3279,.F.);
#4277=ORIENTED_EDGE('',*,*,#3280,.F.);
#4278=ORIENTED_EDGE('',*,*,#3281,.T.);
#4279=ORIENTED_EDGE('',*,*,#3282,.T.);
#4280=ORIENTED_EDGE('',*,*,#3277,.F.);
#4281=ORIENTED_EDGE('',*,*,#3283,.F.);
#4282=ORIENTED_EDGE('',*,*,#3284,.T.);
#4283=ORIENTED_EDGE('',*,*,#3285,.T.);
#4284=ORIENTED_EDGE('',*,*,#3281,.F.);
#4285=ORIENTED_EDGE('',*,*,#3286,.F.);
#4286=ORIENTED_EDGE('',*,*,#3287,.T.);
#4287=ORIENTED_EDGE('',*,*,#3288,.T.);
#4288=ORIENTED_EDGE('',*,*,#3284,.F.);
#4289=ORIENTED_EDGE('',*,*,#3289,.F.);
#4290=ORIENTED_EDGE('',*,*,#3290,.T.);
#4291=ORIENTED_EDGE('',*,*,#3291,.T.);
#4292=ORIENTED_EDGE('',*,*,#3287,.F.);
#4293=ORIENTED_EDGE('',*,*,#3292,.F.);
#4294=ORIENTED_EDGE('',*,*,#3293,.T.);
#4295=ORIENTED_EDGE('',*,*,#3294,.T.);
#4296=ORIENTED_EDGE('',*,*,#3290,.F.);
#4297=ORIENTED_EDGE('',*,*,#3295,.F.);
#4298=ORIENTED_EDGE('',*,*,#3296,.T.);
#4299=ORIENTED_EDGE('',*,*,#3297,.T.);
#4300=ORIENTED_EDGE('',*,*,#3293,.F.);
#4301=ORIENTED_EDGE('',*,*,#3298,.F.);
#4302=ORIENTED_EDGE('',*,*,#3299,.T.);
#4303=ORIENTED_EDGE('',*,*,#3300,.T.);
#4304=ORIENTED_EDGE('',*,*,#3296,.F.);
#4305=ORIENTED_EDGE('',*,*,#3301,.F.);
#4306=ORIENTED_EDGE('',*,*,#3279,.T.);
#4307=ORIENTED_EDGE('',*,*,#3302,.T.);
#4308=ORIENTED_EDGE('',*,*,#3299,.F.);
#4309=ORIENTED_EDGE('',*,*,#3302,.F.);
#4310=ORIENTED_EDGE('',*,*,#3278,.F.);
#4311=ORIENTED_EDGE('',*,*,#3282,.F.);
#4312=ORIENTED_EDGE('',*,*,#3285,.F.);
#4313=ORIENTED_EDGE('',*,*,#3288,.F.);
#4314=ORIENTED_EDGE('',*,*,#3291,.F.);
#4315=ORIENTED_EDGE('',*,*,#3294,.F.);
#4316=ORIENTED_EDGE('',*,*,#3297,.F.);
#4317=ORIENTED_EDGE('',*,*,#3300,.F.);
#4318=ORIENTED_EDGE('',*,*,#3303,.F.);
#4319=ORIENTED_EDGE('',*,*,#3304,.T.);
#4320=ORIENTED_EDGE('',*,*,#3305,.T.);
#4321=ORIENTED_EDGE('',*,*,#3306,.F.);
#4322=ORIENTED_EDGE('',*,*,#3307,.F.);
#4323=ORIENTED_EDGE('',*,*,#3308,.T.);
#4324=ORIENTED_EDGE('',*,*,#3309,.T.);
#4325=ORIENTED_EDGE('',*,*,#3304,.F.);
#4326=ORIENTED_EDGE('',*,*,#3310,.F.);
#4327=ORIENTED_EDGE('',*,*,#3311,.T.);
#4328=ORIENTED_EDGE('',*,*,#3312,.T.);
#4329=ORIENTED_EDGE('',*,*,#3308,.F.);
#4330=ORIENTED_EDGE('',*,*,#3313,.F.);
#4331=ORIENTED_EDGE('',*,*,#3314,.T.);
#4332=ORIENTED_EDGE('',*,*,#3315,.T.);
#4333=ORIENTED_EDGE('',*,*,#3311,.F.);
#4334=ORIENTED_EDGE('',*,*,#3316,.F.);
#4335=ORIENTED_EDGE('',*,*,#3317,.T.);
#4336=ORIENTED_EDGE('',*,*,#3318,.T.);
#4337=ORIENTED_EDGE('',*,*,#3314,.F.);
#4338=ORIENTED_EDGE('',*,*,#3319,.F.);
#4339=ORIENTED_EDGE('',*,*,#3320,.T.);
#4340=ORIENTED_EDGE('',*,*,#3321,.T.);
#4341=ORIENTED_EDGE('',*,*,#3317,.F.);
#4342=ORIENTED_EDGE('',*,*,#3322,.F.);
#4343=ORIENTED_EDGE('',*,*,#3323,.T.);
#4344=ORIENTED_EDGE('',*,*,#3324,.T.);
#4345=ORIENTED_EDGE('',*,*,#3320,.F.);
#4346=ORIENTED_EDGE('',*,*,#3325,.F.);
#4347=ORIENTED_EDGE('',*,*,#3306,.T.);
#4348=ORIENTED_EDGE('',*,*,#3326,.T.);
#4349=ORIENTED_EDGE('',*,*,#3323,.F.);
#4350=ORIENTED_EDGE('',*,*,#3327,.F.);
#4351=ORIENTED_EDGE('',*,*,#3328,.T.);
#4352=ORIENTED_EDGE('',*,*,#3329,.T.);
#4353=ORIENTED_EDGE('',*,*,#3330,.F.);
#4354=ORIENTED_EDGE('',*,*,#3331,.F.);
#4355=ORIENTED_EDGE('',*,*,#3332,.T.);
#4356=ORIENTED_EDGE('',*,*,#3333,.T.);
#4357=ORIENTED_EDGE('',*,*,#3328,.F.);
#4358=ORIENTED_EDGE('',*,*,#3334,.F.);
#4359=ORIENTED_EDGE('',*,*,#3335,.T.);
#4360=ORIENTED_EDGE('',*,*,#3336,.T.);
#4361=ORIENTED_EDGE('',*,*,#3332,.F.);
#4362=ORIENTED_EDGE('',*,*,#3337,.F.);
#4363=ORIENTED_EDGE('',*,*,#3338,.T.);
#4364=ORIENTED_EDGE('',*,*,#3339,.T.);
#4365=ORIENTED_EDGE('',*,*,#3335,.F.);
#4366=ORIENTED_EDGE('',*,*,#3340,.F.);
#4367=ORIENTED_EDGE('',*,*,#3341,.T.);
#4368=ORIENTED_EDGE('',*,*,#3342,.T.);
#4369=ORIENTED_EDGE('',*,*,#3338,.F.);
#4370=ORIENTED_EDGE('',*,*,#3343,.F.);
#4371=ORIENTED_EDGE('',*,*,#3344,.T.);
#4372=ORIENTED_EDGE('',*,*,#3345,.T.);
#4373=ORIENTED_EDGE('',*,*,#3341,.F.);
#4374=ORIENTED_EDGE('',*,*,#3346,.F.);
#4375=ORIENTED_EDGE('',*,*,#3347,.T.);
#4376=ORIENTED_EDGE('',*,*,#3348,.T.);
#4377=ORIENTED_EDGE('',*,*,#3344,.F.);
#4378=ORIENTED_EDGE('',*,*,#3349,.F.);
#4379=ORIENTED_EDGE('',*,*,#3350,.T.);
#4380=ORIENTED_EDGE('',*,*,#3351,.T.);
#4381=ORIENTED_EDGE('',*,*,#3347,.F.);
#4382=ORIENTED_EDGE('',*,*,#3352,.F.);
#4383=ORIENTED_EDGE('',*,*,#3353,.T.);
#4384=ORIENTED_EDGE('',*,*,#3354,.T.);
#4385=ORIENTED_EDGE('',*,*,#3350,.F.);
#4386=ORIENTED_EDGE('',*,*,#3355,.F.);
#4387=ORIENTED_EDGE('',*,*,#3356,.T.);
#4388=ORIENTED_EDGE('',*,*,#3357,.T.);
#4389=ORIENTED_EDGE('',*,*,#3353,.F.);
#4390=ORIENTED_EDGE('',*,*,#3358,.F.);
#4391=ORIENTED_EDGE('',*,*,#3359,.T.);
#4392=ORIENTED_EDGE('',*,*,#3360,.T.);
#4393=ORIENTED_EDGE('',*,*,#3356,.F.);
#4394=ORIENTED_EDGE('',*,*,#3361,.F.);
#4395=ORIENTED_EDGE('',*,*,#3362,.T.);
#4396=ORIENTED_EDGE('',*,*,#3363,.T.);
#4397=ORIENTED_EDGE('',*,*,#3359,.F.);
#4398=ORIENTED_EDGE('',*,*,#3364,.F.);
#4399=ORIENTED_EDGE('',*,*,#3365,.T.);
#4400=ORIENTED_EDGE('',*,*,#3366,.T.);
#4401=ORIENTED_EDGE('',*,*,#3362,.F.);
#4402=ORIENTED_EDGE('',*,*,#3367,.F.);
#4403=ORIENTED_EDGE('',*,*,#3368,.T.);
#4404=ORIENTED_EDGE('',*,*,#3369,.T.);
#4405=ORIENTED_EDGE('',*,*,#3365,.F.);
#4406=ORIENTED_EDGE('',*,*,#3370,.F.);
#4407=ORIENTED_EDGE('',*,*,#3371,.T.);
#4408=ORIENTED_EDGE('',*,*,#3372,.T.);
#4409=ORIENTED_EDGE('',*,*,#3368,.F.);
#4410=ORIENTED_EDGE('',*,*,#3373,.F.);
#4411=ORIENTED_EDGE('',*,*,#3374,.T.);
#4412=ORIENTED_EDGE('',*,*,#3375,.T.);
#4413=ORIENTED_EDGE('',*,*,#3371,.F.);
#4414=ORIENTED_EDGE('',*,*,#3376,.F.);
#4415=ORIENTED_EDGE('',*,*,#3377,.T.);
#4416=ORIENTED_EDGE('',*,*,#3378,.T.);
#4417=ORIENTED_EDGE('',*,*,#3374,.F.);
#4418=ORIENTED_EDGE('',*,*,#3379,.F.);
#4419=ORIENTED_EDGE('',*,*,#3380,.T.);
#4420=ORIENTED_EDGE('',*,*,#3381,.T.);
#4421=ORIENTED_EDGE('',*,*,#3377,.F.);
#4422=ORIENTED_EDGE('',*,*,#3382,.F.);
#4423=ORIENTED_EDGE('',*,*,#3330,.T.);
#4424=ORIENTED_EDGE('',*,*,#3383,.T.);
#4425=ORIENTED_EDGE('',*,*,#3380,.F.);
#4426=ORIENTED_EDGE('',*,*,#3383,.F.);
#4427=ORIENTED_EDGE('',*,*,#3329,.F.);
#4428=ORIENTED_EDGE('',*,*,#3333,.F.);
#4429=ORIENTED_EDGE('',*,*,#3336,.F.);
#4430=ORIENTED_EDGE('',*,*,#3339,.F.);
#4431=ORIENTED_EDGE('',*,*,#3342,.F.);
#4432=ORIENTED_EDGE('',*,*,#3345,.F.);
#4433=ORIENTED_EDGE('',*,*,#3348,.F.);
#4434=ORIENTED_EDGE('',*,*,#3351,.F.);
#4435=ORIENTED_EDGE('',*,*,#3354,.F.);
#4436=ORIENTED_EDGE('',*,*,#3357,.F.);
#4437=ORIENTED_EDGE('',*,*,#3360,.F.);
#4438=ORIENTED_EDGE('',*,*,#3363,.F.);
#4439=ORIENTED_EDGE('',*,*,#3366,.F.);
#4440=ORIENTED_EDGE('',*,*,#3369,.F.);
#4441=ORIENTED_EDGE('',*,*,#3372,.F.);
#4442=ORIENTED_EDGE('',*,*,#3375,.F.);
#4443=ORIENTED_EDGE('',*,*,#3378,.F.);
#4444=ORIENTED_EDGE('',*,*,#3381,.F.);
#4445=ORIENTED_EDGE('',*,*,#3326,.F.);
#4446=ORIENTED_EDGE('',*,*,#3305,.F.);
#4447=ORIENTED_EDGE('',*,*,#3309,.F.);
#4448=ORIENTED_EDGE('',*,*,#3312,.F.);
#4449=ORIENTED_EDGE('',*,*,#3315,.F.);
#4450=ORIENTED_EDGE('',*,*,#3318,.F.);
#4451=ORIENTED_EDGE('',*,*,#3321,.F.);
#4452=ORIENTED_EDGE('',*,*,#3324,.F.);
#4453=ORIENTED_EDGE('',*,*,#3384,.F.);
#4454=ORIENTED_EDGE('',*,*,#3385,.T.);
#4455=ORIENTED_EDGE('',*,*,#3386,.T.);
#4456=ORIENTED_EDGE('',*,*,#3387,.F.);
#4457=ORIENTED_EDGE('',*,*,#3388,.F.);
#4458=ORIENTED_EDGE('',*,*,#3389,.T.);
#4459=ORIENTED_EDGE('',*,*,#3390,.T.);
#4460=ORIENTED_EDGE('',*,*,#3385,.F.);
#4461=ORIENTED_EDGE('',*,*,#3391,.F.);
#4462=ORIENTED_EDGE('',*,*,#3392,.T.);
#4463=ORIENTED_EDGE('',*,*,#3393,.T.);
#4464=ORIENTED_EDGE('',*,*,#3389,.F.);
#4465=ORIENTED_EDGE('',*,*,#3394,.F.);
#4466=ORIENTED_EDGE('',*,*,#3395,.T.);
#4467=ORIENTED_EDGE('',*,*,#3396,.T.);
#4468=ORIENTED_EDGE('',*,*,#3392,.F.);
#4469=ORIENTED_EDGE('',*,*,#3397,.F.);
#4470=ORIENTED_EDGE('',*,*,#3398,.T.);
#4471=ORIENTED_EDGE('',*,*,#3399,.T.);
#4472=ORIENTED_EDGE('',*,*,#3395,.F.);
#4473=ORIENTED_EDGE('',*,*,#3400,.F.);
#4474=ORIENTED_EDGE('',*,*,#3401,.T.);
#4475=ORIENTED_EDGE('',*,*,#3402,.T.);
#4476=ORIENTED_EDGE('',*,*,#3398,.F.);
#4477=ORIENTED_EDGE('',*,*,#3403,.F.);
#4478=ORIENTED_EDGE('',*,*,#3404,.T.);
#4479=ORIENTED_EDGE('',*,*,#3405,.T.);
#4480=ORIENTED_EDGE('',*,*,#3401,.F.);
#4481=ORIENTED_EDGE('',*,*,#3406,.F.);
#4482=ORIENTED_EDGE('',*,*,#3407,.T.);
#4483=ORIENTED_EDGE('',*,*,#3408,.T.);
#4484=ORIENTED_EDGE('',*,*,#3404,.F.);
#4485=ORIENTED_EDGE('',*,*,#3409,.F.);
#4486=ORIENTED_EDGE('',*,*,#3387,.T.);
#4487=ORIENTED_EDGE('',*,*,#3410,.T.);
#4488=ORIENTED_EDGE('',*,*,#3407,.F.);
#4489=ORIENTED_EDGE('',*,*,#3410,.F.);
#4490=ORIENTED_EDGE('',*,*,#3386,.F.);
#4491=ORIENTED_EDGE('',*,*,#3390,.F.);
#4492=ORIENTED_EDGE('',*,*,#3393,.F.);
#4493=ORIENTED_EDGE('',*,*,#3396,.F.);
#4494=ORIENTED_EDGE('',*,*,#3399,.F.);
#4495=ORIENTED_EDGE('',*,*,#3402,.F.);
#4496=ORIENTED_EDGE('',*,*,#3405,.F.);
#4497=ORIENTED_EDGE('',*,*,#3408,.F.);
#4498=ORIENTED_EDGE('',*,*,#3411,.F.);
#4499=ORIENTED_EDGE('',*,*,#3412,.T.);
#4500=ORIENTED_EDGE('',*,*,#3413,.T.);
#4501=ORIENTED_EDGE('',*,*,#3414,.F.);
#4502=ORIENTED_EDGE('',*,*,#3415,.F.);
#4503=ORIENTED_EDGE('',*,*,#3416,.T.);
#4504=ORIENTED_EDGE('',*,*,#3417,.T.);
#4505=ORIENTED_EDGE('',*,*,#3412,.F.);
#4506=ORIENTED_EDGE('',*,*,#3418,.F.);
#4507=ORIENTED_EDGE('',*,*,#3419,.T.);
#4508=ORIENTED_EDGE('',*,*,#3420,.T.);
#4509=ORIENTED_EDGE('',*,*,#3416,.F.);
#4510=ORIENTED_EDGE('',*,*,#3421,.F.);
#4511=ORIENTED_EDGE('',*,*,#3422,.T.);
#4512=ORIENTED_EDGE('',*,*,#3423,.T.);
#4513=ORIENTED_EDGE('',*,*,#3419,.F.);
#4514=ORIENTED_EDGE('',*,*,#3424,.F.);
#4515=ORIENTED_EDGE('',*,*,#3425,.T.);
#4516=ORIENTED_EDGE('',*,*,#3426,.T.);
#4517=ORIENTED_EDGE('',*,*,#3422,.F.);
#4518=ORIENTED_EDGE('',*,*,#3427,.F.);
#4519=ORIENTED_EDGE('',*,*,#3428,.T.);
#4520=ORIENTED_EDGE('',*,*,#3429,.T.);
#4521=ORIENTED_EDGE('',*,*,#3425,.F.);
#4522=ORIENTED_EDGE('',*,*,#3430,.F.);
#4523=ORIENTED_EDGE('',*,*,#3431,.T.);
#4524=ORIENTED_EDGE('',*,*,#3432,.T.);
#4525=ORIENTED_EDGE('',*,*,#3428,.F.);
#4526=ORIENTED_EDGE('',*,*,#3433,.F.);
#4527=ORIENTED_EDGE('',*,*,#3434,.T.);
#4528=ORIENTED_EDGE('',*,*,#3435,.T.);
#4529=ORIENTED_EDGE('',*,*,#3431,.F.);
#4530=ORIENTED_EDGE('',*,*,#3436,.F.);
#4531=ORIENTED_EDGE('',*,*,#3414,.T.);
#4532=ORIENTED_EDGE('',*,*,#3437,.T.);
#4533=ORIENTED_EDGE('',*,*,#3434,.F.);
#4534=ORIENTED_EDGE('',*,*,#3437,.F.);
#4535=ORIENTED_EDGE('',*,*,#3413,.F.);
#4536=ORIENTED_EDGE('',*,*,#3417,.F.);
#4537=ORIENTED_EDGE('',*,*,#3420,.F.);
#4538=ORIENTED_EDGE('',*,*,#3423,.F.);
#4539=ORIENTED_EDGE('',*,*,#3426,.F.);
#4540=ORIENTED_EDGE('',*,*,#3429,.F.);
#4541=ORIENTED_EDGE('',*,*,#3432,.F.);
#4542=ORIENTED_EDGE('',*,*,#3435,.F.);
#4543=ORIENTED_EDGE('',*,*,#3438,.F.);
#4544=ORIENTED_EDGE('',*,*,#3439,.T.);
#4545=ORIENTED_EDGE('',*,*,#3440,.T.);
#4546=ORIENTED_EDGE('',*,*,#3441,.F.);
#4547=ORIENTED_EDGE('',*,*,#3442,.F.);
#4548=ORIENTED_EDGE('',*,*,#3443,.T.);
#4549=ORIENTED_EDGE('',*,*,#3444,.T.);
#4550=ORIENTED_EDGE('',*,*,#3439,.F.);
#4551=ORIENTED_EDGE('',*,*,#3445,.F.);
#4552=ORIENTED_EDGE('',*,*,#3446,.T.);
#4553=ORIENTED_EDGE('',*,*,#3447,.T.);
#4554=ORIENTED_EDGE('',*,*,#3443,.F.);
#4555=ORIENTED_EDGE('',*,*,#3448,.F.);
#4556=ORIENTED_EDGE('',*,*,#3449,.T.);
#4557=ORIENTED_EDGE('',*,*,#3450,.T.);
#4558=ORIENTED_EDGE('',*,*,#3446,.F.);
#4559=ORIENTED_EDGE('',*,*,#3451,.F.);
#4560=ORIENTED_EDGE('',*,*,#3452,.T.);
#4561=ORIENTED_EDGE('',*,*,#3453,.T.);
#4562=ORIENTED_EDGE('',*,*,#3449,.F.);
#4563=ORIENTED_EDGE('',*,*,#3454,.F.);
#4564=ORIENTED_EDGE('',*,*,#3455,.T.);
#4565=ORIENTED_EDGE('',*,*,#3456,.T.);
#4566=ORIENTED_EDGE('',*,*,#3452,.F.);
#4567=ORIENTED_EDGE('',*,*,#3457,.F.);
#4568=ORIENTED_EDGE('',*,*,#3458,.T.);
#4569=ORIENTED_EDGE('',*,*,#3459,.T.);
#4570=ORIENTED_EDGE('',*,*,#3455,.F.);
#4571=ORIENTED_EDGE('',*,*,#3460,.F.);
#4572=ORIENTED_EDGE('',*,*,#3461,.T.);
#4573=ORIENTED_EDGE('',*,*,#3462,.T.);
#4574=ORIENTED_EDGE('',*,*,#3458,.F.);
#4575=ORIENTED_EDGE('',*,*,#3463,.F.);
#4576=ORIENTED_EDGE('',*,*,#3464,.T.);
#4577=ORIENTED_EDGE('',*,*,#3465,.T.);
#4578=ORIENTED_EDGE('',*,*,#3461,.F.);
#4579=ORIENTED_EDGE('',*,*,#3466,.F.);
#4580=ORIENTED_EDGE('',*,*,#3467,.T.);
#4581=ORIENTED_EDGE('',*,*,#3468,.T.);
#4582=ORIENTED_EDGE('',*,*,#3464,.F.);
#4583=ORIENTED_EDGE('',*,*,#3469,.F.);
#4584=ORIENTED_EDGE('',*,*,#3470,.T.);
#4585=ORIENTED_EDGE('',*,*,#3471,.T.);
#4586=ORIENTED_EDGE('',*,*,#3467,.F.);
#4587=ORIENTED_EDGE('',*,*,#3472,.F.);
#4588=ORIENTED_EDGE('',*,*,#3441,.T.);
#4589=ORIENTED_EDGE('',*,*,#3473,.T.);
#4590=ORIENTED_EDGE('',*,*,#3470,.F.);
#4591=ORIENTED_EDGE('',*,*,#3473,.F.);
#4592=ORIENTED_EDGE('',*,*,#3440,.F.);
#4593=ORIENTED_EDGE('',*,*,#3444,.F.);
#4594=ORIENTED_EDGE('',*,*,#3447,.F.);
#4595=ORIENTED_EDGE('',*,*,#3450,.F.);
#4596=ORIENTED_EDGE('',*,*,#3453,.F.);
#4597=ORIENTED_EDGE('',*,*,#3456,.F.);
#4598=ORIENTED_EDGE('',*,*,#3459,.F.);
#4599=ORIENTED_EDGE('',*,*,#3462,.F.);
#4600=ORIENTED_EDGE('',*,*,#3465,.F.);
#4601=ORIENTED_EDGE('',*,*,#3468,.F.);
#4602=ORIENTED_EDGE('',*,*,#3471,.F.);
#4603=ORIENTED_EDGE('',*,*,#3474,.F.);
#4604=ORIENTED_EDGE('',*,*,#3475,.T.);
#4605=ORIENTED_EDGE('',*,*,#3476,.T.);
#4606=ORIENTED_EDGE('',*,*,#3477,.F.);
#4607=ORIENTED_EDGE('',*,*,#3478,.F.);
#4608=ORIENTED_EDGE('',*,*,#3479,.T.);
#4609=ORIENTED_EDGE('',*,*,#3480,.T.);
#4610=ORIENTED_EDGE('',*,*,#3475,.F.);
#4611=ORIENTED_EDGE('',*,*,#3481,.F.);
#4612=ORIENTED_EDGE('',*,*,#3482,.T.);
#4613=ORIENTED_EDGE('',*,*,#3483,.T.);
#4614=ORIENTED_EDGE('',*,*,#3479,.F.);
#4615=ORIENTED_EDGE('',*,*,#3484,.F.);
#4616=ORIENTED_EDGE('',*,*,#3485,.T.);
#4617=ORIENTED_EDGE('',*,*,#3486,.T.);
#4618=ORIENTED_EDGE('',*,*,#3482,.F.);
#4619=ORIENTED_EDGE('',*,*,#3487,.F.);
#4620=ORIENTED_EDGE('',*,*,#3488,.T.);
#4621=ORIENTED_EDGE('',*,*,#3489,.T.);
#4622=ORIENTED_EDGE('',*,*,#3485,.F.);
#4623=ORIENTED_EDGE('',*,*,#3490,.F.);
#4624=ORIENTED_EDGE('',*,*,#3491,.T.);
#4625=ORIENTED_EDGE('',*,*,#3492,.T.);
#4626=ORIENTED_EDGE('',*,*,#3488,.F.);
#4627=ORIENTED_EDGE('',*,*,#3493,.F.);
#4628=ORIENTED_EDGE('',*,*,#3494,.T.);
#4629=ORIENTED_EDGE('',*,*,#3495,.T.);
#4630=ORIENTED_EDGE('',*,*,#3491,.F.);
#4631=ORIENTED_EDGE('',*,*,#3496,.F.);
#4632=ORIENTED_EDGE('',*,*,#3497,.T.);
#4633=ORIENTED_EDGE('',*,*,#3498,.T.);
#4634=ORIENTED_EDGE('',*,*,#3494,.F.);
#4635=ORIENTED_EDGE('',*,*,#3499,.F.);
#4636=ORIENTED_EDGE('',*,*,#3500,.T.);
#4637=ORIENTED_EDGE('',*,*,#3501,.T.);
#4638=ORIENTED_EDGE('',*,*,#3497,.F.);
#4639=ORIENTED_EDGE('',*,*,#3502,.F.);
#4640=ORIENTED_EDGE('',*,*,#3503,.T.);
#4641=ORIENTED_EDGE('',*,*,#3504,.T.);
#4642=ORIENTED_EDGE('',*,*,#3500,.F.);
#4643=ORIENTED_EDGE('',*,*,#3505,.F.);
#4644=ORIENTED_EDGE('',*,*,#3506,.T.);
#4645=ORIENTED_EDGE('',*,*,#3507,.T.);
#4646=ORIENTED_EDGE('',*,*,#3503,.F.);
#4647=ORIENTED_EDGE('',*,*,#3508,.F.);
#4648=ORIENTED_EDGE('',*,*,#3477,.T.);
#4649=ORIENTED_EDGE('',*,*,#3509,.T.);
#4650=ORIENTED_EDGE('',*,*,#3506,.F.);
#4651=ORIENTED_EDGE('',*,*,#3509,.F.);
#4652=ORIENTED_EDGE('',*,*,#3476,.F.);
#4653=ORIENTED_EDGE('',*,*,#3480,.F.);
#4654=ORIENTED_EDGE('',*,*,#3483,.F.);
#4655=ORIENTED_EDGE('',*,*,#3486,.F.);
#4656=ORIENTED_EDGE('',*,*,#3489,.F.);
#4657=ORIENTED_EDGE('',*,*,#3492,.F.);
#4658=ORIENTED_EDGE('',*,*,#3495,.F.);
#4659=ORIENTED_EDGE('',*,*,#3498,.F.);
#4660=ORIENTED_EDGE('',*,*,#3501,.F.);
#4661=ORIENTED_EDGE('',*,*,#3504,.F.);
#4662=ORIENTED_EDGE('',*,*,#3507,.F.);
#4663=ORIENTED_EDGE('',*,*,#3510,.F.);
#4664=ORIENTED_EDGE('',*,*,#3511,.T.);
#4665=ORIENTED_EDGE('',*,*,#3512,.T.);
#4666=ORIENTED_EDGE('',*,*,#3513,.F.);
#4667=ORIENTED_EDGE('',*,*,#3514,.F.);
#4668=ORIENTED_EDGE('',*,*,#3515,.T.);
#4669=ORIENTED_EDGE('',*,*,#3516,.T.);
#4670=ORIENTED_EDGE('',*,*,#3511,.F.);
#4671=ORIENTED_EDGE('',*,*,#3517,.F.);
#4672=ORIENTED_EDGE('',*,*,#3518,.T.);
#4673=ORIENTED_EDGE('',*,*,#3519,.T.);
#4674=ORIENTED_EDGE('',*,*,#3515,.F.);
#4675=ORIENTED_EDGE('',*,*,#3520,.F.);
#4676=ORIENTED_EDGE('',*,*,#3521,.T.);
#4677=ORIENTED_EDGE('',*,*,#3522,.T.);
#4678=ORIENTED_EDGE('',*,*,#3518,.F.);
#4679=ORIENTED_EDGE('',*,*,#3523,.F.);
#4680=ORIENTED_EDGE('',*,*,#3524,.T.);
#4681=ORIENTED_EDGE('',*,*,#3525,.T.);
#4682=ORIENTED_EDGE('',*,*,#3521,.F.);
#4683=ORIENTED_EDGE('',*,*,#3526,.F.);
#4684=ORIENTED_EDGE('',*,*,#3527,.T.);
#4685=ORIENTED_EDGE('',*,*,#3528,.T.);
#4686=ORIENTED_EDGE('',*,*,#3524,.F.);
#4687=ORIENTED_EDGE('',*,*,#3529,.F.);
#4688=ORIENTED_EDGE('',*,*,#3530,.T.);
#4689=ORIENTED_EDGE('',*,*,#3531,.T.);
#4690=ORIENTED_EDGE('',*,*,#3527,.F.);
#4691=ORIENTED_EDGE('',*,*,#3532,.F.);
#4692=ORIENTED_EDGE('',*,*,#3533,.T.);
#4693=ORIENTED_EDGE('',*,*,#3534,.T.);
#4694=ORIENTED_EDGE('',*,*,#3530,.F.);
#4695=ORIENTED_EDGE('',*,*,#3535,.F.);
#4696=ORIENTED_EDGE('',*,*,#3536,.T.);
#4697=ORIENTED_EDGE('',*,*,#3537,.T.);
#4698=ORIENTED_EDGE('',*,*,#3533,.F.);
#4699=ORIENTED_EDGE('',*,*,#3538,.F.);
#4700=ORIENTED_EDGE('',*,*,#3539,.T.);
#4701=ORIENTED_EDGE('',*,*,#3540,.T.);
#4702=ORIENTED_EDGE('',*,*,#3536,.F.);
#4703=ORIENTED_EDGE('',*,*,#3541,.F.);
#4704=ORIENTED_EDGE('',*,*,#3542,.T.);
#4705=ORIENTED_EDGE('',*,*,#3543,.T.);
#4706=ORIENTED_EDGE('',*,*,#3539,.F.);
#4707=ORIENTED_EDGE('',*,*,#3544,.F.);
#4708=ORIENTED_EDGE('',*,*,#3513,.T.);
#4709=ORIENTED_EDGE('',*,*,#3545,.T.);
#4710=ORIENTED_EDGE('',*,*,#3542,.F.);
#4711=ORIENTED_EDGE('',*,*,#3545,.F.);
#4712=ORIENTED_EDGE('',*,*,#3512,.F.);
#4713=ORIENTED_EDGE('',*,*,#3516,.F.);
#4714=ORIENTED_EDGE('',*,*,#3519,.F.);
#4715=ORIENTED_EDGE('',*,*,#3522,.F.);
#4716=ORIENTED_EDGE('',*,*,#3525,.F.);
#4717=ORIENTED_EDGE('',*,*,#3528,.F.);
#4718=ORIENTED_EDGE('',*,*,#3531,.F.);
#4719=ORIENTED_EDGE('',*,*,#3534,.F.);
#4720=ORIENTED_EDGE('',*,*,#3537,.F.);
#4721=ORIENTED_EDGE('',*,*,#3540,.F.);
#4722=ORIENTED_EDGE('',*,*,#3543,.F.);
#4723=ORIENTED_EDGE('',*,*,#3546,.F.);
#4724=ORIENTED_EDGE('',*,*,#3547,.T.);
#4725=ORIENTED_EDGE('',*,*,#3548,.T.);
#4726=ORIENTED_EDGE('',*,*,#3549,.F.);
#4727=ORIENTED_EDGE('',*,*,#3550,.F.);
#4728=ORIENTED_EDGE('',*,*,#3551,.T.);
#4729=ORIENTED_EDGE('',*,*,#3552,.T.);
#4730=ORIENTED_EDGE('',*,*,#3547,.F.);
#4731=ORIENTED_EDGE('',*,*,#3553,.F.);
#4732=ORIENTED_EDGE('',*,*,#3549,.T.);
#4733=ORIENTED_EDGE('',*,*,#3554,.T.);
#4734=ORIENTED_EDGE('',*,*,#3551,.F.);
#4735=ORIENTED_EDGE('',*,*,#3555,.F.);
#4736=ORIENTED_EDGE('',*,*,#3556,.T.);
#4737=ORIENTED_EDGE('',*,*,#3557,.T.);
#4738=ORIENTED_EDGE('',*,*,#3558,.F.);
#4739=ORIENTED_EDGE('',*,*,#3559,.F.);
#4740=ORIENTED_EDGE('',*,*,#3560,.T.);
#4741=ORIENTED_EDGE('',*,*,#3561,.T.);
#4742=ORIENTED_EDGE('',*,*,#3556,.F.);
#4743=ORIENTED_EDGE('',*,*,#3562,.F.);
#4744=ORIENTED_EDGE('',*,*,#3563,.T.);
#4745=ORIENTED_EDGE('',*,*,#3564,.T.);
#4746=ORIENTED_EDGE('',*,*,#3560,.F.);
#4747=ORIENTED_EDGE('',*,*,#3565,.F.);
#4748=ORIENTED_EDGE('',*,*,#3566,.T.);
#4749=ORIENTED_EDGE('',*,*,#3567,.T.);
#4750=ORIENTED_EDGE('',*,*,#3563,.F.);
#4751=ORIENTED_EDGE('',*,*,#3568,.F.);
#4752=ORIENTED_EDGE('',*,*,#3569,.T.);
#4753=ORIENTED_EDGE('',*,*,#3570,.T.);
#4754=ORIENTED_EDGE('',*,*,#3566,.F.);
#4755=ORIENTED_EDGE('',*,*,#3571,.F.);
#4756=ORIENTED_EDGE('',*,*,#3572,.T.);
#4757=ORIENTED_EDGE('',*,*,#3573,.T.);
#4758=ORIENTED_EDGE('',*,*,#3569,.F.);
#4759=ORIENTED_EDGE('',*,*,#3574,.F.);
#4760=ORIENTED_EDGE('',*,*,#3575,.T.);
#4761=ORIENTED_EDGE('',*,*,#3576,.T.);
#4762=ORIENTED_EDGE('',*,*,#3572,.F.);
#4763=ORIENTED_EDGE('',*,*,#3577,.F.);
#4764=ORIENTED_EDGE('',*,*,#3558,.T.);
#4765=ORIENTED_EDGE('',*,*,#3578,.T.);
#4766=ORIENTED_EDGE('',*,*,#3575,.F.);
#4767=ORIENTED_EDGE('',*,*,#3578,.F.);
#4768=ORIENTED_EDGE('',*,*,#3557,.F.);
#4769=ORIENTED_EDGE('',*,*,#3561,.F.);
#4770=ORIENTED_EDGE('',*,*,#3564,.F.);
#4771=ORIENTED_EDGE('',*,*,#3567,.F.);
#4772=ORIENTED_EDGE('',*,*,#3570,.F.);
#4773=ORIENTED_EDGE('',*,*,#3573,.F.);
#4774=ORIENTED_EDGE('',*,*,#3576,.F.);
#4775=ORIENTED_EDGE('',*,*,#3554,.F.);
#4776=ORIENTED_EDGE('',*,*,#3548,.F.);
#4777=ORIENTED_EDGE('',*,*,#3552,.F.);
#4778=ORIENTED_EDGE('',*,*,#3579,.F.);
#4779=ORIENTED_EDGE('',*,*,#3580,.T.);
#4780=ORIENTED_EDGE('',*,*,#3581,.T.);
#4781=ORIENTED_EDGE('',*,*,#3582,.F.);
#4782=ORIENTED_EDGE('',*,*,#3583,.F.);
#4783=ORIENTED_EDGE('',*,*,#3584,.T.);
#4784=ORIENTED_EDGE('',*,*,#3585,.T.);
#4785=ORIENTED_EDGE('',*,*,#3580,.F.);
#4786=ORIENTED_EDGE('',*,*,#3586,.F.);
#4787=ORIENTED_EDGE('',*,*,#3587,.T.);
#4788=ORIENTED_EDGE('',*,*,#3588,.T.);
#4789=ORIENTED_EDGE('',*,*,#3584,.F.);
#4790=ORIENTED_EDGE('',*,*,#3589,.F.);
#4791=ORIENTED_EDGE('',*,*,#3590,.T.);
#4792=ORIENTED_EDGE('',*,*,#3591,.T.);
#4793=ORIENTED_EDGE('',*,*,#3587,.F.);
#4794=ORIENTED_EDGE('',*,*,#3592,.F.);
#4795=ORIENTED_EDGE('',*,*,#3593,.T.);
#4796=ORIENTED_EDGE('',*,*,#3594,.T.);
#4797=ORIENTED_EDGE('',*,*,#3590,.F.);
#4798=ORIENTED_EDGE('',*,*,#3595,.F.);
#4799=ORIENTED_EDGE('',*,*,#3596,.T.);
#4800=ORIENTED_EDGE('',*,*,#3597,.T.);
#4801=ORIENTED_EDGE('',*,*,#3593,.F.);
#4802=ORIENTED_EDGE('',*,*,#3598,.F.);
#4803=ORIENTED_EDGE('',*,*,#3599,.T.);
#4804=ORIENTED_EDGE('',*,*,#3600,.T.);
#4805=ORIENTED_EDGE('',*,*,#3596,.F.);
#4806=ORIENTED_EDGE('',*,*,#3601,.F.);
#4807=ORIENTED_EDGE('',*,*,#3602,.T.);
#4808=ORIENTED_EDGE('',*,*,#3603,.T.);
#4809=ORIENTED_EDGE('',*,*,#3599,.F.);
#4810=ORIENTED_EDGE('',*,*,#3604,.F.);
#4811=ORIENTED_EDGE('',*,*,#3605,.T.);
#4812=ORIENTED_EDGE('',*,*,#3606,.T.);
#4813=ORIENTED_EDGE('',*,*,#3602,.F.);
#4814=ORIENTED_EDGE('',*,*,#3607,.F.);
#4815=ORIENTED_EDGE('',*,*,#3608,.T.);
#4816=ORIENTED_EDGE('',*,*,#3609,.T.);
#4817=ORIENTED_EDGE('',*,*,#3605,.F.);
#4818=ORIENTED_EDGE('',*,*,#3610,.F.);
#4819=ORIENTED_EDGE('',*,*,#3611,.T.);
#4820=ORIENTED_EDGE('',*,*,#3612,.T.);
#4821=ORIENTED_EDGE('',*,*,#3608,.F.);
#4822=ORIENTED_EDGE('',*,*,#3613,.F.);
#4823=ORIENTED_EDGE('',*,*,#3614,.T.);
#4824=ORIENTED_EDGE('',*,*,#3615,.T.);
#4825=ORIENTED_EDGE('',*,*,#3611,.F.);
#4826=ORIENTED_EDGE('',*,*,#3616,.F.);
#4827=ORIENTED_EDGE('',*,*,#3617,.T.);
#4828=ORIENTED_EDGE('',*,*,#3618,.T.);
#4829=ORIENTED_EDGE('',*,*,#3614,.F.);
#4830=ORIENTED_EDGE('',*,*,#3619,.F.);
#4831=ORIENTED_EDGE('',*,*,#3620,.T.);
#4832=ORIENTED_EDGE('',*,*,#3621,.T.);
#4833=ORIENTED_EDGE('',*,*,#3617,.F.);
#4834=ORIENTED_EDGE('',*,*,#3622,.F.);
#4835=ORIENTED_EDGE('',*,*,#3623,.T.);
#4836=ORIENTED_EDGE('',*,*,#3624,.T.);
#4837=ORIENTED_EDGE('',*,*,#3620,.F.);
#4838=ORIENTED_EDGE('',*,*,#3625,.F.);
#4839=ORIENTED_EDGE('',*,*,#3626,.T.);
#4840=ORIENTED_EDGE('',*,*,#3627,.T.);
#4841=ORIENTED_EDGE('',*,*,#3623,.F.);
#4842=ORIENTED_EDGE('',*,*,#3628,.F.);
#4843=ORIENTED_EDGE('',*,*,#3629,.T.);
#4844=ORIENTED_EDGE('',*,*,#3630,.T.);
#4845=ORIENTED_EDGE('',*,*,#3626,.F.);
#4846=ORIENTED_EDGE('',*,*,#3631,.F.);
#4847=ORIENTED_EDGE('',*,*,#3632,.T.);
#4848=ORIENTED_EDGE('',*,*,#3633,.T.);
#4849=ORIENTED_EDGE('',*,*,#3629,.F.);
#4850=ORIENTED_EDGE('',*,*,#3634,.F.);
#4851=ORIENTED_EDGE('',*,*,#3635,.T.);
#4852=ORIENTED_EDGE('',*,*,#3636,.T.);
#4853=ORIENTED_EDGE('',*,*,#3632,.F.);
#4854=ORIENTED_EDGE('',*,*,#3637,.F.);
#4855=ORIENTED_EDGE('',*,*,#3638,.T.);
#4856=ORIENTED_EDGE('',*,*,#3639,.T.);
#4857=ORIENTED_EDGE('',*,*,#3635,.F.);
#4858=ORIENTED_EDGE('',*,*,#3640,.F.);
#4859=ORIENTED_EDGE('',*,*,#3641,.T.);
#4860=ORIENTED_EDGE('',*,*,#3642,.T.);
#4861=ORIENTED_EDGE('',*,*,#3638,.F.);
#4862=ORIENTED_EDGE('',*,*,#3643,.F.);
#4863=ORIENTED_EDGE('',*,*,#3644,.T.);
#4864=ORIENTED_EDGE('',*,*,#3645,.T.);
#4865=ORIENTED_EDGE('',*,*,#3641,.F.);
#4866=ORIENTED_EDGE('',*,*,#3646,.F.);
#4867=ORIENTED_EDGE('',*,*,#3647,.T.);
#4868=ORIENTED_EDGE('',*,*,#3648,.T.);
#4869=ORIENTED_EDGE('',*,*,#3644,.F.);
#4870=ORIENTED_EDGE('',*,*,#3649,.F.);
#4871=ORIENTED_EDGE('',*,*,#3650,.T.);
#4872=ORIENTED_EDGE('',*,*,#3651,.T.);
#4873=ORIENTED_EDGE('',*,*,#3647,.F.);
#4874=ORIENTED_EDGE('',*,*,#3652,.F.);
#4875=ORIENTED_EDGE('',*,*,#3653,.T.);
#4876=ORIENTED_EDGE('',*,*,#3654,.T.);
#4877=ORIENTED_EDGE('',*,*,#3650,.F.);
#4878=ORIENTED_EDGE('',*,*,#3655,.F.);
#4879=ORIENTED_EDGE('',*,*,#3656,.T.);
#4880=ORIENTED_EDGE('',*,*,#3657,.T.);
#4881=ORIENTED_EDGE('',*,*,#3653,.F.);
#4882=ORIENTED_EDGE('',*,*,#3658,.F.);
#4883=ORIENTED_EDGE('',*,*,#3659,.T.);
#4884=ORIENTED_EDGE('',*,*,#3660,.T.);
#4885=ORIENTED_EDGE('',*,*,#3656,.F.);
#4886=ORIENTED_EDGE('',*,*,#3661,.F.);
#4887=ORIENTED_EDGE('',*,*,#3662,.T.);
#4888=ORIENTED_EDGE('',*,*,#3663,.T.);
#4889=ORIENTED_EDGE('',*,*,#3659,.F.);
#4890=ORIENTED_EDGE('',*,*,#3664,.F.);
#4891=ORIENTED_EDGE('',*,*,#3582,.T.);
#4892=ORIENTED_EDGE('',*,*,#3665,.T.);
#4893=ORIENTED_EDGE('',*,*,#3662,.F.);
#4894=ORIENTED_EDGE('',*,*,#3665,.F.);
#4895=ORIENTED_EDGE('',*,*,#3581,.F.);
#4896=ORIENTED_EDGE('',*,*,#3585,.F.);
#4897=ORIENTED_EDGE('',*,*,#3588,.F.);
#4898=ORIENTED_EDGE('',*,*,#3591,.F.);
#4899=ORIENTED_EDGE('',*,*,#3594,.F.);
#4900=ORIENTED_EDGE('',*,*,#3597,.F.);
#4901=ORIENTED_EDGE('',*,*,#3600,.F.);
#4902=ORIENTED_EDGE('',*,*,#3603,.F.);
#4903=ORIENTED_EDGE('',*,*,#3606,.F.);
#4904=ORIENTED_EDGE('',*,*,#3609,.F.);
#4905=ORIENTED_EDGE('',*,*,#3612,.F.);
#4906=ORIENTED_EDGE('',*,*,#3615,.F.);
#4907=ORIENTED_EDGE('',*,*,#3618,.F.);
#4908=ORIENTED_EDGE('',*,*,#3621,.F.);
#4909=ORIENTED_EDGE('',*,*,#3624,.F.);
#4910=ORIENTED_EDGE('',*,*,#3627,.F.);
#4911=ORIENTED_EDGE('',*,*,#3630,.F.);
#4912=ORIENTED_EDGE('',*,*,#3633,.F.);
#4913=ORIENTED_EDGE('',*,*,#3636,.F.);
#4914=ORIENTED_EDGE('',*,*,#3639,.F.);
#4915=ORIENTED_EDGE('',*,*,#3642,.F.);
#4916=ORIENTED_EDGE('',*,*,#3645,.F.);
#4917=ORIENTED_EDGE('',*,*,#3648,.F.);
#4918=ORIENTED_EDGE('',*,*,#3651,.F.);
#4919=ORIENTED_EDGE('',*,*,#3654,.F.);
#4920=ORIENTED_EDGE('',*,*,#3657,.F.);
#4921=ORIENTED_EDGE('',*,*,#3660,.F.);
#4922=ORIENTED_EDGE('',*,*,#3663,.F.);
#4923=ORIENTED_EDGE('',*,*,#3546,.T.);
#4924=ORIENTED_EDGE('',*,*,#3553,.T.);
#4925=ORIENTED_EDGE('',*,*,#3550,.T.);
#4926=ORIENTED_EDGE('',*,*,#3303,.T.);
#4927=ORIENTED_EDGE('',*,*,#3325,.T.);
#4928=ORIENTED_EDGE('',*,*,#3322,.T.);
#4929=ORIENTED_EDGE('',*,*,#3319,.T.);
#4930=ORIENTED_EDGE('',*,*,#3316,.T.);
#4931=ORIENTED_EDGE('',*,*,#3313,.T.);
#4932=ORIENTED_EDGE('',*,*,#3310,.T.);
#4933=ORIENTED_EDGE('',*,*,#3307,.T.);
#4934=ORIENTED_EDGE('',*,*,#3666,.F.);
#4935=ORIENTED_EDGE('',*,*,#3667,.F.);
#4936=ORIENTED_EDGE('',*,*,#3668,.F.);
#4937=ORIENTED_EDGE('',*,*,#3669,.T.);
#4938=ORIENTED_EDGE('',*,*,#3670,.F.);
#4939=ORIENTED_EDGE('',*,*,#3669,.F.);
#4940=ORIENTED_EDGE('',*,*,#3671,.F.);
#4941=ORIENTED_EDGE('',*,*,#3672,.T.);
#4942=ORIENTED_EDGE('',*,*,#3673,.F.);
#4943=ORIENTED_EDGE('',*,*,#3672,.F.);
#4944=ORIENTED_EDGE('',*,*,#3674,.F.);
#4945=ORIENTED_EDGE('',*,*,#3675,.T.);
#4946=ORIENTED_EDGE('',*,*,#3676,.F.);
#4947=ORIENTED_EDGE('',*,*,#3675,.F.);
#4948=ORIENTED_EDGE('',*,*,#3677,.F.);
#4949=ORIENTED_EDGE('',*,*,#3667,.T.);
#4950=ORIENTED_EDGE('',*,*,#3678,.F.);
#4951=ORIENTED_EDGE('',*,*,#3679,.F.);
#4952=ORIENTED_EDGE('',*,*,#3680,.F.);
#4953=ORIENTED_EDGE('',*,*,#3681,.T.);
#4954=ORIENTED_EDGE('',*,*,#3682,.F.);
#4955=ORIENTED_EDGE('',*,*,#3681,.F.);
#4956=ORIENTED_EDGE('',*,*,#3683,.F.);
#4957=ORIENTED_EDGE('',*,*,#3684,.T.);
#4958=ORIENTED_EDGE('',*,*,#3685,.F.);
#4959=ORIENTED_EDGE('',*,*,#3684,.F.);
#4960=ORIENTED_EDGE('',*,*,#3686,.F.);
#4961=ORIENTED_EDGE('',*,*,#3687,.T.);
#4962=ORIENTED_EDGE('',*,*,#3688,.F.);
#4963=ORIENTED_EDGE('',*,*,#3687,.F.);
#4964=ORIENTED_EDGE('',*,*,#3689,.F.);
#4965=ORIENTED_EDGE('',*,*,#3679,.T.);
#4966=ORIENTED_EDGE('',*,*,#3690,.F.);
#4967=ORIENTED_EDGE('',*,*,#3691,.F.);
#4968=ORIENTED_EDGE('',*,*,#3692,.F.);
#4969=ORIENTED_EDGE('',*,*,#3693,.T.);
#4970=ORIENTED_EDGE('',*,*,#3694,.F.);
#4971=ORIENTED_EDGE('',*,*,#3693,.F.);
#4972=ORIENTED_EDGE('',*,*,#3695,.F.);
#4973=ORIENTED_EDGE('',*,*,#3696,.T.);
#4974=ORIENTED_EDGE('',*,*,#3697,.F.);
#4975=ORIENTED_EDGE('',*,*,#3696,.F.);
#4976=ORIENTED_EDGE('',*,*,#3698,.F.);
#4977=ORIENTED_EDGE('',*,*,#3699,.T.);
#4978=ORIENTED_EDGE('',*,*,#3700,.F.);
#4979=ORIENTED_EDGE('',*,*,#3699,.F.);
#4980=ORIENTED_EDGE('',*,*,#3701,.F.);
#4981=ORIENTED_EDGE('',*,*,#3691,.T.);
#4982=ORIENTED_EDGE('',*,*,#3702,.F.);
#4983=ORIENTED_EDGE('',*,*,#3703,.T.);
#4984=ORIENTED_EDGE('',*,*,#3704,.F.);
#4985=ORIENTED_EDGE('',*,*,#3703,.F.);
#4986=ORIENTED_EDGE('',*,*,#3705,.F.);
#4987=ORIENTED_EDGE('',*,*,#3706,.T.);
#4988=ORIENTED_EDGE('',*,*,#3707,.F.);
#4989=ORIENTED_EDGE('',*,*,#3706,.F.);
#4990=ORIENTED_EDGE('',*,*,#3708,.F.);
#4991=ORIENTED_EDGE('',*,*,#3709,.T.);
#4992=ORIENTED_EDGE('',*,*,#3710,.F.);
#4993=ORIENTED_EDGE('',*,*,#3709,.F.);
#4994=ORIENTED_EDGE('',*,*,#3711,.F.);
#4995=ORIENTED_EDGE('',*,*,#3712,.T.);
#4996=ORIENTED_EDGE('',*,*,#3713,.F.);
#4997=ORIENTED_EDGE('',*,*,#3712,.F.);
#4998=ORIENTED_EDGE('',*,*,#3714,.F.);
#4999=ORIENTED_EDGE('',*,*,#3715,.T.);
#5000=ORIENTED_EDGE('',*,*,#3716,.F.);
#5001=ORIENTED_EDGE('',*,*,#3715,.F.);
#5002=ORIENTED_EDGE('',*,*,#3717,.F.);
#5003=ORIENTED_EDGE('',*,*,#3718,.T.);
#5004=ORIENTED_EDGE('',*,*,#3719,.F.);
#5005=ORIENTED_EDGE('',*,*,#3718,.F.);
#5006=ORIENTED_EDGE('',*,*,#3720,.T.);
#5007=ORIENTED_EDGE('',*,*,#3721,.T.);
#5008=ORIENTED_EDGE('',*,*,#3722,.T.);
#5009=ORIENTED_EDGE('',*,*,#3723,.T.);
#5010=ORIENTED_EDGE('',*,*,#3724,.T.);
#5011=ORIENTED_EDGE('',*,*,#3725,.T.);
#5012=ORIENTED_EDGE('',*,*,#3722,.F.);
#5013=ORIENTED_EDGE('',*,*,#3726,.T.);
#5014=ORIENTED_EDGE('',*,*,#3727,.T.);
#5015=ORIENTED_EDGE('',*,*,#3728,.T.);
#5016=ORIENTED_EDGE('',*,*,#3724,.F.);
#5017=ORIENTED_EDGE('',*,*,#3729,.T.);
#5018=ORIENTED_EDGE('',*,*,#3730,.T.);
#5019=ORIENTED_EDGE('',*,*,#3731,.T.);
#5020=ORIENTED_EDGE('',*,*,#3727,.F.);
#5021=ORIENTED_EDGE('',*,*,#3732,.T.);
#5022=ORIENTED_EDGE('',*,*,#3733,.T.);
#5023=ORIENTED_EDGE('',*,*,#3734,.T.);
#5024=ORIENTED_EDGE('',*,*,#3730,.F.);
#5025=ORIENTED_EDGE('',*,*,#3735,.T.);
#5026=ORIENTED_EDGE('',*,*,#3736,.T.);
#5027=ORIENTED_EDGE('',*,*,#3737,.T.);
#5028=ORIENTED_EDGE('',*,*,#3733,.F.);
#5029=ORIENTED_EDGE('',*,*,#3738,.T.);
#5030=ORIENTED_EDGE('',*,*,#3739,.T.);
#5031=ORIENTED_EDGE('',*,*,#3740,.T.);
#5032=ORIENTED_EDGE('',*,*,#3736,.F.);
#5033=ORIENTED_EDGE('',*,*,#3741,.T.);
#5034=ORIENTED_EDGE('',*,*,#3739,.F.);
#5035=ORIENTED_EDGE('',*,*,#3742,.T.);
#5036=ORIENTED_EDGE('',*,*,#3720,.F.);
#5037=ORIENTED_EDGE('',*,*,#3743,.T.);
#5038=ORIENTED_EDGE('',*,*,#3737,.F.);
#5039=ORIENTED_EDGE('',*,*,#3744,.F.);
#5040=ORIENTED_EDGE('',*,*,#3745,.F.);
#5041=ORIENTED_EDGE('',*,*,#3746,.F.);
#5042=ORIENTED_EDGE('',*,*,#3740,.F.);
#5043=ORIENTED_EDGE('',*,*,#3747,.T.);
#5044=ORIENTED_EDGE('',*,*,#3748,.T.);
#5045=ORIENTED_EDGE('',*,*,#3744,.T.);
#5046=ORIENTED_EDGE('',*,*,#3743,.F.);
#5047=ORIENTED_EDGE('',*,*,#3749,.F.);
#5048=ORIENTED_EDGE('',*,*,#3750,.F.);
#5049=ORIENTED_EDGE('',*,*,#3747,.F.);
#5050=ORIENTED_EDGE('',*,*,#3723,.F.);
#5051=ORIENTED_EDGE('',*,*,#3751,.T.);
#5052=ORIENTED_EDGE('',*,*,#3752,.T.);
#5053=ORIENTED_EDGE('',*,*,#3749,.T.);
#5054=ORIENTED_EDGE('',*,*,#3753,.F.);
#5055=ORIENTED_EDGE('',*,*,#3754,.F.);
#5056=ORIENTED_EDGE('',*,*,#3755,.F.);
#5057=ORIENTED_EDGE('',*,*,#3756,.F.);
#5058=ORIENTED_EDGE('',*,*,#3757,.F.);
#5059=ORIENTED_EDGE('',*,*,#3758,.F.);
#5060=ORIENTED_EDGE('',*,*,#3759,.F.);
#5061=ORIENTED_EDGE('',*,*,#3760,.F.);
#5062=ORIENTED_EDGE('',*,*,#3761,.F.);
#5063=ORIENTED_EDGE('',*,*,#3762,.F.);
#5064=ORIENTED_EDGE('',*,*,#3763,.F.);
#5065=ORIENTED_EDGE('',*,*,#3764,.F.);
#5066=ORIENTED_EDGE('',*,*,#3765,.F.);
#5067=ORIENTED_EDGE('',*,*,#3766,.F.);
#5068=ORIENTED_EDGE('',*,*,#3767,.F.);
#5069=ORIENTED_EDGE('',*,*,#3768,.F.);
#5070=ORIENTED_EDGE('',*,*,#3769,.F.);
#5071=ORIENTED_EDGE('',*,*,#3770,.F.);
#5072=ORIENTED_EDGE('',*,*,#3771,.F.);
#5073=ORIENTED_EDGE('',*,*,#3772,.F.);
#5074=ORIENTED_EDGE('',*,*,#3773,.F.);
#5075=ORIENTED_EDGE('',*,*,#3774,.F.);
#5076=ORIENTED_EDGE('',*,*,#3775,.F.);
#5077=ORIENTED_EDGE('',*,*,#3674,.T.);
#5078=ORIENTED_EDGE('',*,*,#3671,.T.);
#5079=ORIENTED_EDGE('',*,*,#3668,.T.);
#5080=ORIENTED_EDGE('',*,*,#3677,.T.);
#5081=ORIENTED_EDGE('',*,*,#3686,.T.);
#5082=ORIENTED_EDGE('',*,*,#3683,.T.);
#5083=ORIENTED_EDGE('',*,*,#3680,.T.);
#5084=ORIENTED_EDGE('',*,*,#3689,.T.);
#5085=ORIENTED_EDGE('',*,*,#3698,.T.);
#5086=ORIENTED_EDGE('',*,*,#3695,.T.);
#5087=ORIENTED_EDGE('',*,*,#3692,.T.);
#5088=ORIENTED_EDGE('',*,*,#3701,.T.);
#5089=ORIENTED_EDGE('',*,*,#3702,.T.);
#5090=ORIENTED_EDGE('',*,*,#3721,.F.);
#5091=ORIENTED_EDGE('',*,*,#3742,.F.);
#5092=ORIENTED_EDGE('',*,*,#3741,.F.);
#5093=ORIENTED_EDGE('',*,*,#3738,.F.);
#5094=ORIENTED_EDGE('',*,*,#3735,.F.);
#5095=ORIENTED_EDGE('',*,*,#3732,.F.);
#5096=ORIENTED_EDGE('',*,*,#3729,.F.);
#5097=ORIENTED_EDGE('',*,*,#3726,.F.);
#5098=ORIENTED_EDGE('',*,*,#3717,.T.);
#5099=ORIENTED_EDGE('',*,*,#3714,.T.);
#5100=ORIENTED_EDGE('',*,*,#3711,.T.);
#5101=ORIENTED_EDGE('',*,*,#3708,.T.);
#5102=ORIENTED_EDGE('',*,*,#3705,.T.);
#5103=ORIENTED_EDGE('',*,*,#3579,.T.);
#5104=ORIENTED_EDGE('',*,*,#3664,.T.);
#5105=ORIENTED_EDGE('',*,*,#3661,.T.);
#5106=ORIENTED_EDGE('',*,*,#3658,.T.);
#5107=ORIENTED_EDGE('',*,*,#3655,.T.);
#5108=ORIENTED_EDGE('',*,*,#3652,.T.);
#5109=ORIENTED_EDGE('',*,*,#3649,.T.);
#5110=ORIENTED_EDGE('',*,*,#3646,.T.);
#5111=ORIENTED_EDGE('',*,*,#3643,.T.);
#5112=ORIENTED_EDGE('',*,*,#3640,.T.);
#5113=ORIENTED_EDGE('',*,*,#3637,.T.);
#5114=ORIENTED_EDGE('',*,*,#3634,.T.);
#5115=ORIENTED_EDGE('',*,*,#3631,.T.);
#5116=ORIENTED_EDGE('',*,*,#3628,.T.);
#5117=ORIENTED_EDGE('',*,*,#3625,.T.);
#5118=ORIENTED_EDGE('',*,*,#3622,.T.);
#5119=ORIENTED_EDGE('',*,*,#3619,.T.);
#5120=ORIENTED_EDGE('',*,*,#3616,.T.);
#5121=ORIENTED_EDGE('',*,*,#3613,.T.);
#5122=ORIENTED_EDGE('',*,*,#3610,.T.);
#5123=ORIENTED_EDGE('',*,*,#3607,.T.);
#5124=ORIENTED_EDGE('',*,*,#3604,.T.);
#5125=ORIENTED_EDGE('',*,*,#3601,.T.);
#5126=ORIENTED_EDGE('',*,*,#3598,.T.);
#5127=ORIENTED_EDGE('',*,*,#3595,.T.);
#5128=ORIENTED_EDGE('',*,*,#3592,.T.);
#5129=ORIENTED_EDGE('',*,*,#3589,.T.);
#5130=ORIENTED_EDGE('',*,*,#3586,.T.);
#5131=ORIENTED_EDGE('',*,*,#3583,.T.);
#5132=ORIENTED_EDGE('',*,*,#3555,.T.);
#5133=ORIENTED_EDGE('',*,*,#3577,.T.);
#5134=ORIENTED_EDGE('',*,*,#3574,.T.);
#5135=ORIENTED_EDGE('',*,*,#3571,.T.);
#5136=ORIENTED_EDGE('',*,*,#3568,.T.);
#5137=ORIENTED_EDGE('',*,*,#3565,.T.);
#5138=ORIENTED_EDGE('',*,*,#3562,.T.);
#5139=ORIENTED_EDGE('',*,*,#3559,.T.);
#5140=ORIENTED_EDGE('',*,*,#3510,.T.);
#5141=ORIENTED_EDGE('',*,*,#3544,.T.);
#5142=ORIENTED_EDGE('',*,*,#3541,.T.);
#5143=ORIENTED_EDGE('',*,*,#3538,.T.);
#5144=ORIENTED_EDGE('',*,*,#3535,.T.);
#5145=ORIENTED_EDGE('',*,*,#3532,.T.);
#5146=ORIENTED_EDGE('',*,*,#3529,.T.);
#5147=ORIENTED_EDGE('',*,*,#3526,.T.);
#5148=ORIENTED_EDGE('',*,*,#3523,.T.);
#5149=ORIENTED_EDGE('',*,*,#3520,.T.);
#5150=ORIENTED_EDGE('',*,*,#3517,.T.);
#5151=ORIENTED_EDGE('',*,*,#3514,.T.);
#5152=ORIENTED_EDGE('',*,*,#3474,.T.);
#5153=ORIENTED_EDGE('',*,*,#3508,.T.);
#5154=ORIENTED_EDGE('',*,*,#3505,.T.);
#5155=ORIENTED_EDGE('',*,*,#3502,.T.);
#5156=ORIENTED_EDGE('',*,*,#3499,.T.);
#5157=ORIENTED_EDGE('',*,*,#3496,.T.);
#5158=ORIENTED_EDGE('',*,*,#3493,.T.);
#5159=ORIENTED_EDGE('',*,*,#3490,.T.);
#5160=ORIENTED_EDGE('',*,*,#3487,.T.);
#5161=ORIENTED_EDGE('',*,*,#3484,.T.);
#5162=ORIENTED_EDGE('',*,*,#3481,.T.);
#5163=ORIENTED_EDGE('',*,*,#3478,.T.);
#5164=ORIENTED_EDGE('',*,*,#3438,.T.);
#5165=ORIENTED_EDGE('',*,*,#3472,.T.);
#5166=ORIENTED_EDGE('',*,*,#3469,.T.);
#5167=ORIENTED_EDGE('',*,*,#3466,.T.);
#5168=ORIENTED_EDGE('',*,*,#3463,.T.);
#5169=ORIENTED_EDGE('',*,*,#3460,.T.);
#5170=ORIENTED_EDGE('',*,*,#3457,.T.);
#5171=ORIENTED_EDGE('',*,*,#3454,.T.);
#5172=ORIENTED_EDGE('',*,*,#3451,.T.);
#5173=ORIENTED_EDGE('',*,*,#3448,.T.);
#5174=ORIENTED_EDGE('',*,*,#3445,.T.);
#5175=ORIENTED_EDGE('',*,*,#3442,.T.);
#5176=ORIENTED_EDGE('',*,*,#3411,.T.);
#5177=ORIENTED_EDGE('',*,*,#3436,.T.);
#5178=ORIENTED_EDGE('',*,*,#3433,.T.);
#5179=ORIENTED_EDGE('',*,*,#3430,.T.);
#5180=ORIENTED_EDGE('',*,*,#3427,.T.);
#5181=ORIENTED_EDGE('',*,*,#3424,.T.);
#5182=ORIENTED_EDGE('',*,*,#3421,.T.);
#5183=ORIENTED_EDGE('',*,*,#3418,.T.);
#5184=ORIENTED_EDGE('',*,*,#3415,.T.);
#5185=ORIENTED_EDGE('',*,*,#3384,.T.);
#5186=ORIENTED_EDGE('',*,*,#3409,.T.);
#5187=ORIENTED_EDGE('',*,*,#3406,.T.);
#5188=ORIENTED_EDGE('',*,*,#3403,.T.);
#5189=ORIENTED_EDGE('',*,*,#3400,.T.);
#5190=ORIENTED_EDGE('',*,*,#3397,.T.);
#5191=ORIENTED_EDGE('',*,*,#3394,.T.);
#5192=ORIENTED_EDGE('',*,*,#3391,.T.);
#5193=ORIENTED_EDGE('',*,*,#3388,.T.);
#5194=ORIENTED_EDGE('',*,*,#3327,.T.);
#5195=ORIENTED_EDGE('',*,*,#3382,.T.);
#5196=ORIENTED_EDGE('',*,*,#3379,.T.);
#5197=ORIENTED_EDGE('',*,*,#3376,.T.);
#5198=ORIENTED_EDGE('',*,*,#3373,.T.);
#5199=ORIENTED_EDGE('',*,*,#3370,.T.);
#5200=ORIENTED_EDGE('',*,*,#3367,.T.);
#5201=ORIENTED_EDGE('',*,*,#3364,.T.);
#5202=ORIENTED_EDGE('',*,*,#3361,.T.);
#5203=ORIENTED_EDGE('',*,*,#3358,.T.);
#5204=ORIENTED_EDGE('',*,*,#3355,.T.);
#5205=ORIENTED_EDGE('',*,*,#3352,.T.);
#5206=ORIENTED_EDGE('',*,*,#3349,.T.);
#5207=ORIENTED_EDGE('',*,*,#3346,.T.);
#5208=ORIENTED_EDGE('',*,*,#3343,.T.);
#5209=ORIENTED_EDGE('',*,*,#3340,.T.);
#5210=ORIENTED_EDGE('',*,*,#3337,.T.);
#5211=ORIENTED_EDGE('',*,*,#3334,.T.);
#5212=ORIENTED_EDGE('',*,*,#3331,.T.);
#5213=ORIENTED_EDGE('',*,*,#3276,.T.);
#5214=ORIENTED_EDGE('',*,*,#3301,.T.);
#5215=ORIENTED_EDGE('',*,*,#3298,.T.);
#5216=ORIENTED_EDGE('',*,*,#3295,.T.);
#5217=ORIENTED_EDGE('',*,*,#3292,.T.);
#5218=ORIENTED_EDGE('',*,*,#3289,.T.);
#5219=ORIENTED_EDGE('',*,*,#3286,.T.);
#5220=ORIENTED_EDGE('',*,*,#3283,.T.);
#5221=ORIENTED_EDGE('',*,*,#3280,.T.);
#5222=ORIENTED_EDGE('',*,*,#3246,.T.);
#5223=ORIENTED_EDGE('',*,*,#3274,.T.);
#5224=ORIENTED_EDGE('',*,*,#3271,.T.);
#5225=ORIENTED_EDGE('',*,*,#3268,.T.);
#5226=ORIENTED_EDGE('',*,*,#3265,.T.);
#5227=ORIENTED_EDGE('',*,*,#3262,.T.);
#5228=ORIENTED_EDGE('',*,*,#3259,.T.);
#5229=ORIENTED_EDGE('',*,*,#3256,.T.);
#5230=ORIENTED_EDGE('',*,*,#3253,.T.);
#5231=ORIENTED_EDGE('',*,*,#3250,.T.);
#5232=ORIENTED_EDGE('',*,*,#3183,.T.);
#5233=ORIENTED_EDGE('',*,*,#3244,.T.);
#5234=ORIENTED_EDGE('',*,*,#3241,.T.);
#5235=ORIENTED_EDGE('',*,*,#3238,.T.);
#5236=ORIENTED_EDGE('',*,*,#3235,.T.);
#5237=ORIENTED_EDGE('',*,*,#3232,.T.);
#5238=ORIENTED_EDGE('',*,*,#3229,.T.);
#5239=ORIENTED_EDGE('',*,*,#3226,.T.);
#5240=ORIENTED_EDGE('',*,*,#3223,.T.);
#5241=ORIENTED_EDGE('',*,*,#3220,.T.);
#5242=ORIENTED_EDGE('',*,*,#3217,.T.);
#5243=ORIENTED_EDGE('',*,*,#3214,.T.);
#5244=ORIENTED_EDGE('',*,*,#3211,.T.);
#5245=ORIENTED_EDGE('',*,*,#3208,.T.);
#5246=ORIENTED_EDGE('',*,*,#3205,.T.);
#5247=ORIENTED_EDGE('',*,*,#3202,.T.);
#5248=ORIENTED_EDGE('',*,*,#3199,.T.);
#5249=ORIENTED_EDGE('',*,*,#3196,.T.);
#5250=ORIENTED_EDGE('',*,*,#3193,.T.);
#5251=ORIENTED_EDGE('',*,*,#3190,.T.);
#5252=ORIENTED_EDGE('',*,*,#3187,.T.);
#5253=ORIENTED_EDGE('',*,*,#3776,.T.);
#5254=ORIENTED_EDGE('',*,*,#3753,.T.);
#5255=ORIENTED_EDGE('',*,*,#3777,.T.);
#5256=ORIENTED_EDGE('',*,*,#3778,.T.);
#5257=ORIENTED_EDGE('',*,*,#3779,.T.);
#5258=ORIENTED_EDGE('',*,*,#3780,.T.);
#5259=ORIENTED_EDGE('',*,*,#3777,.F.);
#5260=ORIENTED_EDGE('',*,*,#3775,.T.);
#5261=ORIENTED_EDGE('',*,*,#3781,.T.);
#5262=ORIENTED_EDGE('',*,*,#3782,.T.);
#5263=ORIENTED_EDGE('',*,*,#3779,.F.);
#5264=ORIENTED_EDGE('',*,*,#3774,.T.);
#5265=ORIENTED_EDGE('',*,*,#3783,.T.);
#5266=ORIENTED_EDGE('',*,*,#3784,.T.);
#5267=ORIENTED_EDGE('',*,*,#3781,.F.);
#5268=ORIENTED_EDGE('',*,*,#3773,.T.);
#5269=ORIENTED_EDGE('',*,*,#3785,.T.);
#5270=ORIENTED_EDGE('',*,*,#3786,.T.);
#5271=ORIENTED_EDGE('',*,*,#3783,.F.);
#5272=ORIENTED_EDGE('',*,*,#3772,.T.);
#5273=ORIENTED_EDGE('',*,*,#3787,.T.);
#5274=ORIENTED_EDGE('',*,*,#3788,.T.);
#5275=ORIENTED_EDGE('',*,*,#3785,.F.);
#5276=ORIENTED_EDGE('',*,*,#3771,.T.);
#5277=ORIENTED_EDGE('',*,*,#3789,.T.);
#5278=ORIENTED_EDGE('',*,*,#3790,.T.);
#5279=ORIENTED_EDGE('',*,*,#3787,.F.);
#5280=ORIENTED_EDGE('',*,*,#3770,.T.);
#5281=ORIENTED_EDGE('',*,*,#3791,.T.);
#5282=ORIENTED_EDGE('',*,*,#3792,.T.);
#5283=ORIENTED_EDGE('',*,*,#3789,.F.);
#5284=ORIENTED_EDGE('',*,*,#3769,.T.);
#5285=ORIENTED_EDGE('',*,*,#3793,.T.);
#5286=ORIENTED_EDGE('',*,*,#3794,.T.);
#5287=ORIENTED_EDGE('',*,*,#3791,.F.);
#5288=ORIENTED_EDGE('',*,*,#3768,.T.);
#5289=ORIENTED_EDGE('',*,*,#3795,.T.);
#5290=ORIENTED_EDGE('',*,*,#3796,.T.);
#5291=ORIENTED_EDGE('',*,*,#3793,.F.);
#5292=ORIENTED_EDGE('',*,*,#3767,.T.);
#5293=ORIENTED_EDGE('',*,*,#3797,.T.);
#5294=ORIENTED_EDGE('',*,*,#3798,.T.);
#5295=ORIENTED_EDGE('',*,*,#3795,.F.);
#5296=ORIENTED_EDGE('',*,*,#3766,.T.);
#5297=ORIENTED_EDGE('',*,*,#3799,.T.);
#5298=ORIENTED_EDGE('',*,*,#3800,.T.);
#5299=ORIENTED_EDGE('',*,*,#3797,.F.);
#5300=ORIENTED_EDGE('',*,*,#3765,.T.);
#5301=ORIENTED_EDGE('',*,*,#3801,.T.);
#5302=ORIENTED_EDGE('',*,*,#3802,.T.);
#5303=ORIENTED_EDGE('',*,*,#3799,.F.);
#5304=ORIENTED_EDGE('',*,*,#3764,.T.);
#5305=ORIENTED_EDGE('',*,*,#3803,.T.);
#5306=ORIENTED_EDGE('',*,*,#3804,.T.);
#5307=ORIENTED_EDGE('',*,*,#3801,.F.);
#5308=ORIENTED_EDGE('',*,*,#3763,.T.);
#5309=ORIENTED_EDGE('',*,*,#3805,.T.);
#5310=ORIENTED_EDGE('',*,*,#3806,.T.);
#5311=ORIENTED_EDGE('',*,*,#3803,.F.);
#5312=ORIENTED_EDGE('',*,*,#3762,.T.);
#5313=ORIENTED_EDGE('',*,*,#3807,.T.);
#5314=ORIENTED_EDGE('',*,*,#3808,.T.);
#5315=ORIENTED_EDGE('',*,*,#3805,.F.);
#5316=ORIENTED_EDGE('',*,*,#3761,.T.);
#5317=ORIENTED_EDGE('',*,*,#3809,.T.);
#5318=ORIENTED_EDGE('',*,*,#3810,.T.);
#5319=ORIENTED_EDGE('',*,*,#3807,.F.);
#5320=ORIENTED_EDGE('',*,*,#3760,.T.);
#5321=ORIENTED_EDGE('',*,*,#3811,.T.);
#5322=ORIENTED_EDGE('',*,*,#3812,.T.);
#5323=ORIENTED_EDGE('',*,*,#3809,.F.);
#5324=ORIENTED_EDGE('',*,*,#3759,.T.);
#5325=ORIENTED_EDGE('',*,*,#3813,.T.);
#5326=ORIENTED_EDGE('',*,*,#3814,.T.);
#5327=ORIENTED_EDGE('',*,*,#3811,.F.);
#5328=ORIENTED_EDGE('',*,*,#3758,.T.);
#5329=ORIENTED_EDGE('',*,*,#3815,.T.);
#5330=ORIENTED_EDGE('',*,*,#3816,.T.);
#5331=ORIENTED_EDGE('',*,*,#3813,.F.);
#5332=ORIENTED_EDGE('',*,*,#3757,.T.);
#5333=ORIENTED_EDGE('',*,*,#3817,.T.);
#5334=ORIENTED_EDGE('',*,*,#3818,.T.);
#5335=ORIENTED_EDGE('',*,*,#3815,.F.);
#5336=ORIENTED_EDGE('',*,*,#3756,.T.);
#5337=ORIENTED_EDGE('',*,*,#3819,.T.);
#5338=ORIENTED_EDGE('',*,*,#3820,.T.);
#5339=ORIENTED_EDGE('',*,*,#3817,.F.);
#5340=ORIENTED_EDGE('',*,*,#3755,.T.);
#5341=ORIENTED_EDGE('',*,*,#3819,.F.);
#5342=ORIENTED_EDGE('',*,*,#3754,.T.);
#5343=ORIENTED_EDGE('',*,*,#3776,.F.);
#5344=ORIENTED_EDGE('',*,*,#3821,.T.);
#5345=ORIENTED_EDGE('',*,*,#3802,.F.);
#5346=ORIENTED_EDGE('',*,*,#3822,.T.);
#5347=ORIENTED_EDGE('',*,*,#3823,.T.);
#5348=ORIENTED_EDGE('',*,*,#3824,.T.);
#5349=ORIENTED_EDGE('',*,*,#3804,.F.);
#5350=ORIENTED_EDGE('',*,*,#3825,.F.);
#5351=ORIENTED_EDGE('',*,*,#3826,.F.);
#5352=ORIENTED_EDGE('',*,*,#3822,.F.);
#5353=ORIENTED_EDGE('',*,*,#3806,.F.);
#5354=ORIENTED_EDGE('',*,*,#3827,.T.);
#5355=ORIENTED_EDGE('',*,*,#3828,.T.);
#5356=ORIENTED_EDGE('',*,*,#3825,.T.);
#5357=ORIENTED_EDGE('',*,*,#3808,.F.);
#5358=ORIENTED_EDGE('',*,*,#3829,.F.);
#5359=ORIENTED_EDGE('',*,*,#3830,.F.);
#5360=ORIENTED_EDGE('',*,*,#3827,.F.);
#5361=ORIENTED_EDGE('',*,*,#3810,.F.);
#5362=ORIENTED_EDGE('',*,*,#3831,.T.);
#5363=ORIENTED_EDGE('',*,*,#3832,.T.);
#5364=ORIENTED_EDGE('',*,*,#3829,.T.);
#5365=ORIENTED_EDGE('',*,*,#3812,.F.);
#5366=ORIENTED_EDGE('',*,*,#3833,.F.);
#5367=ORIENTED_EDGE('',*,*,#3834,.F.);
#5368=ORIENTED_EDGE('',*,*,#3831,.F.);
#5369=ORIENTED_EDGE('',*,*,#3814,.F.);
#5370=ORIENTED_EDGE('',*,*,#3835,.T.);
#5371=ORIENTED_EDGE('',*,*,#3836,.T.);
#5372=ORIENTED_EDGE('',*,*,#3833,.T.);
#5373=ORIENTED_EDGE('',*,*,#3816,.F.);
#5374=ORIENTED_EDGE('',*,*,#3837,.F.);
#5375=ORIENTED_EDGE('',*,*,#3838,.F.);
#5376=ORIENTED_EDGE('',*,*,#3839,.F.);
#5377=ORIENTED_EDGE('',*,*,#3835,.F.);
#5378=ORIENTED_EDGE('',*,*,#3818,.F.);
#5379=ORIENTED_EDGE('',*,*,#3840,.T.);
#5380=ORIENTED_EDGE('',*,*,#3841,.F.);
#5381=ORIENTED_EDGE('',*,*,#3837,.T.);
#5382=ORIENTED_EDGE('',*,*,#3820,.F.);
#5383=ORIENTED_EDGE('',*,*,#3842,.T.);
#5384=ORIENTED_EDGE('',*,*,#3843,.T.);
#5385=ORIENTED_EDGE('',*,*,#3840,.F.);
#5386=ORIENTED_EDGE('',*,*,#3821,.F.);
#5387=ORIENTED_EDGE('',*,*,#3844,.F.);
#5388=ORIENTED_EDGE('',*,*,#3845,.F.);
#5389=ORIENTED_EDGE('',*,*,#3842,.F.);
#5390=ORIENTED_EDGE('',*,*,#3778,.F.);
#5391=ORIENTED_EDGE('',*,*,#3846,.T.);
#5392=ORIENTED_EDGE('',*,*,#3847,.T.);
#5393=ORIENTED_EDGE('',*,*,#3844,.T.);
#5394=ORIENTED_EDGE('',*,*,#3728,.F.);
#5395=ORIENTED_EDGE('',*,*,#3848,.T.);
#5396=ORIENTED_EDGE('',*,*,#3849,.T.);
#5397=ORIENTED_EDGE('',*,*,#3850,.T.);
#5398=ORIENTED_EDGE('',*,*,#3731,.F.);
#5399=ORIENTED_EDGE('',*,*,#3851,.F.);
#5400=ORIENTED_EDGE('',*,*,#3852,.F.);
#5401=ORIENTED_EDGE('',*,*,#3848,.F.);
#5402=ORIENTED_EDGE('',*,*,#3725,.F.);
#5403=ORIENTED_EDGE('',*,*,#3850,.F.);
#5404=ORIENTED_EDGE('',*,*,#3853,.F.);
#5405=ORIENTED_EDGE('',*,*,#3751,.F.);
#5406=ORIENTED_EDGE('',*,*,#3734,.F.);
#5407=ORIENTED_EDGE('',*,*,#3746,.T.);
#5408=ORIENTED_EDGE('',*,*,#3854,.T.);
#5409=ORIENTED_EDGE('',*,*,#3851,.T.);
#5410=ORIENTED_EDGE('',*,*,#3798,.F.);
#5411=ORIENTED_EDGE('',*,*,#3855,.T.);
#5412=ORIENTED_EDGE('',*,*,#3856,.T.);
#5413=ORIENTED_EDGE('',*,*,#3857,.T.);
#5414=ORIENTED_EDGE('',*,*,#3796,.F.);
#5415=ORIENTED_EDGE('',*,*,#3857,.F.);
#5416=ORIENTED_EDGE('',*,*,#3858,.F.);
#5417=ORIENTED_EDGE('',*,*,#3859,.F.);
#5418=ORIENTED_EDGE('',*,*,#3794,.F.);
#5419=ORIENTED_EDGE('',*,*,#3859,.T.);
#5420=ORIENTED_EDGE('',*,*,#3860,.T.);
#5421=ORIENTED_EDGE('',*,*,#3861,.T.);
#5422=ORIENTED_EDGE('',*,*,#3792,.F.);
#5423=ORIENTED_EDGE('',*,*,#3861,.F.);
#5424=ORIENTED_EDGE('',*,*,#3862,.F.);
#5425=ORIENTED_EDGE('',*,*,#3863,.F.);
#5426=ORIENTED_EDGE('',*,*,#3790,.F.);
#5427=ORIENTED_EDGE('',*,*,#3863,.T.);
#5428=ORIENTED_EDGE('',*,*,#3864,.T.);
#5429=ORIENTED_EDGE('',*,*,#3865,.T.);
#5430=ORIENTED_EDGE('',*,*,#3780,.F.);
#5431=ORIENTED_EDGE('',*,*,#3866,.F.);
#5432=ORIENTED_EDGE('',*,*,#3867,.F.);
#5433=ORIENTED_EDGE('',*,*,#3846,.F.);
#5434=ORIENTED_EDGE('',*,*,#3782,.F.);
#5435=ORIENTED_EDGE('',*,*,#3868,.T.);
#5436=ORIENTED_EDGE('',*,*,#3869,.T.);
#5437=ORIENTED_EDGE('',*,*,#3866,.T.);
#5438=ORIENTED_EDGE('',*,*,#3786,.F.);
#5439=ORIENTED_EDGE('',*,*,#3870,.T.);
#5440=ORIENTED_EDGE('',*,*,#3871,.T.);
#5441=ORIENTED_EDGE('',*,*,#3872,.T.);
#5442=ORIENTED_EDGE('',*,*,#3784,.F.);
#5443=ORIENTED_EDGE('',*,*,#3872,.F.);
#5444=ORIENTED_EDGE('',*,*,#3873,.F.);
#5445=ORIENTED_EDGE('',*,*,#3868,.F.);
#5446=ORIENTED_EDGE('',*,*,#3788,.F.);
#5447=ORIENTED_EDGE('',*,*,#3865,.F.);
#5448=ORIENTED_EDGE('',*,*,#3874,.F.);
#5449=ORIENTED_EDGE('',*,*,#3870,.F.);
#5450=ORIENTED_EDGE('',*,*,#3800,.F.);
#5451=ORIENTED_EDGE('',*,*,#3824,.F.);
#5452=ORIENTED_EDGE('',*,*,#3875,.F.);
#5453=ORIENTED_EDGE('',*,*,#3855,.F.);
#5454=ORIENTED_EDGE('',*,*,#3843,.F.);
#5455=ORIENTED_EDGE('',*,*,#3845,.T.);
#5456=ORIENTED_EDGE('',*,*,#3847,.F.);
#5457=ORIENTED_EDGE('',*,*,#3867,.T.);
#5458=ORIENTED_EDGE('',*,*,#3869,.F.);
#5459=ORIENTED_EDGE('',*,*,#3873,.T.);
#5460=ORIENTED_EDGE('',*,*,#3871,.F.);
#5461=ORIENTED_EDGE('',*,*,#3874,.T.);
#5462=ORIENTED_EDGE('',*,*,#3864,.F.);
#5463=ORIENTED_EDGE('',*,*,#3862,.T.);
#5464=ORIENTED_EDGE('',*,*,#3860,.F.);
#5465=ORIENTED_EDGE('',*,*,#3858,.T.);
#5466=ORIENTED_EDGE('',*,*,#3856,.F.);
#5467=ORIENTED_EDGE('',*,*,#3875,.T.);
#5468=ORIENTED_EDGE('',*,*,#3823,.F.);
#5469=ORIENTED_EDGE('',*,*,#3826,.T.);
#5470=ORIENTED_EDGE('',*,*,#3828,.F.);
#5471=ORIENTED_EDGE('',*,*,#3830,.T.);
#5472=ORIENTED_EDGE('',*,*,#3832,.F.);
#5473=ORIENTED_EDGE('',*,*,#3834,.T.);
#5474=ORIENTED_EDGE('',*,*,#3836,.F.);
#5475=ORIENTED_EDGE('',*,*,#3839,.T.);
#5476=ORIENTED_EDGE('',*,*,#3838,.T.);
#5477=ORIENTED_EDGE('',*,*,#3841,.T.);
#5478=ORIENTED_EDGE('',*,*,#3707,.T.);
#5479=ORIENTED_EDGE('',*,*,#3710,.T.);
#5480=ORIENTED_EDGE('',*,*,#3713,.T.);
#5481=ORIENTED_EDGE('',*,*,#3716,.T.);
#5482=ORIENTED_EDGE('',*,*,#3719,.T.);
#5483=ORIENTED_EDGE('',*,*,#3745,.T.);
#5484=ORIENTED_EDGE('',*,*,#3748,.F.);
#5485=ORIENTED_EDGE('',*,*,#3750,.T.);
#5486=ORIENTED_EDGE('',*,*,#3752,.F.);
#5487=ORIENTED_EDGE('',*,*,#3853,.T.);
#5488=ORIENTED_EDGE('',*,*,#3849,.F.);
#5489=ORIENTED_EDGE('',*,*,#3852,.T.);
#5490=ORIENTED_EDGE('',*,*,#3854,.F.);
#5491=ORIENTED_EDGE('',*,*,#3704,.T.);
#5492=ORIENTED_EDGE('',*,*,#3697,.T.);
#5493=ORIENTED_EDGE('',*,*,#3700,.T.);
#5494=ORIENTED_EDGE('',*,*,#3690,.T.);
#5495=ORIENTED_EDGE('',*,*,#3694,.T.);
#5496=ORIENTED_EDGE('',*,*,#3685,.T.);
#5497=ORIENTED_EDGE('',*,*,#3688,.T.);
#5498=ORIENTED_EDGE('',*,*,#3678,.T.);
#5499=ORIENTED_EDGE('',*,*,#3682,.T.);
#5500=ORIENTED_EDGE('',*,*,#3673,.T.);
#5501=ORIENTED_EDGE('',*,*,#3676,.T.);
#5502=ORIENTED_EDGE('',*,*,#3666,.T.);
#5503=ORIENTED_EDGE('',*,*,#3670,.T.);
#5504=ORIENTED_EDGE('',*,*,#3876,.F.);
#5505=ORIENTED_EDGE('',*,*,#3877,.F.);
#5506=ORIENTED_EDGE('',*,*,#3878,.T.);
#5507=ORIENTED_EDGE('',*,*,#3879,.F.);
#5508=ORIENTED_EDGE('',*,*,#3880,.F.);
#5509=ORIENTED_EDGE('',*,*,#3881,.F.);
#5510=ORIENTED_EDGE('',*,*,#3882,.T.);
#5511=ORIENTED_EDGE('',*,*,#3883,.F.);
#5512=ORIENTED_EDGE('',*,*,#3884,.F.);
#5513=ORIENTED_EDGE('',*,*,#3885,.F.);
#5514=ORIENTED_EDGE('',*,*,#3886,.F.);
#5515=ORIENTED_EDGE('',*,*,#3887,.T.);
#5516=ORIENTED_EDGE('',*,*,#3888,.F.);
#5517=ORIENTED_EDGE('',*,*,#3889,.F.);
#5518=ORIENTED_EDGE('',*,*,#3890,.F.);
#5519=ORIENTED_EDGE('',*,*,#3891,.T.);
#5520=ORIENTED_EDGE('',*,*,#3892,.T.);
#5521=ORIENTED_EDGE('',*,*,#3890,.T.);
#5522=ORIENTED_EDGE('',*,*,#3893,.T.);
#5523=ORIENTED_EDGE('',*,*,#3894,.T.);
#5524=ORIENTED_EDGE('',*,*,#3895,.F.);
#5525=ORIENTED_EDGE('',*,*,#3896,.T.);
#5526=ORIENTED_EDGE('',*,*,#3897,.T.);
#5527=ORIENTED_EDGE('',*,*,#3898,.T.);
#5528=ORIENTED_EDGE('',*,*,#3899,.F.);
#5529=ORIENTED_EDGE('',*,*,#3900,.T.);
#5530=ORIENTED_EDGE('',*,*,#3894,.F.);
#5531=ORIENTED_EDGE('',*,*,#3901,.F.);
#5532=ORIENTED_EDGE('',*,*,#3902,.F.);
#5533=ORIENTED_EDGE('',*,*,#3903,.T.);
#5534=ORIENTED_EDGE('',*,*,#3895,.T.);
#5535=ORIENTED_EDGE('',*,*,#3904,.F.);
#5536=ORIENTED_EDGE('',*,*,#3899,.T.);
#5537=ORIENTED_EDGE('',*,*,#3905,.T.);
#5538=ORIENTED_EDGE('',*,*,#3906,.T.);
#5539=ORIENTED_EDGE('',*,*,#3907,.T.);
#5540=ORIENTED_EDGE('',*,*,#3888,.T.);
#5541=ORIENTED_EDGE('',*,*,#3908,.F.);
#5542=ORIENTED_EDGE('',*,*,#3909,.F.);
#5543=ORIENTED_EDGE('',*,*,#3906,.F.);
#5544=ORIENTED_EDGE('',*,*,#3910,.T.);
#5545=ORIENTED_EDGE('',*,*,#3911,.T.);
#5546=ORIENTED_EDGE('',*,*,#3908,.T.);
#5547=ORIENTED_EDGE('',*,*,#3912,.T.);
#5548=ORIENTED_EDGE('',*,*,#3886,.T.);
#5549=ORIENTED_EDGE('',*,*,#3913,.F.);
#5550=ORIENTED_EDGE('',*,*,#3914,.F.);
#5551=ORIENTED_EDGE('',*,*,#3915,.F.);
#5552=ORIENTED_EDGE('',*,*,#3916,.T.);
#5553=ORIENTED_EDGE('',*,*,#3917,.T.);
#5554=ORIENTED_EDGE('',*,*,#3918,.T.);
#5555=ORIENTED_EDGE('',*,*,#3919,.T.);
#5556=ORIENTED_EDGE('',*,*,#3915,.T.);
#5557=ORIENTED_EDGE('',*,*,#3920,.F.);
#5558=ORIENTED_EDGE('',*,*,#3921,.F.);
#5559=ORIENTED_EDGE('',*,*,#3922,.F.);
#5560=ORIENTED_EDGE('',*,*,#3923,.T.);
#5561=ORIENTED_EDGE('',*,*,#3924,.T.);
#5562=ORIENTED_EDGE('',*,*,#3925,.T.);
#5563=ORIENTED_EDGE('',*,*,#3926,.T.);
#5564=ORIENTED_EDGE('',*,*,#3922,.T.);
#5565=ORIENTED_EDGE('',*,*,#3927,.F.);
#5566=ORIENTED_EDGE('',*,*,#3928,.F.);
#5567=ORIENTED_EDGE('',*,*,#3929,.F.);
#5568=ORIENTED_EDGE('',*,*,#3930,.T.);
#5569=ORIENTED_EDGE('',*,*,#3931,.T.);
#5570=ORIENTED_EDGE('',*,*,#3929,.T.);
#5571=ORIENTED_EDGE('',*,*,#3932,.T.);
#5572=ORIENTED_EDGE('',*,*,#3913,.T.);
#5573=ORIENTED_EDGE('',*,*,#3933,.F.);
#5574=ORIENTED_EDGE('',*,*,#3934,.T.);
#5575=ORIENTED_EDGE('',*,*,#3897,.F.);
#5576=ORIENTED_EDGE('',*,*,#3935,.F.);
#5577=ORIENTED_EDGE('',*,*,#3936,.T.);
#5578=ORIENTED_EDGE('',*,*,#3933,.T.);
#5579=ORIENTED_EDGE('',*,*,#3937,.T.);
#5580=ORIENTED_EDGE('',*,*,#3927,.T.);
#5581=ORIENTED_EDGE('',*,*,#3938,.F.);
#5582=ORIENTED_EDGE('',*,*,#3939,.T.);
#5583=ORIENTED_EDGE('',*,*,#3925,.F.);
#5584=ORIENTED_EDGE('',*,*,#3940,.F.);
#5585=ORIENTED_EDGE('',*,*,#3941,.T.);
#5586=ORIENTED_EDGE('',*,*,#3938,.T.);
#5587=ORIENTED_EDGE('',*,*,#3942,.T.);
#5588=ORIENTED_EDGE('',*,*,#3943,.T.);
#5589=ORIENTED_EDGE('',*,*,#3944,.F.);
#5590=ORIENTED_EDGE('',*,*,#3945,.T.);
#5591=ORIENTED_EDGE('',*,*,#3943,.F.);
#5592=ORIENTED_EDGE('',*,*,#3946,.F.);
#5593=ORIENTED_EDGE('',*,*,#3947,.T.);
#5594=ORIENTED_EDGE('',*,*,#3944,.T.);
#5595=ORIENTED_EDGE('',*,*,#3948,.T.);
#5596=ORIENTED_EDGE('',*,*,#3884,.T.);
#5597=ORIENTED_EDGE('',*,*,#3949,.F.);
#5598=ORIENTED_EDGE('',*,*,#3950,.F.);
#5599=ORIENTED_EDGE('',*,*,#3951,.T.);
#5600=ORIENTED_EDGE('',*,*,#3952,.F.);
#5601=ORIENTED_EDGE('',*,*,#3953,.F.);
#5602=ORIENTED_EDGE('',*,*,#3954,.T.);
#5603=ORIENTED_EDGE('',*,*,#3955,.T.);
#5604=ORIENTED_EDGE('',*,*,#3950,.T.);
#5605=ORIENTED_EDGE('',*,*,#3956,.F.);
#5606=ORIENTED_EDGE('',*,*,#3952,.T.);
#5607=ORIENTED_EDGE('',*,*,#3957,.T.);
#5608=ORIENTED_EDGE('',*,*,#3958,.F.);
#5609=ORIENTED_EDGE('',*,*,#3959,.F.);
#5610=ORIENTED_EDGE('',*,*,#3958,.T.);
#5611=ORIENTED_EDGE('',*,*,#3960,.T.);
#5612=ORIENTED_EDGE('',*,*,#3961,.T.);
#5613=ORIENTED_EDGE('',*,*,#3962,.F.);
#5614=ORIENTED_EDGE('',*,*,#3963,.F.);
#5615=ORIENTED_EDGE('',*,*,#3964,.T.);
#5616=ORIENTED_EDGE('',*,*,#3954,.F.);
#5617=ORIENTED_EDGE('',*,*,#3965,.F.);
#5618=ORIENTED_EDGE('',*,*,#3966,.T.);
#5619=ORIENTED_EDGE('',*,*,#3967,.T.);
#5620=ORIENTED_EDGE('',*,*,#3963,.T.);
#5621=ORIENTED_EDGE('',*,*,#3968,.F.);
#5622=ORIENTED_EDGE('',*,*,#3969,.T.);
#5623=ORIENTED_EDGE('',*,*,#3970,.T.);
#5624=ORIENTED_EDGE('',*,*,#3881,.T.);
#5625=ORIENTED_EDGE('',*,*,#3971,.F.);
#5626=ORIENTED_EDGE('',*,*,#3972,.F.);
#5627=ORIENTED_EDGE('',*,*,#3973,.T.);
#5628=ORIENTED_EDGE('',*,*,#3969,.F.);
#5629=ORIENTED_EDGE('',*,*,#3974,.F.);
#5630=ORIENTED_EDGE('',*,*,#3975,.T.);
#5631=ORIENTED_EDGE('',*,*,#3976,.T.);
#5632=ORIENTED_EDGE('',*,*,#3972,.T.);
#5633=ORIENTED_EDGE('',*,*,#3977,.F.);
#5634=ORIENTED_EDGE('',*,*,#3978,.F.);
#5635=ORIENTED_EDGE('',*,*,#3979,.T.);
#5636=ORIENTED_EDGE('',*,*,#3966,.F.);
#5637=ORIENTED_EDGE('',*,*,#3980,.F.);
#5638=ORIENTED_EDGE('',*,*,#3883,.T.);
#5639=ORIENTED_EDGE('',*,*,#3981,.T.);
#5640=ORIENTED_EDGE('',*,*,#3978,.T.);
#5641=ORIENTED_EDGE('',*,*,#3982,.F.);
#5642=ORIENTED_EDGE('',*,*,#3983,.T.);
#5643=ORIENTED_EDGE('',*,*,#3918,.F.);
#5644=ORIENTED_EDGE('',*,*,#3984,.F.);
#5645=ORIENTED_EDGE('',*,*,#3985,.T.);
#5646=ORIENTED_EDGE('',*,*,#3982,.T.);
#5647=ORIENTED_EDGE('',*,*,#3986,.T.);
#5648=ORIENTED_EDGE('',*,*,#3920,.T.);
#5649=ORIENTED_EDGE('',*,*,#3987,.F.);
#5650=ORIENTED_EDGE('',*,*,#3988,.F.);
#5651=ORIENTED_EDGE('',*,*,#3989,.T.);
#5652=ORIENTED_EDGE('',*,*,#3975,.F.);
#5653=ORIENTED_EDGE('',*,*,#3990,.F.);
#5654=ORIENTED_EDGE('',*,*,#3879,.T.);
#5655=ORIENTED_EDGE('',*,*,#3991,.T.);
#5656=ORIENTED_EDGE('',*,*,#3988,.T.);
#5657=ORIENTED_EDGE('',*,*,#3992,.F.);
#5658=ORIENTED_EDGE('',*,*,#3993,.F.);
#5659=ORIENTED_EDGE('',*,*,#3994,.F.);
#5660=ORIENTED_EDGE('',*,*,#3995,.F.);
#5661=ORIENTED_EDGE('',*,*,#3996,.F.);
#5662=ORIENTED_EDGE('',*,*,#3997,.F.);
#5663=ORIENTED_EDGE('',*,*,#3998,.F.);
#5664=ORIENTED_EDGE('',*,*,#3999,.F.);
#5665=ORIENTED_EDGE('',*,*,#4000,.T.);
#5666=ORIENTED_EDGE('',*,*,#4001,.F.);
#5667=ORIENTED_EDGE('',*,*,#4002,.F.);
#5668=ORIENTED_EDGE('',*,*,#3960,.F.);
#5669=ORIENTED_EDGE('',*,*,#3957,.F.);
#5670=ORIENTED_EDGE('',*,*,#3951,.F.);
#5671=ORIENTED_EDGE('',*,*,#3955,.F.);
#5672=ORIENTED_EDGE('',*,*,#3964,.F.);
#5673=ORIENTED_EDGE('',*,*,#3967,.F.);
#5674=ORIENTED_EDGE('',*,*,#3979,.F.);
#5675=ORIENTED_EDGE('',*,*,#3981,.F.);
#5676=ORIENTED_EDGE('',*,*,#3882,.F.);
#5677=ORIENTED_EDGE('',*,*,#3970,.F.);
#5678=ORIENTED_EDGE('',*,*,#3973,.F.);
#5679=ORIENTED_EDGE('',*,*,#3976,.F.);
#5680=ORIENTED_EDGE('',*,*,#3989,.F.);
#5681=ORIENTED_EDGE('',*,*,#3991,.F.);
#5682=ORIENTED_EDGE('',*,*,#3878,.F.);
#5683=ORIENTED_EDGE('',*,*,#4003,.F.);
#5684=ORIENTED_EDGE('',*,*,#4004,.F.);
#5685=ORIENTED_EDGE('',*,*,#4005,.F.);
#5686=ORIENTED_EDGE('',*,*,#4006,.F.);
#5687=ORIENTED_EDGE('',*,*,#4007,.T.);
#5688=ORIENTED_EDGE('',*,*,#4008,.T.);
#5689=ORIENTED_EDGE('',*,*,#4009,.T.);
#5690=ORIENTED_EDGE('',*,*,#4010,.T.);
#5691=ORIENTED_EDGE('',*,*,#4011,.T.);
#5692=ORIENTED_EDGE('',*,*,#4012,.T.);
#5693=ORIENTED_EDGE('',*,*,#3926,.F.);
#5694=ORIENTED_EDGE('',*,*,#3939,.F.);
#5695=ORIENTED_EDGE('',*,*,#3941,.F.);
#5696=ORIENTED_EDGE('',*,*,#3945,.F.);
#5697=ORIENTED_EDGE('',*,*,#3947,.F.);
#5698=ORIENTED_EDGE('',*,*,#3887,.F.);
#5699=ORIENTED_EDGE('',*,*,#3912,.F.);
#5700=ORIENTED_EDGE('',*,*,#3910,.F.);
#5701=ORIENTED_EDGE('',*,*,#3905,.F.);
#5702=ORIENTED_EDGE('',*,*,#3891,.F.);
#5703=ORIENTED_EDGE('',*,*,#3892,.F.);
#5704=ORIENTED_EDGE('',*,*,#3900,.F.);
#5705=ORIENTED_EDGE('',*,*,#3904,.T.);
#5706=ORIENTED_EDGE('',*,*,#3898,.F.);
#5707=ORIENTED_EDGE('',*,*,#3934,.F.);
#5708=ORIENTED_EDGE('',*,*,#3936,.F.);
#5709=ORIENTED_EDGE('',*,*,#3930,.F.);
#5710=ORIENTED_EDGE('',*,*,#3931,.F.);
#5711=ORIENTED_EDGE('',*,*,#3916,.F.);
#5712=ORIENTED_EDGE('',*,*,#3919,.F.);
#5713=ORIENTED_EDGE('',*,*,#3983,.F.);
#5714=ORIENTED_EDGE('',*,*,#3985,.F.);
#5715=ORIENTED_EDGE('',*,*,#3923,.F.);
#5716=ORIENTED_EDGE('',*,*,#4013,.T.);
#5717=ORIENTED_EDGE('',*,*,#4014,.T.);
#5718=ORIENTED_EDGE('',*,*,#4015,.F.);
#5719=ORIENTED_EDGE('',*,*,#4016,.T.);
#5720=ORIENTED_EDGE('',*,*,#4012,.F.);
#5721=ORIENTED_EDGE('',*,*,#4016,.F.);
#5722=ORIENTED_EDGE('',*,*,#4017,.F.);
#5723=ORIENTED_EDGE('',*,*,#4018,.T.);
#5724=ORIENTED_EDGE('',*,*,#4011,.F.);
#5725=ORIENTED_EDGE('',*,*,#4018,.F.);
#5726=ORIENTED_EDGE('',*,*,#4019,.F.);
#5727=ORIENTED_EDGE('',*,*,#4020,.T.);
#5728=ORIENTED_EDGE('',*,*,#4010,.F.);
#5729=ORIENTED_EDGE('',*,*,#4020,.F.);
#5730=ORIENTED_EDGE('',*,*,#4021,.F.);
#5731=ORIENTED_EDGE('',*,*,#4022,.T.);
#5732=ORIENTED_EDGE('',*,*,#4009,.F.);
#5733=ORIENTED_EDGE('',*,*,#4022,.F.);
#5734=ORIENTED_EDGE('',*,*,#4023,.F.);
#5735=ORIENTED_EDGE('',*,*,#4024,.T.);
#5736=ORIENTED_EDGE('',*,*,#4008,.F.);
#5737=ORIENTED_EDGE('',*,*,#4024,.F.);
#5738=ORIENTED_EDGE('',*,*,#4025,.F.);
#5739=ORIENTED_EDGE('',*,*,#4026,.T.);
#5740=ORIENTED_EDGE('',*,*,#4007,.F.);
#5741=ORIENTED_EDGE('',*,*,#4026,.F.);
#5742=ORIENTED_EDGE('',*,*,#4027,.F.);
#5743=ORIENTED_EDGE('',*,*,#4028,.T.);
#5744=ORIENTED_EDGE('',*,*,#4013,.F.);
#5745=ORIENTED_EDGE('',*,*,#4028,.F.);
#5746=ORIENTED_EDGE('',*,*,#4029,.F.);
#5747=ORIENTED_EDGE('',*,*,#4030,.T.);
#5748=ORIENTED_EDGE('',*,*,#4014,.F.);
#5749=ORIENTED_EDGE('',*,*,#4030,.F.);
#5750=ORIENTED_EDGE('',*,*,#4031,.F.);
#5751=ORIENTED_EDGE('',*,*,#4032,.F.);
#5752=ORIENTED_EDGE('',*,*,#4033,.F.);
#5753=ORIENTED_EDGE('',*,*,#4034,.F.);
#5754=ORIENTED_EDGE('',*,*,#4035,.F.);
#5755=ORIENTED_EDGE('',*,*,#4036,.F.);
#5756=ORIENTED_EDGE('',*,*,#4037,.F.);
#5757=ORIENTED_EDGE('',*,*,#4038,.F.);
#5758=ORIENTED_EDGE('',*,*,#4039,.F.);
#5759=ORIENTED_EDGE('',*,*,#4040,.F.);
#5760=ORIENTED_EDGE('',*,*,#4041,.F.);
#5761=ORIENTED_EDGE('',*,*,#4042,.F.);
#5762=ORIENTED_EDGE('',*,*,#4043,.F.);
#5763=ORIENTED_EDGE('',*,*,#4044,.F.);
#5764=ORIENTED_EDGE('',*,*,#4045,.F.);
#5765=ORIENTED_EDGE('',*,*,#4046,.F.);
#5766=ORIENTED_EDGE('',*,*,#4047,.F.);
#5767=ORIENTED_EDGE('',*,*,#4048,.F.);
#5768=ORIENTED_EDGE('',*,*,#4049,.F.);
#5769=ORIENTED_EDGE('',*,*,#4050,.F.);
#5770=ORIENTED_EDGE('',*,*,#4051,.F.);
#5771=ORIENTED_EDGE('',*,*,#4052,.F.);
#5772=ORIENTED_EDGE('',*,*,#4053,.F.);
#5773=ORIENTED_EDGE('',*,*,#4054,.F.);
#5774=ORIENTED_EDGE('',*,*,#4055,.F.);
#5775=ORIENTED_EDGE('',*,*,#4056,.F.);
#5776=ORIENTED_EDGE('',*,*,#4057,.F.);
#5777=ORIENTED_EDGE('',*,*,#4058,.F.);
#5778=ORIENTED_EDGE('',*,*,#4029,.T.);
#5779=ORIENTED_EDGE('',*,*,#4027,.T.);
#5780=ORIENTED_EDGE('',*,*,#3924,.F.);
#5781=ORIENTED_EDGE('',*,*,#3921,.T.);
#5782=ORIENTED_EDGE('',*,*,#3986,.F.);
#5783=ORIENTED_EDGE('',*,*,#3984,.T.);
#5784=ORIENTED_EDGE('',*,*,#3917,.F.);
#5785=ORIENTED_EDGE('',*,*,#3914,.T.);
#5786=ORIENTED_EDGE('',*,*,#3932,.F.);
#5787=ORIENTED_EDGE('',*,*,#3928,.T.);
#5788=ORIENTED_EDGE('',*,*,#3937,.F.);
#5789=ORIENTED_EDGE('',*,*,#3935,.T.);
#5790=ORIENTED_EDGE('',*,*,#3896,.F.);
#5791=ORIENTED_EDGE('',*,*,#3903,.F.);
#5792=ORIENTED_EDGE('',*,*,#3902,.T.);
#5793=ORIENTED_EDGE('',*,*,#3901,.T.);
#5794=ORIENTED_EDGE('',*,*,#3893,.F.);
#5795=ORIENTED_EDGE('',*,*,#3889,.T.);
#5796=ORIENTED_EDGE('',*,*,#3907,.F.);
#5797=ORIENTED_EDGE('',*,*,#3909,.T.);
#5798=ORIENTED_EDGE('',*,*,#3911,.F.);
#5799=ORIENTED_EDGE('',*,*,#3885,.T.);
#5800=ORIENTED_EDGE('',*,*,#3948,.F.);
#5801=ORIENTED_EDGE('',*,*,#3946,.T.);
#5802=ORIENTED_EDGE('',*,*,#3942,.F.);
#5803=ORIENTED_EDGE('',*,*,#3940,.T.);
#5804=ORIENTED_EDGE('',*,*,#4015,.T.);
#5805=ORIENTED_EDGE('',*,*,#4017,.T.);
#5806=ORIENTED_EDGE('',*,*,#4019,.T.);
#5807=ORIENTED_EDGE('',*,*,#4021,.T.);
#5808=ORIENTED_EDGE('',*,*,#4023,.T.);
#5809=ORIENTED_EDGE('',*,*,#4025,.T.);
#5810=ORIENTED_EDGE('',*,*,#4059,.F.);
#5811=ORIENTED_EDGE('',*,*,#3961,.F.);
#5812=ORIENTED_EDGE('',*,*,#4002,.T.);
#5813=ORIENTED_EDGE('',*,*,#4060,.F.);
#5814=ORIENTED_EDGE('',*,*,#4061,.F.);
#5815=ORIENTED_EDGE('',*,*,#4060,.T.);
#5816=ORIENTED_EDGE('',*,*,#4001,.T.);
#5817=ORIENTED_EDGE('',*,*,#4062,.T.);
#5818=ORIENTED_EDGE('',*,*,#4063,.F.);
#5819=ORIENTED_EDGE('',*,*,#4062,.F.);
#5820=ORIENTED_EDGE('',*,*,#4000,.F.);
#5821=ORIENTED_EDGE('',*,*,#4064,.T.);
#5822=ORIENTED_EDGE('',*,*,#4065,.F.);
#5823=ORIENTED_EDGE('',*,*,#4064,.F.);
#5824=ORIENTED_EDGE('',*,*,#3999,.T.);
#5825=ORIENTED_EDGE('',*,*,#4066,.F.);
#5826=ORIENTED_EDGE('',*,*,#4067,.F.);
#5827=ORIENTED_EDGE('',*,*,#4066,.T.);
#5828=ORIENTED_EDGE('',*,*,#3998,.T.);
#5829=ORIENTED_EDGE('',*,*,#4068,.T.);
#5830=ORIENTED_EDGE('',*,*,#4069,.F.);
#5831=ORIENTED_EDGE('',*,*,#4068,.F.);
#5832=ORIENTED_EDGE('',*,*,#3997,.T.);
#5833=ORIENTED_EDGE('',*,*,#4070,.F.);
#5834=ORIENTED_EDGE('',*,*,#4071,.F.);
#5835=ORIENTED_EDGE('',*,*,#4070,.T.);
#5836=ORIENTED_EDGE('',*,*,#3996,.T.);
#5837=ORIENTED_EDGE('',*,*,#4072,.T.);
#5838=ORIENTED_EDGE('',*,*,#4073,.F.);
#5839=ORIENTED_EDGE('',*,*,#4072,.F.);
#5840=ORIENTED_EDGE('',*,*,#3995,.T.);
#5841=ORIENTED_EDGE('',*,*,#4074,.F.);
#5842=ORIENTED_EDGE('',*,*,#4075,.F.);
#5843=ORIENTED_EDGE('',*,*,#4074,.T.);
#5844=ORIENTED_EDGE('',*,*,#3994,.T.);
#5845=ORIENTED_EDGE('',*,*,#4076,.T.);
#5846=ORIENTED_EDGE('',*,*,#4077,.F.);
#5847=ORIENTED_EDGE('',*,*,#4076,.F.);
#5848=ORIENTED_EDGE('',*,*,#3993,.T.);
#5849=ORIENTED_EDGE('',*,*,#4078,.F.);
#5850=ORIENTED_EDGE('',*,*,#4079,.F.);
#5851=ORIENTED_EDGE('',*,*,#4078,.T.);
#5852=ORIENTED_EDGE('',*,*,#3992,.T.);
#5853=ORIENTED_EDGE('',*,*,#4080,.T.);
#5854=ORIENTED_EDGE('',*,*,#4081,.F.);
#5855=ORIENTED_EDGE('',*,*,#4080,.F.);
#5856=ORIENTED_EDGE('',*,*,#4006,.T.);
#5857=ORIENTED_EDGE('',*,*,#4082,.F.);
#5858=ORIENTED_EDGE('',*,*,#4083,.F.);
#5859=ORIENTED_EDGE('',*,*,#4082,.T.);
#5860=ORIENTED_EDGE('',*,*,#4005,.T.);
#5861=ORIENTED_EDGE('',*,*,#4084,.T.);
#5862=ORIENTED_EDGE('',*,*,#4085,.F.);
#5863=ORIENTED_EDGE('',*,*,#4084,.F.);
#5864=ORIENTED_EDGE('',*,*,#4004,.T.);
#5865=ORIENTED_EDGE('',*,*,#4086,.F.);
#5866=ORIENTED_EDGE('',*,*,#4087,.F.);
#5867=ORIENTED_EDGE('',*,*,#4086,.T.);
#5868=ORIENTED_EDGE('',*,*,#4003,.T.);
#5869=ORIENTED_EDGE('',*,*,#3877,.T.);
#5870=ORIENTED_EDGE('',*,*,#4088,.F.);
#5871=ORIENTED_EDGE('',*,*,#3959,.T.);
#5872=ORIENTED_EDGE('',*,*,#4089,.F.);
#5873=ORIENTED_EDGE('',*,*,#4090,.F.);
#5874=ORIENTED_EDGE('',*,*,#4061,.T.);
#5875=ORIENTED_EDGE('',*,*,#4091,.F.);
#5876=ORIENTED_EDGE('',*,*,#4089,.T.);
#5877=ORIENTED_EDGE('',*,*,#4059,.T.);
#5878=ORIENTED_EDGE('',*,*,#4090,.T.);
#5879=ORIENTED_EDGE('',*,*,#4032,.T.);
#5880=ORIENTED_EDGE('',*,*,#4092,.F.);
#5881=ORIENTED_EDGE('',*,*,#4040,.T.);
#5882=ORIENTED_EDGE('',*,*,#4093,.F.);
#5883=ORIENTED_EDGE('',*,*,#4077,.T.);
#5884=ORIENTED_EDGE('',*,*,#4092,.T.);
#5885=ORIENTED_EDGE('',*,*,#4079,.T.);
#5886=ORIENTED_EDGE('',*,*,#4094,.F.);
#5887=ORIENTED_EDGE('',*,*,#4041,.T.);
#5888=ORIENTED_EDGE('',*,*,#4094,.T.);
#5889=ORIENTED_EDGE('',*,*,#4081,.T.);
#5890=ORIENTED_EDGE('',*,*,#4095,.F.);
#5891=ORIENTED_EDGE('',*,*,#4042,.T.);
#5892=ORIENTED_EDGE('',*,*,#4095,.T.);
#5893=ORIENTED_EDGE('',*,*,#4083,.T.);
#5894=ORIENTED_EDGE('',*,*,#4096,.F.);
#5895=ORIENTED_EDGE('',*,*,#4043,.T.);
#5896=ORIENTED_EDGE('',*,*,#4096,.T.);
#5897=ORIENTED_EDGE('',*,*,#4085,.T.);
#5898=ORIENTED_EDGE('',*,*,#4097,.F.);
#5899=ORIENTED_EDGE('',*,*,#4044,.T.);
#5900=ORIENTED_EDGE('',*,*,#4097,.T.);
#5901=ORIENTED_EDGE('',*,*,#4087,.T.);
#5902=ORIENTED_EDGE('',*,*,#4098,.F.);
#5903=ORIENTED_EDGE('',*,*,#4045,.T.);
#5904=ORIENTED_EDGE('',*,*,#4098,.T.);
#5905=ORIENTED_EDGE('',*,*,#3876,.T.);
#5906=ORIENTED_EDGE('',*,*,#4099,.F.);
#5907=ORIENTED_EDGE('',*,*,#4046,.T.);
#5908=ORIENTED_EDGE('',*,*,#4099,.T.);
#5909=ORIENTED_EDGE('',*,*,#3990,.T.);
#5910=ORIENTED_EDGE('',*,*,#4100,.F.);
#5911=ORIENTED_EDGE('',*,*,#4047,.T.);
#5912=ORIENTED_EDGE('',*,*,#4100,.T.);
#5913=ORIENTED_EDGE('',*,*,#3987,.T.);
#5914=ORIENTED_EDGE('',*,*,#4101,.F.);
#5915=ORIENTED_EDGE('',*,*,#4048,.T.);
#5916=ORIENTED_EDGE('',*,*,#4101,.T.);
#5917=ORIENTED_EDGE('',*,*,#3974,.T.);
#5918=ORIENTED_EDGE('',*,*,#4102,.F.);
#5919=ORIENTED_EDGE('',*,*,#4049,.T.);
#5920=ORIENTED_EDGE('',*,*,#4102,.T.);
#5921=ORIENTED_EDGE('',*,*,#3971,.T.);
#5922=ORIENTED_EDGE('',*,*,#4103,.F.);
#5923=ORIENTED_EDGE('',*,*,#4050,.T.);
#5924=ORIENTED_EDGE('',*,*,#4103,.T.);
#5925=ORIENTED_EDGE('',*,*,#3968,.T.);
#5926=ORIENTED_EDGE('',*,*,#4104,.F.);
#5927=ORIENTED_EDGE('',*,*,#4051,.T.);
#5928=ORIENTED_EDGE('',*,*,#4104,.T.);
#5929=ORIENTED_EDGE('',*,*,#3880,.T.);
#5930=ORIENTED_EDGE('',*,*,#4105,.F.);
#5931=ORIENTED_EDGE('',*,*,#4052,.T.);
#5932=ORIENTED_EDGE('',*,*,#4105,.T.);
#5933=ORIENTED_EDGE('',*,*,#3980,.T.);
#5934=ORIENTED_EDGE('',*,*,#4106,.F.);
#5935=ORIENTED_EDGE('',*,*,#4053,.T.);
#5936=ORIENTED_EDGE('',*,*,#4106,.T.);
#5937=ORIENTED_EDGE('',*,*,#3977,.T.);
#5938=ORIENTED_EDGE('',*,*,#4107,.F.);
#5939=ORIENTED_EDGE('',*,*,#4054,.T.);
#5940=ORIENTED_EDGE('',*,*,#4107,.T.);
#5941=ORIENTED_EDGE('',*,*,#3965,.T.);
#5942=ORIENTED_EDGE('',*,*,#4108,.F.);
#5943=ORIENTED_EDGE('',*,*,#4055,.T.);
#5944=ORIENTED_EDGE('',*,*,#4108,.T.);
#5945=ORIENTED_EDGE('',*,*,#3962,.T.);
#5946=ORIENTED_EDGE('',*,*,#4109,.F.);
#5947=ORIENTED_EDGE('',*,*,#4056,.T.);
#5948=ORIENTED_EDGE('',*,*,#4109,.T.);
#5949=ORIENTED_EDGE('',*,*,#3953,.T.);
#5950=ORIENTED_EDGE('',*,*,#4110,.F.);
#5951=ORIENTED_EDGE('',*,*,#4057,.T.);
#5952=ORIENTED_EDGE('',*,*,#4110,.T.);
#5953=ORIENTED_EDGE('',*,*,#3949,.T.);
#5954=ORIENTED_EDGE('',*,*,#4111,.F.);
#5955=ORIENTED_EDGE('',*,*,#4058,.T.);
#5956=ORIENTED_EDGE('',*,*,#4088,.T.);
#5957=ORIENTED_EDGE('',*,*,#4031,.T.);
#5958=ORIENTED_EDGE('',*,*,#4111,.T.);
#5959=ORIENTED_EDGE('',*,*,#3956,.T.);
#5960=ORIENTED_EDGE('',*,*,#4091,.T.);
#5961=ORIENTED_EDGE('',*,*,#4063,.T.);
#5962=ORIENTED_EDGE('',*,*,#4112,.F.);
#5963=ORIENTED_EDGE('',*,*,#4033,.T.);
#5964=ORIENTED_EDGE('',*,*,#4112,.T.);
#5965=ORIENTED_EDGE('',*,*,#4065,.T.);
#5966=ORIENTED_EDGE('',*,*,#4113,.F.);
#5967=ORIENTED_EDGE('',*,*,#4034,.T.);
#5968=ORIENTED_EDGE('',*,*,#4113,.T.);
#5969=ORIENTED_EDGE('',*,*,#4067,.T.);
#5970=ORIENTED_EDGE('',*,*,#4114,.F.);
#5971=ORIENTED_EDGE('',*,*,#4035,.T.);
#5972=ORIENTED_EDGE('',*,*,#4114,.T.);
#5973=ORIENTED_EDGE('',*,*,#4069,.T.);
#5974=ORIENTED_EDGE('',*,*,#4115,.F.);
#5975=ORIENTED_EDGE('',*,*,#4036,.T.);
#5976=ORIENTED_EDGE('',*,*,#4115,.T.);
#5977=ORIENTED_EDGE('',*,*,#4071,.T.);
#5978=ORIENTED_EDGE('',*,*,#4116,.F.);
#5979=ORIENTED_EDGE('',*,*,#4037,.T.);
#5980=ORIENTED_EDGE('',*,*,#4116,.T.);
#5981=ORIENTED_EDGE('',*,*,#4073,.T.);
#5982=ORIENTED_EDGE('',*,*,#4117,.F.);
#5983=ORIENTED_EDGE('',*,*,#4038,.T.);
#5984=ORIENTED_EDGE('',*,*,#4093,.T.);
#5985=ORIENTED_EDGE('',*,*,#4039,.T.);
#5986=ORIENTED_EDGE('',*,*,#4117,.T.);
#5987=ORIENTED_EDGE('',*,*,#4075,.T.);
#5988=B_SPLINE_SURFACE_WITH_KNOTS('',3,1,((#8407,#8408),(#8409,#8410),(#8411,
#8412),(#8413,#8414),(#8415,#8416)),.UNSPECIFIED.,.F.,.F.,.F.,(4,1,4),(2,
2),(0.,0.0315347787558164,0.0585224558842087),(0.,0.0499999999999998),
 .UNSPECIFIED.);
#5989=B_SPLINE_SURFACE_WITH_KNOTS('',3,1,((#8433,#8434),(#8435,#8436),(#8437,
#8438),(#8439,#8440),(#8441,#8442)),.UNSPECIFIED.,.F.,.F.,.F.,(4,1,4),(2,
2),(0.,0.0305262707222369,0.0635757797842715),(0.,0.0499999999999998),
 .UNSPECIFIED.);
#5990=B_SPLINE_SURFACE_WITH_KNOTS('',3,1,((#8456,#8457),(#8458,#8459),(#8460,
#8461),(#8462,#8463),(#8464,#8465)),.UNSPECIFIED.,.F.,.F.,.F.,(4,1,4),(2,
2),(0.,0.0562669237785026,0.0945145987114272),(0.,0.0499999999999998),
 .UNSPECIFIED.);
#5991=B_SPLINE_SURFACE_WITH_KNOTS('',3,1,((#8479,#8480),(#8481,#8482),(#8483,
#8484),(#8485,#8486),(#8487,#8488)),.UNSPECIFIED.,.F.,.F.,.F.,(4,1,4),(2,
2),(0.,0.0346328371534518,0.0813554800663157),(0.,0.0499999999999998),
 .UNSPECIFIED.);
#5992=B_SPLINE_SURFACE_WITH_KNOTS('',3,1,((#8502,#8503),(#8504,#8505),(#8506,
#8507),(#8508,#8509),(#8510,#8511)),.UNSPECIFIED.,.F.,.F.,.F.,(4,1,4),(2,
2),(0.,0.0380574454867725,0.0752988175236735),(0.,0.0499999999999998),
 .UNSPECIFIED.);
#5993=B_SPLINE_SURFACE_WITH_KNOTS('',3,1,((#8525,#8526),(#8527,#8528),(#8529,
#8530),(#8531,#8532),(#8533,#8534)),.UNSPECIFIED.,.F.,.F.,.F.,(4,1,4),(2,
2),(0.,0.016894903066033,0.0346650195333466),(0.,0.0499999999999998),
 .UNSPECIFIED.);
#5994=B_SPLINE_SURFACE_WITH_KNOTS('',3,1,((#8548,#8549),(#8550,#8551),(#8552,
#8553),(#8554,#8555),(#8556,#8557)),.UNSPECIFIED.,.F.,.F.,.F.,(4,1,4),(2,
2),(0.,0.0170418922286275,0.0337093587225062),(0.,0.0499999999999998),
 .UNSPECIFIED.);
#5995=B_SPLINE_SURFACE_WITH_KNOTS('',3,1,((#8571,#8572),(#8573,#8574),(#8575,
#8576),(#8577,#8578),(#8579,#8580)),.UNSPECIFIED.,.F.,.F.,.F.,(4,1,4),(2,
2),(0.,0.0168776877187213,0.0293999310165122),(0.,0.0499999999999998),
 .UNSPECIFIED.);
#5996=B_SPLINE_SURFACE_WITH_KNOTS('',3,1,((#8600,#8601),(#8602,#8603),(#8604,
#8605),(#8606,#8607),(#8608,#8609)),.UNSPECIFIED.,.F.,.F.,.F.,(4,1,4),(2,
2),(0.,0.0540510869563814,0.115236645201145),(0.,0.0499999999999998),
 .UNSPECIFIED.);
#5997=B_SPLINE_SURFACE_WITH_KNOTS('',3,1,((#8623,#8624),(#8625,#8626),(#8627,
#8628),(#8629,#8630),(#8631,#8632)),.UNSPECIFIED.,.F.,.F.,.F.,(4,1,4),(2,
2),(0.,0.0679275978681222,0.124142221086466),(0.,0.0499999999999998),
 .UNSPECIFIED.);
#5998=B_SPLINE_SURFACE_WITH_KNOTS('',3,1,((#8646,#8647),(#8648,#8649),(#8650,
#8651),(#8652,#8653),(#8654,#8655)),.UNSPECIFIED.,.F.,.F.,.F.,(4,1,4),(2,
2),(0.,0.075245568034916,0.161917584453426),(0.,0.0499999999999998),
 .UNSPECIFIED.);
#5999=B_SPLINE_SURFACE_WITH_KNOTS('',3,1,((#8669,#8670),(#8671,#8672),(#8673,
#8674),(#8675,#8676),(#8677,#8678)),.UNSPECIFIED.,.F.,.F.,.F.,(4,1,4),(2,
2),(0.,0.0887512537141489,0.164686770292292),(0.,0.0499999999999998),
 .UNSPECIFIED.);
#6000=B_SPLINE_SURFACE_WITH_KNOTS('',3,1,((#8692,#8693),(#8694,#8695),(#8696,
#8697),(#8698,#8699),(#8700,#8701)),.UNSPECIFIED.,.F.,.F.,.F.,(4,1,4),(2,
2),(0.,0.0588716714995747,0.127046195118195),(0.,0.0499999999999998),
 .UNSPECIFIED.);
#6001=B_SPLINE_SURFACE_WITH_KNOTS('',3,1,((#8715,#8716),(#8717,#8718),(#8719,
#8720),(#8721,#8722),(#8723,#8724)),.UNSPECIFIED.,.F.,.F.,.F.,(4,1,4),(2,
2),(0.,0.0465417453876411,0.098705428476462),(0.,0.0499999999999998),
 .UNSPECIFIED.);
#6002=B_SPLINE_SURFACE_WITH_KNOTS('',3,1,((#8738,#8739),(#8740,#8741),(#8742,
#8743),(#8744,#8745),(#8746,#8747)),.UNSPECIFIED.,.F.,.F.,.F.,(4,1,4),(2,
2),(0.,0.0594319748582732,0.108826542232879),(0.,0.0499999999999998),
 .UNSPECIFIED.);
#6003=B_SPLINE_SURFACE_WITH_KNOTS('',3,1,((#8761,#8762),(#8763,#8764),(#8765,
#8766),(#8767,#8768),(#8769,#8770)),.UNSPECIFIED.,.F.,.F.,.F.,(4,1,4),(2,
2),(0.,0.0412143837725802,0.0903793006904259),(0.,0.0499999999999998),
 .UNSPECIFIED.);
#6004=B_SPLINE_SURFACE_WITH_KNOTS('',3,1,((#8784,#8785),(#8786,#8787),(#8788,
#8789),(#8790,#8791),(#8792,#8793)),.UNSPECIFIED.,.F.,.F.,.F.,(4,1,4),(2,
2),(0.,0.0375518457277904,0.074887468719564),(0.,0.0499999999999998),
 .UNSPECIFIED.);
#6005=B_SPLINE_SURFACE_WITH_KNOTS('',3,1,((#8807,#8808),(#8809,#8810),(#8811,
#8812),(#8813,#8814),(#8815,#8816)),.UNSPECIFIED.,.F.,.F.,.F.,(4,1,4),(2,
2),(0.,0.0441122724479937,0.0839927354163123),(0.,0.0499999999999998),
 .UNSPECIFIED.);
#6006=B_SPLINE_SURFACE_WITH_KNOTS('',3,1,((#8836,#8837),(#8838,#8839),(#8840,
#8841),(#8842,#8843),(#8844,#8845)),.UNSPECIFIED.,.F.,.F.,.F.,(4,1,4),(2,
2),(0.,0.0290072067897178,0.0640949720959205),(0.,0.0499999999999998),
 .UNSPECIFIED.);
#6007=B_SPLINE_SURFACE_WITH_KNOTS('',3,1,((#8918,#8919),(#8920,#8921),(#8922,
#8923),(#8924,#8925),(#8926,#8927)),.UNSPECIFIED.,.F.,.F.,.F.,(4,1,4),(2,
2),(-0.155250846785981,-0.0821067730060716,0.),(0.,0.0499999999999998),
 .UNSPECIFIED.);
#6008=B_SPLINE_SURFACE_WITH_KNOTS('',3,1,((#8944,#8945),(#8946,#8947),(#8948,
#8949),(#8950,#8951),(#8952,#8953)),.UNSPECIFIED.,.F.,.F.,.F.,(4,1,4),(2,
2),(-0.12262741511645,-0.0597826340877343,0.),(0.,0.0499999999999998),
 .UNSPECIFIED.);
#6009=B_SPLINE_SURFACE_WITH_KNOTS('',3,1,((#8967,#8968),(#8969,#8970),(#8971,
#8972),(#8973,#8974),(#8975,#8976)),.UNSPECIFIED.,.F.,.F.,.F.,(4,1,4),(2,
2),(-0.266341171988681,-0.12750437112596,0.),(0.,0.0499999999999998),
 .UNSPECIFIED.);
#6010=B_SPLINE_SURFACE_WITH_KNOTS('',3,1,((#8996,#8997),(#8998,#8999),(#9000,
#9001),(#9002,#9003),(#9004,#9005)),.UNSPECIFIED.,.F.,.F.,.F.,(4,1,4),(2,
2),(-0.15512307252802,-0.0844715744499938,0.),(0.,0.0499999999999998),
 .UNSPECIFIED.);
#6011=B_SPLINE_SURFACE_WITH_KNOTS('',3,1,((#9019,#9020),(#9021,#9022),(#9023,
#9024),(#9025,#9026),(#9027,#9028)),.UNSPECIFIED.,.F.,.F.,.F.,(4,1,4),(2,
2),(-0.12954653379757,-0.0642175658934736,0.),(0.,0.0499999999999998),
 .UNSPECIFIED.);
#6012=B_SPLINE_SURFACE_WITH_KNOTS('',3,1,((#9042,#9043),(#9044,#9045),(#9046,
#9047),(#9048,#9049),(#9050,#9051)),.UNSPECIFIED.,.F.,.F.,.F.,(4,1,4),(2,
2),(-0.13366827545444,-0.0675607411322051,0.),(0.,0.0499999999999998),
 .UNSPECIFIED.);
#6013=B_SPLINE_SURFACE_WITH_KNOTS('',3,1,((#9065,#9066),(#9067,#9068),(#9069,
#9070),(#9071,#9072),(#9073,#9074)),.UNSPECIFIED.,.F.,.F.,.F.,(4,1,4),(2,
2),(-0.149751331548535,-0.0701766272523163,0.),(0.,0.0499999999999998),
 .UNSPECIFIED.);
#6014=B_SPLINE_SURFACE_WITH_KNOTS('',3,1,((#9101,#9102),(#9103,#9104),(#9105,
#9106),(#9107,#9108),(#9109,#9110)),.UNSPECIFIED.,.F.,.F.,.F.,(4,1,4),(2,
2),(0.,0.019302939847775,0.047865567239601),(0.,0.0499999999999998),
 .UNSPECIFIED.);
#6015=B_SPLINE_SURFACE_WITH_KNOTS('',3,1,((#9124,#9125),(#9126,#9127),(#9128,
#9129),(#9130,#9131),(#9132,#9133)),.UNSPECIFIED.,.F.,.F.,.F.,(4,1,4),(2,
2),(0.,0.0173943126414189,0.0330164583499616),(0.,0.0499999999999998),
 .UNSPECIFIED.);
#6016=B_SPLINE_SURFACE_WITH_KNOTS('',3,1,((#9147,#9148),(#9149,#9150),(#9151,
#9152),(#9153,#9154),(#9155,#9156)),.UNSPECIFIED.,.F.,.F.,.F.,(4,1,4),(2,
2),(0.,0.0123145458522852,0.0248131698737774),(0.,0.0499999999999998),
 .UNSPECIFIED.);
#6017=B_SPLINE_SURFACE_WITH_KNOTS('',3,1,((#9170,#9171),(#9172,#9173),(#9174,
#9175),(#9176,#9177),(#9178,#9179)),.UNSPECIFIED.,.F.,.F.,.F.,(4,1,4),(2,
2),(0.,0.0119767645819134,0.0240698705512883),(0.,0.0499999999999998),
 .UNSPECIFIED.);
#6018=B_SPLINE_SURFACE_WITH_KNOTS('',3,1,((#9193,#9194),(#9195,#9196),(#9197,
#9198),(#9199,#9200),(#9201,#9202)),.UNSPECIFIED.,.F.,.F.,.F.,(4,1,4),(2,
2),(0.,0.012489425506108,0.0332249297794676),(0.,0.0499999999999998),
 .UNSPECIFIED.);
#6019=B_SPLINE_SURFACE_WITH_KNOTS('',3,1,((#9240,#9241),(#9242,#9243),(#9244,
#9245),(#9246,#9247),(#9248,#9249)),.UNSPECIFIED.,.F.,.F.,.F.,(4,1,4),(2,
2),(0.,0.0158636705302593,0.0320604099632014),(0.,0.0499999999999998),
 .UNSPECIFIED.);
#6020=B_SPLINE_SURFACE_WITH_KNOTS('',3,1,((#9263,#9264),(#9265,#9266),(#9267,
#9268),(#9269,#9270),(#9271,#9272)),.UNSPECIFIED.,.F.,.F.,.F.,(4,1,4),(2,
2),(0.,0.0228941553804692,0.0382898524226715),(0.,0.0499999999999998),
 .UNSPECIFIED.);
#6021=B_SPLINE_SURFACE_WITH_KNOTS('',3,1,((#9304,#9305),(#9306,#9307),(#9308,
#9309),(#9310,#9311),(#9312,#9313)),.UNSPECIFIED.,.F.,.F.,.F.,(4,1,4),(2,
2),(0.,0.017898459092393,0.0303230822167472),(0.,0.0499999999999998),
 .UNSPECIFIED.);
#6022=B_SPLINE_SURFACE_WITH_KNOTS('',3,1,((#9327,#9328),(#9329,#9330),(#9331,
#9332),(#9333,#9334),(#9335,#9336)),.UNSPECIFIED.,.F.,.F.,.F.,(4,1,4),(2,
2),(0.,0.0113691557687828,0.0289085281156897),(0.,0.0499999999999998),
 .UNSPECIFIED.);
#6023=B_SPLINE_SURFACE_WITH_KNOTS('',3,1,((#9350,#9351),(#9352,#9353),(#9354,
#9355),(#9356,#9357),(#9358,#9359)),.UNSPECIFIED.,.F.,.F.,.F.,(4,1,4),(2,
2),(0.,0.0204607852405057,0.035483596260148),(0.,0.0499999999999998),
 .UNSPECIFIED.);
#6024=B_SPLINE_SURFACE_WITH_KNOTS('',3,1,((#9373,#9374),(#9375,#9376),(#9377,
#9378),(#9379,#9380),(#9381,#9382)),.UNSPECIFIED.,.F.,.F.,.F.,(4,1,4),(2,
2),(0.,0.0207005571882077,0.0463412895451923),(0.,0.0499999999999998),
 .UNSPECIFIED.);
#6025=B_SPLINE_SURFACE_WITH_KNOTS('',3,1,((#9396,#9397),(#9398,#9399),(#9400,
#9401),(#9402,#9403),(#9404,#9405)),.UNSPECIFIED.,.F.,.F.,.F.,(4,1,4),(2,
2),(0.,0.0276071942364838,0.0557319474934906),(0.,0.0499999999999998),
 .UNSPECIFIED.);
#6026=B_SPLINE_SURFACE_WITH_KNOTS('',3,1,((#9419,#9420),(#9421,#9422),(#9423,
#9424),(#9425,#9426),(#9427,#9428)),.UNSPECIFIED.,.F.,.F.,.F.,(4,1,4),(2,
2),(0.,0.0312051251457347,0.0597015778182703),(0.,0.0499999999999998),
 .UNSPECIFIED.);
#6027=B_SPLINE_SURFACE_WITH_KNOTS('',3,1,((#9442,#9443),(#9444,#9445),(#9446,
#9447),(#9448,#9449),(#9450,#9451)),.UNSPECIFIED.,.F.,.F.,.F.,(4,1,4),(2,
2),(0.,0.032619098785166,0.0682226749986543),(0.,0.0499999999999998),
 .UNSPECIFIED.);
#6028=B_SPLINE_SURFACE_WITH_KNOTS('',3,1,((#9465,#9466),(#9467,#9468),(#9469,
#9470),(#9471,#9472),(#9473,#9474)),.UNSPECIFIED.,.F.,.F.,.F.,(4,1,4),(2,
2),(0.,0.0307359981658423,0.0617813652558211),(0.,0.0499999999999998),
 .UNSPECIFIED.);
#6029=B_SPLINE_SURFACE_WITH_KNOTS('',3,1,((#9488,#9489),(#9490,#9491),(#9492,
#9493),(#9494,#9495),(#9496,#9497)),.UNSPECIFIED.,.F.,.F.,.F.,(4,1,4),(2,
2),(0.,0.0506053114103152,0.0883703358636961),(0.,0.0499999999999998),
 .UNSPECIFIED.);
#6030=B_SPLINE_SURFACE_WITH_KNOTS('',3,1,((#9527,#9528),(#9529,#9530),(#9531,
#9532),(#9533,#9534),(#9535,#9536)),.UNSPECIFIED.,.F.,.F.,.F.,(4,1,4),(2,
2),(-0.155250846785981,-0.0821067730060716,0.),(0.,0.0499999999999998),
 .UNSPECIFIED.);
#6031=B_SPLINE_SURFACE_WITH_KNOTS('',3,1,((#9553,#9554),(#9555,#9556),(#9557,
#9558),(#9559,#9560),(#9561,#9562)),.UNSPECIFIED.,.F.,.F.,.F.,(4,1,4),(2,
2),(-0.122627469734413,-0.0597827140662132,0.),(0.,0.0499999999999998),
 .UNSPECIFIED.);
#6032=B_SPLINE_SURFACE_WITH_KNOTS('',3,1,((#9576,#9577),(#9578,#9579),(#9580,
#9581),(#9582,#9583),(#9584,#9585)),.UNSPECIFIED.,.F.,.F.,.F.,(4,1,4),(2,
2),(-0.266341065428054,-0.127504431839769,0.),(0.,0.0499999999999998),
 .UNSPECIFIED.);
#6033=B_SPLINE_SURFACE_WITH_KNOTS('',3,1,((#9605,#9606),(#9607,#9608),(#9609,
#9610),(#9611,#9612),(#9613,#9614)),.UNSPECIFIED.,.F.,.F.,.F.,(4,1,4),(2,
2),(-0.155123001959162,-0.0844717016150781,0.),(0.,0.0499999999999998),
 .UNSPECIFIED.);
#6034=B_SPLINE_SURFACE_WITH_KNOTS('',3,1,((#9628,#9629),(#9630,#9631),(#9632,
#9633),(#9634,#9635),(#9636,#9637)),.UNSPECIFIED.,.F.,.F.,.F.,(4,1,4),(2,
2),(-0.12954653379757,-0.0642175658934736,0.),(0.,0.0499999999999998),
 .UNSPECIFIED.);
#6035=B_SPLINE_SURFACE_WITH_KNOTS('',3,1,((#9651,#9652),(#9653,#9654),(#9655,
#9656),(#9657,#9658),(#9659,#9660)),.UNSPECIFIED.,.F.,.F.,.F.,(4,1,4),(2,
2),(-0.13366827545444,-0.0675607411322051,0.),(0.,0.0499999999999998),
 .UNSPECIFIED.);
#6036=B_SPLINE_SURFACE_WITH_KNOTS('',3,1,((#9674,#9675),(#9676,#9677),(#9678,
#9679),(#9680,#9681),(#9682,#9683)),.UNSPECIFIED.,.F.,.F.,.F.,(4,1,4),(2,
2),(-0.149751170202966,-0.0701767277143294,0.),(0.,0.0499999999999998),
 .UNSPECIFIED.);
#6037=B_SPLINE_SURFACE_WITH_KNOTS('',3,1,((#9701,#9702),(#9703,#9704),(#9705,
#9706),(#9707,#9708),(#9709,#9710)),.UNSPECIFIED.,.F.,.F.,.F.,(4,1,4),(2,
2),(-0.155250846785981,-0.0821067730060716,0.),(0.,0.0499999999999998),
 .UNSPECIFIED.);
#6038=B_SPLINE_SURFACE_WITH_KNOTS('',3,1,((#9727,#9728),(#9729,#9730),(#9731,
#9732),(#9733,#9734),(#9735,#9736)),.UNSPECIFIED.,.F.,.F.,.F.,(4,1,4),(2,
2),(-0.12262741511645,-0.0597826340877343,0.),(0.,0.0499999999999998),
 .UNSPECIFIED.);
#6039=B_SPLINE_SURFACE_WITH_KNOTS('',3,1,((#9750,#9751),(#9752,#9753),(#9754,
#9755),(#9756,#9757),(#9758,#9759)),.UNSPECIFIED.,.F.,.F.,.F.,(4,1,4),(2,
2),(-0.266341171988681,-0.12750437112596,0.),(0.,0.0499999999999998),
 .UNSPECIFIED.);
#6040=B_SPLINE_SURFACE_WITH_KNOTS('',3,1,((#9779,#9780),(#9781,#9782),(#9783,
#9784),(#9785,#9786),(#9787,#9788)),.UNSPECIFIED.,.F.,.F.,.F.,(4,1,4),(2,
2),(-0.155122874794077,-0.0844715744499938,0.),(0.,0.0499999999999998),
 .UNSPECIFIED.);
#6041=B_SPLINE_SURFACE_WITH_KNOTS('',3,1,((#9802,#9803),(#9804,#9805),(#9806,
#9807),(#9808,#9809),(#9810,#9811)),.UNSPECIFIED.,.F.,.F.,.F.,(4,1,4),(2,
2),(-0.129546613993932,-0.0642176851734688,0.),(0.,0.0499999999999998),
 .UNSPECIFIED.);
#6042=B_SPLINE_SURFACE_WITH_KNOTS('',3,1,((#9825,#9826),(#9827,#9828),(#9829,
#9830),(#9831,#9832),(#9833,#9834)),.UNSPECIFIED.,.F.,.F.,.F.,(4,1,4),(2,
2),(-0.13366827545444,-0.0675607411322051,0.),(0.,0.0499999999999998),
 .UNSPECIFIED.);
#6043=B_SPLINE_SURFACE_WITH_KNOTS('',3,1,((#9848,#9849),(#9850,#9851),(#9852,
#9853),(#9854,#9855),(#9856,#9857)),.UNSPECIFIED.,.F.,.F.,.F.,(4,1,4),(2,
2),(-0.149751069740953,-0.0701766272523163,0.),(0.,0.0499999999999998),
 .UNSPECIFIED.);
#6044=B_SPLINE_SURFACE_WITH_KNOTS('',3,1,((#10161,#10162),(#10163,#10164),
(#10165,#10166),(#10167,#10168),(#10169,#10170)),.UNSPECIFIED.,.F.,.F.,
 .F.,(4,1,4),(2,2),(0.,0.0869142638481504,0.149293070964183),(0.,0.0499999999999998),
 .UNSPECIFIED.);
#6045=B_SPLINE_SURFACE_WITH_KNOTS('',3,1,((#10187,#10188),(#10189,#10190),
(#10191,#10192),(#10193,#10194),(#10195,#10196)),.UNSPECIFIED.,.F.,.F.,
 .F.,(4,1,4),(2,2),(0.,0.0449755008291896,0.0982786095239228),(0.,0.0499999999999998),
 .UNSPECIFIED.);
#6046=B_SPLINE_SURFACE_WITH_KNOTS('',3,1,((#10210,#10211),(#10212,#10213),
(#10214,#10215),(#10216,#10217),(#10218,#10219)),.UNSPECIFIED.,.F.,.F.,
 .F.,(4,1,4),(2,2),(0.,0.0382854455417372,0.0780668033665549),(0.,0.0499999999999998),
 .UNSPECIFIED.);
#6047=B_SPLINE_SURFACE_WITH_KNOTS('',3,1,((#10233,#10234),(#10235,#10236),
(#10237,#10238),(#10239,#10240),(#10241,#10242)),.UNSPECIFIED.,.F.,.F.,
 .F.,(4,1,4),(2,2),(0.,0.0373522134337858,0.0748855156071832),(0.,0.0499999999999998),
 .UNSPECIFIED.);
#6048=B_SPLINE_SURFACE_WITH_KNOTS('',3,1,((#10256,#10257),(#10258,#10259),
(#10260,#10261),(#10262,#10263),(#10264,#10265)),.UNSPECIFIED.,.F.,.F.,
 .F.,(4,1,4),(2,2),(0.,0.0304844844860327,0.0619120813349542),(0.,0.0499999999999998),
 .UNSPECIFIED.);
#6049=B_SPLINE_SURFACE_WITH_KNOTS('',3,1,((#10279,#10280),(#10281,#10282),
(#10283,#10284),(#10285,#10286),(#10287,#10288)),.UNSPECIFIED.,.F.,.F.,
 .F.,(4,1,4),(2,2),(0.,0.0363055277978818,0.0682643894219324),(0.,0.0499999999999998),
 .UNSPECIFIED.);
#6050=B_SPLINE_SURFACE_WITH_KNOTS('',3,1,((#10302,#10303),(#10304,#10305),
(#10306,#10307),(#10308,#10309),(#10310,#10311)),.UNSPECIFIED.,.F.,.F.,
 .F.,(4,1,4),(2,2),(0.,0.071726917703471,0.121558039621026),(0.,0.0499999999999998),
 .UNSPECIFIED.);
#6051=B_SPLINE_SURFACE_WITH_KNOTS('',3,1,((#10325,#10326),(#10327,#10328),
(#10329,#10330),(#10331,#10332),(#10333,#10334)),.UNSPECIFIED.,.F.,.F.,
 .F.,(4,1,4),(2,2),(0.,0.0165968640828348,0.0442613429829693),(0.,0.0499999999999998),
 .UNSPECIFIED.);
#6052=B_SPLINE_SURFACE_WITH_KNOTS('',3,1,((#10348,#10349),(#10350,#10351),
(#10352,#10353),(#10354,#10355),(#10356,#10357)),.UNSPECIFIED.,.F.,.F.,
 .F.,(4,1,4),(2,2),(0.,0.00934739682240267,0.0199064988727371),(0.,0.0499999999999998),
 .UNSPECIFIED.);
#6053=B_SPLINE_SURFACE_WITH_KNOTS('',3,1,((#10371,#10372),(#10373,#10374),
(#10375,#10376),(#10377,#10378),(#10379,#10380)),.UNSPECIFIED.,.F.,.F.,
 .F.,(4,1,4),(2,2),(0.,0.0130235699096715,0.0254349305782098),(0.,0.0499999999999998),
 .UNSPECIFIED.);
#6054=B_SPLINE_SURFACE_WITH_KNOTS('',3,1,((#10394,#10395),(#10396,#10397),
(#10398,#10399),(#10400,#10401),(#10402,#10403)),.UNSPECIFIED.,.F.,.F.,
 .F.,(4,1,4),(2,2),(0.,0.019032633785055,0.0342399021658794),(0.,0.0499999999999998),
 .UNSPECIFIED.);
#6055=B_SPLINE_SURFACE_WITH_KNOTS('',3,1,((#10417,#10418),(#10419,#10420),
(#10421,#10422),(#10423,#10424),(#10425,#10426)),.UNSPECIFIED.,.F.,.F.,
 .F.,(4,1,4),(2,2),(0.,0.0199532857762245,0.0435169572305468),(0.,0.0499999999999998),
 .UNSPECIFIED.);
#6056=B_SPLINE_SURFACE_WITH_KNOTS('',3,1,((#10440,#10441),(#10442,#10443),
(#10444,#10445),(#10446,#10447),(#10448,#10449)),.UNSPECIFIED.,.F.,.F.,
 .F.,(4,1,4),(2,2),(0.,0.0244135415428797,0.0445722487758374),(0.,0.0499999999999998),
 .UNSPECIFIED.);
#6057=B_SPLINE_SURFACE_WITH_KNOTS('',3,1,((#10469,#10470),(#10471,#10472),
(#10473,#10474),(#10475,#10476),(#10477,#10478)),.UNSPECIFIED.,.F.,.F.,
 .F.,(4,1,4),(2,2),(0.,0.0489325256124322,0.104988537783346),(0.,0.0499999999999998),
 .UNSPECIFIED.);
#6058=B_SPLINE_SURFACE_WITH_KNOTS('',3,1,((#10492,#10493),(#10494,#10495),
(#10496,#10497),(#10498,#10499),(#10500,#10501)),.UNSPECIFIED.,.F.,.F.,
 .F.,(4,1,4),(2,2),(0.,0.0679397676157058,0.121725686022072),(0.,0.0499999999999998),
 .UNSPECIFIED.);
#6059=B_SPLINE_SURFACE_WITH_KNOTS('',3,1,((#10515,#10516),(#10517,#10518),
(#10519,#10520),(#10521,#10522),(#10523,#10524)),.UNSPECIFIED.,.F.,.F.,
 .F.,(4,1,4),(2,2),(0.,0.0441283857608571,0.100098177065428),(0.,0.0499999999999998),
 .UNSPECIFIED.);
#6060=B_SPLINE_SURFACE_WITH_KNOTS('',3,1,((#10538,#10539),(#10540,#10541),
(#10542,#10543),(#10544,#10545),(#10546,#10547)),.UNSPECIFIED.,.F.,.F.,
 .F.,(4,1,4),(2,2),(0.,0.0331703386287778,0.0696580461596382),(0.,0.0499999999999998),
 .UNSPECIFIED.);
#6061=B_SPLINE_SURFACE_WITH_KNOTS('',3,1,((#10561,#10562),(#10563,#10564),
(#10565,#10566),(#10567,#10568),(#10569,#10570)),.UNSPECIFIED.,.F.,.F.,
 .F.,(4,1,4),(2,2),(0.,0.030310693111421,0.0616011310663146),(0.,0.0499999999999998),
 .UNSPECIFIED.);
#6062=B_SPLINE_SURFACE_WITH_KNOTS('',3,1,((#10584,#10585),(#10586,#10587),
(#10588,#10589),(#10590,#10591),(#10592,#10593)),.UNSPECIFIED.,.F.,.F.,
 .F.,(4,1,4),(2,2),(0.,0.0432752247641135,0.0869267865451111),(0.,0.0499999999999998),
 .UNSPECIFIED.);
#6063=B_SPLINE_SURFACE_WITH_KNOTS('',3,1,((#10607,#10608),(#10609,#10610),
(#10611,#10612),(#10613,#10614),(#10615,#10616)),.UNSPECIFIED.,.F.,.F.,
 .F.,(4,1,4),(2,2),(0.,0.0728245001622946,0.126580385571751),(0.,0.0499999999999998),
 .UNSPECIFIED.);
#6064=B_SPLINE_SURFACE_WITH_KNOTS('',3,1,((#10630,#10631),(#10632,#10633),
(#10634,#10635),(#10636,#10637),(#10638,#10639)),.UNSPECIFIED.,.F.,.F.,
 .F.,(4,1,4),(2,2),(0.,0.025600175350034,0.0677842088050267),(0.,0.0499999999999998),
 .UNSPECIFIED.);
#6065=B_SPLINE_SURFACE_WITH_KNOTS('',3,1,((#10653,#10654),(#10655,#10656),
(#10657,#10658),(#10659,#10660),(#10661,#10662)),.UNSPECIFIED.,.F.,.F.,
 .F.,(4,1,4),(2,2),(0.,0.0151236332896522,0.0317434540493732),(0.,0.0499999999999998),
 .UNSPECIFIED.);
#6066=B_SPLINE_SURFACE_WITH_KNOTS('',3,1,((#10676,#10677),(#10678,#10679),
(#10680,#10681),(#10682,#10683),(#10684,#10685)),.UNSPECIFIED.,.F.,.F.,
 .F.,(4,1,4),(2,2),(0.,0.0171780250833083,0.0329714496389807),(0.,0.0499999999999998),
 .UNSPECIFIED.);
#6067=B_SPLINE_SURFACE_WITH_KNOTS('',3,1,((#10699,#10700),(#10701,#10702),
(#10703,#10704),(#10705,#10706),(#10707,#10708)),.UNSPECIFIED.,.F.,.F.,
 .F.,(4,1,4),(2,2),(0.,0.0236357456637883,0.0433353340854472),(0.,0.0499999999999998),
 .UNSPECIFIED.);
#6068=B_SPLINE_SURFACE_WITH_KNOTS('',3,1,((#10722,#10723),(#10724,#10725),
(#10726,#10727),(#10728,#10729),(#10730,#10731)),.UNSPECIFIED.,.F.,.F.,
 .F.,(4,1,4),(2,2),(0.,0.0294889108310484,0.0614486925358212),(0.,0.0499999999999998),
 .UNSPECIFIED.);
#6069=B_SPLINE_SURFACE_WITH_KNOTS('',3,1,((#10745,#10746),(#10747,#10748),
(#10749,#10750),(#10751,#10752),(#10753,#10754)),.UNSPECIFIED.,.F.,.F.,
 .F.,(4,1,4),(2,2),(0.,0.0258961855933913,0.0467373100481418),(0.,0.0499999999999998),
 .UNSPECIFIED.);
#6070=B_SPLINE_SURFACE_WITH_KNOTS('',3,1,((#10774,#10775),(#10776,#10777),
(#10778,#10779),(#10780,#10781),(#10782,#10783)),.UNSPECIFIED.,.F.,.F.,
 .F.,(4,1,4),(2,2),(0.,0.0541902505186085,0.111118421662227),(0.,0.0499999999999998),
 .UNSPECIFIED.);
#6071=ADVANCED_FACE('',(#541),#5988,.F.);
#6072=ADVANCED_FACE('',(#542),#5989,.F.);
#6073=ADVANCED_FACE('',(#543),#5990,.F.);
#6074=ADVANCED_FACE('',(#544),#5991,.F.);
#6075=ADVANCED_FACE('',(#545),#5992,.F.);
#6076=ADVANCED_FACE('',(#546),#5993,.F.);
#6077=ADVANCED_FACE('',(#547),#5994,.F.);
#6078=ADVANCED_FACE('',(#548),#5995,.F.);
#6079=ADVANCED_FACE('',(#549),#394,.F.);
#6080=ADVANCED_FACE('',(#550),#5996,.F.);
#6081=ADVANCED_FACE('',(#551),#5997,.F.);
#6082=ADVANCED_FACE('',(#552),#5998,.F.);
#6083=ADVANCED_FACE('',(#553),#5999,.F.);
#6084=ADVANCED_FACE('',(#554),#6000,.F.);
#6085=ADVANCED_FACE('',(#555),#6001,.F.);
#6086=ADVANCED_FACE('',(#556),#6002,.F.);
#6087=ADVANCED_FACE('',(#557),#6003,.F.);
#6088=ADVANCED_FACE('',(#558),#6004,.F.);
#6089=ADVANCED_FACE('',(#559),#6005,.F.);
#6090=ADVANCED_FACE('',(#560),#395,.F.);
#6091=ADVANCED_FACE('',(#561),#6006,.F.);
#6092=ADVANCED_FACE('',(#562),#396,.T.);
#6093=ADVANCED_FACE('',(#563),#397,.F.);
#6094=ADVANCED_FACE('',(#564),#398,.F.);
#6095=ADVANCED_FACE('',(#565),#399,.F.);
#6096=ADVANCED_FACE('',(#566),#400,.F.);
#6097=ADVANCED_FACE('',(#567),#401,.F.);
#6098=ADVANCED_FACE('',(#568),#402,.F.);
#6099=ADVANCED_FACE('',(#569),#403,.F.);
#6100=ADVANCED_FACE('',(#570),#404,.F.);
#6101=ADVANCED_FACE('',(#571),#405,.F.);
#6102=ADVANCED_FACE('',(#572),#406,.F.);
#6103=ADVANCED_FACE('',(#573),#407,.F.);
#6104=ADVANCED_FACE('',(#574),#6007,.F.);
#6105=ADVANCED_FACE('',(#575),#6008,.F.);
#6106=ADVANCED_FACE('',(#576),#6009,.F.);
#6107=ADVANCED_FACE('',(#577),#408,.F.);
#6108=ADVANCED_FACE('',(#578),#6010,.F.);
#6109=ADVANCED_FACE('',(#579),#6011,.F.);
#6110=ADVANCED_FACE('',(#580),#6012,.F.);
#6111=ADVANCED_FACE('',(#581),#6013,.F.);
#6112=ADVANCED_FACE('',(#582),#409,.F.);
#6113=ADVANCED_FACE('',(#583),#410,.T.);
#6114=ADVANCED_FACE('',(#584),#411,.F.);
#6115=ADVANCED_FACE('',(#585),#6014,.F.);
#6116=ADVANCED_FACE('',(#586),#6015,.F.);
#6117=ADVANCED_FACE('',(#587),#6016,.F.);
#6118=ADVANCED_FACE('',(#588),#6017,.F.);
#6119=ADVANCED_FACE('',(#589),#6018,.F.);
#6120=ADVANCED_FACE('',(#590),#412,.F.);
#6121=ADVANCED_FACE('',(#591),#413,.F.);
#6122=ADVANCED_FACE('',(#592),#414,.F.);
#6123=ADVANCED_FACE('',(#593),#415,.F.);
#6124=ADVANCED_FACE('',(#594),#6019,.F.);
#6125=ADVANCED_FACE('',(#595),#6020,.F.);
#6126=ADVANCED_FACE('',(#596),#416,.F.);
#6127=ADVANCED_FACE('',(#597),#417,.F.);
#6128=ADVANCED_FACE('',(#598),#418,.F.);
#6129=ADVANCED_FACE('',(#599),#6021,.F.);
#6130=ADVANCED_FACE('',(#600),#6022,.F.);
#6131=ADVANCED_FACE('',(#601),#6023,.F.);
#6132=ADVANCED_FACE('',(#602),#6024,.F.);
#6133=ADVANCED_FACE('',(#603),#6025,.F.);
#6134=ADVANCED_FACE('',(#604),#6026,.F.);
#6135=ADVANCED_FACE('',(#605),#6027,.F.);
#6136=ADVANCED_FACE('',(#606),#6028,.F.);
#6137=ADVANCED_FACE('',(#607),#6029,.F.);
#6138=ADVANCED_FACE('',(#608),#419,.F.);
#6139=ADVANCED_FACE('',(#609),#420,.F.);
#6140=ADVANCED_FACE('',(#610),#421,.F.);
#6141=ADVANCED_FACE('',(#611,#343),#422,.T.);
#6142=ADVANCED_FACE('',(#612),#6030,.F.);
#6143=ADVANCED_FACE('',(#613),#6031,.F.);
#6144=ADVANCED_FACE('',(#614),#6032,.F.);
#6145=ADVANCED_FACE('',(#615),#423,.F.);
#6146=ADVANCED_FACE('',(#616),#6033,.F.);
#6147=ADVANCED_FACE('',(#617),#6034,.F.);
#6148=ADVANCED_FACE('',(#618),#6035,.F.);
#6149=ADVANCED_FACE('',(#619),#6036,.F.);
#6150=ADVANCED_FACE('',(#620),#424,.F.);
#6151=ADVANCED_FACE('',(#621),#425,.T.);
#6152=ADVANCED_FACE('',(#622),#6037,.F.);
#6153=ADVANCED_FACE('',(#623),#6038,.F.);
#6154=ADVANCED_FACE('',(#624),#6039,.F.);
#6155=ADVANCED_FACE('',(#625),#426,.F.);
#6156=ADVANCED_FACE('',(#626),#6040,.F.);
#6157=ADVANCED_FACE('',(#627),#6041,.F.);
#6158=ADVANCED_FACE('',(#628),#6042,.F.);
#6159=ADVANCED_FACE('',(#629),#6043,.F.);
#6160=ADVANCED_FACE('',(#630),#427,.F.);
#6161=ADVANCED_FACE('',(#631),#428,.T.);
#6162=ADVANCED_FACE('',(#632),#429,.F.);
#6163=ADVANCED_FACE('',(#633),#430,.F.);
#6164=ADVANCED_FACE('',(#634),#431,.F.);
#6165=ADVANCED_FACE('',(#635),#432,.F.);
#6166=ADVANCED_FACE('',(#636),#433,.F.);
#6167=ADVANCED_FACE('',(#637),#434,.F.);
#6168=ADVANCED_FACE('',(#638),#435,.F.);
#6169=ADVANCED_FACE('',(#639),#436,.F.);
#6170=ADVANCED_FACE('',(#640),#437,.F.);
#6171=ADVANCED_FACE('',(#641),#438,.F.);
#6172=ADVANCED_FACE('',(#642),#439,.F.);
#6173=ADVANCED_FACE('',(#643),#440,.F.);
#6174=ADVANCED_FACE('',(#644),#441,.F.);
#6175=ADVANCED_FACE('',(#645),#442,.F.);
#6176=ADVANCED_FACE('',(#646),#443,.F.);
#6177=ADVANCED_FACE('',(#647),#444,.F.);
#6178=ADVANCED_FACE('',(#648),#445,.F.);
#6179=ADVANCED_FACE('',(#649),#446,.F.);
#6180=ADVANCED_FACE('',(#650),#447,.F.);
#6181=ADVANCED_FACE('',(#651),#448,.F.);
#6182=ADVANCED_FACE('',(#652),#449,.F.);
#6183=ADVANCED_FACE('',(#653),#450,.F.);
#6184=ADVANCED_FACE('',(#654),#451,.F.);
#6185=ADVANCED_FACE('',(#655),#452,.F.);
#6186=ADVANCED_FACE('',(#656),#453,.F.);
#6187=ADVANCED_FACE('',(#657),#454,.F.);
#6188=ADVANCED_FACE('',(#658),#455,.F.);
#6189=ADVANCED_FACE('',(#659),#456,.F.);
#6190=ADVANCED_FACE('',(#660),#457,.F.);
#6191=ADVANCED_FACE('',(#661),#458,.F.);
#6192=ADVANCED_FACE('',(#662),#459,.F.);
#6193=ADVANCED_FACE('',(#663),#460,.F.);
#6194=ADVANCED_FACE('',(#664),#461,.F.);
#6195=ADVANCED_FACE('',(#665),#462,.F.);
#6196=ADVANCED_FACE('',(#666),#463,.F.);
#6197=ADVANCED_FACE('',(#667),#464,.F.);
#6198=ADVANCED_FACE('',(#668),#465,.F.);
#6199=ADVANCED_FACE('',(#669),#466,.F.);
#6200=ADVANCED_FACE('',(#670),#467,.F.);
#6201=ADVANCED_FACE('',(#671),#468,.F.);
#6202=ADVANCED_FACE('',(#672),#469,.F.);
#6203=ADVANCED_FACE('',(#673),#470,.F.);
#6204=ADVANCED_FACE('',(#674),#471,.F.);
#6205=ADVANCED_FACE('',(#675),#472,.F.);
#6206=ADVANCED_FACE('',(#676),#473,.F.);
#6207=ADVANCED_FACE('',(#677),#474,.F.);
#6208=ADVANCED_FACE('',(#678),#475,.F.);
#6209=ADVANCED_FACE('',(#679),#476,.F.);
#6210=ADVANCED_FACE('',(#680),#477,.F.);
#6211=ADVANCED_FACE('',(#681),#478,.F.);
#6212=ADVANCED_FACE('',(#682,#344),#479,.F.);
#6213=ADVANCED_FACE('',(#683),#6044,.F.);
#6214=ADVANCED_FACE('',(#684),#6045,.F.);
#6215=ADVANCED_FACE('',(#685),#6046,.F.);
#6216=ADVANCED_FACE('',(#686),#6047,.F.);
#6217=ADVANCED_FACE('',(#687),#6048,.F.);
#6218=ADVANCED_FACE('',(#688),#6049,.F.);
#6219=ADVANCED_FACE('',(#689),#6050,.F.);
#6220=ADVANCED_FACE('',(#690),#6051,.F.);
#6221=ADVANCED_FACE('',(#691),#6052,.F.);
#6222=ADVANCED_FACE('',(#692),#6053,.F.);
#6223=ADVANCED_FACE('',(#693),#6054,.F.);
#6224=ADVANCED_FACE('',(#694),#6055,.F.);
#6225=ADVANCED_FACE('',(#695),#6056,.F.);
#6226=ADVANCED_FACE('',(#696),#480,.F.);
#6227=ADVANCED_FACE('',(#697),#6057,.F.);
#6228=ADVANCED_FACE('',(#698),#6058,.F.);
#6229=ADVANCED_FACE('',(#699),#6059,.F.);
#6230=ADVANCED_FACE('',(#700),#6060,.F.);
#6231=ADVANCED_FACE('',(#701),#6061,.F.);
#6232=ADVANCED_FACE('',(#702),#6062,.F.);
#6233=ADVANCED_FACE('',(#703),#6063,.F.);
#6234=ADVANCED_FACE('',(#704),#6064,.F.);
#6235=ADVANCED_FACE('',(#705),#6065,.F.);
#6236=ADVANCED_FACE('',(#706),#6066,.F.);
#6237=ADVANCED_FACE('',(#707),#6067,.F.);
#6238=ADVANCED_FACE('',(#708),#6068,.F.);
#6239=ADVANCED_FACE('',(#709),#6069,.F.);
#6240=ADVANCED_FACE('',(#710),#481,.F.);
#6241=ADVANCED_FACE('',(#711),#6070,.F.);
#6242=ADVANCED_FACE('',(#712),#482,.T.);
#6243=ADVANCED_FACE('',(#713),#483,.T.);
#6244=ADVANCED_FACE('',(#714),#484,.T.);
#6245=ADVANCED_FACE('',(#715),#485,.F.);
#6246=ADVANCED_FACE('',(#716),#486,.F.);
#6247=ADVANCED_FACE('',(#717),#487,.F.);
#6248=ADVANCED_FACE('',(#718),#488,.F.);
#6249=ADVANCED_FACE('',(#719),#489,.F.);
#6250=ADVANCED_FACE('',(#720),#490,.F.);
#6251=ADVANCED_FACE('',(#721),#491,.F.);
#6252=ADVANCED_FACE('',(#722),#492,.F.);
#6253=ADVANCED_FACE('',(#723),#493,.F.);
#6254=ADVANCED_FACE('',(#724),#494,.F.);
#6255=ADVANCED_FACE('',(#725),#495,.F.);
#6256=ADVANCED_FACE('',(#726),#496,.F.);
#6257=ADVANCED_FACE('',(#727),#256,.F.);
#6258=ADVANCED_FACE('',(#728),#257,.F.);
#6259=ADVANCED_FACE('',(#729),#258,.F.);
#6260=ADVANCED_FACE('',(#730),#259,.F.);
#6261=ADVANCED_FACE('',(#731),#260,.F.);
#6262=ADVANCED_FACE('',(#732),#261,.F.);
#6263=ADVANCED_FACE('',(#733),#19,.T.);
#6264=ADVANCED_FACE('',(#734),#262,.T.);
#6265=ADVANCED_FACE('',(#735),#20,.T.);
#6266=ADVANCED_FACE('',(#736),#263,.T.);
#6267=ADVANCED_FACE('',(#737),#21,.T.);
#6268=ADVANCED_FACE('',(#738),#264,.T.);
#6269=ADVANCED_FACE('',(#739),#22,.T.);
#6270=ADVANCED_FACE('',(#740),#265,.T.);
#6271=ADVANCED_FACE('',(#741),#497,.F.);
#6272=ADVANCED_FACE('',(#742),#266,.F.);
#6273=ADVANCED_FACE('',(#743),#498,.F.);
#6274=ADVANCED_FACE('',(#744),#267,.F.);
#6275=ADVANCED_FACE('',(#745,#345,#346,#347,#348,#349,#350,#351,#352,#353,
#354,#355,#356,#357,#358,#359,#360,#361,#362,#363,#364,#365),#499,.T.);
#6276=ADVANCED_FACE('',(#746),#23,.T.);
#6277=ADVANCED_FACE('',(#747),#268,.T.);
#6278=ADVANCED_FACE('',(#748),#24,.T.);
#6279=ADVANCED_FACE('',(#749),#269,.T.);
#6280=ADVANCED_FACE('',(#750),#25,.T.);
#6281=ADVANCED_FACE('',(#751),#270,.T.);
#6282=ADVANCED_FACE('',(#752),#26,.T.);
#6283=ADVANCED_FACE('',(#753),#271,.T.);
#6284=ADVANCED_FACE('',(#754),#27,.T.);
#6285=ADVANCED_FACE('',(#755),#272,.T.);
#6286=ADVANCED_FACE('',(#756),#28,.T.);
#6287=ADVANCED_FACE('',(#757),#273,.T.);
#6288=ADVANCED_FACE('',(#758),#29,.T.);
#6289=ADVANCED_FACE('',(#759),#274,.T.);
#6290=ADVANCED_FACE('',(#760),#30,.T.);
#6291=ADVANCED_FACE('',(#761),#275,.T.);
#6292=ADVANCED_FACE('',(#762),#31,.T.);
#6293=ADVANCED_FACE('',(#763),#276,.T.);
#6294=ADVANCED_FACE('',(#764),#32,.T.);
#6295=ADVANCED_FACE('',(#765),#277,.T.);
#6296=ADVANCED_FACE('',(#766),#33,.T.);
#6297=ADVANCED_FACE('',(#767),#34,.T.);
#6298=ADVANCED_FACE('',(#768),#278,.T.);
#6299=ADVANCED_FACE('',(#769),#279,.T.);
#6300=ADVANCED_FACE('',(#770),#500,.T.);
#6301=ADVANCED_FACE('',(#771),#280,.F.);
#6302=ADVANCED_FACE('',(#772),#501,.T.);
#6303=ADVANCED_FACE('',(#773),#281,.T.);
#6304=ADVANCED_FACE('',(#774),#502,.T.);
#6305=ADVANCED_FACE('',(#775),#282,.T.);
#6306=ADVANCED_FACE('',(#776),#503,.T.);
#6307=ADVANCED_FACE('',(#777),#283,.F.);
#6308=ADVANCED_FACE('',(#778),#284,.T.);
#6309=ADVANCED_FACE('',(#779),#504,.T.);
#6310=ADVANCED_FACE('',(#780),#285,.T.);
#6311=ADVANCED_FACE('',(#781),#286,.F.);
#6312=ADVANCED_FACE('',(#782),#505,.F.);
#6313=ADVANCED_FACE('',(#783),#506,.F.);
#6314=ADVANCED_FACE('',(#784),#287,.F.);
#6315=ADVANCED_FACE('',(#785),#288,.F.);
#6316=ADVANCED_FACE('',(#786),#507,.T.);
#6317=ADVANCED_FACE('',(#787),#289,.T.);
#6318=ADVANCED_FACE('',(#788),#508,.T.);
#6319=ADVANCED_FACE('',(#789),#290,.T.);
#6320=ADVANCED_FACE('',(#790),#509,.T.);
#6321=ADVANCED_FACE('',(#791),#291,.T.);
#6322=ADVANCED_FACE('',(#792),#292,.F.);
#6323=ADVANCED_FACE('',(#793),#510,.T.);
#6324=ADVANCED_FACE('',(#794),#511,.T.);
#6325=ADVANCED_FACE('',(#795),#512,.T.);
#6326=ADVANCED_FACE('',(#796,#366,#367,#368,#369,#370,#371,#372,#373,#374,
#375),#513,.F.);
#6327=ADVANCED_FACE('',(#797),#514,.T.);
#6328=ADVANCED_FACE('',(#798),#515,.T.);
#6329=ADVANCED_FACE('',(#799),#516,.T.);
#6330=ADVANCED_FACE('',(#800),#517,.T.);
#6331=ADVANCED_FACE('',(#801),#293,.F.);
#6332=ADVANCED_FACE('',(#802),#294,.T.);
#6333=ADVANCED_FACE('',(#803),#518,.T.);
#6334=ADVANCED_FACE('',(#804),#295,.F.);
#6335=ADVANCED_FACE('',(#805),#296,.F.);
#6336=ADVANCED_FACE('',(#806),#519,.T.);
#6337=ADVANCED_FACE('',(#807),#297,.T.);
#6338=ADVANCED_FACE('',(#808),#520,.T.);
#6339=ADVANCED_FACE('',(#809),#298,.T.);
#6340=ADVANCED_FACE('',(#810),#521,.T.);
#6341=ADVANCED_FACE('',(#811),#299,.T.);
#6342=ADVANCED_FACE('',(#812),#522,.T.);
#6343=ADVANCED_FACE('',(#813),#300,.F.);
#6344=ADVANCED_FACE('',(#814),#523,.T.);
#6345=ADVANCED_FACE('',(#815),#301,.F.);
#6346=ADVANCED_FACE('',(#816),#524,.T.);
#6347=ADVANCED_FACE('',(#817),#302,.F.);
#6348=ADVANCED_FACE('',(#818),#525,.T.);
#6349=ADVANCED_FACE('',(#819),#303,.F.);
#6350=ADVANCED_FACE('',(#820),#526,.T.);
#6351=ADVANCED_FACE('',(#821),#304,.T.);
#6352=ADVANCED_FACE('',(#822),#305,.F.);
#6353=ADVANCED_FACE('',(#823),#306,.T.);
#6354=ADVANCED_FACE('',(#824),#527,.T.);
#6355=ADVANCED_FACE('',(#825),#307,.T.);
#6356=ADVANCED_FACE('',(#826),#308,.T.);
#6357=ADVANCED_FACE('',(#827),#528,.T.);
#6358=ADVANCED_FACE('',(#828),#309,.F.);
#6359=ADVANCED_FACE('',(#829),#529,.T.);
#6360=ADVANCED_FACE('',(#830),#310,.F.);
#6361=ADVANCED_FACE('',(#831),#530,.T.);
#6362=ADVANCED_FACE('',(#832),#311,.F.);
#6363=ADVANCED_FACE('',(#833),#531,.T.);
#6364=ADVANCED_FACE('',(#834),#312,.T.);
#6365=ADVANCED_FACE('',(#835,#376,#377,#378,#379,#380,#381,#382,#383,#384),
#532,.F.);
#6366=ADVANCED_FACE('',(#836),#313,.F.);
#6367=ADVANCED_FACE('',(#837),#314,.F.);
#6368=ADVANCED_FACE('',(#838),#315,.F.);
#6369=ADVANCED_FACE('',(#839),#316,.F.);
#6370=ADVANCED_FACE('',(#840),#317,.F.);
#6371=ADVANCED_FACE('',(#841),#318,.F.);
#6372=ADVANCED_FACE('',(#842),#319,.F.);
#6373=ADVANCED_FACE('',(#843),#320,.F.);
#6374=ADVANCED_FACE('',(#844,#385,#386,#387,#388,#389,#390,#391,#392,#393),
#533,.T.);
#6375=ADVANCED_FACE('',(#845),#534,.T.);
#6376=ADVANCED_FACE('',(#846),#321,.T.);
#6377=ADVANCED_FACE('',(#847),#322,.F.);
#6378=ADVANCED_FACE('',(#848),#535,.T.);
#6379=ADVANCED_FACE('',(#849),#323,.F.);
#6380=ADVANCED_FACE('',(#850),#536,.T.);
#6381=ADVANCED_FACE('',(#851),#324,.T.);
#6382=ADVANCED_FACE('',(#852),#537,.T.);
#6383=ADVANCED_FACE('',(#853),#325,.T.);
#6384=ADVANCED_FACE('',(#854),#538,.T.);
#6385=ADVANCED_FACE('',(#855),#326,.T.);
#6386=ADVANCED_FACE('',(#856),#539,.T.);
#6387=ADVANCED_FACE('',(#857),#327,.F.);
#6388=ADVANCED_FACE('',(#858),#540,.T.);
#6389=ADVANCED_FACE('',(#859),#328,.T.);
#6390=ADVANCED_FACE('',(#860),#13,.T.);
#6391=ADVANCED_FACE('',(#861),#14,.T.);
#6392=ADVANCED_FACE('',(#862),#329,.T.);
#6393=ADVANCED_FACE('',(#863),#330,.T.);
#6394=ADVANCED_FACE('',(#864),#35,.T.);
#6395=ADVANCED_FACE('',(#865),#331,.T.);
#6396=ADVANCED_FACE('',(#866),#36,.T.);
#6397=ADVANCED_FACE('',(#867),#332,.T.);
#6398=ADVANCED_FACE('',(#868),#37,.T.);
#6399=ADVANCED_FACE('',(#869),#333,.T.);
#6400=ADVANCED_FACE('',(#870),#38,.T.);
#6401=ADVANCED_FACE('',(#871),#334,.T.);
#6402=ADVANCED_FACE('',(#872),#39,.T.);
#6403=ADVANCED_FACE('',(#873),#335,.T.);
#6404=ADVANCED_FACE('',(#874),#40,.T.);
#6405=ADVANCED_FACE('',(#875),#336,.T.);
#6406=ADVANCED_FACE('',(#876),#41,.T.);
#6407=ADVANCED_FACE('',(#877),#337,.T.);
#6408=ADVANCED_FACE('',(#878),#42,.T.);
#6409=ADVANCED_FACE('',(#879),#338,.T.);
#6410=ADVANCED_FACE('',(#880),#43,.T.);
#6411=ADVANCED_FACE('',(#881),#339,.T.);
#6412=ADVANCED_FACE('',(#882),#44,.T.);
#6413=ADVANCED_FACE('',(#883),#45,.T.);
#6414=ADVANCED_FACE('',(#884),#340,.T.);
#6415=ADVANCED_FACE('',(#885),#46,.T.);
#6416=ADVANCED_FACE('',(#886),#341,.T.);
#6417=ADVANCED_FACE('',(#887),#47,.T.);
#6418=ADVANCED_FACE('',(#888),#342,.T.);
#6419=ADVANCED_FACE('',(#889),#48,.T.);
#6420=CLOSED_SHELL('',(#6071,#6072,#6073,#6074,#6075,#6076,#6077,#6078,
#6079,#6080,#6081,#6082,#6083,#6084,#6085,#6086,#6087,#6088,#6089,#6090,
#6091,#6092,#6093,#6094,#6095,#6096,#6097,#6098,#6099,#6100,#6101,#6102,
#6103,#6104,#6105,#6106,#6107,#6108,#6109,#6110,#6111,#6112,#6113,#6114,
#6115,#6116,#6117,#6118,#6119,#6120,#6121,#6122,#6123,#6124,#6125,#6126,
#6127,#6128,#6129,#6130,#6131,#6132,#6133,#6134,#6135,#6136,#6137,#6138,
#6139,#6140,#6141,#6142,#6143,#6144,#6145,#6146,#6147,#6148,#6149,#6150,
#6151,#6152,#6153,#6154,#6155,#6156,#6157,#6158,#6159,#6160,#6161,#6162,
#6163,#6164,#6165,#6166,#6167,#6168,#6169,#6170,#6171,#6172,#6173,#6174,
#6175,#6176,#6177,#6178,#6179,#6180,#6181,#6182,#6183,#6184,#6185,#6186,
#6187,#6188,#6189,#6190,#6191,#6192,#6193,#6194,#6195,#6196,#6197,#6198,
#6199,#6200,#6201,#6202,#6203,#6204,#6205,#6206,#6207,#6208,#6209,#6210,
#6211,#6212,#6213,#6214,#6215,#6216,#6217,#6218,#6219,#6220,#6221,#6222,
#6223,#6224,#6225,#6226,#6227,#6228,#6229,#6230,#6231,#6232,#6233,#6234,
#6235,#6236,#6237,#6238,#6239,#6240,#6241,#6242,#6243,#6244,#6245,#6246,
#6247,#6248,#6249,#6250,#6251,#6252,#6253,#6254,#6255,#6256,#6257,#6258,
#6259,#6260,#6261,#6262,#6263,#6264,#6265,#6266,#6267,#6268,#6269,#6270,
#6271,#6272,#6273,#6274,#6275,#6276,#6277,#6278,#6279,#6280,#6281,#6282,
#6283,#6284,#6285,#6286,#6287,#6288,#6289,#6290,#6291,#6292,#6293,#6294,
#6295,#6296,#6297,#6298,#6299,#6300,#6301,#6302,#6303,#6304,#6305,#6306,
#6307,#6308,#6309,#6310,#6311,#6312,#6313,#6314,#6315,#6316,#6317,#6318,
#6319,#6320,#6321,#6322,#6323,#6324,#6325,#6326));
#6421=CLOSED_SHELL('',(#6327,#6328,#6329,#6330,#6331,#6332,#6333,#6334,
#6335,#6336,#6337,#6338,#6339,#6340,#6341,#6342,#6343,#6344,#6345,#6346,
#6347,#6348,#6349,#6350,#6351,#6352,#6353,#6354,#6355,#6356,#6357,#6358,
#6359,#6360,#6361,#6362,#6363,#6364,#6365,#6366,#6367,#6368,#6369,#6370,
#6371,#6372,#6373,#6374,#6375,#6376,#6377,#6378,#6379,#6380,#6381,#6382,
#6383,#6384,#6385,#6386,#6387,#6388,#6389,#6390,#6391,#6392,#6393,#6394,
#6395,#6396,#6397,#6398,#6399,#6400,#6401,#6402,#6403,#6404,#6405,#6406,
#6407,#6408,#6409,#6410,#6411,#6412,#6413,#6414,#6415,#6416,#6417,#6418,
#6419));
#6422=AXIS2_PLACEMENT_3D('',#8406,#6896,#6897);
#6423=AXIS2_PLACEMENT_3D('',#8594,#6907,#6908);
#6424=AXIS2_PLACEMENT_3D('',#8830,#6922,#6923);
#6425=AXIS2_PLACEMENT_3D('',#8856,#6927,#6928);
#6426=AXIS2_PLACEMENT_3D('',#8857,#6929,#6930);
#6427=AXIS2_PLACEMENT_3D('',#8866,#6935,#6936);
#6428=AXIS2_PLACEMENT_3D('',#8872,#6940,#6941);
#6429=AXIS2_PLACEMENT_3D('',#8878,#6945,#6946);
#6430=AXIS2_PLACEMENT_3D('',#8884,#6950,#6951);
#6431=AXIS2_PLACEMENT_3D('',#8890,#6955,#6956);
#6432=AXIS2_PLACEMENT_3D('',#8896,#6960,#6961);
#6433=AXIS2_PLACEMENT_3D('',#8902,#6965,#6966);
#6434=AXIS2_PLACEMENT_3D('',#8908,#6970,#6971);
#6435=AXIS2_PLACEMENT_3D('',#8914,#6975,#6976);
#6436=AXIS2_PLACEMENT_3D('',#8917,#6979,#6980);
#6437=AXIS2_PLACEMENT_3D('',#8990,#6985,#6986);
#6438=AXIS2_PLACEMENT_3D('',#9088,#6994,#6995);
#6439=AXIS2_PLACEMENT_3D('',#9091,#6998,#6999);
#6440=AXIS2_PLACEMENT_3D('',#9092,#7000,#7001);
#6441=AXIS2_PLACEMENT_3D('',#9216,#7011,#7012);
#6442=AXIS2_PLACEMENT_3D('',#9222,#7016,#7017);
#6443=AXIS2_PLACEMENT_3D('',#9225,#7020,#7021);
#6444=AXIS2_PLACEMENT_3D('',#9234,#7026,#7027);
#6445=AXIS2_PLACEMENT_3D('',#9286,#7033,#7034);
#6446=AXIS2_PLACEMENT_3D('',#9292,#7038,#7039);
#6447=AXIS2_PLACEMENT_3D('',#9298,#7043,#7044);
#6448=AXIS2_PLACEMENT_3D('',#9511,#7057,#7058);
#6449=AXIS2_PLACEMENT_3D('',#9517,#7062,#7063);
#6450=AXIS2_PLACEMENT_3D('',#9523,#7067,#7068);
#6451=AXIS2_PLACEMENT_3D('',#9526,#7071,#7072);
#6452=AXIS2_PLACEMENT_3D('',#9599,#7077,#7078);
#6453=AXIS2_PLACEMENT_3D('',#9697,#7086,#7087);
#6454=AXIS2_PLACEMENT_3D('',#9700,#7090,#7091);
#6455=AXIS2_PLACEMENT_3D('',#9773,#7096,#7097);
#6456=AXIS2_PLACEMENT_3D('',#9871,#7105,#7106);
#6457=AXIS2_PLACEMENT_3D('',#9874,#7109,#7110);
#6458=AXIS2_PLACEMENT_3D('',#9875,#7111,#7112);
#6459=AXIS2_PLACEMENT_3D('',#9884,#7117,#7118);
#6460=AXIS2_PLACEMENT_3D('',#9890,#7122,#7123);
#6461=AXIS2_PLACEMENT_3D('',#9896,#7127,#7128);
#6462=AXIS2_PLACEMENT_3D('',#9902,#7132,#7133);
#6463=AXIS2_PLACEMENT_3D('',#9908,#7137,#7138);
#6464=AXIS2_PLACEMENT_3D('',#9914,#7142,#7143);
#6465=AXIS2_PLACEMENT_3D('',#9920,#7147,#7148);
#6466=AXIS2_PLACEMENT_3D('',#9926,#7152,#7153);
#6467=AXIS2_PLACEMENT_3D('',#9932,#7157,#7158);
#6468=AXIS2_PLACEMENT_3D('',#9938,#7162,#7163);
#6469=AXIS2_PLACEMENT_3D('',#9944,#7167,#7168);
#6470=AXIS2_PLACEMENT_3D('',#9947,#7171,#7172);
#6471=AXIS2_PLACEMENT_3D('',#9948,#7173,#7174);
#6472=AXIS2_PLACEMENT_3D('',#9957,#7179,#7180);
#6473=AXIS2_PLACEMENT_3D('',#9963,#7184,#7185);
#6474=AXIS2_PLACEMENT_3D('',#9969,#7189,#7190);
#6475=AXIS2_PLACEMENT_3D('',#9975,#7194,#7195);
#6476=AXIS2_PLACEMENT_3D('',#9981,#7199,#7200);
#6477=AXIS2_PLACEMENT_3D('',#9987,#7204,#7205);
#6478=AXIS2_PLACEMENT_3D('',#9993,#7209,#7210);
#6479=AXIS2_PLACEMENT_3D('',#9999,#7214,#7215);
#6480=AXIS2_PLACEMENT_3D('',#10005,#7219,#7220);
#6481=AXIS2_PLACEMENT_3D('',#10011,#7224,#7225);
#6482=AXIS2_PLACEMENT_3D('',#10017,#7229,#7230);
#6483=AXIS2_PLACEMENT_3D('',#10020,#7233,#7234);
#6484=AXIS2_PLACEMENT_3D('',#10021,#7235,#7236);
#6485=AXIS2_PLACEMENT_3D('',#10030,#7241,#7242);
#6486=AXIS2_PLACEMENT_3D('',#10036,#7246,#7247);
#6487=AXIS2_PLACEMENT_3D('',#10042,#7251,#7252);
#6488=AXIS2_PLACEMENT_3D('',#10048,#7256,#7257);
#6489=AXIS2_PLACEMENT_3D('',#10054,#7261,#7262);
#6490=AXIS2_PLACEMENT_3D('',#10060,#7266,#7267);
#6491=AXIS2_PLACEMENT_3D('',#10066,#7271,#7272);
#6492=AXIS2_PLACEMENT_3D('',#10072,#7276,#7277);
#6493=AXIS2_PLACEMENT_3D('',#10078,#7281,#7282);
#6494=AXIS2_PLACEMENT_3D('',#10084,#7286,#7287);
#6495=AXIS2_PLACEMENT_3D('',#10090,#7291,#7292);
#6496=AXIS2_PLACEMENT_3D('',#10093,#7295,#7296);
#6497=AXIS2_PLACEMENT_3D('',#10094,#7297,#7298);
#6498=AXIS2_PLACEMENT_3D('',#10103,#7303,#7304);
#6499=AXIS2_PLACEMENT_3D('',#10109,#7308,#7309);
#6500=AXIS2_PLACEMENT_3D('',#10112,#7312,#7313);
#6501=AXIS2_PLACEMENT_3D('',#10121,#7318,#7319);
#6502=AXIS2_PLACEMENT_3D('',#10127,#7323,#7324);
#6503=AXIS2_PLACEMENT_3D('',#10133,#7328,#7329);
#6504=AXIS2_PLACEMENT_3D('',#10139,#7333,#7334);
#6505=AXIS2_PLACEMENT_3D('',#10145,#7338,#7339);
#6506=AXIS2_PLACEMENT_3D('',#10151,#7343,#7344);
#6507=AXIS2_PLACEMENT_3D('',#10157,#7348,#7349);
#6508=AXIS2_PLACEMENT_3D('',#10160,#7352,#7353);
#6509=AXIS2_PLACEMENT_3D('',#10463,#7368,#7369);
#6510=AXIS2_PLACEMENT_3D('',#10768,#7386,#7387);
#6511=AXIS2_PLACEMENT_3D('',#10794,#7391,#7392);
#6512=AXIS2_PLACEMENT_3D('',#10795,#7393,#7394);
#6513=AXIS2_PLACEMENT_3D('',#10796,#7395,#7396);
#6514=AXIS2_PLACEMENT_3D('',#10797,#7397,#7398);
#6515=AXIS2_PLACEMENT_3D('',#10806,#7403,#7404);
#6516=AXIS2_PLACEMENT_3D('',#10812,#7408,#7409);
#6517=AXIS2_PLACEMENT_3D('',#10818,#7413,#7414);
#6518=AXIS2_PLACEMENT_3D('',#10821,#7417,#7418);
#6519=AXIS2_PLACEMENT_3D('',#10830,#7423,#7424);
#6520=AXIS2_PLACEMENT_3D('',#10836,#7428,#7429);
#6521=AXIS2_PLACEMENT_3D('',#10842,#7433,#7434);
#6522=AXIS2_PLACEMENT_3D('',#10845,#7437,#7438);
#6523=AXIS2_PLACEMENT_3D('',#10854,#7443,#7444);
#6524=AXIS2_PLACEMENT_3D('',#10860,#7448,#7449);
#6525=AXIS2_PLACEMENT_3D('',#10866,#7453,#7454);
#6526=AXIS2_PLACEMENT_3D('',#10869,#7457,#7458);
#6527=AXIS2_PLACEMENT_3D('',#10871,#7459,#7460);
#6528=AXIS2_PLACEMENT_3D('',#10874,#7462,#7463);
#6529=AXIS2_PLACEMENT_3D('',#10875,#7464,#7465);
#6530=AXIS2_PLACEMENT_3D('',#10877,#7466,#7467);
#6531=AXIS2_PLACEMENT_3D('',#10880,#7469,#7470);
#6532=AXIS2_PLACEMENT_3D('',#10881,#7471,#7472);
#6533=AXIS2_PLACEMENT_3D('',#10883,#7473,#7474);
#6534=AXIS2_PLACEMENT_3D('',#10886,#7476,#7477);
#6535=AXIS2_PLACEMENT_3D('',#10887,#7478,#7479);
#6536=AXIS2_PLACEMENT_3D('',#10889,#7480,#7481);
#6537=AXIS2_PLACEMENT_3D('',#10892,#7483,#7484);
#6538=AXIS2_PLACEMENT_3D('',#10893,#7485,#7486);
#6539=AXIS2_PLACEMENT_3D('',#10895,#7487,#7488);
#6540=AXIS2_PLACEMENT_3D('',#10898,#7490,#7491);
#6541=AXIS2_PLACEMENT_3D('',#10899,#7492,#7493);
#6542=AXIS2_PLACEMENT_3D('',#10901,#7494,#7495);
#6543=AXIS2_PLACEMENT_3D('',#10904,#7497,#7498);
#6544=AXIS2_PLACEMENT_3D('',#10905,#7499,#7500);
#6545=AXIS2_PLACEMENT_3D('',#10908,#7501,#7502);
#6546=AXIS2_PLACEMENT_3D('',#10910,#7503,#7504);
#6547=AXIS2_PLACEMENT_3D('',#10912,#7505,#7506);
#6548=AXIS2_PLACEMENT_3D('',#10913,#7507,#7508);
#6549=AXIS2_PLACEMENT_3D('',#10914,#7509,#7510);
#6550=AXIS2_PLACEMENT_3D('',#10917,#7511,#7512);
#6551=AXIS2_PLACEMENT_3D('',#10920,#7515,#7516);
#6552=AXIS2_PLACEMENT_3D('',#10923,#7517,#7518);
#6553=AXIS2_PLACEMENT_3D('',#10924,#7519,#7520);
#6554=AXIS2_PLACEMENT_3D('',#10925,#7521,#7522);
#6555=AXIS2_PLACEMENT_3D('',#10926,#7523,#7524);
#6556=AXIS2_PLACEMENT_3D('',#10929,#7525,#7526);
#6557=AXIS2_PLACEMENT_3D('',#10932,#7529,#7530);
#6558=AXIS2_PLACEMENT_3D('',#10935,#7531,#7532);
#6559=AXIS2_PLACEMENT_3D('',#10936,#7533,#7534);
#6560=AXIS2_PLACEMENT_3D('',#10937,#7535,#7536);
#6561=AXIS2_PLACEMENT_3D('',#10938,#7537,#7538);
#6562=AXIS2_PLACEMENT_3D('',#10941,#7539,#7540);
#6563=AXIS2_PLACEMENT_3D('',#10944,#7543,#7544);
#6564=AXIS2_PLACEMENT_3D('',#10947,#7545,#7546);
#6565=AXIS2_PLACEMENT_3D('',#10948,#7547,#7548);
#6566=AXIS2_PLACEMENT_3D('',#10949,#7549,#7550);
#6567=AXIS2_PLACEMENT_3D('',#10950,#7551,#7552);
#6568=AXIS2_PLACEMENT_3D('',#10953,#7555,#7556);
#6569=AXIS2_PLACEMENT_3D('',#10959,#7560,#7561);
#6570=AXIS2_PLACEMENT_3D('',#10962,#7563,#7564);
#6571=AXIS2_PLACEMENT_3D('',#10963,#7565,#7566);
#6572=AXIS2_PLACEMENT_3D('',#10967,#7569,#7570);
#6573=AXIS2_PLACEMENT_3D('',#10970,#7572,#7573);
#6574=AXIS2_PLACEMENT_3D('',#10971,#7574,#7575);
#6575=AXIS2_PLACEMENT_3D('',#10974,#7576,#7577);
#6576=AXIS2_PLACEMENT_3D('',#10978,#7579,#7580);
#6577=AXIS2_PLACEMENT_3D('',#10980,#7581,#7582);
#6578=AXIS2_PLACEMENT_3D('',#10984,#7584,#7585);
#6579=AXIS2_PLACEMENT_3D('',#10988,#7587,#7588);
#6580=AXIS2_PLACEMENT_3D('',#10992,#7590,#7591);
#6581=AXIS2_PLACEMENT_3D('',#10996,#7593,#7594);
#6582=AXIS2_PLACEMENT_3D('',#11000,#7596,#7597);
#6583=AXIS2_PLACEMENT_3D('',#11004,#7599,#7600);
#6584=AXIS2_PLACEMENT_3D('',#11008,#7602,#7603);
#6585=AXIS2_PLACEMENT_3D('',#11012,#7605,#7606);
#6586=AXIS2_PLACEMENT_3D('',#11016,#7608,#7609);
#6587=AXIS2_PLACEMENT_3D('',#11018,#7611,#7612);
#6588=AXIS2_PLACEMENT_3D('',#11020,#7613,#7614);
#6589=AXIS2_PLACEMENT_3D('',#11022,#7615,#7616);
#6590=AXIS2_PLACEMENT_3D('',#11023,#7617,#7618);
#6591=AXIS2_PLACEMENT_3D('',#11024,#7619,#7620);
#6592=AXIS2_PLACEMENT_3D('',#11026,#7621,#7622);
#6593=AXIS2_PLACEMENT_3D('',#11028,#7624,#7625);
#6594=AXIS2_PLACEMENT_3D('',#11030,#7626,#7627);
#6595=AXIS2_PLACEMENT_3D('',#11031,#7628,#7629);
#6596=AXIS2_PLACEMENT_3D('',#11032,#7630,#7631);
#6597=AXIS2_PLACEMENT_3D('',#11034,#7632,#7633);
#6598=AXIS2_PLACEMENT_3D('',#11036,#7635,#7636);
#6599=AXIS2_PLACEMENT_3D('',#11038,#7637,#7638);
#6600=AXIS2_PLACEMENT_3D('',#11039,#7639,#7640);
#6601=AXIS2_PLACEMENT_3D('',#11040,#7641,#7642);
#6602=AXIS2_PLACEMENT_3D('',#11042,#7643,#7644);
#6603=AXIS2_PLACEMENT_3D('',#11044,#7646,#7647);
#6604=AXIS2_PLACEMENT_3D('',#11046,#7648,#7649);
#6605=AXIS2_PLACEMENT_3D('',#11047,#7650,#7651);
#6606=AXIS2_PLACEMENT_3D('',#11048,#7652,#7653);
#6607=AXIS2_PLACEMENT_3D('',#11050,#7654,#7655);
#6608=AXIS2_PLACEMENT_3D('',#11052,#7657,#7658);
#6609=AXIS2_PLACEMENT_3D('',#11054,#7659,#7660);
#6610=AXIS2_PLACEMENT_3D('',#11055,#7661,#7662);
#6611=AXIS2_PLACEMENT_3D('',#11056,#7663,#7664);
#6612=AXIS2_PLACEMENT_3D('',#11058,#7665,#7666);
#6613=AXIS2_PLACEMENT_3D('',#11060,#7668,#7669);
#6614=AXIS2_PLACEMENT_3D('',#11062,#7670,#7671);
#6615=AXIS2_PLACEMENT_3D('',#11063,#7672,#7673);
#6616=AXIS2_PLACEMENT_3D('',#11064,#7674,#7675);
#6617=AXIS2_PLACEMENT_3D('',#11066,#7676,#7677);
#6618=AXIS2_PLACEMENT_3D('',#11068,#7679,#7680);
#6619=AXIS2_PLACEMENT_3D('',#11070,#7681,#7682);
#6620=AXIS2_PLACEMENT_3D('',#11071,#7683,#7684);
#6621=AXIS2_PLACEMENT_3D('',#11072,#7685,#7686);
#6622=AXIS2_PLACEMENT_3D('',#11074,#7687,#7688);
#6623=AXIS2_PLACEMENT_3D('',#11076,#7690,#7691);
#6624=AXIS2_PLACEMENT_3D('',#11078,#7692,#7693);
#6625=AXIS2_PLACEMENT_3D('',#11079,#7694,#7695);
#6626=AXIS2_PLACEMENT_3D('',#11080,#7696,#7697);
#6627=AXIS2_PLACEMENT_3D('',#11082,#7698,#7699);
#6628=AXIS2_PLACEMENT_3D('',#11084,#7701,#7702);
#6629=AXIS2_PLACEMENT_3D('',#11086,#7703,#7704);
#6630=AXIS2_PLACEMENT_3D('',#11087,#7705,#7706);
#6631=AXIS2_PLACEMENT_3D('',#11088,#7707,#7708);
#6632=AXIS2_PLACEMENT_3D('',#11090,#7709,#7710);
#6633=AXIS2_PLACEMENT_3D('',#11092,#7712,#7713);
#6634=AXIS2_PLACEMENT_3D('',#11094,#7714,#7715);
#6635=AXIS2_PLACEMENT_3D('',#11095,#7716,#7717);
#6636=AXIS2_PLACEMENT_3D('',#11096,#7718,#7719);
#6637=AXIS2_PLACEMENT_3D('',#11098,#7720,#7721);
#6638=AXIS2_PLACEMENT_3D('',#11100,#7723,#7724);
#6639=AXIS2_PLACEMENT_3D('',#11102,#7725,#7726);
#6640=AXIS2_PLACEMENT_3D('',#11103,#7727,#7728);
#6641=AXIS2_PLACEMENT_3D('',#11104,#7729,#7730);
#6642=AXIS2_PLACEMENT_3D('',#11106,#7731,#7732);
#6643=AXIS2_PLACEMENT_3D('',#11107,#7733,#7734);
#6644=AXIS2_PLACEMENT_3D('',#11108,#7735,#7736);
#6645=AXIS2_PLACEMENT_3D('',#11110,#7738,#7739);
#6646=AXIS2_PLACEMENT_3D('',#11114,#7741,#7742);
#6647=AXIS2_PLACEMENT_3D('',#11116,#7744,#7745);
#6648=AXIS2_PLACEMENT_3D('',#11120,#7748,#7749);
#6649=AXIS2_PLACEMENT_3D('',#11123,#7751,#7752);
#6650=AXIS2_PLACEMENT_3D('',#11124,#7753,#7754);
#6651=AXIS2_PLACEMENT_3D('',#11128,#7757,#7758);
#6652=AXIS2_PLACEMENT_3D('',#11131,#7760,#7761);
#6653=AXIS2_PLACEMENT_3D('',#11132,#7762,#7763);
#6654=AXIS2_PLACEMENT_3D('',#11136,#7766,#7767);
#6655=AXIS2_PLACEMENT_3D('',#11139,#7769,#7770);
#6656=AXIS2_PLACEMENT_3D('',#11140,#7771,#7772);
#6657=AXIS2_PLACEMENT_3D('',#11146,#7776,#7777);
#6658=AXIS2_PLACEMENT_3D('',#11149,#7779,#7780);
#6659=AXIS2_PLACEMENT_3D('',#11150,#7781,#7782);
#6660=AXIS2_PLACEMENT_3D('',#11153,#7784,#7785);
#6661=AXIS2_PLACEMENT_3D('',#11154,#7786,#7787);
#6662=AXIS2_PLACEMENT_3D('',#11158,#7790,#7791);
#6663=AXIS2_PLACEMENT_3D('',#11161,#7793,#7794);
#6664=AXIS2_PLACEMENT_3D('',#11162,#7795,#7796);
#6665=AXIS2_PLACEMENT_3D('',#11166,#7798,#7799);
#6666=AXIS2_PLACEMENT_3D('',#11168,#7801,#7802);
#6667=AXIS2_PLACEMENT_3D('',#11172,#7805,#7806);
#6668=AXIS2_PLACEMENT_3D('',#11174,#7808,#7809);
#6669=AXIS2_PLACEMENT_3D('',#11175,#7810,#7811);
#6670=AXIS2_PLACEMENT_3D('',#11176,#7812,#7813);
#6671=AXIS2_PLACEMENT_3D('',#11180,#7815,#7816);
#6672=AXIS2_PLACEMENT_3D('',#11182,#7818,#7819);
#6673=AXIS2_PLACEMENT_3D('',#11186,#7822,#7823);
#6674=AXIS2_PLACEMENT_3D('',#11188,#7824,#7825);
#6675=AXIS2_PLACEMENT_3D('',#11190,#7827,#7828);
#6676=AXIS2_PLACEMENT_3D('',#11194,#7831,#7832);
#6677=AXIS2_PLACEMENT_3D('',#11196,#7833,#7834);
#6678=AXIS2_PLACEMENT_3D('',#11198,#7836,#7837);
#6679=AXIS2_PLACEMENT_3D('',#11202,#7840,#7841);
#6680=AXIS2_PLACEMENT_3D('',#11205,#7843,#7844);
#6681=AXIS2_PLACEMENT_3D('',#11206,#7845,#7846);
#6682=AXIS2_PLACEMENT_3D('',#11210,#7848,#7849);
#6683=AXIS2_PLACEMENT_3D('',#11212,#7851,#7852);
#6684=AXIS2_PLACEMENT_3D('',#11214,#7854,#7855);
#6685=AXIS2_PLACEMENT_3D('',#11216,#7857,#7858);
#6686=AXIS2_PLACEMENT_3D('',#11218,#7860,#7861);
#6687=AXIS2_PLACEMENT_3D('',#11219,#7862,#7863);
#6688=AXIS2_PLACEMENT_3D('',#11228,#7868,#7869);
#6689=AXIS2_PLACEMENT_3D('',#11237,#7874,#7875);
#6690=AXIS2_PLACEMENT_3D('',#11246,#7880,#7881);
#6691=AXIS2_PLACEMENT_3D('',#11255,#7886,#7887);
#6692=AXIS2_PLACEMENT_3D('',#11257,#7888,#7889);
#6693=AXIS2_PLACEMENT_3D('',#11259,#7890,#7891);
#6694=AXIS2_PLACEMENT_3D('',#11261,#7893,#7894);
#6695=AXIS2_PLACEMENT_3D('',#11266,#7896,#7897);
#6696=AXIS2_PLACEMENT_3D('',#11269,#7899,#7900);
#6697=AXIS2_PLACEMENT_3D('',#11270,#7901,#7902);
#6698=AXIS2_PLACEMENT_3D('',#11278,#7907,#7908);
#6699=AXIS2_PLACEMENT_3D('',#11279,#7909,#7910);
#6700=AXIS2_PLACEMENT_3D('',#11280,#7911,#7912);
#6701=AXIS2_PLACEMENT_3D('',#11281,#7913,#7914);
#6702=AXIS2_PLACEMENT_3D('',#11283,#7915,#7916);
#6703=AXIS2_PLACEMENT_3D('',#11286,#7918,#7919);
#6704=AXIS2_PLACEMENT_3D('',#11287,#7920,#7921);
#6705=AXIS2_PLACEMENT_3D('',#11293,#7925,#7926);
#6706=AXIS2_PLACEMENT_3D('',#11294,#7927,#7928);
#6707=AXIS2_PLACEMENT_3D('',#11295,#7929,#7930);
#6708=AXIS2_PLACEMENT_3D('',#11296,#7931,#7932);
#6709=AXIS2_PLACEMENT_3D('',#11305,#7937,#7938);
#6710=AXIS2_PLACEMENT_3D('',#11307,#7939,#7940);
#6711=AXIS2_PLACEMENT_3D('',#11310,#7942,#7943);
#6712=AXIS2_PLACEMENT_3D('',#11311,#7944,#7945);
#6713=AXIS2_PLACEMENT_3D('',#11320,#7950,#7951);
#6714=AXIS2_PLACEMENT_3D('',#11322,#7952,#7953);
#6715=AXIS2_PLACEMENT_3D('',#11325,#7955,#7956);
#6716=AXIS2_PLACEMENT_3D('',#11326,#7957,#7958);
#6717=AXIS2_PLACEMENT_3D('',#11335,#7963,#7964);
#6718=AXIS2_PLACEMENT_3D('',#11336,#7965,#7966);
#6719=AXIS2_PLACEMENT_3D('',#11337,#7967,#7968);
#6720=AXIS2_PLACEMENT_3D('',#11338,#7969,#7970);
#6721=AXIS2_PLACEMENT_3D('',#11344,#7974,#7975);
#6722=AXIS2_PLACEMENT_3D('',#11345,#7976,#7977);
#6723=AXIS2_PLACEMENT_3D('',#11346,#7978,#7979);
#6724=AXIS2_PLACEMENT_3D('',#11347,#7980,#7981);
#6725=AXIS2_PLACEMENT_3D('',#11353,#7985,#7986);
#6726=AXIS2_PLACEMENT_3D('',#11355,#7987,#7988);
#6727=AXIS2_PLACEMENT_3D('',#11357,#7989,#7990);
#6728=AXIS2_PLACEMENT_3D('',#11359,#7992,#7993);
#6729=AXIS2_PLACEMENT_3D('',#11365,#7997,#7998);
#6730=AXIS2_PLACEMENT_3D('',#11366,#7999,#8000);
#6731=AXIS2_PLACEMENT_3D('',#11367,#8001,#8002);
#6732=AXIS2_PLACEMENT_3D('',#11368,#8003,#8004);
#6733=AXIS2_PLACEMENT_3D('',#11377,#8009,#8010);
#6734=AXIS2_PLACEMENT_3D('',#11379,#8011,#8012);
#6735=AXIS2_PLACEMENT_3D('',#11382,#8014,#8015);
#6736=AXIS2_PLACEMENT_3D('',#11383,#8016,#8017);
#6737=AXIS2_PLACEMENT_3D('',#11385,#8018,#8019);
#6738=AXIS2_PLACEMENT_3D('',#11387,#8020,#8021);
#6739=AXIS2_PLACEMENT_3D('',#11389,#8023,#8024);
#6740=AXIS2_PLACEMENT_3D('',#11391,#8025,#8026);
#6741=AXIS2_PLACEMENT_3D('',#11393,#8027,#8028);
#6742=AXIS2_PLACEMENT_3D('',#11395,#8030,#8031);
#6743=AXIS2_PLACEMENT_3D('',#11401,#8035,#8036);
#6744=AXIS2_PLACEMENT_3D('',#11403,#8037,#8038);
#6745=AXIS2_PLACEMENT_3D('',#11406,#8040,#8041);
#6746=AXIS2_PLACEMENT_3D('',#11407,#8042,#8043);
#6747=AXIS2_PLACEMENT_3D('',#11409,#8044,#8045);
#6748=AXIS2_PLACEMENT_3D('',#11412,#8047,#8048);
#6749=AXIS2_PLACEMENT_3D('',#11413,#8049,#8050);
#6750=AXIS2_PLACEMENT_3D('',#11419,#8054,#8055);
#6751=AXIS2_PLACEMENT_3D('',#11421,#8056,#8057);
#6752=AXIS2_PLACEMENT_3D('',#11424,#8059,#8060);
#6753=AXIS2_PLACEMENT_3D('',#11425,#8061,#8062);
#6754=AXIS2_PLACEMENT_3D('',#11431,#8066,#8067);
#6755=AXIS2_PLACEMENT_3D('',#11432,#8068,#8069);
#6756=AXIS2_PLACEMENT_3D('',#11433,#8070,#8071);
#6757=AXIS2_PLACEMENT_3D('',#11434,#8072,#8073);
#6758=AXIS2_PLACEMENT_3D('',#11440,#8077,#8078);
#6759=AXIS2_PLACEMENT_3D('',#11441,#8079,#8080);
#6760=AXIS2_PLACEMENT_3D('',#11442,#8081,#8082);
#6761=AXIS2_PLACEMENT_3D('',#11443,#8083,#8084);
#6762=AXIS2_PLACEMENT_3D('',#11449,#8088,#8089);
#6763=AXIS2_PLACEMENT_3D('',#11450,#8090,#8091);
#6764=AXIS2_PLACEMENT_3D('',#11451,#8092,#8093);
#6765=AXIS2_PLACEMENT_3D('',#11452,#8094,#8095);
#6766=AXIS2_PLACEMENT_3D('',#11455,#8096,#8097);
#6767=AXIS2_PLACEMENT_3D('',#11459,#8099,#8100);
#6768=AXIS2_PLACEMENT_3D('',#11463,#8102,#8103);
#6769=AXIS2_PLACEMENT_3D('',#11467,#8105,#8106);
#6770=AXIS2_PLACEMENT_3D('',#11471,#8108,#8109);
#6771=AXIS2_PLACEMENT_3D('',#11473,#8110,#8111);
#6772=AXIS2_PLACEMENT_3D('',#11476,#8113,#8114);
#6773=AXIS2_PLACEMENT_3D('',#11480,#8116,#8117);
#6774=AXIS2_PLACEMENT_3D('',#11483,#8119,#8120);
#6775=AXIS2_PLACEMENT_3D('',#11485,#8121,#8122);
#6776=AXIS2_PLACEMENT_3D('',#11487,#8123,#8124);
#6777=AXIS2_PLACEMENT_3D('',#11489,#8125,#8126);
#6778=AXIS2_PLACEMENT_3D('',#11491,#8127,#8128);
#6779=AXIS2_PLACEMENT_3D('',#11493,#8129,#8130);
#6780=AXIS2_PLACEMENT_3D('',#11495,#8131,#8132);
#6781=AXIS2_PLACEMENT_3D('',#11497,#8133,#8134);
#6782=AXIS2_PLACEMENT_3D('',#11498,#8135,#8136);
#6783=AXIS2_PLACEMENT_3D('',#11500,#8137,#8138);
#6784=AXIS2_PLACEMENT_3D('',#11502,#8140,#8141);
#6785=AXIS2_PLACEMENT_3D('',#11504,#8142,#8143);
#6786=AXIS2_PLACEMENT_3D('',#11506,#8145,#8146);
#6787=AXIS2_PLACEMENT_3D('',#11508,#8147,#8148);
#6788=AXIS2_PLACEMENT_3D('',#11510,#8150,#8151);
#6789=AXIS2_PLACEMENT_3D('',#11512,#8152,#8153);
#6790=AXIS2_PLACEMENT_3D('',#11514,#8155,#8156);
#6791=AXIS2_PLACEMENT_3D('',#11516,#8157,#8158);
#6792=AXIS2_PLACEMENT_3D('',#11518,#8160,#8161);
#6793=AXIS2_PLACEMENT_3D('',#11520,#8162,#8163);
#6794=AXIS2_PLACEMENT_3D('',#11522,#8165,#8166);
#6795=AXIS2_PLACEMENT_3D('',#11524,#8167,#8168);
#6796=AXIS2_PLACEMENT_3D('',#11526,#8170,#8171);
#6797=AXIS2_PLACEMENT_3D('',#11528,#8172,#8173);
#6798=AXIS2_PLACEMENT_3D('',#11530,#8175,#8176);
#6799=AXIS2_PLACEMENT_3D('',#11533,#8177,#8178);
#6800=AXIS2_PLACEMENT_3D('',#11537,#8180,#8181);
#6801=AXIS2_PLACEMENT_3D('',#11541,#8183,#8184);
#6802=AXIS2_PLACEMENT_3D('',#11545,#8186,#8187);
#6803=AXIS2_PLACEMENT_3D('',#11549,#8189,#8190);
#6804=AXIS2_PLACEMENT_3D('',#11553,#8192,#8193);
#6805=AXIS2_PLACEMENT_3D('',#11557,#8195,#8196);
#6806=AXIS2_PLACEMENT_3D('',#11561,#8198,#8199);
#6807=AXIS2_PLACEMENT_3D('',#11565,#8201,#8202);
#6808=AXIS2_PLACEMENT_3D('',#11569,#8204,#8205);
#6809=AXIS2_PLACEMENT_3D('',#11573,#8207,#8208);
#6810=AXIS2_PLACEMENT_3D('',#11577,#8210,#8211);
#6811=AXIS2_PLACEMENT_3D('',#11581,#8213,#8214);
#6812=AXIS2_PLACEMENT_3D('',#11585,#8216,#8217);
#6813=AXIS2_PLACEMENT_3D('',#11587,#8219,#8220);
#6814=AXIS2_PLACEMENT_3D('',#11591,#8223,#8224);
#6815=AXIS2_PLACEMENT_3D('',#11593,#8225,#8226);
#6816=AXIS2_PLACEMENT_3D('',#11595,#8228,#8229);
#6817=AXIS2_PLACEMENT_3D('',#11597,#8230,#8231);
#6818=AXIS2_PLACEMENT_3D('',#11599,#8233,#8234);
#6819=AXIS2_PLACEMENT_3D('',#11603,#8237,#8238);
#6820=AXIS2_PLACEMENT_3D('',#11605,#8239,#8240);
#6821=AXIS2_PLACEMENT_3D('',#11607,#8242,#8243);
#6822=AXIS2_PLACEMENT_3D('',#11611,#8246,#8247);
#6823=AXIS2_PLACEMENT_3D('',#11613,#8248,#8249);
#6824=AXIS2_PLACEMENT_3D('',#11615,#8251,#8252);
#6825=AXIS2_PLACEMENT_3D('',#11619,#8255,#8256);
#6826=AXIS2_PLACEMENT_3D('',#11621,#8257,#8258);
#6827=AXIS2_PLACEMENT_3D('',#11623,#8260,#8261);
#6828=AXIS2_PLACEMENT_3D('',#11627,#8264,#8265);
#6829=AXIS2_PLACEMENT_3D('',#11629,#8266,#8267);
#6830=AXIS2_PLACEMENT_3D('',#11631,#8269,#8270);
#6831=AXIS2_PLACEMENT_3D('',#11635,#8273,#8274);
#6832=AXIS2_PLACEMENT_3D('',#11637,#8275,#8276);
#6833=AXIS2_PLACEMENT_3D('',#11639,#8278,#8279);
#6834=AXIS2_PLACEMENT_3D('',#11643,#8282,#8283);
#6835=AXIS2_PLACEMENT_3D('',#11644,#8284,#8285);
#6836=AXIS2_PLACEMENT_3D('',#11645,#8286,#8287);
#6837=AXIS2_PLACEMENT_3D('',#11646,#8288,#8289);
#6838=AXIS2_PLACEMENT_3D('',#11647,#8290,#8291);
#6839=AXIS2_PLACEMENT_3D('',#11648,#8292,#8293);
#6840=AXIS2_PLACEMENT_3D('',#11649,#8294,#8295);
#6841=AXIS2_PLACEMENT_3D('',#11650,#8296,#8297);
#6842=AXIS2_PLACEMENT_3D('',#11651,#8298,#8299);
#6843=AXIS2_PLACEMENT_3D('',#11652,#8300,#8301);
#6844=AXIS2_PLACEMENT_3D('',#11653,#8302,#8303);
#6845=AXIS2_PLACEMENT_3D('',#11654,#8304,#8305);
#6846=AXIS2_PLACEMENT_3D('',#11655,#8306,#8307);
#6847=AXIS2_PLACEMENT_3D('',#11656,#8308,#8309);
#6848=AXIS2_PLACEMENT_3D('',#11657,#8310,#8311);
#6849=AXIS2_PLACEMENT_3D('',#11658,#8312,#8313);
#6850=AXIS2_PLACEMENT_3D('',#11659,#8314,#8315);
#6851=AXIS2_PLACEMENT_3D('',#11660,#8316,#8317);
#6852=AXIS2_PLACEMENT_3D('',#11661,#8318,#8319);
#6853=AXIS2_PLACEMENT_3D('',#11662,#8320,#8321);
#6854=AXIS2_PLACEMENT_3D('',#11663,#8322,#8323);
#6855=AXIS2_PLACEMENT_3D('',#11664,#8324,#8325);
#6856=AXIS2_PLACEMENT_3D('',#11665,#8326,#8327);
#6857=AXIS2_PLACEMENT_3D('',#11666,#8328,#8329);
#6858=AXIS2_PLACEMENT_3D('',#11667,#8330,#8331);
#6859=AXIS2_PLACEMENT_3D('',#11668,#8332,#8333);
#6860=AXIS2_PLACEMENT_3D('',#11669,#8334,#8335);
#6861=AXIS2_PLACEMENT_3D('',#11670,#8336,#8337);
#6862=AXIS2_PLACEMENT_3D('',#11671,#8338,#8339);
#6863=AXIS2_PLACEMENT_3D('',#11672,#8340,#8341);
#6864=AXIS2_PLACEMENT_3D('',#11673,#8342,#8343);
#6865=AXIS2_PLACEMENT_3D('',#11674,#8344,#8345);
#6866=AXIS2_PLACEMENT_3D('',#11675,#8346,#8347);
#6867=AXIS2_PLACEMENT_3D('',#11676,#8348,#8349);
#6868=AXIS2_PLACEMENT_3D('',#11677,#8350,#8351);
#6869=AXIS2_PLACEMENT_3D('',#11678,#8352,#8353);
#6870=AXIS2_PLACEMENT_3D('',#11679,#8354,#8355);
#6871=AXIS2_PLACEMENT_3D('',#11680,#8356,#8357);
#6872=AXIS2_PLACEMENT_3D('',#11681,#8358,#8359);
#6873=AXIS2_PLACEMENT_3D('',#11682,#8360,#8361);
#6874=AXIS2_PLACEMENT_3D('',#11683,#8362,#8363);
#6875=AXIS2_PLACEMENT_3D('',#11684,#8364,#8365);
#6876=AXIS2_PLACEMENT_3D('',#11685,#8366,#8367);
#6877=AXIS2_PLACEMENT_3D('',#11686,#8368,#8369);
#6878=AXIS2_PLACEMENT_3D('',#11687,#8370,#8371);
#6879=AXIS2_PLACEMENT_3D('',#11688,#8372,#8373);
#6880=AXIS2_PLACEMENT_3D('',#11689,#8374,#8375);
#6881=AXIS2_PLACEMENT_3D('',#11690,#8376,#8377);
#6882=AXIS2_PLACEMENT_3D('',#11691,#8378,#8379);
#6883=AXIS2_PLACEMENT_3D('',#11692,#8380,#8381);
#6884=AXIS2_PLACEMENT_3D('',#11693,#8382,#8383);
#6885=AXIS2_PLACEMENT_3D('',#11694,#8384,#8385);
#6886=AXIS2_PLACEMENT_3D('',#11695,#8386,#8387);
#6887=AXIS2_PLACEMENT_3D('',#11696,#8388,#8389);
#6888=AXIS2_PLACEMENT_3D('',#11697,#8390,#8391);
#6889=AXIS2_PLACEMENT_3D('',#11698,#8392,#8393);
#6890=AXIS2_PLACEMENT_3D('',#11699,#8394,#8395);
#6891=AXIS2_PLACEMENT_3D('',#11700,#8396,#8397);
#6892=AXIS2_PLACEMENT_3D('',#11701,#8398,#8399);
#6893=AXIS2_PLACEMENT_3D('',#11702,#8400,#8401);
#6894=AXIS2_PLACEMENT_3D('',#11703,#8402,#8403);
#6895=AXIS2_PLACEMENT_3D('',#11704,#8404,#8405);
#6896=DIRECTION('axis',(0.,0.,1.));
#6897=DIRECTION('refdir',(1.,0.,0.));
#6898=DIRECTION('',(0.,0.,-1.));
#6899=DIRECTION('',(0.,0.,-1.));
#6900=DIRECTION('',(0.,0.,-1.));
#6901=DIRECTION('',(0.,0.,-1.));
#6902=DIRECTION('',(0.,0.,-1.));
#6903=DIRECTION('',(0.,0.,-1.));
#6904=DIRECTION('',(0.,0.,-1.));
#6905=DIRECTION('',(0.,0.,-1.));
#6906=DIRECTION('',(0.,0.,-1.));
#6907=DIRECTION('center_axis',(0.200831089575665,-0.979625884437448,0.));
#6908=DIRECTION('ref_axis',(-0.979625884437448,-0.200831089575665,0.));
#6909=DIRECTION('',(-0.979625884437448,-0.200831089575665,0.));
#6910=DIRECTION('',(0.,0.,-1.));
#6911=DIRECTION('',(-0.979625884437448,-0.200831089575665,0.));
#6912=DIRECTION('',(0.,0.,-1.));
#6913=DIRECTION('',(0.,0.,-1.));
#6914=DIRECTION('',(0.,0.,-1.));
#6915=DIRECTION('',(0.,0.,-1.));
#6916=DIRECTION('',(0.,0.,-1.));
#6917=DIRECTION('',(0.,0.,-1.));
#6918=DIRECTION('',(0.,0.,-1.));
#6919=DIRECTION('',(0.,0.,-1.));
#6920=DIRECTION('',(0.,0.,-1.));
#6921=DIRECTION('',(0.,0.,-1.));
#6922=DIRECTION('center_axis',(0.305309704195711,0.95225310948504,0.));
#6923=DIRECTION('ref_axis',(0.95225310948504,-0.305309704195711,0.));
#6924=DIRECTION('',(0.95225310948504,-0.305309704195711,0.));
#6925=DIRECTION('',(0.,0.,-1.));
#6926=DIRECTION('',(0.95225310948504,-0.305309704195711,0.));
#6927=DIRECTION('center_axis',(0.,0.,1.));
#6928=DIRECTION('ref_axis',(-1.,0.,0.));
#6929=DIRECTION('center_axis',(-0.0167266527447301,-0.99986009975794,0.));
#6930=DIRECTION('ref_axis',(-0.99986009975794,0.0167266527447301,0.));
#6931=DIRECTION('',(-0.99986009975794,0.0167266527447301,0.));
#6932=DIRECTION('',(0.,0.,-1.));
#6933=DIRECTION('',(-0.99986009975794,0.0167266527447301,0.));
#6934=DIRECTION('',(0.,0.,-1.));
#6935=DIRECTION('center_axis',(0.99986009975794,-0.0167266527447322,0.));
#6936=DIRECTION('ref_axis',(-0.0167266527447322,-0.99986009975794,0.));
#6937=DIRECTION('',(-0.0167266527447322,-0.99986009975794,0.));
#6938=DIRECTION('',(0.,0.,-1.));
#6939=DIRECTION('',(-0.0167266527447322,-0.99986009975794,0.));
#6940=DIRECTION('center_axis',(-0.835450976884535,-0.549564978162434,0.));
#6941=DIRECTION('ref_axis',(-0.549564978162434,0.835450976884535,0.));
#6942=DIRECTION('',(-0.549564978162434,0.835450976884535,0.));
#6943=DIRECTION('',(0.,0.,-1.));
#6944=DIRECTION('',(-0.549564978162434,0.835450976884535,0.));
#6945=DIRECTION('center_axis',(-0.0167266527447341,-0.99986009975794,0.));
#6946=DIRECTION('ref_axis',(-0.99986009975794,0.0167266527447341,0.));
#6947=DIRECTION('',(-0.99986009975794,0.0167266527447341,0.));
#6948=DIRECTION('',(0.,0.,-1.));
#6949=DIRECTION('',(-0.99986009975794,0.0167266527447341,0.));
#6950=DIRECTION('center_axis',(0.99986009975794,-0.0167266527447355,0.));
#6951=DIRECTION('ref_axis',(-0.0167266527447355,-0.99986009975794,0.));
#6952=DIRECTION('',(-0.0167266527447355,-0.99986009975794,0.));
#6953=DIRECTION('',(0.,0.,-1.));
#6954=DIRECTION('',(-0.0167266527447355,-0.99986009975794,0.));
#6955=DIRECTION('center_axis',(0.0167266527447341,0.99986009975794,0.));
#6956=DIRECTION('ref_axis',(0.99986009975794,-0.0167266527447341,0.));
#6957=DIRECTION('',(0.99986009975794,-0.0167266527447341,0.));
#6958=DIRECTION('',(0.,0.,-1.));
#6959=DIRECTION('',(0.99986009975794,-0.0167266527447341,0.));
#6960=DIRECTION('center_axis',(-0.99986009975794,0.0167266527447343,0.));
#6961=DIRECTION('ref_axis',(0.0167266527447343,0.99986009975794,0.));
#6962=DIRECTION('',(0.0167266527447343,0.99986009975794,0.));
#6963=DIRECTION('',(0.,0.,-1.));
#6964=DIRECTION('',(0.0167266527447343,0.99986009975794,0.));
#6965=DIRECTION('center_axis',(0.835995363039409,0.548736505963114,0.));
#6966=DIRECTION('ref_axis',(0.548736505963114,-0.835995363039409,0.));
#6967=DIRECTION('',(0.548736505963114,-0.835995363039409,0.));
#6968=DIRECTION('',(0.,0.,-1.));
#6969=DIRECTION('',(0.548736505963114,-0.835995363039409,0.));
#6970=DIRECTION('center_axis',(0.0167266527447332,0.99986009975794,0.));
#6971=DIRECTION('ref_axis',(0.99986009975794,-0.0167266527447332,0.));
#6972=DIRECTION('',(0.99986009975794,-0.0167266527447332,0.));
#6973=DIRECTION('',(0.,0.,-1.));
#6974=DIRECTION('',(0.99986009975794,-0.0167266527447332,0.));
#6975=DIRECTION('center_axis',(-0.99986009975794,0.0167266527447355,0.));
#6976=DIRECTION('ref_axis',(0.0167266527447355,0.99986009975794,0.));
#6977=DIRECTION('',(0.0167266527447355,0.99986009975794,0.));
#6978=DIRECTION('',(0.0167266527447355,0.99986009975794,0.));
#6979=DIRECTION('center_axis',(0.,0.,-1.));
#6980=DIRECTION('ref_axis',(-1.,0.,0.));
#6981=DIRECTION('',(0.,0.,-1.));
#6982=DIRECTION('',(0.,0.,-1.));
#6983=DIRECTION('',(0.,0.,-1.));
#6984=DIRECTION('',(0.,0.,-1.));
#6985=DIRECTION('center_axis',(-0.016726652744721,-0.99986009975794,0.));
#6986=DIRECTION('ref_axis',(-0.99986009975794,0.016726652744721,0.));
#6987=DIRECTION('',(-0.99986009975794,0.016726652744721,0.));
#6988=DIRECTION('',(0.,0.,-1.));
#6989=DIRECTION('',(-0.99986009975794,0.016726652744721,0.));
#6990=DIRECTION('',(0.,0.,-1.));
#6991=DIRECTION('',(0.,0.,-1.));
#6992=DIRECTION('',(0.,0.,-1.));
#6993=DIRECTION('',(0.,0.,-1.));
#6994=DIRECTION('center_axis',(0.016726652744721,0.99986009975794,0.));
#6995=DIRECTION('ref_axis',(0.99986009975794,-0.016726652744721,0.));
#6996=DIRECTION('',(0.99986009975794,-0.016726652744721,0.));
#6997=DIRECTION('',(0.99986009975794,-0.016726652744721,0.));
#6998=DIRECTION('center_axis',(0.,0.,1.));
#6999=DIRECTION('ref_axis',(-1.,0.,0.));
#7000=DIRECTION('center_axis',(-0.0167266527447237,-0.99986009975794,0.));
#7001=DIRECTION('ref_axis',(-0.99986009975794,0.0167266527447237,0.));
#7002=DIRECTION('',(-0.99986009975794,0.0167266527447237,0.));
#7003=DIRECTION('',(0.,0.,-1.));
#7004=DIRECTION('',(-0.99986009975794,0.0167266527447237,0.));
#7005=DIRECTION('',(0.,0.,-1.));
#7006=DIRECTION('',(0.,0.,-1.));
#7007=DIRECTION('',(0.,0.,-1.));
#7008=DIRECTION('',(0.,0.,-1.));
#7009=DIRECTION('',(0.,0.,-1.));
#7010=DIRECTION('',(0.,0.,-1.));
#7011=DIRECTION('center_axis',(0.0167266527447198,0.99986009975794,0.));
#7012=DIRECTION('ref_axis',(0.99986009975794,-0.0167266527447198,0.));
#7013=DIRECTION('',(0.99986009975794,-0.0167266527447198,0.));
#7014=DIRECTION('',(0.,0.,-1.));
#7015=DIRECTION('',(0.99986009975794,-0.0167266527447198,0.));
#7016=DIRECTION('center_axis',(0.99986009975794,-0.0167266527447355,0.));
#7017=DIRECTION('ref_axis',(-0.0167266527447355,-0.99986009975794,0.));
#7018=DIRECTION('',(-0.0167266527447355,-0.99986009975794,0.));
#7019=DIRECTION('',(-0.0167266527447355,-0.99986009975794,0.));
#7020=DIRECTION('center_axis',(0.99986009975794,-0.0167266527447398,0.));
#7021=DIRECTION('ref_axis',(-0.0167266527447398,-0.999860099757939,0.));
#7022=DIRECTION('',(-0.0167266527447398,-0.999860099757939,0.));
#7023=DIRECTION('',(0.,0.,-1.));
#7024=DIRECTION('',(-0.0167266527447398,-0.999860099757939,0.));
#7025=DIRECTION('',(0.,0.,-1.));
#7026=DIRECTION('center_axis',(-0.0167266527447119,-0.99986009975794,0.));
#7027=DIRECTION('ref_axis',(-0.99986009975794,0.0167266527447119,0.));
#7028=DIRECTION('',(-0.99986009975794,0.0167266527447119,0.));
#7029=DIRECTION('',(0.,0.,-1.));
#7030=DIRECTION('',(-0.99986009975794,0.0167266527447119,0.));
#7031=DIRECTION('',(0.,0.,-1.));
#7032=DIRECTION('',(0.,0.,-1.));
#7033=DIRECTION('center_axis',(-0.887554223129711,-0.460703267846686,0.));
#7034=DIRECTION('ref_axis',(-0.460703267846686,0.887554223129711,0.));
#7035=DIRECTION('',(-0.460703267846686,0.887554223129711,0.));
#7036=DIRECTION('',(0.,0.,-1.));
#7037=DIRECTION('',(-0.460703267846686,0.887554223129711,0.));
#7038=DIRECTION('center_axis',(-0.0167266527447327,-0.99986009975794,0.));
#7039=DIRECTION('ref_axis',(-0.99986009975794,0.0167266527447327,0.));
#7040=DIRECTION('',(-0.99986009975794,0.0167266527447327,0.));
#7041=DIRECTION('',(0.,0.,-1.));
#7042=DIRECTION('',(-0.99986009975794,0.0167266527447327,0.));
#7043=DIRECTION('center_axis',(0.896065056655948,0.443922757064979,0.));
#7044=DIRECTION('ref_axis',(0.443922757064979,-0.896065056655948,0.));
#7045=DIRECTION('',(0.443922757064979,-0.896065056655948,0.));
#7046=DIRECTION('',(0.,0.,-1.));
#7047=DIRECTION('',(0.443922757064979,-0.896065056655948,0.));
#7048=DIRECTION('',(0.,0.,-1.));
#7049=DIRECTION('',(0.,0.,-1.));
#7050=DIRECTION('',(0.,0.,-1.));
#7051=DIRECTION('',(0.,0.,-1.));
#7052=DIRECTION('',(0.,0.,-1.));
#7053=DIRECTION('',(0.,0.,-1.));
#7054=DIRECTION('',(0.,0.,-1.));
#7055=DIRECTION('',(0.,0.,-1.));
#7056=DIRECTION('',(0.,0.,-1.));
#7057=DIRECTION('center_axis',(0.0167266527447308,0.99986009975794,0.));
#7058=DIRECTION('ref_axis',(0.99986009975794,-0.0167266527447308,0.));
#7059=DIRECTION('',(0.99986009975794,-0.0167266527447308,0.));
#7060=DIRECTION('',(0.,0.,-1.));
#7061=DIRECTION('',(0.99986009975794,-0.0167266527447308,0.));
#7062=DIRECTION('center_axis',(-0.99986009975794,0.0167266527447355,0.));
#7063=DIRECTION('ref_axis',(0.0167266527447355,0.99986009975794,0.));
#7064=DIRECTION('',(0.0167266527447355,0.99986009975794,0.));
#7065=DIRECTION('',(0.,0.,-1.));
#7066=DIRECTION('',(0.0167266527447355,0.99986009975794,0.));
#7067=DIRECTION('center_axis',(-0.0167266527447299,-0.99986009975794,0.));
#7068=DIRECTION('ref_axis',(-0.99986009975794,0.0167266527447299,0.));
#7069=DIRECTION('',(-0.99986009975794,0.0167266527447299,0.));
#7070=DIRECTION('',(-0.99986009975794,0.0167266527447299,0.));
#7071=DIRECTION('center_axis',(0.,0.,1.));
#7072=DIRECTION('ref_axis',(-1.,0.,0.));
#7073=DIRECTION('',(0.,0.,-1.));
#7074=DIRECTION('',(0.,0.,-1.));
#7075=DIRECTION('',(0.,0.,-1.));
#7076=DIRECTION('',(0.,0.,-1.));
#7077=DIRECTION('center_axis',(-0.0167266527447381,-0.99986009975794,0.));
#7078=DIRECTION('ref_axis',(-0.99986009975794,0.0167266527447381,0.));
#7079=DIRECTION('',(-0.99986009975794,0.0167266527447381,0.));
#7080=DIRECTION('',(0.,0.,-1.));
#7081=DIRECTION('',(-0.99986009975794,0.0167266527447381,0.));
#7082=DIRECTION('',(0.,0.,-1.));
#7083=DIRECTION('',(0.,0.,-1.));
#7084=DIRECTION('',(0.,0.,-1.));
#7085=DIRECTION('',(0.,0.,-1.));
#7086=DIRECTION('center_axis',(0.0167266527447381,0.99986009975794,0.));
#7087=DIRECTION('ref_axis',(0.99986009975794,-0.0167266527447381,0.));
#7088=DIRECTION('',(0.99986009975794,-0.0167266527447381,0.));
#7089=DIRECTION('',(0.99986009975794,-0.0167266527447381,0.));
#7090=DIRECTION('center_axis',(0.,0.,1.));
#7091=DIRECTION('ref_axis',(-1.,0.,0.));
#7092=DIRECTION('',(0.,0.,-1.));
#7093=DIRECTION('',(0.,0.,-1.));
#7094=DIRECTION('',(0.,0.,-1.));
#7095=DIRECTION('',(0.,0.,-1.));
#7096=DIRECTION('center_axis',(-0.0167266527447297,-0.99986009975794,0.));
#7097=DIRECTION('ref_axis',(-0.99986009975794,0.0167266527447297,0.));
#7098=DIRECTION('',(-0.99986009975794,0.0167266527447297,0.));
#7099=DIRECTION('',(0.,0.,-1.));
#7100=DIRECTION('',(-0.99986009975794,0.0167266527447297,0.));
#7101=DIRECTION('',(0.,0.,-1.));
#7102=DIRECTION('',(0.,0.,-1.));
#7103=DIRECTION('',(0.,0.,-1.));
#7104=DIRECTION('',(0.,0.,-1.));
#7105=DIRECTION('center_axis',(0.0167266527447297,0.99986009975794,0.));
#7106=DIRECTION('ref_axis',(0.99986009975794,-0.0167266527447297,0.));
#7107=DIRECTION('',(0.99986009975794,-0.0167266527447297,0.));
#7108=DIRECTION('',(0.99986009975794,-0.0167266527447297,0.));
#7109=DIRECTION('center_axis',(0.,0.,1.));
#7110=DIRECTION('ref_axis',(-1.,0.,0.));
#7111=DIRECTION('center_axis',(-0.0167266527447314,-0.99986009975794,0.));
#7112=DIRECTION('ref_axis',(-0.99986009975794,0.0167266527447314,0.));
#7113=DIRECTION('',(-0.99986009975794,0.0167266527447314,0.));
#7114=DIRECTION('',(0.,0.,-1.));
#7115=DIRECTION('',(-0.99986009975794,0.0167266527447314,0.));
#7116=DIRECTION('',(0.,0.,-1.));
#7117=DIRECTION('center_axis',(0.99986009975794,-0.0167266527447277,0.));
#7118=DIRECTION('ref_axis',(-0.0167266527447277,-0.99986009975794,0.));
#7119=DIRECTION('',(-0.0167266527447277,-0.99986009975794,0.));
#7120=DIRECTION('',(0.,0.,-1.));
#7121=DIRECTION('',(-0.0167266527447277,-0.99986009975794,0.));
#7122=DIRECTION('center_axis',(0.0167266527447317,0.99986009975794,0.));
#7123=DIRECTION('ref_axis',(0.99986009975794,-0.0167266527447317,0.));
#7124=DIRECTION('',(0.99986009975794,-0.0167266527447317,0.));
#7125=DIRECTION('',(0.,0.,-1.));
#7126=DIRECTION('',(0.99986009975794,-0.0167266527447317,0.));
#7127=DIRECTION('center_axis',(0.99986009975794,-0.0167266527447348,0.));
#7128=DIRECTION('ref_axis',(-0.0167266527447348,-0.99986009975794,0.));
#7129=DIRECTION('',(-0.0167266527447348,-0.99986009975794,0.));
#7130=DIRECTION('',(0.,0.,-1.));
#7131=DIRECTION('',(-0.0167266527447348,-0.99986009975794,0.));
#7132=DIRECTION('center_axis',(-0.0167266527447291,-0.99986009975794,0.));
#7133=DIRECTION('ref_axis',(-0.99986009975794,0.0167266527447291,0.));
#7134=DIRECTION('',(-0.99986009975794,0.0167266527447291,0.));
#7135=DIRECTION('',(0.,0.,-1.));
#7136=DIRECTION('',(-0.99986009975794,0.0167266527447291,0.));
#7137=DIRECTION('center_axis',(0.99986009975794,-0.0167266527447265,0.));
#7138=DIRECTION('ref_axis',(-0.0167266527447265,-0.99986009975794,0.));
#7139=DIRECTION('',(-0.0167266527447265,-0.99986009975794,0.));
#7140=DIRECTION('',(0.,0.,-1.));
#7141=DIRECTION('',(-0.0167266527447265,-0.99986009975794,0.));
#7142=DIRECTION('center_axis',(0.0167266527447291,0.99986009975794,0.));
#7143=DIRECTION('ref_axis',(0.99986009975794,-0.0167266527447291,0.));
#7144=DIRECTION('',(0.99986009975794,-0.0167266527447291,0.));
#7145=DIRECTION('',(0.,0.,-1.));
#7146=DIRECTION('',(0.99986009975794,-0.0167266527447291,0.));
#7147=DIRECTION('center_axis',(0.99986009975794,-0.0167266527447331,0.));
#7148=DIRECTION('ref_axis',(-0.0167266527447331,-0.99986009975794,0.));
#7149=DIRECTION('',(-0.0167266527447331,-0.99986009975794,0.));
#7150=DIRECTION('',(0.,0.,-1.));
#7151=DIRECTION('',(-0.0167266527447331,-0.99986009975794,0.));
#7152=DIRECTION('center_axis',(-0.0167266527447364,-0.99986009975794,0.));
#7153=DIRECTION('ref_axis',(-0.99986009975794,0.0167266527447364,0.));
#7154=DIRECTION('',(-0.99986009975794,0.0167266527447364,0.));
#7155=DIRECTION('',(0.,0.,-1.));
#7156=DIRECTION('',(-0.99986009975794,0.0167266527447364,0.));
#7157=DIRECTION('center_axis',(0.99986009975794,-0.0167266527447342,0.));
#7158=DIRECTION('ref_axis',(-0.0167266527447342,-0.99986009975794,0.));
#7159=DIRECTION('',(-0.0167266527447342,-0.99986009975794,0.));
#7160=DIRECTION('',(0.,0.,-1.));
#7161=DIRECTION('',(-0.0167266527447342,-0.99986009975794,0.));
#7162=DIRECTION('center_axis',(0.0167266527447343,0.99986009975794,0.));
#7163=DIRECTION('ref_axis',(0.99986009975794,-0.0167266527447343,0.));
#7164=DIRECTION('',(0.99986009975794,-0.0167266527447343,0.));
#7165=DIRECTION('',(0.,0.,-1.));
#7166=DIRECTION('',(0.99986009975794,-0.0167266527447343,0.));
#7167=DIRECTION('center_axis',(-0.99986009975794,0.0167266527447355,0.));
#7168=DIRECTION('ref_axis',(0.0167266527447355,0.99986009975794,0.));
#7169=DIRECTION('',(0.0167266527447355,0.99986009975794,0.));
#7170=DIRECTION('',(0.0167266527447355,0.99986009975794,0.));
#7171=DIRECTION('center_axis',(0.,0.,-1.));
#7172=DIRECTION('ref_axis',(-1.,0.,0.));
#7173=DIRECTION('center_axis',(-0.0167266527447314,-0.99986009975794,0.));
#7174=DIRECTION('ref_axis',(-0.99986009975794,0.0167266527447314,0.));
#7175=DIRECTION('',(-0.99986009975794,0.0167266527447314,0.));
#7176=DIRECTION('',(0.,0.,-1.));
#7177=DIRECTION('',(-0.99986009975794,0.0167266527447314,0.));
#7178=DIRECTION('',(0.,0.,-1.));
#7179=DIRECTION('center_axis',(0.99986009975794,-0.0167266527447277,0.));
#7180=DIRECTION('ref_axis',(-0.0167266527447277,-0.99986009975794,0.));
#7181=DIRECTION('',(-0.0167266527447277,-0.99986009975794,0.));
#7182=DIRECTION('',(0.,0.,-1.));
#7183=DIRECTION('',(-0.0167266527447277,-0.99986009975794,0.));
#7184=DIRECTION('center_axis',(0.0167266527447317,0.99986009975794,0.));
#7185=DIRECTION('ref_axis',(0.99986009975794,-0.0167266527447317,0.));
#7186=DIRECTION('',(0.99986009975794,-0.0167266527447317,0.));
#7187=DIRECTION('',(0.,0.,-1.));
#7188=DIRECTION('',(0.99986009975794,-0.0167266527447317,0.));
#7189=DIRECTION('center_axis',(0.99986009975794,-0.0167266527447348,0.));
#7190=DIRECTION('ref_axis',(-0.0167266527447348,-0.99986009975794,0.));
#7191=DIRECTION('',(-0.0167266527447348,-0.99986009975794,0.));
#7192=DIRECTION('',(0.,0.,-1.));
#7193=DIRECTION('',(-0.0167266527447348,-0.99986009975794,0.));
#7194=DIRECTION('center_axis',(-0.0167266527447291,-0.99986009975794,0.));
#7195=DIRECTION('ref_axis',(-0.99986009975794,0.0167266527447291,0.));
#7196=DIRECTION('',(-0.99986009975794,0.0167266527447291,0.));
#7197=DIRECTION('',(0.,0.,-1.));
#7198=DIRECTION('',(-0.99986009975794,0.0167266527447291,0.));
#7199=DIRECTION('center_axis',(0.99986009975794,-0.0167266527447265,0.));
#7200=DIRECTION('ref_axis',(-0.0167266527447265,-0.99986009975794,0.));
#7201=DIRECTION('',(-0.0167266527447265,-0.99986009975794,0.));
#7202=DIRECTION('',(0.,0.,-1.));
#7203=DIRECTION('',(-0.0167266527447265,-0.99986009975794,0.));
#7204=DIRECTION('center_axis',(0.0167266527447291,0.99986009975794,0.));
#7205=DIRECTION('ref_axis',(0.99986009975794,-0.0167266527447291,0.));
#7206=DIRECTION('',(0.99986009975794,-0.0167266527447291,0.));
#7207=DIRECTION('',(0.,0.,-1.));
#7208=DIRECTION('',(0.99986009975794,-0.0167266527447291,0.));
#7209=DIRECTION('center_axis',(0.99986009975794,-0.0167266527447331,0.));
#7210=DIRECTION('ref_axis',(-0.0167266527447331,-0.99986009975794,0.));
#7211=DIRECTION('',(-0.0167266527447331,-0.99986009975794,0.));
#7212=DIRECTION('',(0.,0.,-1.));
#7213=DIRECTION('',(-0.0167266527447331,-0.99986009975794,0.));
#7214=DIRECTION('center_axis',(-0.0167266527447364,-0.99986009975794,0.));
#7215=DIRECTION('ref_axis',(-0.99986009975794,0.0167266527447364,0.));
#7216=DIRECTION('',(-0.99986009975794,0.0167266527447364,0.));
#7217=DIRECTION('',(0.,0.,-1.));
#7218=DIRECTION('',(-0.99986009975794,0.0167266527447364,0.));
#7219=DIRECTION('center_axis',(0.99986009975794,-0.0167266527447342,0.));
#7220=DIRECTION('ref_axis',(-0.0167266527447342,-0.99986009975794,0.));
#7221=DIRECTION('',(-0.0167266527447342,-0.99986009975794,0.));
#7222=DIRECTION('',(0.,0.,-1.));
#7223=DIRECTION('',(-0.0167266527447342,-0.99986009975794,0.));
#7224=DIRECTION('center_axis',(0.0167266527447343,0.99986009975794,0.));
#7225=DIRECTION('ref_axis',(0.99986009975794,-0.0167266527447343,0.));
#7226=DIRECTION('',(0.99986009975794,-0.0167266527447343,0.));
#7227=DIRECTION('',(0.,0.,-1.));
#7228=DIRECTION('',(0.99986009975794,-0.0167266527447343,0.));
#7229=DIRECTION('center_axis',(-0.99986009975794,0.0167266527447355,0.));
#7230=DIRECTION('ref_axis',(0.0167266527447355,0.99986009975794,0.));
#7231=DIRECTION('',(0.0167266527447355,0.99986009975794,0.));
#7232=DIRECTION('',(0.0167266527447355,0.99986009975794,0.));
#7233=DIRECTION('center_axis',(0.,0.,-1.));
#7234=DIRECTION('ref_axis',(-1.,0.,0.));
#7235=DIRECTION('center_axis',(-0.0167266527447271,-0.99986009975794,0.));
#7236=DIRECTION('ref_axis',(-0.99986009975794,0.0167266527447271,0.));
#7237=DIRECTION('',(-0.99986009975794,0.0167266527447271,0.));
#7238=DIRECTION('',(0.,0.,-1.));
#7239=DIRECTION('',(-0.99986009975794,0.0167266527447271,0.));
#7240=DIRECTION('',(0.,0.,-1.));
#7241=DIRECTION('center_axis',(0.99986009975794,-0.0167266527447305,0.));
#7242=DIRECTION('ref_axis',(-0.0167266527447305,-0.99986009975794,0.));
#7243=DIRECTION('',(-0.0167266527447305,-0.99986009975794,0.));
#7244=DIRECTION('',(0.,0.,-1.));
#7245=DIRECTION('',(-0.0167266527447305,-0.99986009975794,0.));
#7246=DIRECTION('center_axis',(-0.0167266527447325,-0.99986009975794,0.));
#7247=DIRECTION('ref_axis',(-0.99986009975794,0.0167266527447325,0.));
#7248=DIRECTION('',(-0.99986009975794,0.0167266527447325,0.));
#7249=DIRECTION('',(0.,0.,-1.));
#7250=DIRECTION('',(-0.99986009975794,0.0167266527447325,0.));
#7251=DIRECTION('center_axis',(-0.99986009975794,0.0167266527447305,0.));
#7252=DIRECTION('ref_axis',(0.0167266527447305,0.99986009975794,0.));
#7253=DIRECTION('',(0.0167266527447305,0.99986009975794,0.));
#7254=DIRECTION('',(0.,0.,-1.));
#7255=DIRECTION('',(0.0167266527447305,0.99986009975794,0.));
#7256=DIRECTION('center_axis',(-0.0167266527447299,-0.99986009975794,0.));
#7257=DIRECTION('ref_axis',(-0.99986009975794,0.0167266527447299,0.));
#7258=DIRECTION('',(-0.99986009975794,0.0167266527447299,0.));
#7259=DIRECTION('',(0.,0.,-1.));
#7260=DIRECTION('',(-0.99986009975794,0.0167266527447299,0.));
#7261=DIRECTION('center_axis',(0.99986009975794,-0.0167266527447355,0.));
#7262=DIRECTION('ref_axis',(-0.0167266527447355,-0.99986009975794,0.));
#7263=DIRECTION('',(-0.0167266527447355,-0.99986009975794,0.));
#7264=DIRECTION('',(0.,0.,-1.));
#7265=DIRECTION('',(-0.0167266527447355,-0.99986009975794,0.));
#7266=DIRECTION('center_axis',(0.0167266527447299,0.99986009975794,0.));
#7267=DIRECTION('ref_axis',(0.99986009975794,-0.0167266527447299,0.));
#7268=DIRECTION('',(0.99986009975794,-0.0167266527447299,0.));
#7269=DIRECTION('',(0.,0.,-1.));
#7270=DIRECTION('',(0.99986009975794,-0.0167266527447299,0.));
#7271=DIRECTION('center_axis',(-0.99986009975794,0.0167266527447334,0.));
#7272=DIRECTION('ref_axis',(0.0167266527447334,0.99986009975794,0.));
#7273=DIRECTION('',(0.0167266527447334,0.99986009975794,0.));
#7274=DIRECTION('',(0.,0.,-1.));
#7275=DIRECTION('',(0.0167266527447334,0.99986009975794,0.));
#7276=DIRECTION('center_axis',(0.0167266527447325,0.99986009975794,0.));
#7277=DIRECTION('ref_axis',(0.99986009975794,-0.0167266527447325,0.));
#7278=DIRECTION('',(0.99986009975794,-0.0167266527447325,0.));
#7279=DIRECTION('',(0.,0.,-1.));
#7280=DIRECTION('',(0.99986009975794,-0.0167266527447325,0.));
#7281=DIRECTION('center_axis',(0.99986009975794,-0.0167266527447334,0.));
#7282=DIRECTION('ref_axis',(-0.0167266527447334,-0.99986009975794,0.));
#7283=DIRECTION('',(-0.0167266527447334,-0.99986009975794,0.));
#7284=DIRECTION('',(0.,0.,-1.));
#7285=DIRECTION('',(-0.0167266527447334,-0.99986009975794,0.));
#7286=DIRECTION('center_axis',(0.0167266527447271,0.99986009975794,0.));
#7287=DIRECTION('ref_axis',(0.99986009975794,-0.0167266527447271,0.));
#7288=DIRECTION('',(0.99986009975794,-0.0167266527447271,0.));
#7289=DIRECTION('',(0.,0.,-1.));
#7290=DIRECTION('',(0.99986009975794,-0.0167266527447271,0.));
#7291=DIRECTION('center_axis',(-0.99986009975794,0.0167266527447355,0.));
#7292=DIRECTION('ref_axis',(0.0167266527447355,0.99986009975794,0.));
#7293=DIRECTION('',(0.0167266527447355,0.99986009975794,0.));
#7294=DIRECTION('',(0.0167266527447355,0.99986009975794,0.));
#7295=DIRECTION('center_axis',(0.,0.,-1.));
#7296=DIRECTION('ref_axis',(-1.,0.,0.));
#7297=DIRECTION('center_axis',(0.951811817586197,-0.306682676235976,0.));
#7298=DIRECTION('ref_axis',(-0.306682676235976,-0.951811817586197,0.));
#7299=DIRECTION('',(-0.306682676235976,-0.951811817586197,0.));
#7300=DIRECTION('',(0.,0.,-1.));
#7301=DIRECTION('',(-0.306682676235976,-0.951811817586197,0.));
#7302=DIRECTION('',(0.,0.,-1.));
#7303=DIRECTION('center_axis',(-0.960728613204521,-0.277489696691818,0.));
#7304=DIRECTION('ref_axis',(-0.277489696691818,0.960728613204521,0.));
#7305=DIRECTION('',(-0.277489696691818,0.960728613204521,0.));
#7306=DIRECTION('',(0.,0.,-1.));
#7307=DIRECTION('',(-0.277489696691818,0.960728613204521,0.));
#7308=DIRECTION('center_axis',(0.0167266527447415,0.99986009975794,0.));
#7309=DIRECTION('ref_axis',(0.999860099757939,-0.0167266527447415,0.));
#7310=DIRECTION('',(0.999860099757939,-0.0167266527447415,0.));
#7311=DIRECTION('',(0.999860099757939,-0.0167266527447415,0.));
#7312=DIRECTION('center_axis',(-0.0167266527447312,-0.99986009975794,0.));
#7313=DIRECTION('ref_axis',(-0.99986009975794,0.0167266527447312,0.));
#7314=DIRECTION('',(-0.99986009975794,0.0167266527447312,0.));
#7315=DIRECTION('',(0.,0.,-1.));
#7316=DIRECTION('',(-0.99986009975794,0.0167266527447312,0.));
#7317=DIRECTION('',(0.,0.,-1.));
#7318=DIRECTION('center_axis',(0.941845494738263,0.336046223072417,0.));
#7319=DIRECTION('ref_axis',(0.336046223072417,-0.941845494738263,0.));
#7320=DIRECTION('',(0.336046223072417,-0.941845494738263,0.));
#7321=DIRECTION('',(0.,0.,-1.));
#7322=DIRECTION('',(0.336046223072417,-0.941845494738263,0.));
#7323=DIRECTION('center_axis',(0.0167266527447294,0.99986009975794,0.));
#7324=DIRECTION('ref_axis',(0.99986009975794,-0.0167266527447294,0.));
#7325=DIRECTION('',(0.99986009975794,-0.0167266527447294,0.));
#7326=DIRECTION('',(0.,0.,-1.));
#7327=DIRECTION('',(0.99986009975794,-0.0167266527447294,0.));
#7328=DIRECTION('center_axis',(-0.930050702232677,0.367431206182197,0.));
#7329=DIRECTION('ref_axis',(0.367431206182197,0.930050702232677,0.));
#7330=DIRECTION('',(0.367431206182197,0.930050702232677,0.));
#7331=DIRECTION('',(0.,0.,-1.));
#7332=DIRECTION('',(0.367431206182197,0.930050702232677,0.));
#7333=DIRECTION('center_axis',(-0.0167266527447366,-0.99986009975794,0.));
#7334=DIRECTION('ref_axis',(-0.99986009975794,0.0167266527447366,0.));
#7335=DIRECTION('',(-0.99986009975794,0.0167266527447366,0.));
#7336=DIRECTION('',(0.,0.,-1.));
#7337=DIRECTION('',(-0.99986009975794,0.0167266527447366,0.));
#7338=DIRECTION('center_axis',(0.954197664441728,-0.299176899465771,0.));
#7339=DIRECTION('ref_axis',(-0.299176899465771,-0.954197664441727,0.));
#7340=DIRECTION('',(-0.299176899465771,-0.954197664441727,0.));
#7341=DIRECTION('',(0.,0.,-1.));
#7342=DIRECTION('',(-0.299176899465771,-0.954197664441727,0.));
#7343=DIRECTION('center_axis',(-0.0167266527447367,-0.99986009975794,0.));
#7344=DIRECTION('ref_axis',(-0.99986009975794,0.0167266527447367,0.));
#7345=DIRECTION('',(-0.99986009975794,0.0167266527447367,0.));
#7346=DIRECTION('',(0.,0.,-1.));
#7347=DIRECTION('',(-0.99986009975794,0.0167266527447367,0.));
#7348=DIRECTION('center_axis',(-0.961730263412308,-0.273997993490632,0.));
#7349=DIRECTION('ref_axis',(-0.273997993490632,0.961730263412308,0.));
#7350=DIRECTION('',(-0.273997993490632,0.961730263412308,0.));
#7351=DIRECTION('',(-0.273997993490632,0.961730263412308,0.));
#7352=DIRECTION('center_axis',(0.,0.,-1.));
#7353=DIRECTION('ref_axis',(-1.,0.,0.));
#7354=DIRECTION('',(0.,0.,-1.));
#7355=DIRECTION('',(0.,0.,-1.));
#7356=DIRECTION('',(0.,0.,-1.));
#7357=DIRECTION('',(0.,0.,-1.));
#7358=DIRECTION('',(0.,0.,-1.));
#7359=DIRECTION('',(0.,0.,-1.));
#7360=DIRECTION('',(0.,0.,-1.));
#7361=DIRECTION('',(0.,0.,-1.));
#7362=DIRECTION('',(0.,0.,-1.));
#7363=DIRECTION('',(0.,0.,-1.));
#7364=DIRECTION('',(0.,0.,-1.));
#7365=DIRECTION('',(0.,0.,-1.));
#7366=DIRECTION('',(0.,0.,-1.));
#7367=DIRECTION('',(0.,0.,-1.));
#7368=DIRECTION('center_axis',(0.0417416355133931,-0.99912843812228,0.));
#7369=DIRECTION('ref_axis',(-0.99912843812228,-0.0417416355133931,0.));
#7370=DIRECTION('',(-0.99912843812228,-0.0417416355133931,0.));
#7371=DIRECTION('',(0.,0.,-1.));
#7372=DIRECTION('',(-0.99912843812228,-0.0417416355133931,0.));
#7373=DIRECTION('',(0.,0.,-1.));
#7374=DIRECTION('',(0.,0.,-1.));
#7375=DIRECTION('',(0.,0.,-1.));
#7376=DIRECTION('',(0.,0.,-1.));
#7377=DIRECTION('',(0.,0.,-1.));
#7378=DIRECTION('',(0.,0.,-1.));
#7379=DIRECTION('',(0.,0.,-1.));
#7380=DIRECTION('',(0.,0.,-1.));
#7381=DIRECTION('',(0.,0.,-1.));
#7382=DIRECTION('',(0.,0.,-1.));
#7383=DIRECTION('',(0.,0.,-1.));
#7384=DIRECTION('',(0.,0.,-1.));
#7385=DIRECTION('',(0.,0.,-1.));
#7386=DIRECTION('center_axis',(-0.0458200256002375,0.998949711073582,0.));
#7387=DIRECTION('ref_axis',(0.998949711073582,0.0458200256002375,0.));
#7388=DIRECTION('',(0.998949711073582,0.0458200256002375,0.));
#7389=DIRECTION('',(0.,0.,-1.));
#7390=DIRECTION('',(0.998949711073582,0.0458200256002375,0.));
#7391=DIRECTION('center_axis',(0.,0.,1.));
#7392=DIRECTION('ref_axis',(-1.,0.,0.));
#7393=DIRECTION('center_axis',(0.,0.,1.));
#7394=DIRECTION('ref_axis',(1.,0.,0.));
#7395=DIRECTION('center_axis',(0.,0.,1.));
#7396=DIRECTION('ref_axis',(1.,0.,0.));
#7397=DIRECTION('center_axis',(-1.,0.,0.));
#7398=DIRECTION('ref_axis',(0.,1.,0.));
#7399=DIRECTION('',(0.,-1.,0.));
#7400=DIRECTION('',(0.,0.,-1.));
#7401=DIRECTION('',(0.,1.,0.));
#7402=DIRECTION('',(0.,0.,-1.));
#7403=DIRECTION('center_axis',(0.,-1.,0.));
#7404=DIRECTION('ref_axis',(-1.,0.,0.));
#7405=DIRECTION('',(1.,0.,0.));
#7406=DIRECTION('',(-1.,0.,0.));
#7407=DIRECTION('',(0.,0.,-1.));
#7408=DIRECTION('center_axis',(1.,0.,0.));
#7409=DIRECTION('ref_axis',(0.,-1.,0.));
#7410=DIRECTION('',(0.,1.,0.));
#7411=DIRECTION('',(0.,-1.,0.));
#7412=DIRECTION('',(0.,0.,-1.));
#7413=DIRECTION('center_axis',(0.,1.,0.));
#7414=DIRECTION('ref_axis',(1.,0.,0.));
#7415=DIRECTION('',(-1.,0.,0.));
#7416=DIRECTION('',(1.,0.,0.));
#7417=DIRECTION('center_axis',(-1.,0.,0.));
#7418=DIRECTION('ref_axis',(0.,1.,0.));
#7419=DIRECTION('',(0.,-1.,0.));
#7420=DIRECTION('',(0.,0.,-1.));
#7421=DIRECTION('',(0.,1.,0.));
#7422=DIRECTION('',(0.,0.,-1.));
#7423=DIRECTION('center_axis',(0.,-1.,0.));
#7424=DIRECTION('ref_axis',(-1.,0.,0.));
#7425=DIRECTION('',(1.,0.,0.));
#7426=DIRECTION('',(-1.,0.,0.));
#7427=DIRECTION('',(0.,0.,-1.));
#7428=DIRECTION('center_axis',(1.,0.,0.));
#7429=DIRECTION('ref_axis',(0.,-1.,0.));
#7430=DIRECTION('',(0.,1.,0.));
#7431=DIRECTION('',(0.,-1.,0.));
#7432=DIRECTION('',(0.,0.,-1.));
#7433=DIRECTION('center_axis',(0.,1.,0.));
#7434=DIRECTION('ref_axis',(1.,0.,0.));
#7435=DIRECTION('',(-1.,0.,0.));
#7436=DIRECTION('',(1.,0.,0.));
#7437=DIRECTION('center_axis',(-1.,0.,0.));
#7438=DIRECTION('ref_axis',(0.,1.,0.));
#7439=DIRECTION('',(0.,-1.,0.));
#7440=DIRECTION('',(0.,0.,-1.));
#7441=DIRECTION('',(0.,1.,0.));
#7442=DIRECTION('',(0.,0.,-1.));
#7443=DIRECTION('center_axis',(0.,-1.,0.));
#7444=DIRECTION('ref_axis',(-1.,0.,0.));
#7445=DIRECTION('',(1.,0.,0.));
#7446=DIRECTION('',(-1.,0.,0.));
#7447=DIRECTION('',(0.,0.,-1.));
#7448=DIRECTION('center_axis',(1.,0.,0.));
#7449=DIRECTION('ref_axis',(0.,-1.,0.));
#7450=DIRECTION('',(0.,1.,0.));
#7451=DIRECTION('',(0.,-1.,0.));
#7452=DIRECTION('',(0.,0.,-1.));
#7453=DIRECTION('center_axis',(0.,1.,0.));
#7454=DIRECTION('ref_axis',(1.,0.,0.));
#7455=DIRECTION('',(-1.,0.,0.));
#7456=DIRECTION('',(1.,0.,0.));
#7457=DIRECTION('center_axis',(0.,0.,-1.));
#7458=DIRECTION('ref_axis',(-1.,0.,0.));
#7459=DIRECTION('center_axis',(0.,0.,-1.));
#7460=DIRECTION('ref_axis',(-1.,0.,0.));
#7461=DIRECTION('',(0.,0.,-1.));
#7462=DIRECTION('center_axis',(0.,0.,1.));
#7463=DIRECTION('ref_axis',(-1.,0.,0.));
#7464=DIRECTION('center_axis',(0.,0.,-1.));
#7465=DIRECTION('ref_axis',(-1.,0.,0.));
#7466=DIRECTION('center_axis',(0.,0.,-1.));
#7467=DIRECTION('ref_axis',(-1.,0.,0.));
#7468=DIRECTION('',(0.,0.,-1.));
#7469=DIRECTION('center_axis',(0.,0.,1.));
#7470=DIRECTION('ref_axis',(-1.,0.,0.));
#7471=DIRECTION('center_axis',(0.,0.,-1.));
#7472=DIRECTION('ref_axis',(-1.,0.,0.));
#7473=DIRECTION('center_axis',(0.,0.,-1.));
#7474=DIRECTION('ref_axis',(-1.,0.,0.));
#7475=DIRECTION('',(0.,0.,-1.));
#7476=DIRECTION('center_axis',(0.,0.,1.));
#7477=DIRECTION('ref_axis',(-1.,0.,0.));
#7478=DIRECTION('center_axis',(0.,0.,-1.));
#7479=DIRECTION('ref_axis',(-1.,0.,0.));
#7480=DIRECTION('center_axis',(0.,0.,-1.));
#7481=DIRECTION('ref_axis',(-1.,0.,0.));
#7482=DIRECTION('',(0.,0.,-1.));
#7483=DIRECTION('center_axis',(0.,0.,1.));
#7484=DIRECTION('ref_axis',(-1.,0.,0.));
#7485=DIRECTION('center_axis',(0.,0.,-1.));
#7486=DIRECTION('ref_axis',(-1.,0.,0.));
#7487=DIRECTION('center_axis',(0.,0.,-1.));
#7488=DIRECTION('ref_axis',(-1.,0.,0.));
#7489=DIRECTION('',(0.,0.,-1.));
#7490=DIRECTION('center_axis',(0.,0.,1.));
#7491=DIRECTION('ref_axis',(-1.,0.,0.));
#7492=DIRECTION('center_axis',(0.,0.,-1.));
#7493=DIRECTION('ref_axis',(-1.,0.,0.));
#7494=DIRECTION('center_axis',(0.,0.,-1.));
#7495=DIRECTION('ref_axis',(-1.,0.,0.));
#7496=DIRECTION('',(0.,0.,-1.));
#7497=DIRECTION('center_axis',(0.,0.,1.));
#7498=DIRECTION('ref_axis',(-1.,0.,0.));
#7499=DIRECTION('center_axis',(0.,0.,1.));
#7500=DIRECTION('ref_axis',(1.,0.,0.));
#7501=DIRECTION('center_axis',(-1.,0.,0.));
#7502=DIRECTION('ref_axis',(0.,-1.,0.));
#7503=DIRECTION('center_axis',(0.,0.,1.));
#7504=DIRECTION('ref_axis',(-0.707106781186548,0.707106781186547,0.));
#7505=DIRECTION('center_axis',(0.,1.,0.));
#7506=DIRECTION('ref_axis',(0.,0.,1.));
#7507=DIRECTION('center_axis',(0.,0.,-1.));
#7508=DIRECTION('ref_axis',(-0.707106781186548,0.707106781186547,0.));
#7509=DIRECTION('center_axis',(0.,1.,0.));
#7510=DIRECTION('ref_axis',(0.707106781186554,0.,0.707106781186541));
#7511=DIRECTION('center_axis',(0.,1.,0.));
#7512=DIRECTION('ref_axis',(0.,0.,1.));
#7513=DIRECTION('',(0.,1.,0.));
#7514=DIRECTION('',(0.,-1.,0.));
#7515=DIRECTION('center_axis',(0.,0.,1.));
#7516=DIRECTION('ref_axis',(1.,0.,0.));
#7517=DIRECTION('center_axis',(-1.,0.,0.));
#7518=DIRECTION('ref_axis',(0.,0.,1.));
#7519=DIRECTION('center_axis',(0.,0.,-1.));
#7520=DIRECTION('ref_axis',(-0.707106781186547,-0.707106781186547,0.));
#7521=DIRECTION('center_axis',(0.,0.,1.));
#7522=DIRECTION('ref_axis',(-0.707106781186548,-0.707106781186548,0.));
#7523=DIRECTION('center_axis',(-1.,0.,0.));
#7524=DIRECTION('ref_axis',(0.,0.707106781186554,0.707106781186541));
#7525=DIRECTION('center_axis',(-1.,0.,0.));
#7526=DIRECTION('ref_axis',(0.,0.,1.));
#7527=DIRECTION('',(-1.,0.,0.));
#7528=DIRECTION('',(1.,0.,0.));
#7529=DIRECTION('center_axis',(0.,0.,1.));
#7530=DIRECTION('ref_axis',(1.,0.,0.));
#7531=DIRECTION('center_axis',(0.,-1.,0.));
#7532=DIRECTION('ref_axis',(0.,0.,1.));
#7533=DIRECTION('center_axis',(0.,0.,-1.));
#7534=DIRECTION('ref_axis',(0.707106781186547,-0.707106781186547,0.));
#7535=DIRECTION('center_axis',(0.,0.,1.));
#7536=DIRECTION('ref_axis',(0.707106781186548,-0.707106781186548,0.));
#7537=DIRECTION('center_axis',(0.,-1.,0.));
#7538=DIRECTION('ref_axis',(-0.707106781186529,0.,0.707106781186566));
#7539=DIRECTION('center_axis',(0.,-1.,0.));
#7540=DIRECTION('ref_axis',(0.,0.,1.));
#7541=DIRECTION('',(0.,-1.,0.));
#7542=DIRECTION('',(0.,1.,0.));
#7543=DIRECTION('center_axis',(0.,0.,1.));
#7544=DIRECTION('ref_axis',(1.,0.,0.));
#7545=DIRECTION('center_axis',(1.,0.,0.));
#7546=DIRECTION('ref_axis',(0.,0.,1.));
#7547=DIRECTION('center_axis',(0.,0.,-1.));
#7548=DIRECTION('ref_axis',(0.707106781186547,0.707106781186548,0.));
#7549=DIRECTION('center_axis',(0.,0.,1.));
#7550=DIRECTION('ref_axis',(0.707106781186547,0.707106781186548,0.));
#7551=DIRECTION('center_axis',(1.,0.,0.));
#7552=DIRECTION('ref_axis',(0.,-0.707106781186541,0.707106781186554));
#7553=DIRECTION('',(-1.,0.,0.));
#7554=DIRECTION('',(1.,0.,0.));
#7555=DIRECTION('center_axis',(1.,0.,0.));
#7556=DIRECTION('ref_axis',(0.,-1.,0.));
#7557=DIRECTION('',(0.,0.,1.));
#7558=DIRECTION('',(0.,1.,0.));
#7559=DIRECTION('',(0.,0.,-1.));
#7560=DIRECTION('center_axis',(0.,0.,-1.));
#7561=DIRECTION('ref_axis',(0.707106781186547,0.707106781186547,0.));
#7562=DIRECTION('',(0.,0.,-1.));
#7563=DIRECTION('center_axis',(0.,0.,-1.));
#7564=DIRECTION('ref_axis',(0.707106781186547,0.707106781186547,0.));
#7565=DIRECTION('center_axis',(0.,1.,0.));
#7566=DIRECTION('ref_axis',(1.,0.,0.));
#7567=DIRECTION('',(0.,0.,1.));
#7568=DIRECTION('',(-1.,0.,0.));
#7569=DIRECTION('center_axis',(0.,0.,-1.));
#7570=DIRECTION('ref_axis',(-0.707106781186549,0.707106781186546,0.));
#7571=DIRECTION('',(0.,0.,-1.));
#7572=DIRECTION('center_axis',(0.,0.,-1.));
#7573=DIRECTION('ref_axis',(-0.707106781186549,0.707106781186546,0.));
#7574=DIRECTION('center_axis',(0.,0.,1.));
#7575=DIRECTION('ref_axis',(1.,0.,0.));
#7576=DIRECTION('center_axis',(0.,0.,-1.));
#7577=DIRECTION('ref_axis',(0.707106781186546,0.707106781186549,0.));
#7578=DIRECTION('',(1.,0.,0.));
#7579=DIRECTION('center_axis',(0.,0.,-1.));
#7580=DIRECTION('ref_axis',(-0.672728786360372,0.739889167377183,0.));
#7581=DIRECTION('center_axis',(0.,0.,1.));
#7582=DIRECTION('ref_axis',(0.672728786360372,-0.739889167377183,0.));
#7583=DIRECTION('',(1.,0.,0.));
#7584=DIRECTION('center_axis',(0.,0.,-1.));
#7585=DIRECTION('ref_axis',(-0.707106781186548,0.707106781186548,0.));
#7586=DIRECTION('',(0.,1.,0.));
#7587=DIRECTION('center_axis',(0.,0.,-1.));
#7588=DIRECTION('ref_axis',(-0.707106781186548,-0.707106781186548,0.));
#7589=DIRECTION('',(-1.,0.,0.));
#7590=DIRECTION('center_axis',(0.,0.,1.));
#7591=DIRECTION('ref_axis',(0.707106781186548,0.707106781186548,0.));
#7592=DIRECTION('',(0.,1.,0.));
#7593=DIRECTION('center_axis',(0.,0.,-1.));
#7594=DIRECTION('ref_axis',(-0.707106781186548,-0.707106781186548,0.));
#7595=DIRECTION('',(-1.,0.,0.));
#7596=DIRECTION('center_axis',(0.,0.,1.));
#7597=DIRECTION('ref_axis',(0.707106781186548,0.707106781186548,0.));
#7598=DIRECTION('',(0.,1.,0.));
#7599=DIRECTION('center_axis',(0.,0.,-1.));
#7600=DIRECTION('ref_axis',(-0.702218114241457,-0.711961881023958,0.));
#7601=DIRECTION('',(-0.999905059008888,-0.0137794400623305,0.));
#7602=DIRECTION('center_axis',(0.,0.,-1.));
#7603=DIRECTION('ref_axis',(0.711961881023954,-0.70221811424146,0.));
#7604=DIRECTION('',(0.,-1.,0.));
#7605=DIRECTION('center_axis',(0.,0.,1.));
#7606=DIRECTION('ref_axis',(-0.707106781186548,0.707106781186548,0.));
#7607=DIRECTION('',(-1.,0.,0.));
#7608=DIRECTION('center_axis',(0.,0.,-1.));
#7609=DIRECTION('ref_axis',(0.707106781186548,-0.707106781186548,0.));
#7610=DIRECTION('',(0.,-1.,0.));
#7611=DIRECTION('center_axis',(0.,0.,-1.));
#7612=DIRECTION('ref_axis',(-1.,0.,0.));
#7613=DIRECTION('center_axis',(1.,0.,0.));
#7614=DIRECTION('ref_axis',(0.,1.,0.));
#7615=DIRECTION('center_axis',(0.,1.,0.));
#7616=DIRECTION('ref_axis',(0.,0.,1.));
#7617=DIRECTION('center_axis',(0.,0.,1.));
#7618=DIRECTION('ref_axis',(0.707106781186546,0.707106781186549,0.));
#7619=DIRECTION('center_axis',(0.,1.,0.));
#7620=DIRECTION('ref_axis',(0.707106781186551,0.,0.707106781186544));
#7621=DIRECTION('center_axis',(0.,1.,0.));
#7622=DIRECTION('ref_axis',(0.,0.,1.));
#7623=DIRECTION('',(0.,1.,0.));
#7624=DIRECTION('center_axis',(0.,0.,-1.));
#7625=DIRECTION('ref_axis',(-1.,0.,0.));
#7626=DIRECTION('center_axis',(1.,0.,0.));
#7627=DIRECTION('ref_axis',(0.,0.,1.));
#7628=DIRECTION('center_axis',(0.,0.,1.));
#7629=DIRECTION('ref_axis',(0.707106781186548,-0.707106781186548,0.));
#7630=DIRECTION('center_axis',(1.,0.,0.));
#7631=DIRECTION('ref_axis',(0.,-0.707106781186538,0.707106781186557));
#7632=DIRECTION('center_axis',(1.,0.,0.));
#7633=DIRECTION('ref_axis',(0.,0.,1.));
#7634=DIRECTION('',(1.,0.,0.));
#7635=DIRECTION('center_axis',(0.,0.,1.));
#7636=DIRECTION('ref_axis',(1.,0.,0.));
#7637=DIRECTION('center_axis',(0.,1.,0.));
#7638=DIRECTION('ref_axis',(0.,0.,1.));
#7639=DIRECTION('center_axis',(0.,0.,-1.));
#7640=DIRECTION('ref_axis',(-0.707106781186548,0.707106781186548,0.));
#7641=DIRECTION('center_axis',(0.,1.,0.));
#7642=DIRECTION('ref_axis',(0.707106781186551,0.,0.707106781186544));
#7643=DIRECTION('center_axis',(0.,1.,0.));
#7644=DIRECTION('ref_axis',(0.,0.,1.));
#7645=DIRECTION('',(0.,1.,0.));
#7646=DIRECTION('center_axis',(0.,0.,-1.));
#7647=DIRECTION('ref_axis',(-1.,0.,0.));
#7648=DIRECTION('center_axis',(0.999905059008888,0.0137794400623289,0.));
#7649=DIRECTION('ref_axis',(0.,0.,1.));
#7650=DIRECTION('center_axis',(0.,0.,1.));
#7651=DIRECTION('ref_axis',(0.711961881023955,-0.70221811424146,0.));
#7652=DIRECTION('center_axis',(0.999905059008888,0.0137794400623305,0.));
#7653=DIRECTION('ref_axis',(0.00974353550905157,-0.707039647767925,0.707106781186542));
#7654=DIRECTION('center_axis',(0.999905059008888,0.0137794400623294,0.));
#7655=DIRECTION('ref_axis',(0.,0.,1.));
#7656=DIRECTION('',(0.999905059008888,0.0137794400623305,0.));
#7657=DIRECTION('center_axis',(0.,0.,-1.));
#7658=DIRECTION('ref_axis',(-1.,0.,0.));
#7659=DIRECTION('center_axis',(0.,-1.,0.));
#7660=DIRECTION('ref_axis',(0.,0.,1.));
#7661=DIRECTION('center_axis',(0.,0.,1.));
#7662=DIRECTION('ref_axis',(-0.702218114241457,-0.711961881023957,0.));
#7663=DIRECTION('center_axis',(0.,-1.,0.));
#7664=DIRECTION('ref_axis',(-0.707106781186538,0.,0.707106781186557));
#7665=DIRECTION('center_axis',(0.,-1.,0.));
#7666=DIRECTION('ref_axis',(0.,0.,1.));
#7667=DIRECTION('',(0.,-1.,0.));
#7668=DIRECTION('center_axis',(0.,0.,1.));
#7669=DIRECTION('ref_axis',(1.,0.,0.));
#7670=DIRECTION('center_axis',(1.,0.,0.));
#7671=DIRECTION('ref_axis',(0.,0.,1.));
#7672=DIRECTION('center_axis',(0.,0.,-1.));
#7673=DIRECTION('ref_axis',(0.707106781186547,0.707106781186547,0.));
#7674=DIRECTION('center_axis',(1.,0.,0.));
#7675=DIRECTION('ref_axis',(0.,-0.707106781186538,0.707106781186557));
#7676=DIRECTION('center_axis',(1.,0.,0.));
#7677=DIRECTION('ref_axis',(0.,0.,1.));
#7678=DIRECTION('',(1.,0.,0.));
#7679=DIRECTION('center_axis',(0.,0.,-1.));
#7680=DIRECTION('ref_axis',(-1.,0.,0.));
#7681=DIRECTION('center_axis',(0.,-1.,0.));
#7682=DIRECTION('ref_axis',(0.,0.,1.));
#7683=DIRECTION('center_axis',(0.,0.,1.));
#7684=DIRECTION('ref_axis',(-0.707106781186548,-0.707106781186548,0.));
#7685=DIRECTION('center_axis',(0.,-1.,0.));
#7686=DIRECTION('ref_axis',(-0.707106781186538,0.,0.707106781186557));
#7687=DIRECTION('center_axis',(0.,-1.,0.));
#7688=DIRECTION('ref_axis',(0.,0.,1.));
#7689=DIRECTION('',(0.,-1.,0.));
#7690=DIRECTION('center_axis',(0.,0.,1.));
#7691=DIRECTION('ref_axis',(1.,0.,0.));
#7692=DIRECTION('center_axis',(1.,0.,0.));
#7693=DIRECTION('ref_axis',(0.,0.,1.));
#7694=DIRECTION('center_axis',(0.,0.,-1.));
#7695=DIRECTION('ref_axis',(0.707106781186547,0.707106781186547,0.));
#7696=DIRECTION('center_axis',(1.,0.,0.));
#7697=DIRECTION('ref_axis',(0.,-0.707106781186538,0.707106781186557));
#7698=DIRECTION('center_axis',(1.,0.,0.));
#7699=DIRECTION('ref_axis',(0.,0.,1.));
#7700=DIRECTION('',(1.,0.,0.));
#7701=DIRECTION('center_axis',(0.,0.,-1.));
#7702=DIRECTION('ref_axis',(-1.,0.,0.));
#7703=DIRECTION('center_axis',(0.,-1.,0.));
#7704=DIRECTION('ref_axis',(0.,0.,1.));
#7705=DIRECTION('center_axis',(0.,0.,1.));
#7706=DIRECTION('ref_axis',(-0.707106781186548,-0.707106781186548,0.));
#7707=DIRECTION('center_axis',(0.,-1.,0.));
#7708=DIRECTION('ref_axis',(-0.707106781186538,0.,0.707106781186557));
#7709=DIRECTION('center_axis',(0.,-1.,0.));
#7710=DIRECTION('ref_axis',(0.,0.,1.));
#7711=DIRECTION('',(0.,-1.,0.));
#7712=DIRECTION('center_axis',(0.,0.,-1.));
#7713=DIRECTION('ref_axis',(-1.,0.,0.));
#7714=DIRECTION('center_axis',(-1.,0.,0.));
#7715=DIRECTION('ref_axis',(0.,0.,1.));
#7716=DIRECTION('center_axis',(0.,0.,1.));
#7717=DIRECTION('ref_axis',(-0.707106781186548,0.707106781186548,0.));
#7718=DIRECTION('center_axis',(-1.,0.,0.));
#7719=DIRECTION('ref_axis',(0.,0.707106781186544,0.707106781186551));
#7720=DIRECTION('center_axis',(-1.,0.,0.));
#7721=DIRECTION('ref_axis',(0.,0.,1.));
#7722=DIRECTION('',(-1.,0.,0.));
#7723=DIRECTION('center_axis',(0.,0.,1.));
#7724=DIRECTION('ref_axis',(1.,0.,0.));
#7725=DIRECTION('center_axis',(-0.0948719600042051,-0.995489483221677,0.));
#7726=DIRECTION('ref_axis',(0.,0.,1.));
#7727=DIRECTION('center_axis',(0.,0.,-1.));
#7728=DIRECTION('ref_axis',(0.672728786360371,-0.739889167377183,0.));
#7729=DIRECTION('center_axis',(0.,0.,-1.));
#7730=DIRECTION('ref_axis',(-1.,0.,0.));
#7731=DIRECTION('center_axis',(-1.,0.,0.));
#7732=DIRECTION('ref_axis',(0.,0.,1.));
#7733=DIRECTION('center_axis',(0.,0.,1.));
#7734=DIRECTION('ref_axis',(-0.672728786360372,0.739889167377183,0.));
#7735=DIRECTION('center_axis',(-1.,0.,0.));
#7736=DIRECTION('ref_axis',(0.,0.707106781186544,0.707106781186551));
#7737=DIRECTION('',(-1.,0.,0.));
#7738=DIRECTION('center_axis',(0.,0.,1.));
#7739=DIRECTION('ref_axis',(-0.707106781186546,-0.707106781186549,0.));
#7740=DIRECTION('',(0.,0.,-1.));
#7741=DIRECTION('center_axis',(0.,0.,1.));
#7742=DIRECTION('ref_axis',(-0.707106781186547,-0.707106781186548,0.));
#7743=DIRECTION('',(0.,0.,1.));
#7744=DIRECTION('center_axis',(-1.,0.,0.));
#7745=DIRECTION('ref_axis',(0.,-1.,0.));
#7746=DIRECTION('',(0.,0.,1.));
#7747=DIRECTION('',(0.,1.,0.));
#7748=DIRECTION('center_axis',(0.,0.,1.));
#7749=DIRECTION('ref_axis',(0.707106781186546,0.707106781186549,0.));
#7750=DIRECTION('',(0.,0.,-1.));
#7751=DIRECTION('center_axis',(0.,0.,-1.));
#7752=DIRECTION('ref_axis',(0.707106781186546,0.707106781186549,0.));
#7753=DIRECTION('center_axis',(0.,-1.,0.));
#7754=DIRECTION('ref_axis',(1.,0.,0.));
#7755=DIRECTION('',(0.,0.,1.));
#7756=DIRECTION('',(-1.,0.,0.));
#7757=DIRECTION('center_axis',(0.,0.,1.));
#7758=DIRECTION('ref_axis',(-0.707106781186548,-0.707106781186548,0.));
#7759=DIRECTION('',(0.,0.,-1.));
#7760=DIRECTION('center_axis',(0.,0.,1.));
#7761=DIRECTION('ref_axis',(-0.707106781186545,-0.70710678118655,0.));
#7762=DIRECTION('center_axis',(-1.,0.,0.));
#7763=DIRECTION('ref_axis',(0.,-1.,0.));
#7764=DIRECTION('',(0.,0.,1.));
#7765=DIRECTION('',(0.,1.,0.));
#7766=DIRECTION('center_axis',(0.,0.,1.));
#7767=DIRECTION('ref_axis',(-0.707106781186545,0.70710678118655,0.));
#7768=DIRECTION('',(0.,0.,-1.));
#7769=DIRECTION('center_axis',(0.,0.,1.));
#7770=DIRECTION('ref_axis',(-0.707106781186548,0.707106781186548,0.));
#7771=DIRECTION('center_axis',(0.,1.,0.));
#7772=DIRECTION('ref_axis',(-1.,0.,0.));
#7773=DIRECTION('',(0.,0.,1.));
#7774=DIRECTION('',(1.,0.,0.));
#7775=DIRECTION('',(1.,0.,0.));
#7776=DIRECTION('center_axis',(0.,0.,1.));
#7777=DIRECTION('ref_axis',(0.,1.,0.));
#7778=DIRECTION('',(0.,0.,-1.));
#7779=DIRECTION('center_axis',(0.,0.,-1.));
#7780=DIRECTION('ref_axis',(0.,1.,0.));
#7781=DIRECTION('center_axis',(0.,0.,1.));
#7782=DIRECTION('ref_axis',(-0.707106781186547,0.707106781186548,0.));
#7783=DIRECTION('',(0.,0.,-1.));
#7784=DIRECTION('center_axis',(0.,0.,1.));
#7785=DIRECTION('ref_axis',(-0.707106781186547,0.707106781186548,0.));
#7786=DIRECTION('center_axis',(0.,1.,0.));
#7787=DIRECTION('ref_axis',(-1.,0.,0.));
#7788=DIRECTION('',(0.,0.,1.));
#7789=DIRECTION('',(1.,0.,0.));
#7790=DIRECTION('center_axis',(0.,0.,1.));
#7791=DIRECTION('ref_axis',(0.70710678118655,0.707106781186545,0.));
#7792=DIRECTION('',(0.,0.,-1.));
#7793=DIRECTION('center_axis',(0.,0.,1.));
#7794=DIRECTION('ref_axis',(0.707106781186548,0.707106781186548,0.));
#7795=DIRECTION('center_axis',(0.,0.,-1.));
#7796=DIRECTION('ref_axis',(-0.707106781186547,-0.707106781186547,0.));
#7797=DIRECTION('',(0.,0.,-1.));
#7798=DIRECTION('center_axis',(0.,0.,-1.));
#7799=DIRECTION('ref_axis',(-0.707106781186547,-0.707106781186547,0.));
#7800=DIRECTION('',(0.,0.,1.));
#7801=DIRECTION('center_axis',(0.,-1.,0.));
#7802=DIRECTION('ref_axis',(-1.,0.,0.));
#7803=DIRECTION('',(0.,0.,1.));
#7804=DIRECTION('',(1.,0.,0.));
#7805=DIRECTION('center_axis',(-1.,0.,0.));
#7806=DIRECTION('ref_axis',(0.,1.,0.));
#7807=DIRECTION('',(0.,-1.,0.));
#7808=DIRECTION('center_axis',(0.,0.,-1.));
#7809=DIRECTION('ref_axis',(0.707106781186547,-0.707106781186547,0.));
#7810=DIRECTION('center_axis',(0.,0.,-1.));
#7811=DIRECTION('ref_axis',(0.707106781186547,-0.707106781186547,0.));
#7812=DIRECTION('center_axis',(0.,0.,1.));
#7813=DIRECTION('ref_axis',(0.707106781186547,0.707106781186548,0.));
#7814=DIRECTION('',(0.,0.,-1.));
#7815=DIRECTION('center_axis',(0.,0.,-1.));
#7816=DIRECTION('ref_axis',(0.707106781186546,0.707106781186549,0.));
#7817=DIRECTION('',(0.,0.,1.));
#7818=DIRECTION('center_axis',(-1.,0.,0.));
#7819=DIRECTION('ref_axis',(0.,-1.,0.));
#7820=DIRECTION('',(0.,1.,0.));
#7821=DIRECTION('',(0.,0.,-1.));
#7822=DIRECTION('center_axis',(0.,0.,1.));
#7823=DIRECTION('ref_axis',(-0.702218114241463,-0.711961881023952,0.));
#7824=DIRECTION('center_axis',(0.,0.,1.));
#7825=DIRECTION('ref_axis',(-0.702218114241462,-0.711961881023952,0.));
#7826=DIRECTION('',(0.,0.,1.));
#7827=DIRECTION('center_axis',(0.0137794400623305,-0.999905059008888,0.));
#7828=DIRECTION('ref_axis',(0.999905059008888,0.0137794400623305,0.));
#7829=DIRECTION('',(-0.999905059008888,-0.0137794400623305,0.));
#7830=DIRECTION('',(0.,0.,-1.));
#7831=DIRECTION('center_axis',(0.,0.,1.));
#7832=DIRECTION('ref_axis',(0.711961881023944,-0.702218114241471,0.));
#7833=DIRECTION('center_axis',(0.,0.,1.));
#7834=DIRECTION('ref_axis',(0.711961881023946,-0.702218114241469,0.));
#7835=DIRECTION('',(0.,0.,1.));
#7836=DIRECTION('center_axis',(1.,0.,0.));
#7837=DIRECTION('ref_axis',(0.,1.,0.));
#7838=DIRECTION('',(0.,0.,1.));
#7839=DIRECTION('',(0.,-1.,0.));
#7840=DIRECTION('center_axis',(0.,0.,1.));
#7841=DIRECTION('ref_axis',(0.707106781186548,-0.707106781186548,0.));
#7842=DIRECTION('',(0.,0.,-1.));
#7843=DIRECTION('center_axis',(0.,0.,1.));
#7844=DIRECTION('ref_axis',(0.707106781186548,-0.707106781186548,0.));
#7845=DIRECTION('center_axis',(0.,0.,1.));
#7846=DIRECTION('ref_axis',(-0.707106781186548,0.707106781186548,0.));
#7847=DIRECTION('',(0.,0.,-1.));
#7848=DIRECTION('center_axis',(0.,0.,-1.));
#7849=DIRECTION('ref_axis',(-0.707106781186545,0.70710678118655,0.));
#7850=DIRECTION('',(0.,0.,1.));
#7851=DIRECTION('center_axis',(0.,-1.,0.));
#7852=DIRECTION('ref_axis',(1.,0.,0.));
#7853=DIRECTION('',(-1.,0.,0.));
#7854=DIRECTION('center_axis',(1.,0.,0.));
#7855=DIRECTION('ref_axis',(0.,1.,0.));
#7856=DIRECTION('',(0.,-1.,0.));
#7857=DIRECTION('center_axis',(0.,-1.,0.));
#7858=DIRECTION('ref_axis',(1.,0.,0.));
#7859=DIRECTION('',(-1.,0.,0.));
#7860=DIRECTION('center_axis',(0.,0.,1.));
#7861=DIRECTION('ref_axis',(-1.,0.,0.));
#7862=DIRECTION('center_axis',(-1.,0.,0.));
#7863=DIRECTION('ref_axis',(0.,-1.,0.));
#7864=DIRECTION('',(0.,-1.,0.));
#7865=DIRECTION('',(0.,0.,1.));
#7866=DIRECTION('',(0.,-1.,0.));
#7867=DIRECTION('',(0.,0.,-1.));
#7868=DIRECTION('center_axis',(0.,-1.,0.));
#7869=DIRECTION('ref_axis',(1.,0.,0.));
#7870=DIRECTION('',(1.,0.,0.));
#7871=DIRECTION('',(0.,0.,1.));
#7872=DIRECTION('',(1.,0.,0.));
#7873=DIRECTION('',(0.,0.,-1.));
#7874=DIRECTION('center_axis',(-1.,0.,0.));
#7875=DIRECTION('ref_axis',(0.,-1.,0.));
#7876=DIRECTION('',(0.,0.,-1.));
#7877=DIRECTION('',(0.,-1.,0.));
#7878=DIRECTION('',(0.,0.,1.));
#7879=DIRECTION('',(0.,-1.,0.));
#7880=DIRECTION('center_axis',(-1.,0.,0.));
#7881=DIRECTION('ref_axis',(0.,-1.,0.));
#7882=DIRECTION('',(0.,0.,-1.));
#7883=DIRECTION('',(0.,-1.,0.));
#7884=DIRECTION('',(0.,0.,1.));
#7885=DIRECTION('',(0.,-1.,0.));
#7886=DIRECTION('center_axis',(0.,0.,1.));
#7887=DIRECTION('ref_axis',(0.707106781186548,0.707106781186548,0.));
#7888=DIRECTION('center_axis',(0.,0.,-1.));
#7889=DIRECTION('ref_axis',(0.707106781186548,0.707106781186548,0.));
#7890=DIRECTION('center_axis',(0.,0.,1.));
#7891=DIRECTION('ref_axis',(0.707106781186548,0.707106781186548,0.));
#7892=DIRECTION('',(0.,0.,-1.));
#7893=DIRECTION('center_axis',(0.,0.,1.));
#7894=DIRECTION('ref_axis',(0.707106781186547,-0.707106781186548,0.));
#7895=DIRECTION('',(0.,0.,-1.));
#7896=DIRECTION('center_axis',(0.,0.,-1.));
#7897=DIRECTION('ref_axis',(0.707106781186547,-0.707106781186548,0.));
#7898=DIRECTION('',(0.,0.,-1.));
#7899=DIRECTION('center_axis',(0.,0.,1.));
#7900=DIRECTION('ref_axis',(0.707106781186547,-0.707106781186548,0.));
#7901=DIRECTION('center_axis',(0.,-1.,0.));
#7902=DIRECTION('ref_axis',(1.,0.,0.));
#7903=DIRECTION('',(0.,0.,1.));
#7904=DIRECTION('',(1.,0.,0.));
#7905=DIRECTION('',(1.,0.,0.));
#7906=DIRECTION('',(1.,0.,0.));
#7907=DIRECTION('center_axis',(0.,0.,1.));
#7908=DIRECTION('ref_axis',(0.,-1.,0.));
#7909=DIRECTION('center_axis',(0.,0.,1.));
#7910=DIRECTION('ref_axis',(0.,-1.,0.));
#7911=DIRECTION('center_axis',(0.,0.,-1.));
#7912=DIRECTION('ref_axis',(0.,-1.,0.));
#7913=DIRECTION('center_axis',(0.,0.,1.));
#7914=DIRECTION('ref_axis',(0.707106781186548,-0.707106781186548,0.));
#7915=DIRECTION('center_axis',(0.,0.,-1.));
#7916=DIRECTION('ref_axis',(0.707106781186548,-0.707106781186548,0.));
#7917=DIRECTION('',(0.,0.,1.));
#7918=DIRECTION('center_axis',(0.,0.,1.));
#7919=DIRECTION('ref_axis',(0.707106781186548,-0.707106781186548,0.));
#7920=DIRECTION('center_axis',(0.,1.,0.));
#7921=DIRECTION('ref_axis',(-1.,0.,0.));
#7922=DIRECTION('',(0.,0.,-1.));
#7923=DIRECTION('',(-1.,0.,0.));
#7924=DIRECTION('',(-1.,0.,0.));
#7925=DIRECTION('center_axis',(0.,0.,1.));
#7926=DIRECTION('ref_axis',(-0.707106781186545,0.70710678118655,0.));
#7927=DIRECTION('center_axis',(0.,0.,-1.));
#7928=DIRECTION('ref_axis',(-0.707106781186545,0.70710678118655,0.));
#7929=DIRECTION('center_axis',(0.,0.,1.));
#7930=DIRECTION('ref_axis',(-0.707106781186545,0.70710678118655,0.));
#7931=DIRECTION('center_axis',(0.,1.,0.));
#7932=DIRECTION('ref_axis',(-1.,0.,0.));
#7933=DIRECTION('',(0.,0.,-1.));
#7934=DIRECTION('',(-1.,0.,0.));
#7935=DIRECTION('',(0.,0.,1.));
#7936=DIRECTION('',(-1.,0.,0.));
#7937=DIRECTION('center_axis',(0.,0.,1.));
#7938=DIRECTION('ref_axis',(0.707106781186546,0.707106781186549,0.));
#7939=DIRECTION('center_axis',(0.,0.,-1.));
#7940=DIRECTION('ref_axis',(0.707106781186546,0.707106781186549,0.));
#7941=DIRECTION('',(0.,0.,-1.));
#7942=DIRECTION('center_axis',(0.,0.,1.));
#7943=DIRECTION('ref_axis',(0.707106781186546,0.707106781186549,0.));
#7944=DIRECTION('center_axis',(0.,1.,0.));
#7945=DIRECTION('ref_axis',(-1.,0.,0.));
#7946=DIRECTION('',(0.,0.,-1.));
#7947=DIRECTION('',(-1.,0.,0.));
#7948=DIRECTION('',(0.,0.,1.));
#7949=DIRECTION('',(-1.,0.,0.));
#7950=DIRECTION('center_axis',(0.,0.,1.));
#7951=DIRECTION('ref_axis',(0.707106781186546,0.707106781186549,0.));
#7952=DIRECTION('center_axis',(0.,0.,-1.));
#7953=DIRECTION('ref_axis',(0.707106781186546,0.707106781186549,0.));
#7954=DIRECTION('',(0.,0.,-1.));
#7955=DIRECTION('center_axis',(0.,0.,1.));
#7956=DIRECTION('ref_axis',(0.707106781186546,0.707106781186549,0.));
#7957=DIRECTION('center_axis',(1.,0.,0.));
#7958=DIRECTION('ref_axis',(0.,1.,0.));
#7959=DIRECTION('',(0.,0.,-1.));
#7960=DIRECTION('',(0.,1.,0.));
#7961=DIRECTION('',(0.,0.,1.));
#7962=DIRECTION('',(0.,1.,0.));
#7963=DIRECTION('center_axis',(0.,0.,1.));
#7964=DIRECTION('ref_axis',(-0.707106781186545,-0.70710678118655,0.));
#7965=DIRECTION('center_axis',(0.,0.,-1.));
#7966=DIRECTION('ref_axis',(-0.707106781186545,-0.70710678118655,0.));
#7967=DIRECTION('center_axis',(0.,0.,1.));
#7968=DIRECTION('ref_axis',(-0.707106781186545,-0.70710678118655,0.));
#7969=DIRECTION('center_axis',(0.,-1.,0.));
#7970=DIRECTION('ref_axis',(1.,0.,0.));
#7971=DIRECTION('',(0.,0.,1.));
#7972=DIRECTION('',(1.,0.,0.));
#7973=DIRECTION('',(1.,0.,0.));
#7974=DIRECTION('center_axis',(0.,0.,1.));
#7975=DIRECTION('ref_axis',(-0.707106781186548,0.707106781186548,0.));
#7976=DIRECTION('center_axis',(0.,0.,-1.));
#7977=DIRECTION('ref_axis',(-0.707106781186548,0.707106781186548,0.));
#7978=DIRECTION('center_axis',(0.,0.,1.));
#7979=DIRECTION('ref_axis',(-0.707106781186548,0.707106781186548,0.));
#7980=DIRECTION('center_axis',(1.,0.,0.));
#7981=DIRECTION('ref_axis',(0.,1.,0.));
#7982=DIRECTION('',(0.,0.,1.));
#7983=DIRECTION('',(0.,1.,0.));
#7984=DIRECTION('',(0.,1.,0.));
#7985=DIRECTION('center_axis',(0.,0.,1.));
#7986=DIRECTION('ref_axis',(-0.702218114241462,-0.711961881023952,0.));
#7987=DIRECTION('center_axis',(0.,0.,-1.));
#7988=DIRECTION('ref_axis',(-0.702218114241462,-0.711961881023952,0.));
#7989=DIRECTION('center_axis',(0.,0.,1.));
#7990=DIRECTION('ref_axis',(-0.702218114241462,-0.711961881023952,0.));
#7991=DIRECTION('',(0.,0.,-1.));
#7992=DIRECTION('center_axis',(-0.0137794400623305,0.999905059008888,0.));
#7993=DIRECTION('ref_axis',(-0.999905059008888,-0.0137794400623305,0.));
#7994=DIRECTION('',(0.,0.,1.));
#7995=DIRECTION('',(-0.999905059008888,-0.0137794400623305,0.));
#7996=DIRECTION('',(-0.999905059008888,-0.0137794400623305,0.));
#7997=DIRECTION('center_axis',(0.,0.,1.));
#7998=DIRECTION('ref_axis',(0.711961881023946,-0.702218114241469,0.));
#7999=DIRECTION('center_axis',(0.,0.,-1.));
#8000=DIRECTION('ref_axis',(0.711961881023946,-0.702218114241469,0.));
#8001=DIRECTION('center_axis',(0.,0.,1.));
#8002=DIRECTION('ref_axis',(0.711961881023946,-0.702218114241469,0.));
#8003=DIRECTION('center_axis',(1.,0.,0.));
#8004=DIRECTION('ref_axis',(0.,1.,0.));
#8005=DIRECTION('',(0.,1.,0.));
#8006=DIRECTION('',(0.,0.,1.));
#8007=DIRECTION('',(0.,1.,0.));
#8008=DIRECTION('',(0.,0.,-1.));
#8009=DIRECTION('center_axis',(0.,0.,1.));
#8010=DIRECTION('ref_axis',(0.707106781186552,-0.707106781186543,0.));
#8011=DIRECTION('center_axis',(0.,0.,1.));
#8012=DIRECTION('ref_axis',(0.707106781186548,-0.707106781186548,0.));
#8013=DIRECTION('',(0.,0.,-1.));
#8014=DIRECTION('center_axis',(0.,0.,1.));
#8015=DIRECTION('ref_axis',(0.707106781186552,-0.707106781186543,0.));
#8016=DIRECTION('center_axis',(0.,0.,1.));
#8017=DIRECTION('ref_axis',(-0.707106781186548,0.707106781186548,0.));
#8018=DIRECTION('center_axis',(0.,0.,-1.));
#8019=DIRECTION('ref_axis',(-0.863031775530993,0.505149635676224,0.));
#8020=DIRECTION('center_axis',(0.,0.,-1.));
#8021=DIRECTION('ref_axis',(-0.707106781186548,0.707106781186548,0.));
#8022=DIRECTION('',(0.,0.,-1.));
#8023=DIRECTION('center_axis',(0.,0.,-1.));
#8024=DIRECTION('ref_axis',(-1.,0.,0.));
#8025=DIRECTION('center_axis',(0.,0.,1.));
#8026=DIRECTION('ref_axis',(-1.,0.,0.));
#8027=DIRECTION('center_axis',(0.,0.,1.));
#8028=DIRECTION('ref_axis',(-1.,0.,0.));
#8029=DIRECTION('',(0.,0.,1.));
#8030=DIRECTION('center_axis',(0.,-1.,0.));
#8031=DIRECTION('ref_axis',(1.,0.,0.));
#8032=DIRECTION('',(1.,0.,0.));
#8033=DIRECTION('',(0.,0.,1.));
#8034=DIRECTION('',(1.,0.,0.));
#8035=DIRECTION('center_axis',(0.,0.,1.));
#8036=DIRECTION('ref_axis',(-0.707106781186542,-0.707106781186553,0.));
#8037=DIRECTION('center_axis',(0.,0.,1.));
#8038=DIRECTION('ref_axis',(-0.707106781186542,-0.707106781186553,0.));
#8039=DIRECTION('',(0.,0.,-1.));
#8040=DIRECTION('center_axis',(0.,0.,1.));
#8041=DIRECTION('ref_axis',(-0.707106781186542,-0.707106781186553,0.));
#8042=DIRECTION('center_axis',(0.,0.,1.));
#8043=DIRECTION('ref_axis',(-0.707106781186546,-0.707106781186549,0.));
#8044=DIRECTION('center_axis',(0.,0.,1.));
#8045=DIRECTION('ref_axis',(-0.707106781186548,-0.707106781186548,0.));
#8046=DIRECTION('',(0.,0.,-1.));
#8047=DIRECTION('center_axis',(0.,0.,1.));
#8048=DIRECTION('ref_axis',(-0.707106781186546,-0.707106781186549,0.));
#8049=DIRECTION('center_axis',(-1.,0.,0.));
#8050=DIRECTION('ref_axis',(0.,-1.,0.));
#8051=DIRECTION('',(0.,-1.,0.));
#8052=DIRECTION('',(0.,0.,1.));
#8053=DIRECTION('',(0.,-1.,0.));
#8054=DIRECTION('center_axis',(0.,0.,1.));
#8055=DIRECTION('ref_axis',(0.707106781186546,0.707106781186549,0.));
#8056=DIRECTION('center_axis',(0.,0.,-1.));
#8057=DIRECTION('ref_axis',(0.707106781186547,0.707106781186547,0.));
#8058=DIRECTION('',(0.,0.,-1.));
#8059=DIRECTION('center_axis',(0.,0.,-1.));
#8060=DIRECTION('ref_axis',(0.707106781186546,0.707106781186549,0.));
#8061=DIRECTION('center_axis',(-1.,-4.57196789304815E-16,0.));
#8062=DIRECTION('ref_axis',(4.57196789304815E-16,-1.,0.));
#8063=DIRECTION('',(4.57196789304815E-16,-1.,0.));
#8064=DIRECTION('',(0.,0.,1.));
#8065=DIRECTION('',(4.57196789304815E-16,-1.,0.));
#8066=DIRECTION('center_axis',(0.,0.,1.));
#8067=DIRECTION('ref_axis',(0.707106781186546,0.707106781186549,0.));
#8068=DIRECTION('center_axis',(0.,0.,-1.));
#8069=DIRECTION('ref_axis',(0.707106781186547,0.707106781186547,0.));
#8070=DIRECTION('center_axis',(0.,0.,-1.));
#8071=DIRECTION('ref_axis',(0.707106781186546,0.707106781186549,0.));
#8072=DIRECTION('center_axis',(1.,0.,0.));
#8073=DIRECTION('ref_axis',(0.,1.,0.));
#8074=DIRECTION('',(0.,0.,1.));
#8075=DIRECTION('',(0.,1.,0.));
#8076=DIRECTION('',(0.,1.,0.));
#8077=DIRECTION('center_axis',(0.,0.,1.));
#8078=DIRECTION('ref_axis',(-0.707106781186547,-0.707106781186548,0.));
#8079=DIRECTION('center_axis',(0.,0.,-1.));
#8080=DIRECTION('ref_axis',(-0.707106781186547,-0.707106781186548,0.));
#8081=DIRECTION('center_axis',(0.,0.,1.));
#8082=DIRECTION('ref_axis',(-0.707106781186547,-0.707106781186548,0.));
#8083=DIRECTION('center_axis',(-3.67148956778478E-16,-1.,0.));
#8084=DIRECTION('ref_axis',(1.,-3.67148956778478E-16,0.));
#8085=DIRECTION('',(1.,-3.67148956778478E-16,0.));
#8086=DIRECTION('',(0.,0.,1.));
#8087=DIRECTION('',(1.,-3.67148956778478E-16,0.));
#8088=DIRECTION('center_axis',(0.,0.,1.));
#8089=DIRECTION('ref_axis',(-0.707106781186548,-0.707106781186548,0.));
#8090=DIRECTION('center_axis',(0.,0.,1.));
#8091=DIRECTION('ref_axis',(-0.707106781186548,-0.707106781186548,0.));
#8092=DIRECTION('center_axis',(0.,0.,1.));
#8093=DIRECTION('ref_axis',(-0.707106781186548,-0.707106781186548,0.));
#8094=DIRECTION('center_axis',(0.,0.,1.));
#8095=DIRECTION('ref_axis',(-1.,0.,0.));
#8096=DIRECTION('center_axis',(0.,0.,1.));
#8097=DIRECTION('ref_axis',(-0.707106781186547,0.707106781186548,0.));
#8098=DIRECTION('',(-1.,0.,0.));
#8099=DIRECTION('center_axis',(0.,0.,1.));
#8100=DIRECTION('ref_axis',(0.70710678118655,0.707106781186545,0.));
#8101=DIRECTION('',(0.,1.,0.));
#8102=DIRECTION('center_axis',(0.,0.,1.));
#8103=DIRECTION('ref_axis',(0.707106781186548,-0.707106781186548,0.));
#8104=DIRECTION('',(1.,0.,0.));
#8105=DIRECTION('center_axis',(0.,0.,-1.));
#8106=DIRECTION('ref_axis',(-0.707106781186548,0.707106781186548,0.));
#8107=DIRECTION('',(0.,1.,0.));
#8108=DIRECTION('center_axis',(0.,0.,-1.));
#8109=DIRECTION('ref_axis',(-0.131548876689978,-0.991309685739832,0.));
#8110=DIRECTION('center_axis',(0.,0.,1.));
#8111=DIRECTION('ref_axis',(0.884809142794367,0.46595362518978,0.));
#8112=DIRECTION('',(0.,1.,0.));
#8113=DIRECTION('center_axis',(0.,0.,1.));
#8114=DIRECTION('ref_axis',(-0.707106781186545,0.70710678118655,0.));
#8115=DIRECTION('',(-1.,-3.33694356014522E-16,0.));
#8116=DIRECTION('center_axis',(0.,0.,-1.));
#8117=DIRECTION('ref_axis',(0.707106781186546,-0.707106781186549,0.));
#8118=DIRECTION('',(0.,-1.,0.));
#8119=DIRECTION('center_axis',(0.,0.,1.));
#8120=DIRECTION('ref_axis',(-1.,0.,0.));
#8121=DIRECTION('center_axis',(0.,0.,1.));
#8122=DIRECTION('ref_axis',(-1.,0.,0.));
#8123=DIRECTION('center_axis',(0.,0.,-1.));
#8124=DIRECTION('ref_axis',(-1.,0.,0.));
#8125=DIRECTION('center_axis',(0.,0.,-1.));
#8126=DIRECTION('ref_axis',(-1.,0.,0.));
#8127=DIRECTION('center_axis',(0.,0.,-1.));
#8128=DIRECTION('ref_axis',(-1.,0.,0.));
#8129=DIRECTION('center_axis',(0.,0.,-1.));
#8130=DIRECTION('ref_axis',(-1.,0.,0.));
#8131=DIRECTION('center_axis',(0.,0.,-1.));
#8132=DIRECTION('ref_axis',(-1.,0.,0.));
#8133=DIRECTION('center_axis',(0.,0.,-1.));
#8134=DIRECTION('ref_axis',(-1.,0.,0.));
#8135=DIRECTION('center_axis',(0.,0.,-1.));
#8136=DIRECTION('ref_axis',(-1.,0.,0.));
#8137=DIRECTION('center_axis',(0.,0.,-1.));
#8138=DIRECTION('ref_axis',(-1.,0.,0.));
#8139=DIRECTION('',(0.,0.,-1.));
#8140=DIRECTION('center_axis',(0.,0.,-1.));
#8141=DIRECTION('ref_axis',(-1.,0.,0.));
#8142=DIRECTION('center_axis',(0.,0.,-1.));
#8143=DIRECTION('ref_axis',(-1.,0.,0.));
#8144=DIRECTION('',(0.,0.,-1.));
#8145=DIRECTION('center_axis',(0.,0.,-1.));
#8146=DIRECTION('ref_axis',(-1.,0.,0.));
#8147=DIRECTION('center_axis',(0.,0.,-1.));
#8148=DIRECTION('ref_axis',(-1.,0.,0.));
#8149=DIRECTION('',(0.,0.,-1.));
#8150=DIRECTION('center_axis',(0.,0.,-1.));
#8151=DIRECTION('ref_axis',(-1.,0.,0.));
#8152=DIRECTION('center_axis',(0.,0.,-1.));
#8153=DIRECTION('ref_axis',(-1.,0.,0.));
#8154=DIRECTION('',(0.,0.,-1.));
#8155=DIRECTION('center_axis',(0.,0.,-1.));
#8156=DIRECTION('ref_axis',(-1.,0.,0.));
#8157=DIRECTION('center_axis',(0.,0.,-1.));
#8158=DIRECTION('ref_axis',(-1.,0.,0.));
#8159=DIRECTION('',(0.,0.,-1.));
#8160=DIRECTION('center_axis',(0.,0.,-1.));
#8161=DIRECTION('ref_axis',(-1.,0.,0.));
#8162=DIRECTION('center_axis',(0.,0.,-1.));
#8163=DIRECTION('ref_axis',(-1.,0.,0.));
#8164=DIRECTION('',(0.,0.,-1.));
#8165=DIRECTION('center_axis',(0.,0.,-1.));
#8166=DIRECTION('ref_axis',(-1.,0.,0.));
#8167=DIRECTION('center_axis',(0.,0.,-1.));
#8168=DIRECTION('ref_axis',(-1.,0.,0.));
#8169=DIRECTION('',(0.,0.,-1.));
#8170=DIRECTION('center_axis',(0.,0.,-1.));
#8171=DIRECTION('ref_axis',(-1.,0.,0.));
#8172=DIRECTION('center_axis',(0.,0.,-1.));
#8173=DIRECTION('ref_axis',(-1.,0.,0.));
#8174=DIRECTION('',(0.,0.,-1.));
#8175=DIRECTION('center_axis',(0.,0.,1.));
#8176=DIRECTION('ref_axis',(1.,0.,0.));
#8177=DIRECTION('center_axis',(0.,0.,1.));
#8178=DIRECTION('ref_axis',(-0.863031775530993,0.505149635676224,0.));
#8179=DIRECTION('',(0.,-1.,0.));
#8180=DIRECTION('center_axis',(0.,0.,1.));
#8181=DIRECTION('ref_axis',(-0.884809142794351,-0.46595362518981,0.));
#8182=DIRECTION('',(0.,-1.,0.));
#8183=DIRECTION('center_axis',(0.,0.,1.));
#8184=DIRECTION('ref_axis',(-0.707106781186548,0.707106781186548,0.));
#8185=DIRECTION('',(-1.,0.,0.));
#8186=DIRECTION('center_axis',(0.,0.,-1.));
#8187=DIRECTION('ref_axis',(0.707106781186548,-0.707106781186548,0.));
#8188=DIRECTION('',(0.,-1.,0.));
#8189=DIRECTION('center_axis',(0.,0.,-1.));
#8190=DIRECTION('ref_axis',(0.707106781186546,0.707106781186549,0.));
#8191=DIRECTION('',(1.,0.,0.));
#8192=DIRECTION('center_axis',(0.,0.,-1.));
#8193=DIRECTION('ref_axis',(-0.707106781186546,0.707106781186549,0.));
#8194=DIRECTION('',(0.,1.,0.));
#8195=DIRECTION('center_axis',(0.,0.,1.));
#8196=DIRECTION('ref_axis',(0.707106781186546,-0.707106781186549,0.));
#8197=DIRECTION('',(1.,3.33694356014522E-16,0.));
#8198=DIRECTION('center_axis',(0.,0.,-1.));
#8199=DIRECTION('ref_axis',(-0.707106781186548,0.707106781186548,0.));
#8200=DIRECTION('',(0.,1.,0.));
#8201=DIRECTION('center_axis',(0.,0.,-1.));
#8202=DIRECTION('ref_axis',(-0.707106781186548,-0.707106781186548,0.));
#8203=DIRECTION('',(-1.,3.67148956778478E-16,0.));
#8204=DIRECTION('center_axis',(0.,0.,1.));
#8205=DIRECTION('ref_axis',(0.707106781186548,0.707106781186548,0.));
#8206=DIRECTION('',(0.,1.,0.));
#8207=DIRECTION('center_axis',(0.,0.,-1.));
#8208=DIRECTION('ref_axis',(-0.707106781186548,-0.707106781186548,0.));
#8209=DIRECTION('',(-1.,0.,0.));
#8210=DIRECTION('center_axis',(0.,0.,1.));
#8211=DIRECTION('ref_axis',(0.707106781186548,0.707106781186548,0.));
#8212=DIRECTION('',(-4.57196789304815E-16,1.,0.));
#8213=DIRECTION('center_axis',(0.,0.,-1.));
#8214=DIRECTION('ref_axis',(-0.707106781186542,-0.707106781186554,0.));
#8215=DIRECTION('',(-1.,0.,0.));
#8216=DIRECTION('center_axis',(0.,0.,-1.));
#8217=DIRECTION('ref_axis',(0.707106781186548,-0.707106781186548,0.));
#8218=DIRECTION('',(0.,-1.,0.));
#8219=DIRECTION('center_axis',(1.,0.,0.));
#8220=DIRECTION('ref_axis',(0.,1.,0.));
#8221=DIRECTION('',(0.,1.,0.));
#8222=DIRECTION('',(0.,0.,-1.));
#8223=DIRECTION('center_axis',(0.,0.,1.));
#8224=DIRECTION('ref_axis',(0.884809142794367,0.46595362518978,0.));
#8225=DIRECTION('center_axis',(0.,0.,1.));
#8226=DIRECTION('ref_axis',(0.884809142794365,0.465953625189782,0.));
#8227=DIRECTION('',(0.,0.,1.));
#8228=DIRECTION('center_axis',(0.,0.,-1.));
#8229=DIRECTION('ref_axis',(-0.131548876689978,-0.991309685739832,0.));
#8230=DIRECTION('center_axis',(0.,0.,-1.));
#8231=DIRECTION('ref_axis',(-0.884809142794351,-0.46595362518981,0.));
#8232=DIRECTION('',(0.,0.,1.));
#8233=DIRECTION('center_axis',(1.,0.,0.));
#8234=DIRECTION('ref_axis',(0.,1.,0.));
#8235=DIRECTION('',(0.,1.,0.));
#8236=DIRECTION('',(0.,0.,-1.));
#8237=DIRECTION('center_axis',(0.,0.,1.));
#8238=DIRECTION('ref_axis',(-0.707106781186548,0.707106781186548,0.));
#8239=DIRECTION('center_axis',(0.,0.,-1.));
#8240=DIRECTION('ref_axis',(-0.707106781186548,0.707106781186548,0.));
#8241=DIRECTION('',(0.,0.,1.));
#8242=DIRECTION('center_axis',(0.,-1.,0.));
#8243=DIRECTION('ref_axis',(1.,0.,0.));
#8244=DIRECTION('',(1.,0.,0.));
#8245=DIRECTION('',(0.,0.,-1.));
#8246=DIRECTION('center_axis',(0.,0.,1.));
#8247=DIRECTION('ref_axis',(0.707106781186548,-0.707106781186548,0.));
#8248=DIRECTION('center_axis',(0.,0.,1.));
#8249=DIRECTION('ref_axis',(0.707106781186548,-0.707106781186548,0.));
#8250=DIRECTION('',(0.,0.,1.));
#8251=DIRECTION('center_axis',(1.,0.,0.));
#8252=DIRECTION('ref_axis',(0.,1.,0.));
#8253=DIRECTION('',(0.,1.,0.));
#8254=DIRECTION('',(0.,0.,-1.));
#8255=DIRECTION('center_axis',(0.,0.,1.));
#8256=DIRECTION('ref_axis',(0.70710678118655,0.707106781186545,0.));
#8257=DIRECTION('center_axis',(0.,0.,1.));
#8258=DIRECTION('ref_axis',(0.707106781186546,0.707106781186549,0.));
#8259=DIRECTION('',(0.,0.,1.));
#8260=DIRECTION('center_axis',(0.,1.,0.));
#8261=DIRECTION('ref_axis',(-1.,0.,0.));
#8262=DIRECTION('',(-1.,0.,0.));
#8263=DIRECTION('',(0.,0.,-1.));
#8264=DIRECTION('center_axis',(0.,0.,1.));
#8265=DIRECTION('ref_axis',(-0.707106781186547,0.707106781186548,0.));
#8266=DIRECTION('center_axis',(0.,0.,1.));
#8267=DIRECTION('ref_axis',(-0.707106781186546,0.707106781186549,0.));
#8268=DIRECTION('',(0.,0.,1.));
#8269=DIRECTION('center_axis',(-1.,0.,0.));
#8270=DIRECTION('ref_axis',(0.,-1.,0.));
#8271=DIRECTION('',(0.,-1.,0.));
#8272=DIRECTION('',(0.,0.,-1.));
#8273=DIRECTION('center_axis',(0.,0.,1.));
#8274=DIRECTION('ref_axis',(0.707106781186546,-0.707106781186549,0.));
#8275=DIRECTION('center_axis',(0.,0.,-1.));
#8276=DIRECTION('ref_axis',(0.707106781186546,-0.707106781186549,0.));
#8277=DIRECTION('',(0.,0.,1.));
#8278=DIRECTION('center_axis',(-3.33694356014522E-16,1.,0.));
#8279=DIRECTION('ref_axis',(-1.,-3.33694356014522E-16,0.));
#8280=DIRECTION('',(-1.,-3.33694356014522E-16,0.));
#8281=DIRECTION('',(0.,0.,-1.));
#8282=DIRECTION('center_axis',(0.,0.,1.));
#8283=DIRECTION('ref_axis',(-0.707106781186545,0.70710678118655,0.));
#8284=DIRECTION('center_axis',(0.,0.,1.));
#8285=DIRECTION('ref_axis',(-0.707106781186548,0.707106781186548,0.));
#8286=DIRECTION('center_axis',(0.432637038520569,-0.253231049638061,-0.865274077041117));
#8287=DIRECTION('ref_axis',(0.746759023029739,-0.437092884777399,0.50129908398145));
#8288=DIRECTION('center_axis',(-0.871920373972973,-0.489647691152353,0.));
#8289=DIRECTION('ref_axis',(0.489647691152353,-0.871920373972973,0.));
#8290=DIRECTION('center_axis',(0.,1.,0.));
#8291=DIRECTION('ref_axis',(0.,0.,1.));
#8292=DIRECTION('center_axis',(0.435304497395564,0.229237808260337,-0.870608994791113));
#8293=DIRECTION('ref_axis',(0.770322798390186,0.405663417245764,0.491975586984561));
#8294=DIRECTION('center_axis',(0.,-1.,0.));
#8295=DIRECTION('ref_axis',(1.,0.,0.));
#8296=DIRECTION('center_axis',(-0.824560055372206,0.565774438344986,0.));
#8297=DIRECTION('ref_axis',(0.,0.,1.));
#8298=DIRECTION('center_axis',(0.,1.,0.));
#8299=DIRECTION('ref_axis',(0.707106781186554,0.,0.707106781186541));
#8300=DIRECTION('center_axis',(-1.,0.,0.));
#8301=DIRECTION('ref_axis',(0.,0.707106781186548,0.707106781186548));
#8302=DIRECTION('center_axis',(-1.,0.,0.));
#8303=DIRECTION('ref_axis',(0.,0.,1.));
#8304=DIRECTION('center_axis',(1.,0.,0.));
#8305=DIRECTION('ref_axis',(0.,1.,0.));
#8306=DIRECTION('center_axis',(0.,0.,-1.));
#8307=DIRECTION('ref_axis',(-1.,0.,0.));
#8308=DIRECTION('center_axis',(0.,-1.,0.));
#8309=DIRECTION('ref_axis',(0.,0.,1.));
#8310=DIRECTION('center_axis',(0.,-1.,0.));
#8311=DIRECTION('ref_axis',(-0.707106781186541,0.,0.707106781186554));
#8312=DIRECTION('center_axis',(0.,-1.,0.));
#8313=DIRECTION('ref_axis',(0.,0.,1.));
#8314=DIRECTION('center_axis',(0.,0.,1.));
#8315=DIRECTION('ref_axis',(1.,0.,0.));
#8316=DIRECTION('center_axis',(-1.,0.,0.));
#8317=DIRECTION('ref_axis',(0.,0.,1.));
#8318=DIRECTION('center_axis',(-1.,-3.33694356014522E-16,0.));
#8319=DIRECTION('ref_axis',(0.,0.707106781186548,0.707106781186548));
#8320=DIRECTION('center_axis',(-1.,0.,0.));
#8321=DIRECTION('ref_axis',(0.,0.,1.));
#8322=DIRECTION('center_axis',(0.,0.,-1.));
#8323=DIRECTION('ref_axis',(-1.,0.,0.));
#8324=DIRECTION('center_axis',(0.,-1.,0.));
#8325=DIRECTION('ref_axis',(0.,0.,1.));
#8326=DIRECTION('center_axis',(0.,-1.,0.));
#8327=DIRECTION('ref_axis',(-0.707106781186554,0.,0.707106781186541));
#8328=DIRECTION('center_axis',(0.,-1.,0.));
#8329=DIRECTION('ref_axis',(0.,0.,1.));
#8330=DIRECTION('center_axis',(0.,0.,-1.));
#8331=DIRECTION('ref_axis',(-1.,0.,0.));
#8332=DIRECTION('center_axis',(1.,0.,0.));
#8333=DIRECTION('ref_axis',(0.,0.,1.));
#8334=DIRECTION('center_axis',(1.,-3.67148956778478E-16,0.));
#8335=DIRECTION('ref_axis',(0.,-0.707106781186554,0.707106781186541));
#8336=DIRECTION('center_axis',(1.,0.,0.));
#8337=DIRECTION('ref_axis',(0.,0.,1.));
#8338=DIRECTION('center_axis',(0.,0.,1.));
#8339=DIRECTION('ref_axis',(1.,0.,0.));
#8340=DIRECTION('center_axis',(0.,-1.,0.));
#8341=DIRECTION('ref_axis',(0.,0.,1.));
#8342=DIRECTION('center_axis',(0.,-1.,0.));
#8343=DIRECTION('ref_axis',(-0.707106781186541,0.,0.707106781186554));
#8344=DIRECTION('center_axis',(0.,-1.,0.));
#8345=DIRECTION('ref_axis',(0.,0.,1.));
#8346=DIRECTION('center_axis',(0.,0.,-1.));
#8347=DIRECTION('ref_axis',(-1.,0.,0.));
#8348=DIRECTION('center_axis',(1.,0.,0.));
#8349=DIRECTION('ref_axis',(0.,0.,1.));
#8350=DIRECTION('center_axis',(1.,0.,0.));
#8351=DIRECTION('ref_axis',(0.,-0.707106781186541,0.707106781186554));
#8352=DIRECTION('center_axis',(1.,0.,0.));
#8353=DIRECTION('ref_axis',(0.,0.,1.));
#8354=DIRECTION('center_axis',(0.,0.,1.));
#8355=DIRECTION('ref_axis',(1.,0.,0.));
#8356=DIRECTION('center_axis',(0.,-1.,0.));
#8357=DIRECTION('ref_axis',(0.,0.,1.));
#8358=DIRECTION('center_axis',(4.57196789304815E-16,-1.,0.));
#8359=DIRECTION('ref_axis',(-0.707106781186541,0.,0.707106781186554));
#8360=DIRECTION('center_axis',(0.,-1.,0.));
#8361=DIRECTION('ref_axis',(0.,0.,1.));
#8362=DIRECTION('center_axis',(0.,0.,-1.));
#8363=DIRECTION('ref_axis',(-1.,0.,0.));
#8364=DIRECTION('center_axis',(1.,0.,0.));
#8365=DIRECTION('ref_axis',(0.,0.,1.));
#8366=DIRECTION('center_axis',(1.,0.,0.));
#8367=DIRECTION('ref_axis',(0.,-0.707106781186554,0.707106781186541));
#8368=DIRECTION('center_axis',(1.,0.,0.));
#8369=DIRECTION('ref_axis',(0.,0.,1.));
#8370=DIRECTION('center_axis',(0.,0.,-1.));
#8371=DIRECTION('ref_axis',(-1.,0.,0.));
#8372=DIRECTION('center_axis',(0.,1.,0.));
#8373=DIRECTION('ref_axis',(0.,0.,1.));
#8374=DIRECTION('center_axis',(0.,1.,0.));
#8375=DIRECTION('ref_axis',(0.707106781186554,0.,0.707106781186541));
#8376=DIRECTION('center_axis',(0.,1.,0.));
#8377=DIRECTION('ref_axis',(0.,0.,1.));
#8378=DIRECTION('center_axis',(0.,0.,1.));
#8379=DIRECTION('ref_axis',(1.,0.,0.));
#8380=DIRECTION('center_axis',(0.,0.,1.));
#8381=DIRECTION('ref_axis',(1.,0.,0.));
#8382=DIRECTION('center_axis',(0.,1.,0.));
#8383=DIRECTION('ref_axis',(0.,0.,1.));
#8384=DIRECTION('center_axis',(0.,1.,0.));
#8385=DIRECTION('ref_axis',(0.707106781186554,0.,0.707106781186541));
#8386=DIRECTION('center_axis',(0.,1.,0.));
#8387=DIRECTION('ref_axis',(0.,0.,1.));
#8388=DIRECTION('center_axis',(0.,0.,1.));
#8389=DIRECTION('ref_axis',(1.,0.,0.));
#8390=DIRECTION('center_axis',(1.,0.,0.));
#8391=DIRECTION('ref_axis',(0.,0.,1.));
#8392=DIRECTION('center_axis',(1.,0.,0.));
#8393=DIRECTION('ref_axis',(0.,-0.707106781186541,0.707106781186554));
#8394=DIRECTION('center_axis',(1.,0.,0.));
#8395=DIRECTION('ref_axis',(0.,0.,1.));
#8396=DIRECTION('center_axis',(0.,0.,-1.));
#8397=DIRECTION('ref_axis',(-1.,0.,0.));
#8398=DIRECTION('center_axis',(0.,1.,0.));
#8399=DIRECTION('ref_axis',(0.,0.,1.));
#8400=DIRECTION('center_axis',(0.,1.,0.));
#8401=DIRECTION('ref_axis',(0.707106781186554,0.,0.707106781186541));
#8402=DIRECTION('center_axis',(0.,1.,0.));
#8403=DIRECTION('ref_axis',(0.,0.,1.));
#8404=DIRECTION('center_axis',(0.,0.,-1.));
#8405=DIRECTION('ref_axis',(-1.,0.,0.));
#8406=CARTESIAN_POINT('',(0.,0.,0.));
#8407=CARTESIAN_POINT('Ctrl Pts',(-60.902066524997,-100.201688719081,36.9999999999997));
#8408=CARTESIAN_POINT('Ctrl Pts',(-60.902066524997,-100.201688719081,36.4999999999997));
#8409=CARTESIAN_POINT('Ctrl Pts',(-60.7938152290489,-100.19810450554,36.9999999999997));
#8410=CARTESIAN_POINT('Ctrl Pts',(-60.7938152290489,-100.19810450554,36.4999999999997));
#8411=CARTESIAN_POINT('Ctrl Pts',(-60.5929217412404,-100.191452897787,36.9999999999997));
#8412=CARTESIAN_POINT('Ctrl Pts',(-60.5929217412404,-100.191452897787,36.4999999999997));
#8413=CARTESIAN_POINT('Ctrl Pts',(-60.435330506878,-100.068297153154,36.9999999999997));
#8414=CARTESIAN_POINT('Ctrl Pts',(-60.435330506878,-100.068297153154,36.4999999999997));
#8415=CARTESIAN_POINT('Ctrl Pts',(-60.3626571836727,-100.011503783456,36.9999999999997));
#8416=CARTESIAN_POINT('Ctrl Pts',(-60.3626571836727,-100.011503783456,36.4999999999997));
#8417=CARTESIAN_POINT('',(-60.902066524997,-100.201688719081,36.9999999999997));
#8418=CARTESIAN_POINT('',(-60.3626571836727,-100.011503783456,36.9999999999997));
#8419=CARTESIAN_POINT('Ctrl Pts',(-60.902066524997,-100.201688719081,36.9999999999997));
#8420=CARTESIAN_POINT('Ctrl Pts',(-60.7938152290489,-100.19810450554,36.9999999999997));
#8421=CARTESIAN_POINT('Ctrl Pts',(-60.5929217412404,-100.191452897787,36.9999999999997));
#8422=CARTESIAN_POINT('Ctrl Pts',(-60.435330506878,-100.068297153154,36.9999999999997));
#8423=CARTESIAN_POINT('Ctrl Pts',(-60.3626571836727,-100.011503783456,36.9999999999997));
#8424=CARTESIAN_POINT('',(-60.902066524997,-100.201688719081,36.4999999999997));
#8425=CARTESIAN_POINT('',(-60.902066524997,-100.201688719081,36.9999999999997));
#8426=CARTESIAN_POINT('',(-60.3626571836727,-100.011503783456,36.4999999999997));
#8427=CARTESIAN_POINT('Ctrl Pts',(-60.902066524997,-100.201688719081,36.4999999999997));
#8428=CARTESIAN_POINT('Ctrl Pts',(-60.7938152290489,-100.19810450554,36.4999999999997));
#8429=CARTESIAN_POINT('Ctrl Pts',(-60.5929217412404,-100.191452897787,36.4999999999997));
#8430=CARTESIAN_POINT('Ctrl Pts',(-60.435330506878,-100.068297153154,36.4999999999997));
#8431=CARTESIAN_POINT('Ctrl Pts',(-60.3626571836727,-100.011503783456,36.4999999999997));
#8432=CARTESIAN_POINT('',(-60.3626571836727,-100.011503783456,36.9999999999997));
#8433=CARTESIAN_POINT('Ctrl Pts',(-61.4653922114195,-99.9455994319298,36.9999999999997));
#8434=CARTESIAN_POINT('Ctrl Pts',(-61.4653922114195,-99.9455994319298,36.4999999999997));
#8435=CARTESIAN_POINT('Ctrl Pts',(-61.3902264386798,-100.018769961676,36.9999999999997));
#8436=CARTESIAN_POINT('Ctrl Pts',(-61.3902264386798,-100.018769961676,36.4999999999997));
#8437=CARTESIAN_POINT('Ctrl Pts',(-61.2336818460405,-100.171159145672,36.9999999999997));
#8438=CARTESIAN_POINT('Ctrl Pts',(-61.2336818460405,-100.171159145672,36.4999999999997));
#8439=CARTESIAN_POINT('Ctrl Pts',(-61.015491526762,-100.19124644848,36.9999999999997));
#8440=CARTESIAN_POINT('Ctrl Pts',(-61.015491526762,-100.19124644848,36.4999999999997));
#8441=CARTESIAN_POINT('Ctrl Pts',(-60.902066524997,-100.201688719081,36.9999999999997));
#8442=CARTESIAN_POINT('Ctrl Pts',(-60.902066524997,-100.201688719081,36.4999999999997));
#8443=CARTESIAN_POINT('',(-61.4653922114195,-99.9455994319298,36.9999999999997));
#8444=CARTESIAN_POINT('Ctrl Pts',(-61.4653922114195,-99.9455994319298,36.9999999999997));
#8445=CARTESIAN_POINT('Ctrl Pts',(-61.3902264386798,-100.018769961676,36.9999999999997));
#8446=CARTESIAN_POINT('Ctrl Pts',(-61.2336818460405,-100.171159145672,36.9999999999997));
#8447=CARTESIAN_POINT('Ctrl Pts',(-61.015491526762,-100.19124644848,36.9999999999997));
#8448=CARTESIAN_POINT('Ctrl Pts',(-60.902066524997,-100.201688719081,36.9999999999997));
#8449=CARTESIAN_POINT('',(-61.4653922114195,-99.9455994319298,36.4999999999997));
#8450=CARTESIAN_POINT('',(-61.4653922114195,-99.9455994319298,36.9999999999997));
#8451=CARTESIAN_POINT('Ctrl Pts',(-61.4653922114195,-99.9455994319298,36.4999999999997));
#8452=CARTESIAN_POINT('Ctrl Pts',(-61.3902264386798,-100.018769961676,36.4999999999997));
#8453=CARTESIAN_POINT('Ctrl Pts',(-61.2336818460405,-100.171159145672,36.4999999999997));
#8454=CARTESIAN_POINT('Ctrl Pts',(-61.015491526762,-100.19124644848,36.4999999999997));
#8455=CARTESIAN_POINT('Ctrl Pts',(-60.902066524997,-100.201688719081,36.4999999999997));
#8456=CARTESIAN_POINT('Ctrl Pts',(-61.6520257168508,-99.0307276398844,36.9999999999997));
#8457=CARTESIAN_POINT('Ctrl Pts',(-61.6520257168508,-99.0307276398844,36.4999999999997));
#8458=CARTESIAN_POINT('Ctrl Pts',(-61.655492565467,-99.2218336303634,36.9999999999997));
#8459=CARTESIAN_POINT('Ctrl Pts',(-61.655492565467,-99.2218336303634,36.4999999999997));
#8460=CARTESIAN_POINT('Ctrl Pts',(-61.6613160188168,-99.5428447109154,36.9999999999997));
#8461=CARTESIAN_POINT('Ctrl Pts',(-61.6613160188168,-99.5428447109154,36.4999999999997));
#8462=CARTESIAN_POINT('Ctrl Pts',(-61.5218361837262,-99.8295692433513,36.9999999999997));
#8463=CARTESIAN_POINT('Ctrl Pts',(-61.5218361837262,-99.8295692433513,36.4999999999997));
#8464=CARTESIAN_POINT('Ctrl Pts',(-61.4653922114195,-99.9455994319298,36.9999999999997));
#8465=CARTESIAN_POINT('Ctrl Pts',(-61.4653922114195,-99.9455994319298,36.4999999999997));
#8466=CARTESIAN_POINT('',(-61.6520257168508,-99.0307276398844,36.9999999999997));
#8467=CARTESIAN_POINT('Ctrl Pts',(-61.6520257168508,-99.0307276398844,36.9999999999997));
#8468=CARTESIAN_POINT('Ctrl Pts',(-61.655492565467,-99.2218336303634,36.9999999999997));
#8469=CARTESIAN_POINT('Ctrl Pts',(-61.6613160188168,-99.5428447109154,36.9999999999997));
#8470=CARTESIAN_POINT('Ctrl Pts',(-61.5218361837262,-99.8295692433513,36.9999999999997));
#8471=CARTESIAN_POINT('Ctrl Pts',(-61.4653922114195,-99.9455994319298,36.9999999999997));
#8472=CARTESIAN_POINT('',(-61.6520257168508,-99.0307276398844,36.4999999999997));
#8473=CARTESIAN_POINT('',(-61.6520257168508,-99.0307276398844,36.9999999999997));
#8474=CARTESIAN_POINT('Ctrl Pts',(-61.6520257168508,-99.0307276398844,36.4999999999997));
#8475=CARTESIAN_POINT('Ctrl Pts',(-61.655492565467,-99.2218336303634,36.4999999999997));
#8476=CARTESIAN_POINT('Ctrl Pts',(-61.6613160188168,-99.5428447109154,36.4999999999997));
#8477=CARTESIAN_POINT('Ctrl Pts',(-61.5218361837262,-99.8295692433513,36.4999999999997));
#8478=CARTESIAN_POINT('Ctrl Pts',(-61.4653922114195,-99.9455994319298,36.4999999999997));
#8479=CARTESIAN_POINT('Ctrl Pts',(-61.4697086263964,-98.2461076783274,36.9999999999997));
#8480=CARTESIAN_POINT('Ctrl Pts',(-61.4697086263964,-98.2461076783274,36.4999999999997));
#8481=CARTESIAN_POINT('Ctrl Pts',(-61.5205410922552,-98.3510818258851,36.9999999999997));
#8482=CARTESIAN_POINT('Ctrl Pts',(-61.5205410922552,-98.3510818258851,36.4999999999997));
#8483=CARTESIAN_POINT('Ctrl Pts',(-61.6399508779617,-98.5976750267616,36.9999999999997));
#8484=CARTESIAN_POINT('Ctrl Pts',(-61.6399508779617,-98.5976750267616,36.4999999999997));
#8485=CARTESIAN_POINT('Ctrl Pts',(-61.6476208397919,-98.8727509133774,36.9999999999997));
#8486=CARTESIAN_POINT('Ctrl Pts',(-61.6476208397919,-98.8727509133774,36.4999999999997));
#8487=CARTESIAN_POINT('Ctrl Pts',(-61.6520257168508,-99.0307276398844,36.9999999999997));
#8488=CARTESIAN_POINT('Ctrl Pts',(-61.6520257168508,-99.0307276398844,36.4999999999997));
#8489=CARTESIAN_POINT('',(-61.4697086263964,-98.2461076783274,36.9999999999997));
#8490=CARTESIAN_POINT('Ctrl Pts',(-61.4697086263964,-98.2461076783274,36.9999999999997));
#8491=CARTESIAN_POINT('Ctrl Pts',(-61.5205410922552,-98.3510818258851,36.9999999999997));
#8492=CARTESIAN_POINT('Ctrl Pts',(-61.6399508779617,-98.5976750267616,36.9999999999997));
#8493=CARTESIAN_POINT('Ctrl Pts',(-61.6476208397919,-98.8727509133774,36.9999999999997));
#8494=CARTESIAN_POINT('Ctrl Pts',(-61.6520257168508,-99.0307276398844,36.9999999999997));
#8495=CARTESIAN_POINT('',(-61.4697086263964,-98.2461076783274,36.4999999999997));
#8496=CARTESIAN_POINT('',(-61.4697086263964,-98.2461076783274,36.9999999999997));
#8497=CARTESIAN_POINT('Ctrl Pts',(-61.4697086263964,-98.2461076783274,36.4999999999997));
#8498=CARTESIAN_POINT('Ctrl Pts',(-61.5205410922552,-98.3510818258851,36.4999999999997));
#8499=CARTESIAN_POINT('Ctrl Pts',(-61.6399508779617,-98.5976750267616,36.4999999999997));
#8500=CARTESIAN_POINT('Ctrl Pts',(-61.6476208397919,-98.8727509133774,36.4999999999997));
#8501=CARTESIAN_POINT('Ctrl Pts',(-61.6520257168508,-99.0307276398844,36.4999999999997));
#8502=CARTESIAN_POINT('Ctrl Pts',(-60.8202166571378,-97.9189733633758,36.9999999999997));
#8503=CARTESIAN_POINT('Ctrl Pts',(-60.8202166571378,-97.9189733633758,36.4999999999997));
#8504=CARTESIAN_POINT('Ctrl Pts',(-60.9518865425804,-97.9302335654623,36.9999999999997));
#8505=CARTESIAN_POINT('Ctrl Pts',(-60.9518865425804,-97.9302335654623,36.4999999999997));
#8506=CARTESIAN_POINT('Ctrl Pts',(-61.2124028896575,-97.9525125148596,36.9999999999997));
#8507=CARTESIAN_POINT('Ctrl Pts',(-61.2124028896575,-97.9525125148596,36.4999999999997));
#8508=CARTESIAN_POINT('Ctrl Pts',(-61.3845619893902,-98.1489522820762,36.9999999999997));
#8509=CARTESIAN_POINT('Ctrl Pts',(-61.3845619893902,-98.1489522820762,36.4999999999997));
#8510=CARTESIAN_POINT('Ctrl Pts',(-61.4697086263964,-98.2461076783274,36.9999999999997));
#8511=CARTESIAN_POINT('Ctrl Pts',(-61.4697086263964,-98.2461076783274,36.4999999999997));
#8512=CARTESIAN_POINT('',(-60.8202166571378,-97.9189733633758,36.9999999999997));
#8513=CARTESIAN_POINT('Ctrl Pts',(-60.8202166571378,-97.9189733633758,36.9999999999997));
#8514=CARTESIAN_POINT('Ctrl Pts',(-60.9518865425804,-97.9302335654623,36.9999999999997));
#8515=CARTESIAN_POINT('Ctrl Pts',(-61.2124028896575,-97.9525125148596,36.9999999999997));
#8516=CARTESIAN_POINT('Ctrl Pts',(-61.3845619893902,-98.1489522820762,36.9999999999997));
#8517=CARTESIAN_POINT('Ctrl Pts',(-61.4697086263964,-98.2461076783274,36.9999999999997));
#8518=CARTESIAN_POINT('',(-60.8202166571378,-97.9189733633758,36.4999999999997));
#8519=CARTESIAN_POINT('',(-60.8202166571378,-97.9189733633758,36.9999999999997));
#8520=CARTESIAN_POINT('Ctrl Pts',(-60.8202166571378,-97.9189733633758,36.4999999999997));
#8521=CARTESIAN_POINT('Ctrl Pts',(-60.9518865425804,-97.9302335654623,36.4999999999997));
#8522=CARTESIAN_POINT('Ctrl Pts',(-61.2124028896575,-97.9525125148596,36.4999999999997));
#8523=CARTESIAN_POINT('Ctrl Pts',(-61.3845619893902,-98.1489522820762,36.4999999999997));
#8524=CARTESIAN_POINT('Ctrl Pts',(-61.4697086263964,-98.2461076783274,36.4999999999997));
#8525=CARTESIAN_POINT('Ctrl Pts',(-60.4859339770513,-98.0009751152365,36.9999999999997));
#8526=CARTESIAN_POINT('Ctrl Pts',(-60.4859339770513,-98.0009751152365,36.4999999999997));
#8527=CARTESIAN_POINT('Ctrl Pts',(-60.5377987406963,-97.9778253133344,36.9999999999997));
#8528=CARTESIAN_POINT('Ctrl Pts',(-60.5377987406963,-97.9778253133344,36.4999999999997));
#8529=CARTESIAN_POINT('Ctrl Pts',(-60.6442150390212,-97.93032647111,36.9999999999997));
#8530=CARTESIAN_POINT('Ctrl Pts',(-60.6442150390212,-97.93032647111,36.4999999999997));
#8531=CARTESIAN_POINT('Ctrl Pts',(-60.7605702160124,-97.9228208988661,36.9999999999997));
#8532=CARTESIAN_POINT('Ctrl Pts',(-60.7605702160124,-97.9228208988661,36.4999999999997));
#8533=CARTESIAN_POINT('Ctrl Pts',(-60.8202166571378,-97.9189733633758,36.9999999999997));
#8534=CARTESIAN_POINT('Ctrl Pts',(-60.8202166571378,-97.9189733633758,36.4999999999997));
#8535=CARTESIAN_POINT('',(-60.4859339770513,-98.0009751152365,36.9999999999997));
#8536=CARTESIAN_POINT('Ctrl Pts',(-60.4859339770513,-98.0009751152365,36.9999999999997));
#8537=CARTESIAN_POINT('Ctrl Pts',(-60.5377987406963,-97.9778253133344,36.9999999999997));
#8538=CARTESIAN_POINT('Ctrl Pts',(-60.6442150390212,-97.93032647111,36.9999999999997));
#8539=CARTESIAN_POINT('Ctrl Pts',(-60.7605702160124,-97.9228208988661,36.9999999999997));
#8540=CARTESIAN_POINT('Ctrl Pts',(-60.8202166571378,-97.9189733633758,36.9999999999997));
#8541=CARTESIAN_POINT('',(-60.4859339770513,-98.0009751152365,36.4999999999997));
#8542=CARTESIAN_POINT('',(-60.4859339770513,-98.0009751152365,36.9999999999997));
#8543=CARTESIAN_POINT('Ctrl Pts',(-60.4859339770513,-98.0009751152365,36.4999999999997));
#8544=CARTESIAN_POINT('Ctrl Pts',(-60.5377987406963,-97.9778253133344,36.4999999999997));
#8545=CARTESIAN_POINT('Ctrl Pts',(-60.6442150390212,-97.93032647111,36.4999999999997));
#8546=CARTESIAN_POINT('Ctrl Pts',(-60.7605702160124,-97.9228208988661,36.4999999999997));
#8547=CARTESIAN_POINT('Ctrl Pts',(-60.8202166571378,-97.9189733633758,36.4999999999997));
#8548=CARTESIAN_POINT('Ctrl Pts',(-60.2358693020176,-98.2234695410613,36.9999999999997));
#8549=CARTESIAN_POINT('Ctrl Pts',(-60.2358693020176,-98.2234695410613,36.4999999999997));
#8550=CARTESIAN_POINT('Ctrl Pts',(-60.2713314949679,-98.1784494704492,36.9999999999997));
#8551=CARTESIAN_POINT('Ctrl Pts',(-60.2713314949679,-98.1784494704492,36.4999999999997));
#8552=CARTESIAN_POINT('Ctrl Pts',(-60.341476744522,-98.0893984607599,36.9999999999997));
#8553=CARTESIAN_POINT('Ctrl Pts',(-60.341476744522,-98.0893984607599,36.4999999999997));
#8554=CARTESIAN_POINT('Ctrl Pts',(-60.4381394589839,-98.0302304949167,36.9999999999997));
#8555=CARTESIAN_POINT('Ctrl Pts',(-60.4381394589839,-98.0302304949167,36.4999999999997));
#8556=CARTESIAN_POINT('Ctrl Pts',(-60.4859339770513,-98.0009751152365,36.9999999999997));
#8557=CARTESIAN_POINT('Ctrl Pts',(-60.4859339770513,-98.0009751152365,36.4999999999997));
#8558=CARTESIAN_POINT('',(-60.2358693020176,-98.2234695410613,36.9999999999997));
#8559=CARTESIAN_POINT('Ctrl Pts',(-60.2358693020176,-98.2234695410613,36.9999999999997));
#8560=CARTESIAN_POINT('Ctrl Pts',(-60.2713314949679,-98.1784494704492,36.9999999999997));
#8561=CARTESIAN_POINT('Ctrl Pts',(-60.341476744522,-98.0893984607599,36.9999999999997));
#8562=CARTESIAN_POINT('Ctrl Pts',(-60.4381394589839,-98.0302304949167,36.9999999999997));
#8563=CARTESIAN_POINT('Ctrl Pts',(-60.4859339770513,-98.0009751152365,36.9999999999997));
#8564=CARTESIAN_POINT('',(-60.2358693020176,-98.2234695410613,36.4999999999997));
#8565=CARTESIAN_POINT('',(-60.2358693020176,-98.2234695410613,36.9999999999997));
#8566=CARTESIAN_POINT('Ctrl Pts',(-60.2358693020176,-98.2234695410613,36.4999999999997));
#8567=CARTESIAN_POINT('Ctrl Pts',(-60.2713314949679,-98.1784494704492,36.4999999999997));
#8568=CARTESIAN_POINT('Ctrl Pts',(-60.341476744522,-98.0893984607599,36.4999999999997));
#8569=CARTESIAN_POINT('Ctrl Pts',(-60.4381394589839,-98.0302304949167,36.4999999999997));
#8570=CARTESIAN_POINT('Ctrl Pts',(-60.4859339770513,-98.0009751152365,36.4999999999997));
#8571=CARTESIAN_POINT('Ctrl Pts',(-60.1203042339046,-98.4928350232339,36.9999999999997));
#8572=CARTESIAN_POINT('Ctrl Pts',(-60.1203042339046,-98.4928350232339,36.4999999999997));
#8573=CARTESIAN_POINT('Ctrl Pts',(-60.1366518094572,-98.4387357002439,36.9999999999997));
#8574=CARTESIAN_POINT('Ctrl Pts',(-60.1366518094572,-98.4387357002439,36.4999999999997));
#8575=CARTESIAN_POINT('Ctrl Pts',(-60.1651283165205,-98.3444978881425,36.9999999999997));
#8576=CARTESIAN_POINT('Ctrl Pts',(-60.1651283165205,-98.3444978881425,36.4999999999997));
#8577=CARTESIAN_POINT('Ctrl Pts',(-60.214738818067,-98.2596209676719,36.9999999999997));
#8578=CARTESIAN_POINT('Ctrl Pts',(-60.214738818067,-98.2596209676719,36.4999999999997));
#8579=CARTESIAN_POINT('Ctrl Pts',(-60.2358693020176,-98.2234695410613,36.9999999999997));
#8580=CARTESIAN_POINT('Ctrl Pts',(-60.2358693020176,-98.2234695410613,36.4999999999997));
#8581=CARTESIAN_POINT('',(-60.1203042339046,-98.4928350232339,36.9999999999997));
#8582=CARTESIAN_POINT('Ctrl Pts',(-60.1203042339046,-98.4928350232339,36.9999999999997));
#8583=CARTESIAN_POINT('Ctrl Pts',(-60.1366518094572,-98.4387357002439,36.9999999999997));
#8584=CARTESIAN_POINT('Ctrl Pts',(-60.1651283165205,-98.3444978881425,36.9999999999997));
#8585=CARTESIAN_POINT('Ctrl Pts',(-60.214738818067,-98.2596209676719,36.9999999999997));
#8586=CARTESIAN_POINT('Ctrl Pts',(-60.2358693020176,-98.2234695410613,36.9999999999997));
#8587=CARTESIAN_POINT('',(-60.1203042339046,-98.4928350232339,36.4999999999997));
#8588=CARTESIAN_POINT('',(-60.1203042339046,-98.4928350232339,36.9999999999997));
#8589=CARTESIAN_POINT('Ctrl Pts',(-60.1203042339046,-98.4928350232339,36.4999999999997));
#8590=CARTESIAN_POINT('Ctrl Pts',(-60.1366518094572,-98.4387357002439,36.4999999999997));
#8591=CARTESIAN_POINT('Ctrl Pts',(-60.1651283165205,-98.3444978881425,36.4999999999997));
#8592=CARTESIAN_POINT('Ctrl Pts',(-60.214738818067,-98.2596209676719,36.4999999999997));
#8593=CARTESIAN_POINT('Ctrl Pts',(-60.2358693020176,-98.2234695410613,36.4999999999997));
#8594=CARTESIAN_POINT('Origin',(-59.0249899071381,-98.2682868838197,36.9999999999997));
#8595=CARTESIAN_POINT('',(-59.0249899071381,-98.2682868838197,36.9999999999997));
#8596=CARTESIAN_POINT('',(-33.6600182992034,-93.0682661759118,36.9999999999997));
#8597=CARTESIAN_POINT('',(-59.0249899071381,-98.2682868838197,36.4999999999997));
#8598=CARTESIAN_POINT('',(-59.0249899071381,-98.2682868838197,36.9999999999997));
#8599=CARTESIAN_POINT('',(-59.0249899071381,-98.2682868838197,36.4999999999997));
#8600=CARTESIAN_POINT('Ctrl Pts',(-59.6517645280685,-97.3190615991463,36.9999999999997));
#8601=CARTESIAN_POINT('Ctrl Pts',(-59.6517645280685,-97.3190615991463,36.4999999999997));
#8602=CARTESIAN_POINT('Ctrl Pts',(-59.5170749794571,-97.4427077105095,36.9999999999997));
#8603=CARTESIAN_POINT('Ctrl Pts',(-59.5170749794571,-97.4427077105095,36.4999999999997));
#8604=CARTESIAN_POINT('Ctrl Pts',(-59.2299175400859,-97.7063205972801,36.9999999999997));
#8605=CARTESIAN_POINT('Ctrl Pts',(-59.2299175400859,-97.7063205972801,36.4999999999997));
#8606=CARTESIAN_POINT('Ctrl Pts',(-59.0960615261111,-98.0733895280161,36.9999999999997));
#8607=CARTESIAN_POINT('Ctrl Pts',(-59.0960615261111,-98.0733895280161,36.4999999999997));
#8608=CARTESIAN_POINT('Ctrl Pts',(-59.0249899071381,-98.2682868838197,36.9999999999997));
#8609=CARTESIAN_POINT('Ctrl Pts',(-59.0249899071381,-98.2682868838197,36.4999999999997));
#8610=CARTESIAN_POINT('',(-59.6517645280685,-97.3190615991463,36.9999999999997));
#8611=CARTESIAN_POINT('Ctrl Pts',(-59.6517645280685,-97.3190615991463,36.9999999999997));
#8612=CARTESIAN_POINT('Ctrl Pts',(-59.5170749794571,-97.4427077105095,36.9999999999997));
#8613=CARTESIAN_POINT('Ctrl Pts',(-59.2299175400859,-97.7063205972801,36.9999999999997));
#8614=CARTESIAN_POINT('Ctrl Pts',(-59.0960615261111,-98.0733895280161,36.9999999999997));
#8615=CARTESIAN_POINT('Ctrl Pts',(-59.0249899071381,-98.2682868838197,36.9999999999997));
#8616=CARTESIAN_POINT('',(-59.6517645280685,-97.3190615991463,36.4999999999997));
#8617=CARTESIAN_POINT('',(-59.6517645280685,-97.3190615991463,36.9999999999997));
#8618=CARTESIAN_POINT('Ctrl Pts',(-59.6517645280685,-97.3190615991463,36.4999999999997));
#8619=CARTESIAN_POINT('Ctrl Pts',(-59.5170749794571,-97.4427077105095,36.4999999999997));
#8620=CARTESIAN_POINT('Ctrl Pts',(-59.2299175400859,-97.7063205972801,36.4999999999997));
#8621=CARTESIAN_POINT('Ctrl Pts',(-59.0960615261111,-98.0733895280161,36.4999999999997));
#8622=CARTESIAN_POINT('Ctrl Pts',(-59.0249899071381,-98.2682868838197,36.4999999999997));
#8623=CARTESIAN_POINT('Ctrl Pts',(-60.8347542103456,-96.9936356005908,36.9999999999997));
#8624=CARTESIAN_POINT('Ctrl Pts',(-60.8347542103456,-96.9936356005908,36.4999999999997));
#8625=CARTESIAN_POINT('Ctrl Pts',(-60.6049282479058,-97.0046582446678,36.9999999999997));
#8626=CARTESIAN_POINT('Ctrl Pts',(-60.6049282479058,-97.0046582446678,36.4999999999997));
#8627=CARTESIAN_POINT('Ctrl Pts',(-60.1849059545223,-97.0248028627744,36.9999999999997));
#8628=CARTESIAN_POINT('Ctrl Pts',(-60.1849059545223,-97.0248028627744,36.4999999999997));
#8629=CARTESIAN_POINT('Ctrl Pts',(-59.8179370097712,-97.2273454014183,36.9999999999997));
#8630=CARTESIAN_POINT('Ctrl Pts',(-59.8179370097712,-97.2273454014183,36.4999999999997));
#8631=CARTESIAN_POINT('Ctrl Pts',(-59.6517645280685,-97.3190615991463,36.9999999999997));
#8632=CARTESIAN_POINT('Ctrl Pts',(-59.6517645280685,-97.3190615991463,36.4999999999997));
#8633=CARTESIAN_POINT('',(-60.8347542103456,-96.9936356005908,36.9999999999997));
#8634=CARTESIAN_POINT('Ctrl Pts',(-60.8347542103456,-96.9936356005908,36.9999999999997));
#8635=CARTESIAN_POINT('Ctrl Pts',(-60.6049282479058,-97.0046582446678,36.9999999999997));
#8636=CARTESIAN_POINT('Ctrl Pts',(-60.1849059545223,-97.0248028627744,36.9999999999997));
#8637=CARTESIAN_POINT('Ctrl Pts',(-59.8179370097712,-97.2273454014183,36.9999999999997));
#8638=CARTESIAN_POINT('Ctrl Pts',(-59.6517645280685,-97.3190615991463,36.9999999999997));
#8639=CARTESIAN_POINT('',(-60.8347542103456,-96.9936356005908,36.4999999999997));
#8640=CARTESIAN_POINT('',(-60.8347542103456,-96.9936356005908,36.9999999999997));
#8641=CARTESIAN_POINT('Ctrl Pts',(-60.8347542103456,-96.9936356005908,36.4999999999997));
#8642=CARTESIAN_POINT('Ctrl Pts',(-60.6049282479058,-97.0046582446678,36.4999999999997));
#8643=CARTESIAN_POINT('Ctrl Pts',(-60.1849059545223,-97.0248028627744,36.4999999999997));
#8644=CARTESIAN_POINT('Ctrl Pts',(-59.8179370097712,-97.2273454014183,36.4999999999997));
#8645=CARTESIAN_POINT('Ctrl Pts',(-59.6517645280685,-97.3190615991463,36.4999999999997));
#8646=CARTESIAN_POINT('Ctrl Pts',(-62.3373229836492,-97.5016562119002,36.9999999999997));
#8647=CARTESIAN_POINT('Ctrl Pts',(-62.3373229836492,-97.5016562119002,36.4999999999997));
#8648=CARTESIAN_POINT('Ctrl Pts',(-62.1304860224403,-97.3498192020494,36.9999999999997));
#8649=CARTESIAN_POINT('Ctrl Pts',(-62.1304860224403,-97.3498192020494,36.4999999999997));
#8650=CARTESIAN_POINT('Ctrl Pts',(-61.6854027835298,-97.0230879073336,36.9999999999997));
#8651=CARTESIAN_POINT('Ctrl Pts',(-61.6854027835298,-97.0230879073336,36.4999999999997));
#8652=CARTESIAN_POINT('Ctrl Pts',(-61.1313371198591,-97.0039042956795,36.9999999999997));
#8653=CARTESIAN_POINT('Ctrl Pts',(-61.1313371198591,-97.0039042956795,36.4999999999997));
#8654=CARTESIAN_POINT('Ctrl Pts',(-60.8347542103456,-96.9936356005908,36.9999999999997));
#8655=CARTESIAN_POINT('Ctrl Pts',(-60.8347542103456,-96.9936356005908,36.4999999999997));
#8656=CARTESIAN_POINT('',(-62.3373229836492,-97.5016562119002,36.9999999999997));
#8657=CARTESIAN_POINT('Ctrl Pts',(-62.3373229836492,-97.5016562119002,36.9999999999997));
#8658=CARTESIAN_POINT('Ctrl Pts',(-62.1304860224403,-97.3498192020494,36.9999999999997));
#8659=CARTESIAN_POINT('Ctrl Pts',(-61.6854027835298,-97.0230879073336,36.9999999999997));
#8660=CARTESIAN_POINT('Ctrl Pts',(-61.1313371198591,-97.0039042956795,36.9999999999997));
#8661=CARTESIAN_POINT('Ctrl Pts',(-60.8347542103456,-96.9936356005908,36.9999999999997));
#8662=CARTESIAN_POINT('',(-62.3373229836492,-97.5016562119002,36.4999999999997));
#8663=CARTESIAN_POINT('',(-62.3373229836492,-97.5016562119002,36.9999999999997));
#8664=CARTESIAN_POINT('Ctrl Pts',(-62.3373229836492,-97.5016562119002,36.4999999999997));
#8665=CARTESIAN_POINT('Ctrl Pts',(-62.1304860224403,-97.3498192020494,36.4999999999997));
#8666=CARTESIAN_POINT('Ctrl Pts',(-61.6854027835298,-97.0230879073336,36.4999999999997));
#8667=CARTESIAN_POINT('Ctrl Pts',(-61.1313371198591,-97.0039042956795,36.4999999999997));
#8668=CARTESIAN_POINT('Ctrl Pts',(-60.8347542103456,-96.9936356005908,36.4999999999997));
#8669=CARTESIAN_POINT('Ctrl Pts',(-62.8907341971568,-99.0181925415325,36.9999999999997));
#8670=CARTESIAN_POINT('Ctrl Pts',(-62.8907341971568,-99.0181925415325,36.4999999999997));
#8671=CARTESIAN_POINT('Ctrl Pts',(-62.8713776506293,-98.7151166537792,36.9999999999997));
#8672=CARTESIAN_POINT('Ctrl Pts',(-62.8713776506293,-98.7151166537792,36.4999999999997));
#8673=CARTESIAN_POINT('Ctrl Pts',(-62.835459655128,-98.1527292280385,36.9999999999997));
#8674=CARTESIAN_POINT('Ctrl Pts',(-62.835459655128,-98.1527292280385,36.4999999999997));
#8675=CARTESIAN_POINT('Ctrl Pts',(-62.4945248204667,-97.707121659235,36.9999999999997));
#8676=CARTESIAN_POINT('Ctrl Pts',(-62.4945248204667,-97.707121659235,36.4999999999997));
#8677=CARTESIAN_POINT('Ctrl Pts',(-62.3373229836492,-97.5016562119002,36.9999999999997));
#8678=CARTESIAN_POINT('Ctrl Pts',(-62.3373229836492,-97.5016562119002,36.4999999999997));
#8679=CARTESIAN_POINT('',(-62.8907341971568,-99.0181925415325,36.9999999999997));
#8680=CARTESIAN_POINT('Ctrl Pts',(-62.8907341971568,-99.0181925415325,36.9999999999997));
#8681=CARTESIAN_POINT('Ctrl Pts',(-62.8713776506293,-98.7151166537792,36.9999999999997));
#8682=CARTESIAN_POINT('Ctrl Pts',(-62.835459655128,-98.1527292280385,36.9999999999997));
#8683=CARTESIAN_POINT('Ctrl Pts',(-62.4945248204667,-97.707121659235,36.9999999999997));
#8684=CARTESIAN_POINT('Ctrl Pts',(-62.3373229836492,-97.5016562119002,36.9999999999997));
#8685=CARTESIAN_POINT('',(-62.8907341971568,-99.0181925415325,36.4999999999997));
#8686=CARTESIAN_POINT('',(-62.8907341971568,-99.0181925415325,36.9999999999997));
#8687=CARTESIAN_POINT('Ctrl Pts',(-62.8907341971568,-99.0181925415325,36.4999999999997));
#8688=CARTESIAN_POINT('Ctrl Pts',(-62.8713776506293,-98.7151166537792,36.4999999999997));
#8689=CARTESIAN_POINT('Ctrl Pts',(-62.835459655128,-98.1527292280385,36.4999999999997));
#8690=CARTESIAN_POINT('Ctrl Pts',(-62.4945248204667,-97.707121659235,36.4999999999997));
#8691=CARTESIAN_POINT('Ctrl Pts',(-62.3373229836492,-97.5016562119002,36.4999999999997));
#8692=CARTESIAN_POINT('Ctrl Pts',(-62.6110727124412,-100.244627194321,36.9999999999997));
#8693=CARTESIAN_POINT('Ctrl Pts',(-62.6110727124412,-100.244627194321,36.4999999999997));
#8694=CARTESIAN_POINT('Ctrl Pts',(-62.6954956195203,-100.065041406979,36.9999999999997));
#8695=CARTESIAN_POINT('Ctrl Pts',(-62.6954956195203,-100.065041406979,36.4999999999997));
#8696=CARTESIAN_POINT('Ctrl Pts',(-62.8776818705984,-99.6774918369058,36.9999999999997));
#8697=CARTESIAN_POINT('Ctrl Pts',(-62.8776818705984,-99.6774918369058,36.4999999999997));
#8698=CARTESIAN_POINT('Ctrl Pts',(-62.8861760941491,-99.2484315022074,36.9999999999997));
#8699=CARTESIAN_POINT('Ctrl Pts',(-62.8861760941491,-99.2484315022074,36.4999999999997));
#8700=CARTESIAN_POINT('Ctrl Pts',(-62.8907341971568,-99.0181925415325,36.9999999999997));
#8701=CARTESIAN_POINT('Ctrl Pts',(-62.8907341971568,-99.0181925415325,36.4999999999997));
#8702=CARTESIAN_POINT('',(-62.6110727124412,-100.244627194321,36.9999999999997));
#8703=CARTESIAN_POINT('Ctrl Pts',(-62.6110727124412,-100.244627194321,36.9999999999997));
#8704=CARTESIAN_POINT('Ctrl Pts',(-62.6954956195203,-100.065041406979,36.9999999999997));
#8705=CARTESIAN_POINT('Ctrl Pts',(-62.8776818705984,-99.6774918369058,36.9999999999997));
#8706=CARTESIAN_POINT('Ctrl Pts',(-62.8861760941491,-99.2484315022074,36.9999999999997));
#8707=CARTESIAN_POINT('Ctrl Pts',(-62.8907341971568,-99.0181925415325,36.9999999999997));
#8708=CARTESIAN_POINT('',(-62.6110727124412,-100.244627194321,36.4999999999997));
#8709=CARTESIAN_POINT('',(-62.6110727124412,-100.244627194321,36.9999999999997));
#8710=CARTESIAN_POINT('Ctrl Pts',(-62.6110727124412,-100.244627194321,36.4999999999997));
#8711=CARTESIAN_POINT('Ctrl Pts',(-62.6954956195203,-100.065041406979,36.4999999999997));
#8712=CARTESIAN_POINT('Ctrl Pts',(-62.8776818705984,-99.6774918369058,36.4999999999997));
#8713=CARTESIAN_POINT('Ctrl Pts',(-62.8861760941491,-99.2484315022074,36.4999999999997));
#8714=CARTESIAN_POINT('Ctrl Pts',(-62.8907341971568,-99.0181925415325,36.4999999999997));
#8715=CARTESIAN_POINT('Ctrl Pts',(-61.9088176999857,-100.923141677834,36.9999999999997));
#8716=CARTESIAN_POINT('Ctrl Pts',(-61.9088176999857,-100.923141677834,36.4999999999997));
#8717=CARTESIAN_POINT('Ctrl Pts',(-62.0430578329616,-100.84161533981,36.9999999999997));
#8718=CARTESIAN_POINT('Ctrl Pts',(-62.0430578329616,-100.84161533981,36.4999999999997));
#8719=CARTESIAN_POINT('Ctrl Pts',(-62.3277534268582,-100.668714816641,36.9999999999997));
#8720=CARTESIAN_POINT('Ctrl Pts',(-62.3277534268582,-100.668714816641,36.4999999999997));
#8721=CARTESIAN_POINT('Ctrl Pts',(-62.5131137778868,-100.391257423021,36.9999999999997));
#8722=CARTESIAN_POINT('Ctrl Pts',(-62.5131137778868,-100.391257423021,36.4999999999997));
#8723=CARTESIAN_POINT('Ctrl Pts',(-62.6110727124412,-100.244627194321,36.9999999999997));
#8724=CARTESIAN_POINT('Ctrl Pts',(-62.6110727124412,-100.244627194321,36.4999999999997));
#8725=CARTESIAN_POINT('',(-61.9088176999857,-100.923141677834,36.9999999999997));
#8726=CARTESIAN_POINT('Ctrl Pts',(-61.9088176999857,-100.923141677834,36.9999999999997));
#8727=CARTESIAN_POINT('Ctrl Pts',(-62.0430578329616,-100.84161533981,36.9999999999997));
#8728=CARTESIAN_POINT('Ctrl Pts',(-62.3277534268582,-100.668714816641,36.9999999999997));
#8729=CARTESIAN_POINT('Ctrl Pts',(-62.5131137778868,-100.391257423021,36.9999999999997));
#8730=CARTESIAN_POINT('Ctrl Pts',(-62.6110727124412,-100.244627194321,36.9999999999997));
#8731=CARTESIAN_POINT('',(-61.9088176999857,-100.923141677834,36.4999999999997));
#8732=CARTESIAN_POINT('',(-61.9088176999857,-100.923141677834,36.9999999999997));
#8733=CARTESIAN_POINT('Ctrl Pts',(-61.9088176999857,-100.923141677834,36.4999999999997));
#8734=CARTESIAN_POINT('Ctrl Pts',(-62.0430578329616,-100.84161533981,36.4999999999997));
#8735=CARTESIAN_POINT('Ctrl Pts',(-62.3277534268582,-100.668714816641,36.4999999999997));
#8736=CARTESIAN_POINT('Ctrl Pts',(-62.5131137778868,-100.391257423021,36.4999999999997));
#8737=CARTESIAN_POINT('Ctrl Pts',(-62.6110727124412,-100.244627194321,36.4999999999997));
#8738=CARTESIAN_POINT('Ctrl Pts',(-60.8466522541699,-101.130441775151,36.9999999999997));
#8739=CARTESIAN_POINT('Ctrl Pts',(-60.8466522541699,-101.130441775151,36.4999999999997));
#8740=CARTESIAN_POINT('Ctrl Pts',(-61.0461401709155,-101.122564956778,36.9999999999997));
#8741=CARTESIAN_POINT('Ctrl Pts',(-61.0461401709155,-101.122564956778,36.4999999999997));
#8742=CARTESIAN_POINT('Ctrl Pts',(-61.4114246873468,-101.108141628101,36.9999999999997));
#8743=CARTESIAN_POINT('Ctrl Pts',(-61.4114246873468,-101.108141628101,36.4999999999997));
#8744=CARTESIAN_POINT('Ctrl Pts',(-61.7535380869467,-100.980896250093,36.9999999999997));
#8745=CARTESIAN_POINT('Ctrl Pts',(-61.7535380869467,-100.980896250093,36.4999999999997));
#8746=CARTESIAN_POINT('Ctrl Pts',(-61.9088176999857,-100.923141677834,36.9999999999997));
#8747=CARTESIAN_POINT('Ctrl Pts',(-61.9088176999857,-100.923141677834,36.4999999999997));
#8748=CARTESIAN_POINT('',(-60.8466522541699,-101.130441775151,36.9999999999997));
#8749=CARTESIAN_POINT('Ctrl Pts',(-60.8466522541699,-101.130441775151,36.9999999999997));
#8750=CARTESIAN_POINT('Ctrl Pts',(-61.0461401709155,-101.122564956778,36.9999999999997));
#8751=CARTESIAN_POINT('Ctrl Pts',(-61.4114246873468,-101.108141628101,36.9999999999997));
#8752=CARTESIAN_POINT('Ctrl Pts',(-61.7535380869467,-100.980896250093,36.9999999999997));
#8753=CARTESIAN_POINT('Ctrl Pts',(-61.9088176999857,-100.923141677834,36.9999999999997));
#8754=CARTESIAN_POINT('',(-60.8466522541699,-101.130441775151,36.4999999999997));
#8755=CARTESIAN_POINT('',(-60.8466522541699,-101.130441775151,36.9999999999997));
#8756=CARTESIAN_POINT('Ctrl Pts',(-60.8466522541699,-101.130441775151,36.4999999999997));
#8757=CARTESIAN_POINT('Ctrl Pts',(-61.0461401709155,-101.122564956778,36.4999999999997));
#8758=CARTESIAN_POINT('Ctrl Pts',(-61.4114246873468,-101.108141628101,36.4999999999997));
#8759=CARTESIAN_POINT('Ctrl Pts',(-61.7535380869467,-100.980896250093,36.4999999999997));
#8760=CARTESIAN_POINT('Ctrl Pts',(-61.9088176999857,-100.923141677834,36.4999999999997));
#8761=CARTESIAN_POINT('Ctrl Pts',(-59.9587721458291,-100.98974814681,36.9999999999997));
#8762=CARTESIAN_POINT('Ctrl Pts',(-59.9587721458291,-100.98974814681,36.4999999999997));
#8763=CARTESIAN_POINT('Ctrl Pts',(-60.090092910585,-101.032826951104,36.9999999999997));
#8764=CARTESIAN_POINT('Ctrl Pts',(-60.090092910585,-101.032826951104,36.4999999999997));
#8765=CARTESIAN_POINT('Ctrl Pts',(-60.3780671030481,-101.127294752155,36.9999999999997));
#8766=CARTESIAN_POINT('Ctrl Pts',(-60.3780671030481,-101.127294752155,36.4999999999997));
#8767=CARTESIAN_POINT('Ctrl Pts',(-60.6815579892931,-101.129333000264,36.9999999999997));
#8768=CARTESIAN_POINT('Ctrl Pts',(-60.6815579892931,-101.129333000264,36.4999999999997));
#8769=CARTESIAN_POINT('Ctrl Pts',(-60.8466522541699,-101.130441775151,36.9999999999997));
#8770=CARTESIAN_POINT('Ctrl Pts',(-60.8466522541699,-101.130441775151,36.4999999999997));
#8771=CARTESIAN_POINT('',(-59.9587721458291,-100.98974814681,36.9999999999997));
#8772=CARTESIAN_POINT('Ctrl Pts',(-59.9587721458291,-100.98974814681,36.9999999999997));
#8773=CARTESIAN_POINT('Ctrl Pts',(-60.090092910585,-101.032826951104,36.9999999999997));
#8774=CARTESIAN_POINT('Ctrl Pts',(-60.3780671030481,-101.127294752155,36.9999999999997));
#8775=CARTESIAN_POINT('Ctrl Pts',(-60.6815579892931,-101.129333000264,36.9999999999997));
#8776=CARTESIAN_POINT('Ctrl Pts',(-60.8466522541699,-101.130441775151,36.9999999999997));
#8777=CARTESIAN_POINT('',(-59.9587721458291,-100.98974814681,36.4999999999997));
#8778=CARTESIAN_POINT('',(-59.9587721458291,-100.98974814681,36.9999999999997));
#8779=CARTESIAN_POINT('Ctrl Pts',(-59.9587721458291,-100.98974814681,36.4999999999997));
#8780=CARTESIAN_POINT('Ctrl Pts',(-60.090092910585,-101.032826951104,36.4999999999997));
#8781=CARTESIAN_POINT('Ctrl Pts',(-60.3780671030481,-101.127294752155,36.4999999999997));
#8782=CARTESIAN_POINT('Ctrl Pts',(-60.6815579892931,-101.129333000264,36.4999999999997));
#8783=CARTESIAN_POINT('Ctrl Pts',(-60.8466522541699,-101.130441775151,36.4999999999997));
#8784=CARTESIAN_POINT('Ctrl Pts',(-59.3686029876843,-100.538435957225,36.9999999999997));
#8785=CARTESIAN_POINT('Ctrl Pts',(-59.3686029876843,-100.538435957225,36.4999999999997));
#8786=CARTESIAN_POINT('Ctrl Pts',(-59.4529567126698,-100.632575000522,36.9999999999997));
#8787=CARTESIAN_POINT('Ctrl Pts',(-59.4529567126698,-100.632575000522,36.4999999999997));
#8788=CARTESIAN_POINT('Ctrl Pts',(-59.6211784556708,-100.82031103649,36.9999999999997));
#8789=CARTESIAN_POINT('Ctrl Pts',(-59.6211784556708,-100.82031103649,36.4999999999997));
#8790=CARTESIAN_POINT('Ctrl Pts',(-59.8464577322093,-100.933377929457,36.9999999999997));
#8791=CARTESIAN_POINT('Ctrl Pts',(-59.8464577322093,-100.933377929457,36.4999999999997));
#8792=CARTESIAN_POINT('Ctrl Pts',(-59.9587721458291,-100.98974814681,36.9999999999997));
#8793=CARTESIAN_POINT('Ctrl Pts',(-59.9587721458291,-100.98974814681,36.4999999999997));
#8794=CARTESIAN_POINT('',(-59.3686029876843,-100.538435957225,36.9999999999997));
#8795=CARTESIAN_POINT('Ctrl Pts',(-59.3686029876843,-100.538435957225,36.9999999999997));
#8796=CARTESIAN_POINT('Ctrl Pts',(-59.4529567126698,-100.632575000522,36.9999999999997));
#8797=CARTESIAN_POINT('Ctrl Pts',(-59.6211784556708,-100.82031103649,36.9999999999997));
#8798=CARTESIAN_POINT('Ctrl Pts',(-59.8464577322093,-100.933377929457,36.9999999999997));
#8799=CARTESIAN_POINT('Ctrl Pts',(-59.9587721458291,-100.98974814681,36.9999999999997));
#8800=CARTESIAN_POINT('',(-59.3686029876843,-100.538435957225,36.4999999999997));
#8801=CARTESIAN_POINT('',(-59.3686029876843,-100.538435957225,36.9999999999997));
#8802=CARTESIAN_POINT('Ctrl Pts',(-59.3686029876843,-100.538435957225,36.4999999999997));
#8803=CARTESIAN_POINT('Ctrl Pts',(-59.4529567126698,-100.632575000522,36.4999999999997));
#8804=CARTESIAN_POINT('Ctrl Pts',(-59.6211784556708,-100.82031103649,36.4999999999997));
#8805=CARTESIAN_POINT('Ctrl Pts',(-59.8464577322093,-100.933377929457,36.4999999999997));
#8806=CARTESIAN_POINT('Ctrl Pts',(-59.9587721458291,-100.98974814681,36.4999999999997));
#8807=CARTESIAN_POINT('Ctrl Pts',(-59.0121254172945,-99.7830391197853,36.9999999999997));
#8808=CARTESIAN_POINT('Ctrl Pts',(-59.0121254172945,-99.7830391197853,36.4999999999997));
#8809=CARTESIAN_POINT('Ctrl Pts',(-59.0539661941401,-99.9251211035329,36.9999999999997));
#8810=CARTESIAN_POINT('Ctrl Pts',(-59.0539661941401,-99.9251211035329,36.4999999999997));
#8811=CARTESIAN_POINT('Ctrl Pts',(-59.1336338490618,-100.195654762446,36.9999999999997));
#8812=CARTESIAN_POINT('Ctrl Pts',(-59.1336338490618,-100.195654762446,36.4999999999997));
#8813=CARTESIAN_POINT('Ctrl Pts',(-59.2929556470672,-100.428078971833,36.9999999999997));
#8814=CARTESIAN_POINT('Ctrl Pts',(-59.2929556470672,-100.428078971833,36.4999999999997));
#8815=CARTESIAN_POINT('Ctrl Pts',(-59.3686029876843,-100.538435957225,36.9999999999997));
#8816=CARTESIAN_POINT('Ctrl Pts',(-59.3686029876843,-100.538435957225,36.4999999999997));
#8817=CARTESIAN_POINT('',(-59.0121254172945,-99.7830391197853,36.9999999999997));
#8818=CARTESIAN_POINT('Ctrl Pts',(-59.0121254172945,-99.7830391197853,36.9999999999997));
#8819=CARTESIAN_POINT('Ctrl Pts',(-59.0539661941401,-99.9251211035329,36.9999999999997));
#8820=CARTESIAN_POINT('Ctrl Pts',(-59.1336338490618,-100.195654762446,36.9999999999997));
#8821=CARTESIAN_POINT('Ctrl Pts',(-59.2929556470672,-100.428078971833,36.9999999999997));
#8822=CARTESIAN_POINT('Ctrl Pts',(-59.3686029876843,-100.538435957225,36.9999999999997));
#8823=CARTESIAN_POINT('',(-59.0121254172945,-99.7830391197853,36.4999999999997));
#8824=CARTESIAN_POINT('',(-59.0121254172945,-99.7830391197853,36.9999999999997));
#8825=CARTESIAN_POINT('Ctrl Pts',(-59.0121254172945,-99.7830391197853,36.4999999999997));
#8826=CARTESIAN_POINT('Ctrl Pts',(-59.0539661941401,-99.9251211035329,36.4999999999997));
#8827=CARTESIAN_POINT('Ctrl Pts',(-59.1336338490618,-100.195654762446,36.4999999999997));
#8828=CARTESIAN_POINT('Ctrl Pts',(-59.2929556470672,-100.428078971833,36.4999999999997));
#8829=CARTESIAN_POINT('Ctrl Pts',(-59.3686029876843,-100.538435957225,36.4999999999997));
#8830=CARTESIAN_POINT('Origin',(-60.0897168375647,-99.4375436685345,36.9999999999997));
#8831=CARTESIAN_POINT('',(-60.0897168375647,-99.4375436685345,36.9999999999997));
#8832=CARTESIAN_POINT('',(-25.7432302880793,-110.449653310535,36.9999999999997));
#8833=CARTESIAN_POINT('',(-60.0897168375647,-99.4375436685345,36.4999999999997));
#8834=CARTESIAN_POINT('',(-60.0897168375647,-99.4375436685345,36.9999999999997));
#8835=CARTESIAN_POINT('',(-60.0897168375647,-99.4375436685345,36.4999999999997));
#8836=CARTESIAN_POINT('Ctrl Pts',(-60.3626571836727,-100.011503783456,36.9999999999997));
#8837=CARTESIAN_POINT('Ctrl Pts',(-60.3626571836727,-100.011503783456,36.4999999999997));
#8838=CARTESIAN_POINT('Ctrl Pts',(-60.3040099375222,-99.9334960559007,36.9999999999997));
#8839=CARTESIAN_POINT('Ctrl Pts',(-60.3040099375222,-99.9334960559007,36.4999999999997));
#8840=CARTESIAN_POINT('Ctrl Pts',(-60.1744216723448,-99.7611284385302,36.9999999999997));
#8841=CARTESIAN_POINT('Ctrl Pts',(-60.1744216723448,-99.7611284385302,36.4999999999997));
#8842=CARTESIAN_POINT('Ctrl Pts',(-60.119682771566,-99.5520178881786,36.9999999999997));
#8843=CARTESIAN_POINT('Ctrl Pts',(-60.119682771566,-99.5520178881786,36.4999999999997));
#8844=CARTESIAN_POINT('Ctrl Pts',(-60.0897168375647,-99.4375436685345,36.9999999999997));
#8845=CARTESIAN_POINT('Ctrl Pts',(-60.0897168375647,-99.4375436685345,36.4999999999997));
#8846=CARTESIAN_POINT('Ctrl Pts',(-60.3626571836727,-100.011503783456,36.9999999999997));
#8847=CARTESIAN_POINT('Ctrl Pts',(-60.3040099375222,-99.9334960559007,36.9999999999997));
#8848=CARTESIAN_POINT('Ctrl Pts',(-60.1744216723448,-99.7611284385302,36.9999999999997));
#8849=CARTESIAN_POINT('Ctrl Pts',(-60.119682771566,-99.5520178881786,36.9999999999997));
#8850=CARTESIAN_POINT('Ctrl Pts',(-60.0897168375647,-99.4375436685345,36.9999999999997));
#8851=CARTESIAN_POINT('Ctrl Pts',(-60.3626571836727,-100.011503783456,36.4999999999997));
#8852=CARTESIAN_POINT('Ctrl Pts',(-60.3040099375222,-99.9334960559007,36.4999999999997));
#8853=CARTESIAN_POINT('Ctrl Pts',(-60.1744216723448,-99.7611284385302,36.4999999999997));
#8854=CARTESIAN_POINT('Ctrl Pts',(-60.119682771566,-99.5520178881786,36.4999999999997));
#8855=CARTESIAN_POINT('Ctrl Pts',(-60.0897168375647,-99.4375436685345,36.4999999999997));
#8856=CARTESIAN_POINT('Origin',(-44.7520925486335,-99.8921801938817,36.4999999999997));
#8857=CARTESIAN_POINT('Origin',(-52.8558510865079,-101.195896348878,36.9999999999997));
#8858=CARTESIAN_POINT('',(-52.8558510865079,-101.195896348878,36.9999999999997));
#8859=CARTESIAN_POINT('',(-54.0180350754232,-101.176454180906,36.9999999999997));
#8860=CARTESIAN_POINT('',(-24.8586396049869,-101.66426150755,36.9999999999997));
#8861=CARTESIAN_POINT('',(-52.8558510865079,-101.195896348878,36.4999999999997));
#8862=CARTESIAN_POINT('',(-52.8558510865079,-101.195896348878,36.9999999999997));
#8863=CARTESIAN_POINT('',(-54.0180350754232,-101.176454180906,36.4999999999997));
#8864=CARTESIAN_POINT('',(-52.8558510865079,-101.195896348878,36.4999999999997));
#8865=CARTESIAN_POINT('',(-54.0180350754232,-101.176454180906,36.9999999999997));
#8866=CARTESIAN_POINT('Origin',(-52.8191146376828,-98.9999214609213,36.9999999999997));
#8867=CARTESIAN_POINT('',(-52.8191146376828,-98.9999214609213,36.9999999999997));
#8868=CARTESIAN_POINT('',(-53.158476154851,-119.285751841219,36.9999999999997));
#8869=CARTESIAN_POINT('',(-52.8191146376828,-98.9999214609213,36.4999999999997));
#8870=CARTESIAN_POINT('',(-52.8191146376828,-98.9999214609213,36.9999999999997));
#8871=CARTESIAN_POINT('',(-52.8191146376828,-98.9999214609213,36.4999999999997));
#8872=CARTESIAN_POINT('Origin',(-51.3581065204806,-101.220952107441,36.9999999999997));
#8873=CARTESIAN_POINT('',(-51.3581065204806,-101.220952107441,36.9999999999997));
#8874=CARTESIAN_POINT('',(-34.2063714535243,-127.295091447372,36.9999999999997));
#8875=CARTESIAN_POINT('',(-51.3581065204806,-101.220952107441,36.4999999999997));
#8876=CARTESIAN_POINT('',(-51.3581065204806,-101.220952107441,36.9999999999997));
#8877=CARTESIAN_POINT('',(-51.3581065204806,-101.220952107441,36.4999999999997));
#8878=CARTESIAN_POINT('Origin',(-50.1931954045995,-101.240439897502,36.9999999999997));
#8879=CARTESIAN_POINT('',(-50.1931954045995,-101.240439897502,36.9999999999997));
#8880=CARTESIAN_POINT('',(-23.5273117640326,-101.686533281861,36.9999999999997));
#8881=CARTESIAN_POINT('',(-50.1931954045995,-101.240439897502,36.4999999999997));
#8882=CARTESIAN_POINT('',(-50.1931954045995,-101.240439897502,36.9999999999997));
#8883=CARTESIAN_POINT('',(-50.1931954045995,-101.240439897502,36.4999999999997));
#8884=CARTESIAN_POINT('Origin',(-50.1262887976085,-97.2409997368551,36.9999999999997));
#8885=CARTESIAN_POINT('',(-50.1262887976085,-97.2409997368551,36.9999999999997));
#8886=CARTESIAN_POINT('',(-50.4807353938597,-118.428562753497,36.9999999999997));
#8887=CARTESIAN_POINT('',(-50.1262887976085,-97.2409997368551,36.4999999999997));
#8888=CARTESIAN_POINT('',(-50.1262887976085,-97.2409997368551,36.9999999999997));
#8889=CARTESIAN_POINT('',(-50.1262887976085,-97.2409997368551,36.4999999999997));
#8890=CARTESIAN_POINT('Origin',(-51.2911999134896,-97.2215119467947,36.9999999999997));
#8891=CARTESIAN_POINT('',(-51.2911999134896,-97.2215119467947,36.9999999999997));
#8892=CARTESIAN_POINT('',(-24.0428607149822,-97.6773492261846,36.9999999999997));
#8893=CARTESIAN_POINT('',(-51.2911999134896,-97.2215119467947,36.4999999999997));
#8894=CARTESIAN_POINT('',(-51.2911999134896,-97.2215119467947,36.9999999999997));
#8895=CARTESIAN_POINT('',(-51.2911999134896,-97.2215119467947,36.4999999999997));
#8896=CARTESIAN_POINT('Origin',(-51.3282158973041,-99.434196447048,36.9999999999997));
#8897=CARTESIAN_POINT('',(-51.3282158973041,-99.434196447048,36.9999999999997));
#8898=CARTESIAN_POINT('',(-51.664154501648,-119.515417213564,36.9999999999997));
#8899=CARTESIAN_POINT('',(-51.3282158973041,-99.434196447048,36.4999999999997));
#8900=CARTESIAN_POINT('',(-51.3282158973041,-99.434196447048,36.9999999999997));
#8901=CARTESIAN_POINT('',(-51.3282158973041,-99.434196447048,36.4999999999997));
#8902=CARTESIAN_POINT('Origin',(-52.7971294361927,-97.1963192621477,36.9999999999997));
#8903=CARTESIAN_POINT('',(-52.7971294361927,-97.1963192621477,36.9999999999997));
#8904=CARTESIAN_POINT('',(-34.5378384179571,-125.01419260892,36.9999999999997));
#8905=CARTESIAN_POINT('',(-52.7971294361927,-97.1963192621477,36.4999999999997));
#8906=CARTESIAN_POINT('',(-52.7971294361927,-97.1963192621477,36.9999999999997));
#8907=CARTESIAN_POINT('',(-52.7971294361927,-97.1963192621477,36.4999999999997));
#8908=CARTESIAN_POINT('Origin',(-53.9511284684322,-97.1770140202597,36.9999999999997));
#8909=CARTESIAN_POINT('',(-53.9511284684322,-97.1770140202597,36.9999999999997));
#8910=CARTESIAN_POINT('',(-25.3728249924535,-97.6551002629171,36.9999999999997));
#8911=CARTESIAN_POINT('',(-53.9511284684322,-97.1770140202597,36.4999999999997));
#8912=CARTESIAN_POINT('',(-53.9511284684322,-97.1770140202597,36.9999999999997));
#8913=CARTESIAN_POINT('',(-53.9511284684322,-97.1770140202597,36.4999999999997));
#8914=CARTESIAN_POINT('Origin',(-54.0180350754232,-101.176454180906,36.9999999999997));
#8915=CARTESIAN_POINT('',(-54.3390283681789,-120.364297117225,36.9999999999997));
#8916=CARTESIAN_POINT('',(-54.0180350754232,-101.176454180906,36.4999999999997));
#8917=CARTESIAN_POINT('Origin',(-44.7520925486335,-99.8921801938817,36.4999999999997));
#8918=CARTESIAN_POINT('Ctrl Pts',(-23.5809202809298,-99.0795427691228,36.9999999999997));
#8919=CARTESIAN_POINT('Ctrl Pts',(-23.5809202809298,-99.0795427691228,36.4999999999997));
#8920=CARTESIAN_POINT('Ctrl Pts',(-23.6411375749775,-98.8429480311211,36.9999999999997));
#8921=CARTESIAN_POINT('Ctrl Pts',(-23.6411375749775,-98.8429480311211,36.4999999999997));
#8922=CARTESIAN_POINT('Ctrl Pts',(-23.7689508810861,-98.3407674507722,36.9999999999997));
#8923=CARTESIAN_POINT('Ctrl Pts',(-23.7689508810861,-98.3407674507722,36.4999999999997));
#8924=CARTESIAN_POINT('Ctrl Pts',(-23.967218621642,-97.8618964279231,36.9999999999997));
#8925=CARTESIAN_POINT('Ctrl Pts',(-23.967218621642,-97.8618964279231,36.4999999999997));
#8926=CARTESIAN_POINT('Ctrl Pts',(-24.0720755335703,-97.6086381997959,36.9999999999997));
#8927=CARTESIAN_POINT('Ctrl Pts',(-24.0720755335703,-97.6086381997959,36.4999999999997));
#8928=CARTESIAN_POINT('',(-23.5809202809298,-99.0795427691228,36.9999999999997));
#8929=CARTESIAN_POINT('',(-24.0720755335703,-97.6086381997959,36.9999999999997));
#8930=CARTESIAN_POINT('Ctrl Pts',(-23.5809202809298,-99.0795427691228,36.9999999999997));
#8931=CARTESIAN_POINT('Ctrl Pts',(-23.6411375749775,-98.8429480311211,36.9999999999997));
#8932=CARTESIAN_POINT('Ctrl Pts',(-23.7689508810861,-98.3407674507722,36.9999999999997));
#8933=CARTESIAN_POINT('Ctrl Pts',(-23.967218621642,-97.8618964279231,36.9999999999997));
#8934=CARTESIAN_POINT('Ctrl Pts',(-24.0720755335703,-97.6086381997959,36.9999999999997));
#8935=CARTESIAN_POINT('',(-23.5809202809298,-99.0795427691228,36.4999999999997));
#8936=CARTESIAN_POINT('',(-23.5809202809298,-99.0795427691228,36.9999999999997));
#8937=CARTESIAN_POINT('',(-24.0720755335703,-97.6086381997959,36.4999999999997));
#8938=CARTESIAN_POINT('Ctrl Pts',(-23.5809202809298,-99.0795427691228,36.4999999999997));
#8939=CARTESIAN_POINT('Ctrl Pts',(-23.6411375749775,-98.8429480311211,36.4999999999997));
#8940=CARTESIAN_POINT('Ctrl Pts',(-23.7689508810861,-98.3407674507722,36.4999999999997));
#8941=CARTESIAN_POINT('Ctrl Pts',(-23.967218621642,-97.8618964279231,36.4999999999997));
#8942=CARTESIAN_POINT('Ctrl Pts',(-24.0720755335703,-97.6086381997959,36.4999999999997));
#8943=CARTESIAN_POINT('',(-24.0720755335703,-97.6086381997959,36.9999999999997));
#8944=CARTESIAN_POINT('Ctrl Pts',(-23.4675983113334,-100.298524648087,36.9999999999997));
#8945=CARTESIAN_POINT('Ctrl Pts',(-23.4675983113334,-100.298524648087,36.4999999999997));
#8946=CARTESIAN_POINT('Ctrl Pts',(-23.4690812467568,-100.088599979666,36.9999999999997));
#8947=CARTESIAN_POINT('Ctrl Pts',(-23.4690812467568,-100.088599979666,36.4999999999997));
#8948=CARTESIAN_POINT('Ctrl Pts',(-23.4719748607494,-99.6789793391572,36.9999999999997));
#8949=CARTESIAN_POINT('Ctrl Pts',(-23.4719748607494,-99.6789793391572,36.4999999999997));
#8950=CARTESIAN_POINT('Ctrl Pts',(-23.545214768988,-99.2760006796465,36.9999999999997));
#8951=CARTESIAN_POINT('Ctrl Pts',(-23.545214768988,-99.2760006796465,36.4999999999997));
#8952=CARTESIAN_POINT('Ctrl Pts',(-23.5809202809298,-99.0795427691228,36.9999999999997));
#8953=CARTESIAN_POINT('Ctrl Pts',(-23.5809202809298,-99.0795427691228,36.4999999999997));
#8954=CARTESIAN_POINT('',(-23.4675983113334,-100.298524648087,36.9999999999997));
#8955=CARTESIAN_POINT('Ctrl Pts',(-23.4675983113334,-100.298524648087,36.9999999999997));
#8956=CARTESIAN_POINT('Ctrl Pts',(-23.4690812467568,-100.088599979666,36.9999999999997));
#8957=CARTESIAN_POINT('Ctrl Pts',(-23.4719748607494,-99.6789793391572,36.9999999999997));
#8958=CARTESIAN_POINT('Ctrl Pts',(-23.545214768988,-99.2760006796465,36.9999999999997));
#8959=CARTESIAN_POINT('Ctrl Pts',(-23.5809202809298,-99.0795427691228,36.9999999999997));
#8960=CARTESIAN_POINT('',(-23.4675983113334,-100.298524648087,36.4999999999997));
#8961=CARTESIAN_POINT('',(-23.4675983113334,-100.298524648087,36.9999999999997));
#8962=CARTESIAN_POINT('Ctrl Pts',(-23.4675983113334,-100.298524648087,36.4999999999997));
#8963=CARTESIAN_POINT('Ctrl Pts',(-23.4690812467568,-100.088599979666,36.4999999999997));
#8964=CARTESIAN_POINT('Ctrl Pts',(-23.4719748607494,-99.6789793391572,36.4999999999997));
#8965=CARTESIAN_POINT('Ctrl Pts',(-23.545214768988,-99.2760006796465,36.4999999999997));
#8966=CARTESIAN_POINT('Ctrl Pts',(-23.5809202809298,-99.0795427691228,36.4999999999997));
#8967=CARTESIAN_POINT('Ctrl Pts',(-24.1597934896149,-102.852107148411,36.9999999999997));
#8968=CARTESIAN_POINT('Ctrl Pts',(-24.1597934896149,-102.852107148411,36.4999999999997));
#8969=CARTESIAN_POINT('Ctrl Pts',(-23.963379794535,-102.428637947318,36.9999999999997));
#8970=CARTESIAN_POINT('Ctrl Pts',(-23.963379794535,-102.428637947318,36.4999999999997));
#8971=CARTESIAN_POINT('Ctrl Pts',(-23.5865844966231,-101.616264840049,36.9999999999997));
#8972=CARTESIAN_POINT('Ctrl Pts',(-23.5865844966231,-101.616264840049,36.4999999999997));
#8973=CARTESIAN_POINT('Ctrl Pts',(-23.5061191451813,-100.725132584678,36.9999999999997));
#8974=CARTESIAN_POINT('Ctrl Pts',(-23.5061191451813,-100.725132584678,36.4999999999997));
#8975=CARTESIAN_POINT('Ctrl Pts',(-23.4675983113334,-100.298524648087,36.9999999999997));
#8976=CARTESIAN_POINT('Ctrl Pts',(-23.4675983113334,-100.298524648087,36.4999999999997));
#8977=CARTESIAN_POINT('',(-24.1597934896149,-102.852107148411,36.9999999999997));
#8978=CARTESIAN_POINT('Ctrl Pts',(-24.1597934896149,-102.852107148411,36.9999999999997));
#8979=CARTESIAN_POINT('Ctrl Pts',(-23.963379794535,-102.428637947318,36.9999999999997));
#8980=CARTESIAN_POINT('Ctrl Pts',(-23.5865844966231,-101.616264840049,36.9999999999997));
#8981=CARTESIAN_POINT('Ctrl Pts',(-23.5061191451813,-100.725132584678,36.9999999999997));
#8982=CARTESIAN_POINT('Ctrl Pts',(-23.4675983113334,-100.298524648087,36.9999999999997));
#8983=CARTESIAN_POINT('',(-24.1597934896149,-102.852107148411,36.4999999999997));
#8984=CARTESIAN_POINT('',(-24.1597934896149,-102.852107148411,36.9999999999997));
#8985=CARTESIAN_POINT('Ctrl Pts',(-24.1597934896149,-102.852107148411,36.4999999999997));
#8986=CARTESIAN_POINT('Ctrl Pts',(-23.963379794535,-102.428637947318,36.4999999999997));
#8987=CARTESIAN_POINT('Ctrl Pts',(-23.5865844966231,-101.616264840049,36.4999999999997));
#8988=CARTESIAN_POINT('Ctrl Pts',(-23.5061191451813,-100.725132584678,36.4999999999997));
#8989=CARTESIAN_POINT('Ctrl Pts',(-23.4675983113334,-100.298524648087,36.4999999999997));
#8990=CARTESIAN_POINT('Origin',(-23.4668505519598,-102.863699386058,36.9999999999997));
#8991=CARTESIAN_POINT('',(-23.4668505519598,-102.863699386058,36.9999999999997));
#8992=CARTESIAN_POINT('',(-10.1739745267691,-103.086075817827,36.9999999999997));
#8993=CARTESIAN_POINT('',(-23.4668505519598,-102.863699386058,36.4999999999997));
#8994=CARTESIAN_POINT('',(-23.4668505519598,-102.863699386058,36.9999999999997));
#8995=CARTESIAN_POINT('',(-24.1597934896149,-102.852107148411,36.4999999999997));
#8996=CARTESIAN_POINT('Ctrl Pts',(-22.7007265633068,-101.518889756669,36.9999999999997));
#8997=CARTESIAN_POINT('Ctrl Pts',(-22.7007265633068,-101.518889756669,36.4999999999997));
#8998=CARTESIAN_POINT('Ctrl Pts',(-22.7956499627356,-101.735070854997,36.9999999999997));
#8999=CARTESIAN_POINT('Ctrl Pts',(-22.7956499627356,-101.735070854997,36.4999999999997));
#9000=CARTESIAN_POINT('Ctrl Pts',(-23.0040646428878,-102.209720043018,36.9999999999997));
#9001=CARTESIAN_POINT('Ctrl Pts',(-23.0040646428878,-102.209720043018,36.4999999999997));
#9002=CARTESIAN_POINT('Ctrl Pts',(-23.3036905863026,-102.633132194925,36.9999999999997));
#9003=CARTESIAN_POINT('Ctrl Pts',(-23.3036905863026,-102.633132194925,36.4999999999997));
#9004=CARTESIAN_POINT('Ctrl Pts',(-23.4668505519598,-102.863699386058,36.9999999999997));
#9005=CARTESIAN_POINT('Ctrl Pts',(-23.4668505519598,-102.863699386058,36.4999999999997));
#9006=CARTESIAN_POINT('',(-22.7007265633068,-101.518889756669,36.9999999999997));
#9007=CARTESIAN_POINT('Ctrl Pts',(-22.7007265633068,-101.518889756669,36.9999999999997));
#9008=CARTESIAN_POINT('Ctrl Pts',(-22.7956499627356,-101.735070854997,36.9999999999997));
#9009=CARTESIAN_POINT('Ctrl Pts',(-23.0040646428878,-102.209720043018,36.9999999999997));
#9010=CARTESIAN_POINT('Ctrl Pts',(-23.3036905863026,-102.633132194925,36.9999999999997));
#9011=CARTESIAN_POINT('Ctrl Pts',(-23.4668505519598,-102.863699386058,36.9999999999997));
#9012=CARTESIAN_POINT('',(-22.7007265633068,-101.518889756669,36.4999999999997));
#9013=CARTESIAN_POINT('',(-22.7007265633068,-101.518889756669,36.9999999999997));
#9014=CARTESIAN_POINT('Ctrl Pts',(-22.7007265633068,-101.518889756669,36.4999999999997));
#9015=CARTESIAN_POINT('Ctrl Pts',(-22.7956499627356,-101.735070854997,36.4999999999997));
#9016=CARTESIAN_POINT('Ctrl Pts',(-23.0040646428878,-102.209720043018,36.4999999999997));
#9017=CARTESIAN_POINT('Ctrl Pts',(-23.3036905863026,-102.633132194925,36.4999999999997));
#9018=CARTESIAN_POINT('Ctrl Pts',(-23.4668505519598,-102.863699386058,36.4999999999997));
#9019=CARTESIAN_POINT('Ctrl Pts',(-22.4652802727201,-100.249799210223,36.9999999999997));
#9020=CARTESIAN_POINT('Ctrl Pts',(-22.4652802727201,-100.249799210223,36.4999999999997));
#9021=CARTESIAN_POINT('Ctrl Pts',(-22.4775507404486,-100.468215808587,36.9999999999997));
#9022=CARTESIAN_POINT('Ctrl Pts',(-22.4775507404486,-100.468215808587,36.4999999999997));
#9023=CARTESIAN_POINT('Ctrl Pts',(-22.5018829258987,-100.901333216528,36.9999999999997));
#9024=CARTESIAN_POINT('Ctrl Pts',(-22.5018829258987,-100.901333216528,36.4999999999997));
#9025=CARTESIAN_POINT('Ctrl Pts',(-22.6348255299982,-101.31421831406,36.9999999999997));
#9026=CARTESIAN_POINT('Ctrl Pts',(-22.6348255299982,-101.31421831406,36.4999999999997));
#9027=CARTESIAN_POINT('Ctrl Pts',(-22.7007265633068,-101.518889756669,36.9999999999997));
#9028=CARTESIAN_POINT('Ctrl Pts',(-22.7007265633068,-101.518889756669,36.4999999999997));
#9029=CARTESIAN_POINT('',(-22.4652802727201,-100.249799210223,36.9999999999997));
#9030=CARTESIAN_POINT('Ctrl Pts',(-22.4652802727201,-100.249799210223,36.9999999999997));
#9031=CARTESIAN_POINT('Ctrl Pts',(-22.4775507404486,-100.468215808587,36.9999999999997));
#9032=CARTESIAN_POINT('Ctrl Pts',(-22.5018829258987,-100.901333216528,36.9999999999997));
#9033=CARTESIAN_POINT('Ctrl Pts',(-22.6348255299982,-101.31421831406,36.9999999999997));
#9034=CARTESIAN_POINT('Ctrl Pts',(-22.7007265633068,-101.518889756669,36.9999999999997));
#9035=CARTESIAN_POINT('',(-22.4652802727201,-100.249799210223,36.4999999999997));
#9036=CARTESIAN_POINT('',(-22.4652802727201,-100.249799210223,36.9999999999997));
#9037=CARTESIAN_POINT('Ctrl Pts',(-22.4652802727201,-100.249799210223,36.4999999999997));
#9038=CARTESIAN_POINT('Ctrl Pts',(-22.4775507404486,-100.468215808587,36.4999999999997));
#9039=CARTESIAN_POINT('Ctrl Pts',(-22.5018829258987,-100.901333216528,36.4999999999997));
#9040=CARTESIAN_POINT('Ctrl Pts',(-22.6348255299982,-101.31421831406,36.4999999999997));
#9041=CARTESIAN_POINT('Ctrl Pts',(-22.7007265633068,-101.518889756669,36.4999999999997));
#9042=CARTESIAN_POINT('Ctrl Pts',(-22.6683969983209,-98.9338032314007,36.9999999999997));
#9043=CARTESIAN_POINT('Ctrl Pts',(-22.6683969983209,-98.9338032314007,36.4999999999997));
#9044=CARTESIAN_POINT('Ctrl Pts',(-22.6062912363464,-99.1463059454474,36.9999999999997));
#9045=CARTESIAN_POINT('Ctrl Pts',(-22.6062912363464,-99.1463059454474,36.4999999999997));
#9046=CARTESIAN_POINT('Ctrl Pts',(-22.4807144744231,-99.5759827078199,36.9999999999997));
#9047=CARTESIAN_POINT('Ctrl Pts',(-22.4807144744231,-99.5759827078199,36.4999999999997));
#9048=CARTESIAN_POINT('Ctrl Pts',(-22.4704621601214,-100.023571685676,36.9999999999997));
#9049=CARTESIAN_POINT('Ctrl Pts',(-22.4704621601214,-100.023571685676,36.4999999999997));
#9050=CARTESIAN_POINT('Ctrl Pts',(-22.4652802727201,-100.249799210223,36.9999999999997));
#9051=CARTESIAN_POINT('Ctrl Pts',(-22.4652802727201,-100.249799210223,36.4999999999997));
#9052=CARTESIAN_POINT('',(-22.6683969983209,-98.9338032314007,36.9999999999997));
#9053=CARTESIAN_POINT('Ctrl Pts',(-22.6683969983209,-98.9338032314007,36.9999999999997));
#9054=CARTESIAN_POINT('Ctrl Pts',(-22.6062912363464,-99.1463059454474,36.9999999999997));
#9055=CARTESIAN_POINT('Ctrl Pts',(-22.4807144744231,-99.5759827078199,36.9999999999997));
#9056=CARTESIAN_POINT('Ctrl Pts',(-22.4704621601214,-100.023571685676,36.9999999999997));
#9057=CARTESIAN_POINT('Ctrl Pts',(-22.4652802727201,-100.249799210223,36.9999999999997));
#9058=CARTESIAN_POINT('',(-22.6683969983209,-98.9338032314007,36.4999999999997));
#9059=CARTESIAN_POINT('',(-22.6683969983209,-98.9338032314007,36.9999999999997));
#9060=CARTESIAN_POINT('Ctrl Pts',(-22.6683969983209,-98.9338032314007,36.4999999999997));
#9061=CARTESIAN_POINT('Ctrl Pts',(-22.6062912363464,-99.1463059454474,36.4999999999997));
#9062=CARTESIAN_POINT('Ctrl Pts',(-22.4807144744231,-99.5759827078199,36.4999999999997));
#9063=CARTESIAN_POINT('Ctrl Pts',(-22.4704621601214,-100.023571685676,36.4999999999997));
#9064=CARTESIAN_POINT('Ctrl Pts',(-22.4652802727201,-100.249799210223,36.4999999999997));
#9065=CARTESIAN_POINT('Ctrl Pts',(-23.3791325959153,-97.6202304374429,36.9999999999997));
#9066=CARTESIAN_POINT('Ctrl Pts',(-23.3791325959153,-97.6202304374429,36.4999999999997));
#9067=CARTESIAN_POINT('Ctrl Pts',(-23.2281444776075,-97.8394677028882,36.9999999999997));
#9068=CARTESIAN_POINT('Ctrl Pts',(-23.2281444776075,-97.8394677028882,36.4999999999997));
#9069=CARTESIAN_POINT('Ctrl Pts',(-22.9440005154705,-98.2520494738904,36.9999999999997));
#9070=CARTESIAN_POINT('Ctrl Pts',(-22.9440005154705,-98.2520494738904,36.4999999999997));
#9071=CARTESIAN_POINT('Ctrl Pts',(-22.7563390926225,-98.7162629987739,36.9999999999997));
#9072=CARTESIAN_POINT('Ctrl Pts',(-22.7563390926225,-98.7162629987739,36.4999999999997));
#9073=CARTESIAN_POINT('Ctrl Pts',(-22.6683969983209,-98.9338032314007,36.9999999999997));
#9074=CARTESIAN_POINT('Ctrl Pts',(-22.6683969983209,-98.9338032314007,36.4999999999997));
#9075=CARTESIAN_POINT('',(-23.3791325959153,-97.6202304374429,36.9999999999997));
#9076=CARTESIAN_POINT('Ctrl Pts',(-23.3791325959153,-97.6202304374429,36.9999999999997));
#9077=CARTESIAN_POINT('Ctrl Pts',(-23.2281444776075,-97.8394677028882,36.9999999999997));
#9078=CARTESIAN_POINT('Ctrl Pts',(-22.9440005154705,-98.2520494738904,36.9999999999997));
#9079=CARTESIAN_POINT('Ctrl Pts',(-22.7563390926225,-98.7162629987739,36.9999999999997));
#9080=CARTESIAN_POINT('Ctrl Pts',(-22.6683969983209,-98.9338032314007,36.9999999999997));
#9081=CARTESIAN_POINT('',(-23.3791325959153,-97.6202304374429,36.4999999999997));
#9082=CARTESIAN_POINT('',(-23.3791325959153,-97.6202304374429,36.9999999999997));
#9083=CARTESIAN_POINT('Ctrl Pts',(-23.3791325959153,-97.6202304374429,36.4999999999997));
#9084=CARTESIAN_POINT('Ctrl Pts',(-23.2281444776075,-97.8394677028882,36.4999999999997));
#9085=CARTESIAN_POINT('Ctrl Pts',(-22.9440005154705,-98.2520494738904,36.4999999999997));
#9086=CARTESIAN_POINT('Ctrl Pts',(-22.7563390926225,-98.7162629987739,36.4999999999997));
#9087=CARTESIAN_POINT('Ctrl Pts',(-22.6683969983209,-98.9338032314007,36.4999999999997));
#9088=CARTESIAN_POINT('Origin',(-24.0720755335703,-97.6086381997959,36.9999999999997));
#9089=CARTESIAN_POINT('',(-10.4327280395521,-97.836810750388,36.9999999999997));
#9090=CARTESIAN_POINT('',(-23.3791325959153,-97.6202304374429,36.4999999999997));
#9091=CARTESIAN_POINT('Origin',(-44.7520925486335,-99.8921801938817,36.4999999999997));
#9092=CARTESIAN_POINT('Origin',(-36.8422326532499,-98.2709809860772,36.9999999999997));
#9093=CARTESIAN_POINT('',(-36.8422326532499,-98.2709809860772,36.9999999999997));
#9094=CARTESIAN_POINT('',(-37.3851287791834,-98.2618988805135,36.9999999999997));
#9095=CARTESIAN_POINT('',(-16.8251316364249,-98.6058469315685,36.9999999999997));
#9096=CARTESIAN_POINT('',(-36.8422326532499,-98.2709809860772,36.4999999999997));
#9097=CARTESIAN_POINT('',(-36.8422326532499,-98.2709809860772,36.9999999999997));
#9098=CARTESIAN_POINT('',(-37.3851287791834,-98.2618988805135,36.4999999999997));
#9099=CARTESIAN_POINT('',(-36.8422326532499,-98.2709809860772,36.4999999999997));
#9100=CARTESIAN_POINT('',(-37.3851287791834,-98.2618988805135,36.9999999999997));
#9101=CARTESIAN_POINT('Ctrl Pts',(-36.3829108360916,-98.3823629566552,36.9999999999997));
#9102=CARTESIAN_POINT('Ctrl Pts',(-36.3829108360916,-98.3823629566552,36.4999999999997));
#9103=CARTESIAN_POINT('Ctrl Pts',(-36.440246602437,-98.351429518826,36.9999999999997));
#9104=CARTESIAN_POINT('Ctrl Pts',(-36.440246602437,-98.351429518826,36.4999999999997));
#9105=CARTESIAN_POINT('Ctrl Pts',(-36.5824223021431,-98.2747237651926,36.9999999999997));
#9106=CARTESIAN_POINT('Ctrl Pts',(-36.5824223021431,-98.2747237651926,36.4999999999997));
#9107=CARTESIAN_POINT('Ctrl Pts',(-36.7451367282841,-98.2723797317338,36.9999999999997));
#9108=CARTESIAN_POINT('Ctrl Pts',(-36.7451367282841,-98.2723797317338,36.4999999999997));
#9109=CARTESIAN_POINT('Ctrl Pts',(-36.8422326532499,-98.2709809860772,36.9999999999997));
#9110=CARTESIAN_POINT('Ctrl Pts',(-36.8422326532499,-98.2709809860772,36.4999999999997));
#9111=CARTESIAN_POINT('',(-36.3829108360916,-98.3823629566552,36.9999999999997));
#9112=CARTESIAN_POINT('Ctrl Pts',(-36.3829108360916,-98.3823629566552,36.9999999999997));
#9113=CARTESIAN_POINT('Ctrl Pts',(-36.440246602437,-98.351429518826,36.9999999999997));
#9114=CARTESIAN_POINT('Ctrl Pts',(-36.5824223021431,-98.2747237651926,36.9999999999997));
#9115=CARTESIAN_POINT('Ctrl Pts',(-36.7451367282841,-98.2723797317338,36.9999999999997));
#9116=CARTESIAN_POINT('Ctrl Pts',(-36.8422326532499,-98.2709809860772,36.9999999999997));
#9117=CARTESIAN_POINT('',(-36.3829108360916,-98.3823629566552,36.4999999999997));
#9118=CARTESIAN_POINT('',(-36.3829108360916,-98.3823629566552,36.9999999999997));
#9119=CARTESIAN_POINT('Ctrl Pts',(-36.3829108360916,-98.3823629566552,36.4999999999997));
#9120=CARTESIAN_POINT('Ctrl Pts',(-36.440246602437,-98.351429518826,36.4999999999997));
#9121=CARTESIAN_POINT('Ctrl Pts',(-36.5824223021431,-98.2747237651926,36.4999999999997));
#9122=CARTESIAN_POINT('Ctrl Pts',(-36.7451367282841,-98.2723797317338,36.4999999999997));
#9123=CARTESIAN_POINT('Ctrl Pts',(-36.8422326532499,-98.2709809860772,36.4999999999997));
#9124=CARTESIAN_POINT('Ctrl Pts',(-36.2651194715154,-98.6817832048149,36.9999999999997));
#9125=CARTESIAN_POINT('Ctrl Pts',(-36.2651194715154,-98.6817832048149,36.4999999999997));
#9126=CARTESIAN_POINT('Ctrl Pts',(-36.2680436420729,-98.6219589828271,36.9999999999997));
#9127=CARTESIAN_POINT('Ctrl Pts',(-36.2680436420729,-98.6219589828271,36.4999999999997));
#9128=CARTESIAN_POINT('Ctrl Pts',(-36.2735940629151,-98.5084055487652,36.9999999999997));
#9129=CARTESIAN_POINT('Ctrl Pts',(-36.2735940629151,-98.5084055487652,36.4999999999997));
#9130=CARTESIAN_POINT('Ctrl Pts',(-36.3477995784392,-98.4228463499914,36.9999999999997));
#9131=CARTESIAN_POINT('Ctrl Pts',(-36.3477995784392,-98.4228463499914,36.4999999999997));
#9132=CARTESIAN_POINT('Ctrl Pts',(-36.3829108360916,-98.3823629566552,36.9999999999997));
#9133=CARTESIAN_POINT('Ctrl Pts',(-36.3829108360916,-98.3823629566552,36.4999999999997));
#9134=CARTESIAN_POINT('',(-36.2651194715154,-98.6817832048149,36.9999999999997));
#9135=CARTESIAN_POINT('Ctrl Pts',(-36.2651194715154,-98.6817832048149,36.9999999999997));
#9136=CARTESIAN_POINT('Ctrl Pts',(-36.2680436420729,-98.6219589828271,36.9999999999997));
#9137=CARTESIAN_POINT('Ctrl Pts',(-36.2735940629151,-98.5084055487652,36.9999999999997));
#9138=CARTESIAN_POINT('Ctrl Pts',(-36.3477995784392,-98.4228463499914,36.9999999999997));
#9139=CARTESIAN_POINT('Ctrl Pts',(-36.3829108360916,-98.3823629566552,36.9999999999997));
#9140=CARTESIAN_POINT('',(-36.2651194715154,-98.6817832048149,36.4999999999997));
#9141=CARTESIAN_POINT('',(-36.2651194715154,-98.6817832048149,36.9999999999997));
#9142=CARTESIAN_POINT('Ctrl Pts',(-36.2651194715154,-98.6817832048149,36.4999999999997));
#9143=CARTESIAN_POINT('Ctrl Pts',(-36.2680436420729,-98.6219589828271,36.4999999999997));
#9144=CARTESIAN_POINT('Ctrl Pts',(-36.2735940629151,-98.5084055487652,36.4999999999997));
#9145=CARTESIAN_POINT('Ctrl Pts',(-36.3477995784392,-98.4228463499914,36.4999999999997));
#9146=CARTESIAN_POINT('Ctrl Pts',(-36.3829108360916,-98.3823629566552,36.4999999999997));
#9147=CARTESIAN_POINT('Ctrl Pts',(-36.3467505094328,-98.9123741075204,36.9999999999997));
#9148=CARTESIAN_POINT('Ctrl Pts',(-36.3467505094328,-98.9123741075204,36.4999999999997));
#9149=CARTESIAN_POINT('Ctrl Pts',(-36.3234868041434,-98.8776962025254,36.9999999999997));
#9150=CARTESIAN_POINT('Ctrl Pts',(-36.3234868041434,-98.8776962025254,36.4999999999997));
#9151=CARTESIAN_POINT('Ctrl Pts',(-36.27661164706,-98.8078220262603,36.9999999999997));
#9152=CARTESIAN_POINT('Ctrl Pts',(-36.27661164706,-98.8078220262603,36.4999999999997));
#9153=CARTESIAN_POINT('Ctrl Pts',(-36.2689690956242,-98.7240034166273,36.9999999999997));
#9154=CARTESIAN_POINT('Ctrl Pts',(-36.2689690956242,-98.7240034166273,36.4999999999997));
#9155=CARTESIAN_POINT('Ctrl Pts',(-36.2651194715154,-98.6817832048149,36.9999999999997));
#9156=CARTESIAN_POINT('Ctrl Pts',(-36.2651194715154,-98.6817832048149,36.4999999999997));
#9157=CARTESIAN_POINT('',(-36.3467505094328,-98.9123741075204,36.9999999999997));
#9158=CARTESIAN_POINT('Ctrl Pts',(-36.3467505094328,-98.9123741075204,36.9999999999997));
#9159=CARTESIAN_POINT('Ctrl Pts',(-36.3234868041434,-98.8776962025254,36.9999999999997));
#9160=CARTESIAN_POINT('Ctrl Pts',(-36.27661164706,-98.8078220262603,36.9999999999997));
#9161=CARTESIAN_POINT('Ctrl Pts',(-36.2689690956242,-98.7240034166273,36.9999999999997));
#9162=CARTESIAN_POINT('Ctrl Pts',(-36.2651194715154,-98.6817832048149,36.9999999999997));
#9163=CARTESIAN_POINT('',(-36.3467505094328,-98.9123741075204,36.4999999999997));
#9164=CARTESIAN_POINT('',(-36.3467505094328,-98.9123741075204,36.9999999999997));
#9165=CARTESIAN_POINT('Ctrl Pts',(-36.3467505094328,-98.9123741075204,36.4999999999997));
#9166=CARTESIAN_POINT('Ctrl Pts',(-36.3234868041434,-98.8776962025254,36.4999999999997));
#9167=CARTESIAN_POINT('Ctrl Pts',(-36.27661164706,-98.8078220262603,36.4999999999997));
#9168=CARTESIAN_POINT('Ctrl Pts',(-36.2689690956242,-98.7240034166273,36.4999999999997));
#9169=CARTESIAN_POINT('Ctrl Pts',(-36.2651194715154,-98.6817832048149,36.4999999999997));
#9170=CARTESIAN_POINT('Ctrl Pts',(-36.5493676146106,-99.0345127813884,36.9999999999997));
#9171=CARTESIAN_POINT('Ctrl Pts',(-36.5493676146106,-99.0345127813884,36.4999999999997));
#9172=CARTESIAN_POINT('Ctrl Pts',(-36.5100680408202,-99.0237187420418,36.9999999999997));
#9173=CARTESIAN_POINT('Ctrl Pts',(-36.5100680408202,-99.0237187420418,36.4999999999997));
#9174=CARTESIAN_POINT('Ctrl Pts',(-36.4310871401451,-99.0020258108646,36.9999999999997));
#9175=CARTESIAN_POINT('Ctrl Pts',(-36.4310871401451,-99.0020258108646,36.4999999999997));
#9176=CARTESIAN_POINT('Ctrl Pts',(-36.3749531606089,-98.9423541493529,36.9999999999997));
#9177=CARTESIAN_POINT('Ctrl Pts',(-36.3749531606089,-98.9423541493529,36.4999999999997));
#9178=CARTESIAN_POINT('Ctrl Pts',(-36.3467505094328,-98.9123741075204,36.9999999999997));
#9179=CARTESIAN_POINT('Ctrl Pts',(-36.3467505094328,-98.9123741075204,36.4999999999997));
#9180=CARTESIAN_POINT('',(-36.5493676146106,-99.0345127813884,36.9999999999997));
#9181=CARTESIAN_POINT('Ctrl Pts',(-36.5493676146106,-99.0345127813884,36.9999999999997));
#9182=CARTESIAN_POINT('Ctrl Pts',(-36.5100680408202,-99.0237187420418,36.9999999999997));
#9183=CARTESIAN_POINT('Ctrl Pts',(-36.4310871401451,-99.0020258108646,36.9999999999997));
#9184=CARTESIAN_POINT('Ctrl Pts',(-36.3749531606089,-98.9423541493529,36.9999999999997));
#9185=CARTESIAN_POINT('Ctrl Pts',(-36.3467505094328,-98.9123741075204,36.9999999999997));
#9186=CARTESIAN_POINT('',(-36.5493676146106,-99.0345127813884,36.4999999999997));
#9187=CARTESIAN_POINT('',(-36.5493676146106,-99.0345127813884,36.9999999999997));
#9188=CARTESIAN_POINT('Ctrl Pts',(-36.5493676146106,-99.0345127813884,36.4999999999997));
#9189=CARTESIAN_POINT('Ctrl Pts',(-36.5100680408202,-99.0237187420418,36.4999999999997));
#9190=CARTESIAN_POINT('Ctrl Pts',(-36.4310871401451,-99.0020258108646,36.4999999999997));
#9191=CARTESIAN_POINT('Ctrl Pts',(-36.3749531606089,-98.9423541493529,36.4999999999997));
#9192=CARTESIAN_POINT('Ctrl Pts',(-36.3467505094328,-98.9123741075204,36.4999999999997));
#9193=CARTESIAN_POINT('Ctrl Pts',(-36.877657207714,-99.0835988990023,36.9999999999997));
#9194=CARTESIAN_POINT('Ctrl Pts',(-36.877657207714,-99.0835988990023,36.4999999999997));
#9195=CARTESIAN_POINT('Ctrl Pts',(-36.8361090548039,-99.0804357389144,36.9999999999997));
#9196=CARTESIAN_POINT('Ctrl Pts',(-36.8361090548039,-99.0804357389144,36.4999999999997));
#9197=CARTESIAN_POINT('Ctrl Pts',(-36.7255807953393,-99.072020958607,36.9999999999997));
#9198=CARTESIAN_POINT('Ctrl Pts',(-36.7255807953393,-99.072020958607,36.4999999999997));
#9199=CARTESIAN_POINT('Ctrl Pts',(-36.6170814724799,-99.0489261378162,36.9999999999997));
#9200=CARTESIAN_POINT('Ctrl Pts',(-36.6170814724799,-99.0489261378162,36.4999999999997));
#9201=CARTESIAN_POINT('Ctrl Pts',(-36.5493676146106,-99.0345127813884,36.9999999999997));
#9202=CARTESIAN_POINT('Ctrl Pts',(-36.5493676146106,-99.0345127813884,36.4999999999997));
#9203=CARTESIAN_POINT('',(-36.877657207714,-99.0835988990023,36.9999999999997));
#9204=CARTESIAN_POINT('Ctrl Pts',(-36.877657207714,-99.0835988990023,36.9999999999997));
#9205=CARTESIAN_POINT('Ctrl Pts',(-36.8361090548039,-99.0804357389144,36.9999999999997));
#9206=CARTESIAN_POINT('Ctrl Pts',(-36.7255807953393,-99.072020958607,36.9999999999997));
#9207=CARTESIAN_POINT('Ctrl Pts',(-36.6170814724799,-99.0489261378162,36.9999999999997));
#9208=CARTESIAN_POINT('Ctrl Pts',(-36.5493676146106,-99.0345127813884,36.9999999999997));
#9209=CARTESIAN_POINT('',(-36.877657207714,-99.0835988990023,36.4999999999997));
#9210=CARTESIAN_POINT('',(-36.877657207714,-99.0835988990023,36.9999999999997));
#9211=CARTESIAN_POINT('Ctrl Pts',(-36.877657207714,-99.0835988990023,36.4999999999997));
#9212=CARTESIAN_POINT('Ctrl Pts',(-36.8361090548039,-99.0804357389144,36.4999999999997));
#9213=CARTESIAN_POINT('Ctrl Pts',(-36.7255807953393,-99.072020958607,36.4999999999997));
#9214=CARTESIAN_POINT('Ctrl Pts',(-36.6170814724799,-99.0489261378162,36.4999999999997));
#9215=CARTESIAN_POINT('Ctrl Pts',(-36.5493676146106,-99.0345127813884,36.4999999999997));
#9216=CARTESIAN_POINT('Origin',(-37.3987291663643,-99.0748818897832,36.9999999999997));
#9217=CARTESIAN_POINT('',(-37.3987291663643,-99.0748818897832,36.9999999999997));
#9218=CARTESIAN_POINT('',(-17.1101800865727,-99.4142888880563,36.9999999999997));
#9219=CARTESIAN_POINT('',(-37.3987291663643,-99.0748818897832,36.4999999999997));
#9220=CARTESIAN_POINT('',(-37.3987291663643,-99.0748818897832,36.9999999999997));
#9221=CARTESIAN_POINT('',(-37.3987291663643,-99.0748818897832,36.4999999999997));
#9222=CARTESIAN_POINT('Origin',(-37.3851287791835,-98.2618988805135,36.9999999999997));
#9223=CARTESIAN_POINT('',(-37.7328208238722,-119.045698711413,36.9999999999997));
#9224=CARTESIAN_POINT('',(-37.3851287791835,-98.2618988805135,36.4999999999997));
#9225=CARTESIAN_POINT('Origin',(-37.4113711507158,-99.8305749700267,36.9999999999997));
#9226=CARTESIAN_POINT('',(-37.4113711507158,-99.8305749700267,36.9999999999997));
#9227=CARTESIAN_POINT('',(-37.4385262830496,-101.453812669674,36.9999999999997));
#9228=CARTESIAN_POINT('',(-37.7459420096385,-119.83003675617,36.9999999999997));
#9229=CARTESIAN_POINT('',(-37.4113711507158,-99.8305749700267,36.4999999999997));
#9230=CARTESIAN_POINT('',(-37.4113711507158,-99.8305749700267,36.9999999999997));
#9231=CARTESIAN_POINT('',(-37.4385262830496,-101.453812669674,36.4999999999997));
#9232=CARTESIAN_POINT('',(-37.4113711507158,-99.8305749700267,36.4999999999997));
#9233=CARTESIAN_POINT('',(-37.4385262830496,-101.453812669674,36.9999999999997));
#9234=CARTESIAN_POINT('Origin',(-37.3022455465951,-99.8324005315089,36.9999999999997));
#9235=CARTESIAN_POINT('',(-37.3022455465951,-99.8324005315089,36.9999999999997));
#9236=CARTESIAN_POINT('',(-17.0682592688639,-100.170894749041,36.9999999999997));
#9237=CARTESIAN_POINT('',(-37.3022455465951,-99.8324005315089,36.4999999999997));
#9238=CARTESIAN_POINT('',(-37.3022455465951,-99.8324005315089,36.9999999999997));
#9239=CARTESIAN_POINT('',(-37.3022455465951,-99.8324005315089,36.4999999999997));
#9240=CARTESIAN_POINT('Ctrl Pts',(-37.0009765055004,-99.9302221085327,36.9999999999997));
#9241=CARTESIAN_POINT('Ctrl Pts',(-37.0009765055004,-99.9302221085327,36.4999999999997));
#9242=CARTESIAN_POINT('Ctrl Pts',(-37.0468484450703,-99.9023942286806,36.9999999999997));
#9243=CARTESIAN_POINT('Ctrl Pts',(-37.0468484450703,-99.9023942286806,36.4999999999997));
#9244=CARTESIAN_POINT('Ctrl Pts',(-37.1395554377938,-99.8461542030975,36.9999999999997));
#9245=CARTESIAN_POINT('Ctrl Pts',(-37.1395554377938,-99.8461542030975,36.4999999999997));
#9246=CARTESIAN_POINT('Ctrl Pts',(-37.2476412168005,-99.8370167311343,36.9999999999997));
#9247=CARTESIAN_POINT('Ctrl Pts',(-37.2476412168005,-99.8370167311343,36.4999999999997));
#9248=CARTESIAN_POINT('Ctrl Pts',(-37.3022455465951,-99.8324005315089,36.9999999999997));
#9249=CARTESIAN_POINT('Ctrl Pts',(-37.3022455465951,-99.8324005315089,36.4999999999997));
#9250=CARTESIAN_POINT('',(-37.0009765055004,-99.9302221085327,36.9999999999997));
#9251=CARTESIAN_POINT('Ctrl Pts',(-37.0009765055004,-99.9302221085327,36.9999999999997));
#9252=CARTESIAN_POINT('Ctrl Pts',(-37.0468484450703,-99.9023942286806,36.9999999999997));
#9253=CARTESIAN_POINT('Ctrl Pts',(-37.1395554377938,-99.8461542030975,36.9999999999997));
#9254=CARTESIAN_POINT('Ctrl Pts',(-37.2476412168005,-99.8370167311343,36.9999999999997));
#9255=CARTESIAN_POINT('Ctrl Pts',(-37.3022455465951,-99.8324005315089,36.9999999999997));
#9256=CARTESIAN_POINT('',(-37.0009765055004,-99.9302221085327,36.4999999999997));
#9257=CARTESIAN_POINT('',(-37.0009765055004,-99.9302221085327,36.9999999999997));
#9258=CARTESIAN_POINT('Ctrl Pts',(-37.0009765055004,-99.9302221085327,36.4999999999997));
#9259=CARTESIAN_POINT('Ctrl Pts',(-37.0468484450703,-99.9023942286806,36.4999999999997));
#9260=CARTESIAN_POINT('Ctrl Pts',(-37.1395554377938,-99.8461542030975,36.4999999999997));
#9261=CARTESIAN_POINT('Ctrl Pts',(-37.2476412168005,-99.8370167311343,36.4999999999997));
#9262=CARTESIAN_POINT('Ctrl Pts',(-37.3022455465951,-99.8324005315089,36.4999999999997));
#9263=CARTESIAN_POINT('Ctrl Pts',(-36.7824258696651,-100.242244287598,36.9999999999997));
#9264=CARTESIAN_POINT('Ctrl Pts',(-36.7824258696651,-100.242244287598,36.4999999999997));
#9265=CARTESIAN_POINT('Ctrl Pts',(-36.8171071358531,-100.173567092497,36.9999999999997));
#9266=CARTESIAN_POINT('Ctrl Pts',(-36.8171071358531,-100.173567092497,36.4999999999997));
#9267=CARTESIAN_POINT('Ctrl Pts',(-36.8751106106309,-100.0587063509,36.9999999999997));
#9268=CARTESIAN_POINT('Ctrl Pts',(-36.8751106106309,-100.0587063509,36.4999999999997));
#9269=CARTESIAN_POINT('Ctrl Pts',(-36.964881258182,-99.9670682336056,36.9999999999997));
#9270=CARTESIAN_POINT('Ctrl Pts',(-36.964881258182,-99.9670682336056,36.4999999999997));
#9271=CARTESIAN_POINT('Ctrl Pts',(-37.0009765055004,-99.9302221085327,36.9999999999997));
#9272=CARTESIAN_POINT('Ctrl Pts',(-37.0009765055004,-99.9302221085327,36.4999999999997));
#9273=CARTESIAN_POINT('',(-36.7824258696651,-100.242244287598,36.9999999999997));
#9274=CARTESIAN_POINT('Ctrl Pts',(-36.7824258696651,-100.242244287598,36.9999999999997));
#9275=CARTESIAN_POINT('Ctrl Pts',(-36.8171071358531,-100.173567092497,36.9999999999997));
#9276=CARTESIAN_POINT('Ctrl Pts',(-36.8751106106309,-100.0587063509,36.9999999999997));
#9277=CARTESIAN_POINT('Ctrl Pts',(-36.964881258182,-99.9670682336056,36.9999999999997));
#9278=CARTESIAN_POINT('Ctrl Pts',(-37.0009765055004,-99.9302221085327,36.9999999999997));
#9279=CARTESIAN_POINT('',(-36.7824258696651,-100.242244287598,36.4999999999997));
#9280=CARTESIAN_POINT('',(-36.7824258696651,-100.242244287598,36.9999999999997));
#9281=CARTESIAN_POINT('Ctrl Pts',(-36.7824258696651,-100.242244287598,36.4999999999997));
#9282=CARTESIAN_POINT('Ctrl Pts',(-36.8171071358531,-100.173567092497,36.4999999999997));
#9283=CARTESIAN_POINT('Ctrl Pts',(-36.8751106106309,-100.0587063509,36.4999999999997));
#9284=CARTESIAN_POINT('Ctrl Pts',(-36.964881258182,-99.9670682336056,36.4999999999997));
#9285=CARTESIAN_POINT('Ctrl Pts',(-37.0009765055004,-99.9302221085327,36.4999999999997));
#9286=CARTESIAN_POINT('Origin',(-36.1422804036272,-101.475497558092,36.9999999999997));
#9287=CARTESIAN_POINT('',(-36.1422804036272,-101.475497558092,36.9999999999997));
#9288=CARTESIAN_POINT('',(-24.0615369981503,-124.749295632487,36.9999999999997));
#9289=CARTESIAN_POINT('',(-36.1422804036272,-101.475497558092,36.4999999999997));
#9290=CARTESIAN_POINT('',(-36.1422804036272,-101.475497558092,36.9999999999997));
#9291=CARTESIAN_POINT('',(-36.1422804036272,-101.475497558092,36.4999999999997));
#9292=CARTESIAN_POINT('Origin',(-34.7458626691082,-101.498858220786,36.9999999999997));
#9293=CARTESIAN_POINT('',(-34.7458626691082,-101.498858220786,36.9999999999997));
#9294=CARTESIAN_POINT('',(-15.803645396287,-101.815742443504,36.9999999999997));
#9295=CARTESIAN_POINT('',(-34.7458626691082,-101.498858220786,36.4999999999997));
#9296=CARTESIAN_POINT('',(-34.7458626691082,-101.498858220786,36.9999999999997));
#9297=CARTESIAN_POINT('',(-34.7458626691082,-101.498858220786,36.4999999999997));
#9298=CARTESIAN_POINT('Origin',(-35.324958207668,-100.329944781882,36.9999999999997));
#9299=CARTESIAN_POINT('',(-35.324958207668,-100.329944781882,36.9999999999997));
#9300=CARTESIAN_POINT('',(-23.6071120180014,-123.982601336933,36.9999999999997));
#9301=CARTESIAN_POINT('',(-35.324958207668,-100.329944781882,36.4999999999997));
#9302=CARTESIAN_POINT('',(-35.324958207668,-100.329944781882,36.9999999999997));
#9303=CARTESIAN_POINT('',(-35.324958207668,-100.329944781882,36.4999999999997));
#9304=CARTESIAN_POINT('Ctrl Pts',(-35.4939093524079,-100.0785549063,36.9999999999997));
#9305=CARTESIAN_POINT('Ctrl Pts',(-35.4939093524079,-100.0785549063,36.4999999999997));
#9306=CARTESIAN_POINT('Ctrl Pts',(-35.4572759427901,-100.125779804026,36.9999999999997));
#9307=CARTESIAN_POINT('Ctrl Pts',(-35.4572759427901,-100.125779804026,36.4999999999997));
#9308=CARTESIAN_POINT('Ctrl Pts',(-35.3952126173393,-100.20578694034,36.9999999999997));
#9309=CARTESIAN_POINT('Ctrl Pts',(-35.3952126173393,-100.20578694034,36.4999999999997));
#9310=CARTESIAN_POINT('Ctrl Pts',(-35.3453776560577,-100.293858297782,36.9999999999997));
#9311=CARTESIAN_POINT('Ctrl Pts',(-35.3453776560577,-100.293858297782,36.4999999999997));
#9312=CARTESIAN_POINT('Ctrl Pts',(-35.324958207668,-100.329944781882,36.9999999999997));
#9313=CARTESIAN_POINT('Ctrl Pts',(-35.324958207668,-100.329944781882,36.4999999999997));
#9314=CARTESIAN_POINT('',(-35.4939093524079,-100.0785549063,36.9999999999997));
#9315=CARTESIAN_POINT('Ctrl Pts',(-35.4939093524079,-100.0785549063,36.9999999999997));
#9316=CARTESIAN_POINT('Ctrl Pts',(-35.4572759427901,-100.125779804026,36.9999999999997));
#9317=CARTESIAN_POINT('Ctrl Pts',(-35.3952126173393,-100.20578694034,36.9999999999997));
#9318=CARTESIAN_POINT('Ctrl Pts',(-35.3453776560577,-100.293858297782,36.9999999999997));
#9319=CARTESIAN_POINT('Ctrl Pts',(-35.324958207668,-100.329944781882,36.9999999999997));
#9320=CARTESIAN_POINT('',(-35.4939093524079,-100.0785549063,36.4999999999997));
#9321=CARTESIAN_POINT('',(-35.4939093524079,-100.0785549063,36.9999999999997));
#9322=CARTESIAN_POINT('Ctrl Pts',(-35.4939093524079,-100.0785549063,36.4999999999997));
#9323=CARTESIAN_POINT('Ctrl Pts',(-35.4572759427901,-100.125779804026,36.4999999999997));
#9324=CARTESIAN_POINT('Ctrl Pts',(-35.3952126173393,-100.20578694034,36.4999999999997));
#9325=CARTESIAN_POINT('Ctrl Pts',(-35.3453776560577,-100.293858297782,36.4999999999997));
#9326=CARTESIAN_POINT('Ctrl Pts',(-35.324958207668,-100.329944781882,36.4999999999997));
#9327=CARTESIAN_POINT('Ctrl Pts',(-35.6880538216521,-99.8649900704553,36.9999999999997));
#9328=CARTESIAN_POINT('Ctrl Pts',(-35.6880538216521,-99.8649900704553,36.4999999999997));
#9329=CARTESIAN_POINT('Ctrl Pts',(-35.6600193626793,-99.8905793768279,36.9999999999997));
#9330=CARTESIAN_POINT('Ctrl Pts',(-35.6600193626793,-99.8905793768279,36.4999999999997));
#9331=CARTESIAN_POINT('Ctrl Pts',(-35.5887357104976,-99.9556457016964,36.9999999999997));
#9332=CARTESIAN_POINT('Ctrl Pts',(-35.5887357104976,-99.9556457016964,36.4999999999997));
#9333=CARTESIAN_POINT('Ctrl Pts',(-35.5297171023012,-100.03214268351,36.9999999999997));
#9334=CARTESIAN_POINT('Ctrl Pts',(-35.5297171023012,-100.03214268351,36.4999999999997));
#9335=CARTESIAN_POINT('Ctrl Pts',(-35.4939093524079,-100.0785549063,36.9999999999997));
#9336=CARTESIAN_POINT('Ctrl Pts',(-35.4939093524079,-100.0785549063,36.4999999999997));
#9337=CARTESIAN_POINT('',(-35.6880538216521,-99.8649900704553,36.9999999999997));
#9338=CARTESIAN_POINT('Ctrl Pts',(-35.6880538216521,-99.8649900704553,36.9999999999997));
#9339=CARTESIAN_POINT('Ctrl Pts',(-35.6600193626793,-99.8905793768279,36.9999999999997));
#9340=CARTESIAN_POINT('Ctrl Pts',(-35.5887357104976,-99.9556457016964,36.9999999999997));
#9341=CARTESIAN_POINT('Ctrl Pts',(-35.5297171023012,-100.03214268351,36.9999999999997));
#9342=CARTESIAN_POINT('Ctrl Pts',(-35.4939093524079,-100.0785549063,36.9999999999997));
#9343=CARTESIAN_POINT('',(-35.6880538216521,-99.8649900704553,36.4999999999997));
#9344=CARTESIAN_POINT('',(-35.6880538216521,-99.8649900704553,36.9999999999997));
#9345=CARTESIAN_POINT('Ctrl Pts',(-35.6880538216521,-99.8649900704553,36.4999999999997));
#9346=CARTESIAN_POINT('Ctrl Pts',(-35.6600193626793,-99.8905793768279,36.4999999999997));
#9347=CARTESIAN_POINT('Ctrl Pts',(-35.5887357104976,-99.9556457016964,36.4999999999997));
#9348=CARTESIAN_POINT('Ctrl Pts',(-35.5297171023012,-100.03214268351,36.4999999999997));
#9349=CARTESIAN_POINT('Ctrl Pts',(-35.4939093524079,-100.0785549063,36.4999999999997));
#9350=CARTESIAN_POINT('Ctrl Pts',(-36.0072928059833,-99.7121610383644,36.9999999999997));
#9351=CARTESIAN_POINT('Ctrl Pts',(-36.0072928059833,-99.7121610383644,36.4999999999997));
#9352=CARTESIAN_POINT('Ctrl Pts',(-35.9428422595658,-99.7352609097322,36.9999999999997));
#9353=CARTESIAN_POINT('Ctrl Pts',(-35.9428422595658,-99.7352609097322,36.4999999999997));
#9354=CARTESIAN_POINT('Ctrl Pts',(-35.8310705391287,-99.7753212739675,36.9999999999997));
#9355=CARTESIAN_POINT('Ctrl Pts',(-35.8310705391287,-99.7753212739675,36.4999999999997));
#9356=CARTESIAN_POINT('Ctrl Pts',(-35.7305932386294,-99.8383186547568,36.9999999999997));
#9357=CARTESIAN_POINT('Ctrl Pts',(-35.7305932386294,-99.8383186547568,36.4999999999997));
#9358=CARTESIAN_POINT('Ctrl Pts',(-35.6880538216521,-99.8649900704553,36.9999999999997));
#9359=CARTESIAN_POINT('Ctrl Pts',(-35.6880538216521,-99.8649900704553,36.4999999999997));
#9360=CARTESIAN_POINT('',(-36.0072928059833,-99.7121610383644,36.9999999999997));
#9361=CARTESIAN_POINT('Ctrl Pts',(-36.0072928059833,-99.7121610383644,36.9999999999997));
#9362=CARTESIAN_POINT('Ctrl Pts',(-35.9428422595658,-99.7352609097322,36.9999999999997));
#9363=CARTESIAN_POINT('Ctrl Pts',(-35.8310705391287,-99.7753212739675,36.9999999999997));
#9364=CARTESIAN_POINT('Ctrl Pts',(-35.7305932386294,-99.8383186547568,36.9999999999997));
#9365=CARTESIAN_POINT('Ctrl Pts',(-35.6880538216521,-99.8649900704553,36.9999999999997));
#9366=CARTESIAN_POINT('',(-36.0072928059833,-99.7121610383644,36.4999999999997));
#9367=CARTESIAN_POINT('',(-36.0072928059833,-99.7121610383644,36.9999999999997));
#9368=CARTESIAN_POINT('Ctrl Pts',(-36.0072928059833,-99.7121610383644,36.4999999999997));
#9369=CARTESIAN_POINT('Ctrl Pts',(-35.9428422595658,-99.7352609097322,36.4999999999997));
#9370=CARTESIAN_POINT('Ctrl Pts',(-35.8310705391287,-99.7753212739675,36.4999999999997));
#9371=CARTESIAN_POINT('Ctrl Pts',(-35.7305932386294,-99.8383186547568,36.4999999999997));
#9372=CARTESIAN_POINT('Ctrl Pts',(-35.6880538216521,-99.8649900704553,36.4999999999997));
#9373=CARTESIAN_POINT('Ctrl Pts',(-35.570617769961,-99.561190121029,36.9999999999997));
#9374=CARTESIAN_POINT('Ctrl Pts',(-35.570617769961,-99.561190121029,36.4999999999997));
#9375=CARTESIAN_POINT('Ctrl Pts',(-35.6328603558538,-99.591494371931,36.9999999999997));
#9376=CARTESIAN_POINT('Ctrl Pts',(-35.6328603558538,-99.591494371931,36.4999999999997));
#9377=CARTESIAN_POINT('Ctrl Pts',(-35.772199682263,-99.6593349644684,36.9999999999997));
#9378=CARTESIAN_POINT('Ctrl Pts',(-35.772199682263,-99.6593349644684,36.4999999999997));
#9379=CARTESIAN_POINT('Ctrl Pts',(-35.9235502310321,-99.6933438505938,36.9999999999997));
#9380=CARTESIAN_POINT('Ctrl Pts',(-35.9235502310321,-99.6933438505938,36.4999999999997));
#9381=CARTESIAN_POINT('Ctrl Pts',(-36.0072928059833,-99.7121610383644,36.9999999999997));
#9382=CARTESIAN_POINT('Ctrl Pts',(-36.0072928059833,-99.7121610383644,36.4999999999997));
#9383=CARTESIAN_POINT('',(-35.570617769961,-99.561190121029,36.9999999999997));
#9384=CARTESIAN_POINT('Ctrl Pts',(-35.570617769961,-99.561190121029,36.9999999999997));
#9385=CARTESIAN_POINT('Ctrl Pts',(-35.6328603558538,-99.591494371931,36.9999999999997));
#9386=CARTESIAN_POINT('Ctrl Pts',(-35.772199682263,-99.6593349644684,36.9999999999997));
#9387=CARTESIAN_POINT('Ctrl Pts',(-35.9235502310321,-99.6933438505938,36.9999999999997));
#9388=CARTESIAN_POINT('Ctrl Pts',(-36.0072928059833,-99.7121610383644,36.9999999999997));
#9389=CARTESIAN_POINT('',(-35.570617769961,-99.561190121029,36.4999999999997));
#9390=CARTESIAN_POINT('',(-35.570617769961,-99.561190121029,36.9999999999997));
#9391=CARTESIAN_POINT('Ctrl Pts',(-35.570617769961,-99.561190121029,36.4999999999997));
#9392=CARTESIAN_POINT('Ctrl Pts',(-35.6328603558538,-99.591494371931,36.4999999999997));
#9393=CARTESIAN_POINT('Ctrl Pts',(-35.772199682263,-99.6593349644684,36.4999999999997));
#9394=CARTESIAN_POINT('Ctrl Pts',(-35.9235502310321,-99.6933438505938,36.4999999999997));
#9395=CARTESIAN_POINT('Ctrl Pts',(-36.0072928059833,-99.7121610383644,36.4999999999997));
#9396=CARTESIAN_POINT('Ctrl Pts',(-35.1737318536368,-99.1762331189162,36.9999999999997));
#9397=CARTESIAN_POINT('Ctrl Pts',(-35.1737318536368,-99.1762331189162,36.4999999999997));
#9398=CARTESIAN_POINT('Ctrl Pts',(-35.2271482621386,-99.2522598939062,36.9999999999997));
#9399=CARTESIAN_POINT('Ctrl Pts',(-35.2271482621386,-99.2522598939062,36.4999999999997));
#9400=CARTESIAN_POINT('Ctrl Pts',(-35.33498249,-99.4057387369767,36.9999999999997));
#9401=CARTESIAN_POINT('Ctrl Pts',(-35.33498249,-99.4057387369767,36.4999999999997));
#9402=CARTESIAN_POINT('Ctrl Pts',(-35.4915879005739,-99.5090531805007,36.9999999999997));
#9403=CARTESIAN_POINT('Ctrl Pts',(-35.4915879005739,-99.5090531805007,36.4999999999997));
#9404=CARTESIAN_POINT('Ctrl Pts',(-35.570617769961,-99.561190121029,36.9999999999997));
#9405=CARTESIAN_POINT('Ctrl Pts',(-35.570617769961,-99.561190121029,36.4999999999997));
#9406=CARTESIAN_POINT('',(-35.1737318536368,-99.1762331189162,36.9999999999997));
#9407=CARTESIAN_POINT('Ctrl Pts',(-35.1737318536368,-99.1762331189162,36.9999999999997));
#9408=CARTESIAN_POINT('Ctrl Pts',(-35.2271482621386,-99.2522598939062,36.9999999999997));
#9409=CARTESIAN_POINT('Ctrl Pts',(-35.33498249,-99.4057387369767,36.9999999999997));
#9410=CARTESIAN_POINT('Ctrl Pts',(-35.4915879005739,-99.5090531805007,36.9999999999997));
#9411=CARTESIAN_POINT('Ctrl Pts',(-35.570617769961,-99.561190121029,36.9999999999997));
#9412=CARTESIAN_POINT('',(-35.1737318536368,-99.1762331189162,36.4999999999997));
#9413=CARTESIAN_POINT('',(-35.1737318536368,-99.1762331189162,36.9999999999997));
#9414=CARTESIAN_POINT('Ctrl Pts',(-35.1737318536368,-99.1762331189162,36.4999999999997));
#9415=CARTESIAN_POINT('Ctrl Pts',(-35.2271482621386,-99.2522598939062,36.4999999999997));
#9416=CARTESIAN_POINT('Ctrl Pts',(-35.33498249,-99.4057387369767,36.4999999999997));
#9417=CARTESIAN_POINT('Ctrl Pts',(-35.4915879005739,-99.5090531805007,36.4999999999997));
#9418=CARTESIAN_POINT('Ctrl Pts',(-35.570617769961,-99.561190121029,36.4999999999997));
#9419=CARTESIAN_POINT('Ctrl Pts',(-35.0221783929205,-98.604336543408,36.9999999999997));
#9420=CARTESIAN_POINT('Ctrl Pts',(-35.0221783929205,-98.604336543408,36.4999999999997));
#9421=CARTESIAN_POINT('Ctrl Pts',(-35.028701196688,-98.7093767637747,36.9999999999997));
#9422=CARTESIAN_POINT('Ctrl Pts',(-35.028701196688,-98.7093767637747,36.4999999999997));
#9423=CARTESIAN_POINT('Ctrl Pts',(-35.0411806107234,-98.910339485795,36.9999999999997));
#9424=CARTESIAN_POINT('Ctrl Pts',(-35.0411806107234,-98.910339485795,36.4999999999997));
#9425=CARTESIAN_POINT('Ctrl Pts',(-35.130905044474,-99.0903238838686,36.9999999999997));
#9426=CARTESIAN_POINT('Ctrl Pts',(-35.130905044474,-99.0903238838686,36.4999999999997));
#9427=CARTESIAN_POINT('Ctrl Pts',(-35.1737318536368,-99.1762331189162,36.9999999999997));
#9428=CARTESIAN_POINT('Ctrl Pts',(-35.1737318536368,-99.1762331189162,36.4999999999997));
#9429=CARTESIAN_POINT('',(-35.0221783929205,-98.604336543408,36.9999999999997));
#9430=CARTESIAN_POINT('Ctrl Pts',(-35.0221783929205,-98.604336543408,36.9999999999997));
#9431=CARTESIAN_POINT('Ctrl Pts',(-35.028701196688,-98.7093767637747,36.9999999999997));
#9432=CARTESIAN_POINT('Ctrl Pts',(-35.0411806107234,-98.910339485795,36.9999999999997));
#9433=CARTESIAN_POINT('Ctrl Pts',(-35.130905044474,-99.0903238838686,36.9999999999997));
#9434=CARTESIAN_POINT('Ctrl Pts',(-35.1737318536368,-99.1762331189162,36.9999999999997));
#9435=CARTESIAN_POINT('',(-35.0221783929205,-98.604336543408,36.4999999999997));
#9436=CARTESIAN_POINT('',(-35.0221783929205,-98.604336543408,36.9999999999997));
#9437=CARTESIAN_POINT('Ctrl Pts',(-35.0221783929205,-98.604336543408,36.4999999999997));
#9438=CARTESIAN_POINT('Ctrl Pts',(-35.028701196688,-98.7093767637747,36.4999999999997));
#9439=CARTESIAN_POINT('Ctrl Pts',(-35.0411806107234,-98.910339485795,36.4999999999997));
#9440=CARTESIAN_POINT('Ctrl Pts',(-35.130905044474,-99.0903238838686,36.4999999999997));
#9441=CARTESIAN_POINT('Ctrl Pts',(-35.1737318536368,-99.1762331189162,36.4999999999997));
#9442=CARTESIAN_POINT('Ctrl Pts',(-35.1968505405453,-97.9533020851741,36.9999999999997));
#9443=CARTESIAN_POINT('Ctrl Pts',(-35.1968505405453,-97.9533020851741,36.4999999999997));
#9444=CARTESIAN_POINT('Ctrl Pts',(-35.1443784578804,-98.0502710623307,36.9999999999997));
#9445=CARTESIAN_POINT('Ctrl Pts',(-35.1443784578804,-98.0502710623307,36.4999999999997));
#9446=CARTESIAN_POINT('Ctrl Pts',(-35.0346333706319,-98.2530811723547,36.9999999999997));
#9447=CARTESIAN_POINT('Ctrl Pts',(-35.0346333706319,-98.2530811723547,36.4999999999997));
#9448=CARTESIAN_POINT('Ctrl Pts',(-35.026449391276,-98.4838858170484,36.9999999999997));
#9449=CARTESIAN_POINT('Ctrl Pts',(-35.026449391276,-98.4838858170484,36.4999999999997));
#9450=CARTESIAN_POINT('Ctrl Pts',(-35.0221783929205,-98.604336543408,36.9999999999997));
#9451=CARTESIAN_POINT('Ctrl Pts',(-35.0221783929205,-98.604336543408,36.4999999999997));
#9452=CARTESIAN_POINT('',(-35.1968505405453,-97.9533020851741,36.9999999999997));
#9453=CARTESIAN_POINT('Ctrl Pts',(-35.1968505405453,-97.9533020851741,36.9999999999997));
#9454=CARTESIAN_POINT('Ctrl Pts',(-35.1443784578804,-98.0502710623307,36.9999999999997));
#9455=CARTESIAN_POINT('Ctrl Pts',(-35.0346333706319,-98.2530811723547,36.9999999999997));
#9456=CARTESIAN_POINT('Ctrl Pts',(-35.026449391276,-98.4838858170484,36.9999999999997));
#9457=CARTESIAN_POINT('Ctrl Pts',(-35.0221783929205,-98.604336543408,36.9999999999997));
#9458=CARTESIAN_POINT('',(-35.1968505405453,-97.9533020851741,36.4999999999997));
#9459=CARTESIAN_POINT('',(-35.1968505405453,-97.9533020851741,36.9999999999997));
#9460=CARTESIAN_POINT('Ctrl Pts',(-35.1968505405453,-97.9533020851741,36.4999999999997));
#9461=CARTESIAN_POINT('Ctrl Pts',(-35.1443784578804,-98.0502710623307,36.4999999999997));
#9462=CARTESIAN_POINT('Ctrl Pts',(-35.0346333706319,-98.2530811723547,36.4999999999997));
#9463=CARTESIAN_POINT('Ctrl Pts',(-35.026449391276,-98.4838858170484,36.4999999999997));
#9464=CARTESIAN_POINT('Ctrl Pts',(-35.0221783929205,-98.604336543408,36.4999999999997));
#9465=CARTESIAN_POINT('Ctrl Pts',(-35.6790946382215,-97.5809265629442,36.9999999999997));
#9466=CARTESIAN_POINT('Ctrl Pts',(-35.6790946382215,-97.5809265629442,36.4999999999997));
#9467=CARTESIAN_POINT('Ctrl Pts',(-35.5835573436051,-97.622484898884,36.9999999999997));
#9468=CARTESIAN_POINT('Ctrl Pts',(-35.5835573436051,-97.622484898884,36.4999999999997));
#9469=CARTESIAN_POINT('Ctrl Pts',(-35.3915211369917,-97.7060198704268,36.9999999999997));
#9470=CARTESIAN_POINT('Ctrl Pts',(-35.3915211369917,-97.7060198704268,36.4999999999997));
#9471=CARTESIAN_POINT('Ctrl Pts',(-35.2619570026126,-97.8705999697635,36.9999999999997));
#9472=CARTESIAN_POINT('Ctrl Pts',(-35.2619570026126,-97.8705999697635,36.4999999999997));
#9473=CARTESIAN_POINT('Ctrl Pts',(-35.1968505405453,-97.9533020851741,36.9999999999997));
#9474=CARTESIAN_POINT('Ctrl Pts',(-35.1968505405453,-97.9533020851741,36.4999999999997));
#9475=CARTESIAN_POINT('',(-35.6790946382215,-97.5809265629442,36.9999999999997));
#9476=CARTESIAN_POINT('Ctrl Pts',(-35.6790946382215,-97.5809265629442,36.9999999999997));
#9477=CARTESIAN_POINT('Ctrl Pts',(-35.5835573436051,-97.622484898884,36.9999999999997));
#9478=CARTESIAN_POINT('Ctrl Pts',(-35.3915211369917,-97.7060198704268,36.9999999999997));
#9479=CARTESIAN_POINT('Ctrl Pts',(-35.2619570026126,-97.8705999697635,36.9999999999997));
#9480=CARTESIAN_POINT('Ctrl Pts',(-35.1968505405453,-97.9533020851741,36.9999999999997));
#9481=CARTESIAN_POINT('',(-35.6790946382215,-97.5809265629442,36.4999999999997));
#9482=CARTESIAN_POINT('',(-35.6790946382215,-97.5809265629442,36.9999999999997));
#9483=CARTESIAN_POINT('Ctrl Pts',(-35.6790946382215,-97.5809265629442,36.4999999999997));
#9484=CARTESIAN_POINT('Ctrl Pts',(-35.5835573436051,-97.622484898884,36.4999999999997));
#9485=CARTESIAN_POINT('Ctrl Pts',(-35.3915211369917,-97.7060198704268,36.4999999999997));
#9486=CARTESIAN_POINT('Ctrl Pts',(-35.2619570026126,-97.8705999697635,36.4999999999997));
#9487=CARTESIAN_POINT('Ctrl Pts',(-35.1968505405453,-97.9533020851741,36.4999999999997));
#9488=CARTESIAN_POINT('Ctrl Pts',(-36.5531812209311,-97.4680641603248,36.9999999999997));
#9489=CARTESIAN_POINT('Ctrl Pts',(-36.5531812209311,-97.4680641603248,36.4999999999997));
#9490=CARTESIAN_POINT('Ctrl Pts',(-36.3838668362775,-97.4720045543131,36.9999999999997));
#9491=CARTESIAN_POINT('Ctrl Pts',(-36.3838668362775,-97.4720045543131,36.4999999999997));
#9492=CARTESIAN_POINT('Ctrl Pts',(-36.0881988792704,-97.4788855304494,36.9999999999997));
#9493=CARTESIAN_POINT('Ctrl Pts',(-36.0881988792704,-97.4788855304494,36.4999999999997));
#9494=CARTESIAN_POINT('Ctrl Pts',(-35.801580764462,-97.5503753988794,36.9999999999997));
#9495=CARTESIAN_POINT('Ctrl Pts',(-35.801580764462,-97.5503753988794,36.4999999999997));
#9496=CARTESIAN_POINT('Ctrl Pts',(-35.6790946382215,-97.5809265629442,36.9999999999997));
#9497=CARTESIAN_POINT('Ctrl Pts',(-35.6790946382215,-97.5809265629442,36.4999999999997));
#9498=CARTESIAN_POINT('',(-36.5531812209311,-97.4680641603248,36.9999999999997));
#9499=CARTESIAN_POINT('Ctrl Pts',(-36.5531812209311,-97.4680641603248,36.9999999999997));
#9500=CARTESIAN_POINT('Ctrl Pts',(-36.3838668362775,-97.4720045543131,36.9999999999997));
#9501=CARTESIAN_POINT('Ctrl Pts',(-36.0881988792704,-97.4788855304494,36.9999999999997));
#9502=CARTESIAN_POINT('Ctrl Pts',(-35.801580764462,-97.5503753988794,36.9999999999997));
#9503=CARTESIAN_POINT('Ctrl Pts',(-35.6790946382215,-97.5809265629442,36.9999999999997));
#9504=CARTESIAN_POINT('',(-36.5531812209311,-97.4680641603248,36.4999999999997));
#9505=CARTESIAN_POINT('',(-36.5531812209311,-97.4680641603248,36.9999999999997));
#9506=CARTESIAN_POINT('Ctrl Pts',(-36.5531812209311,-97.4680641603248,36.4999999999997));
#9507=CARTESIAN_POINT('Ctrl Pts',(-36.3838668362775,-97.4720045543131,36.4999999999997));
#9508=CARTESIAN_POINT('Ctrl Pts',(-36.0881988792704,-97.4788855304494,36.4999999999997));
#9509=CARTESIAN_POINT('Ctrl Pts',(-35.801580764462,-97.5503753988794,36.4999999999997));
#9510=CARTESIAN_POINT('Ctrl Pts',(-35.6790946382215,-97.5809265629442,36.4999999999997));
#9511=CARTESIAN_POINT('Origin',(-38.6129201451356,-97.4336068020021,36.9999999999997));
#9512=CARTESIAN_POINT('',(-38.6129201451356,-97.4336068020021,36.9999999999997));
#9513=CARTESIAN_POINT('',(-17.7037208308052,-97.7833966537882,36.9999999999997));
#9514=CARTESIAN_POINT('',(-38.6129201451356,-97.4336068020021,36.4999999999997));
#9515=CARTESIAN_POINT('',(-38.6129201451356,-97.4336068020021,36.9999999999997));
#9516=CARTESIAN_POINT('',(-38.6129201451356,-97.4336068020021,36.4999999999997));
#9517=CARTESIAN_POINT('Origin',(-38.6798267521266,-101.433046962649,36.9999999999997));
#9518=CARTESIAN_POINT('',(-38.6798267521266,-101.433046962649,36.9999999999997));
#9519=CARTESIAN_POINT('',(-39.0008200448823,-120.620889898968,36.9999999999997));
#9520=CARTESIAN_POINT('',(-38.6798267521266,-101.433046962649,36.4999999999997));
#9521=CARTESIAN_POINT('',(-38.6798267521266,-101.433046962649,36.9999999999997));
#9522=CARTESIAN_POINT('',(-38.6798267521266,-101.433046962649,36.4999999999997));
#9523=CARTESIAN_POINT('Origin',(-37.4385262830496,-101.453812669674,36.9999999999997));
#9524=CARTESIAN_POINT('',(-17.1499772032577,-101.793219667947,36.9999999999997));
#9525=CARTESIAN_POINT('',(-37.4385262830496,-101.453812669674,36.4999999999997));
#9526=CARTESIAN_POINT('Origin',(-44.7520925486335,-99.8921801938817,36.4999999999997));
#9527=CARTESIAN_POINT('Ctrl Pts',(-27.9912662446019,-99.0057621217739,36.9999999999997));
#9528=CARTESIAN_POINT('Ctrl Pts',(-27.9912662446019,-99.0057621217739,36.4999999999997));
#9529=CARTESIAN_POINT('Ctrl Pts',(-28.0514835386496,-98.7691673837722,36.9999999999997));
#9530=CARTESIAN_POINT('Ctrl Pts',(-28.0514835386496,-98.7691673837722,36.4999999999997));
#9531=CARTESIAN_POINT('Ctrl Pts',(-28.1792968447582,-98.2669868034233,36.9999999999997));
#9532=CARTESIAN_POINT('Ctrl Pts',(-28.1792968447582,-98.2669868034233,36.4999999999997));
#9533=CARTESIAN_POINT('Ctrl Pts',(-28.377564585314,-97.7881157805742,36.9999999999997));
#9534=CARTESIAN_POINT('Ctrl Pts',(-28.377564585314,-97.7881157805742,36.4999999999997));
#9535=CARTESIAN_POINT('Ctrl Pts',(-28.4824214972424,-97.534857552447,36.9999999999997));
#9536=CARTESIAN_POINT('Ctrl Pts',(-28.4824214972424,-97.534857552447,36.4999999999997));
#9537=CARTESIAN_POINT('',(-27.9912662446019,-99.0057621217739,36.9999999999997));
#9538=CARTESIAN_POINT('',(-28.4824214972424,-97.534857552447,36.9999999999997));
#9539=CARTESIAN_POINT('Ctrl Pts',(-27.9912662446019,-99.0057621217739,36.9999999999997));
#9540=CARTESIAN_POINT('Ctrl Pts',(-28.0514835386496,-98.7691673837722,36.9999999999997));
#9541=CARTESIAN_POINT('Ctrl Pts',(-28.1792968447582,-98.2669868034233,36.9999999999997));
#9542=CARTESIAN_POINT('Ctrl Pts',(-28.377564585314,-97.7881157805742,36.9999999999997));
#9543=CARTESIAN_POINT('Ctrl Pts',(-28.4824214972424,-97.534857552447,36.9999999999997));
#9544=CARTESIAN_POINT('',(-27.9912662446019,-99.0057621217739,36.4999999999997));
#9545=CARTESIAN_POINT('',(-27.9912662446019,-99.0057621217739,36.9999999999997));
#9546=CARTESIAN_POINT('',(-28.4824214972424,-97.534857552447,36.4999999999997));
#9547=CARTESIAN_POINT('Ctrl Pts',(-27.9912662446019,-99.0057621217739,36.4999999999997));
#9548=CARTESIAN_POINT('Ctrl Pts',(-28.0514835386496,-98.7691673837722,36.4999999999997));
#9549=CARTESIAN_POINT('Ctrl Pts',(-28.1792968447582,-98.2669868034233,36.4999999999997));
#9550=CARTESIAN_POINT('Ctrl Pts',(-28.377564585314,-97.7881157805742,36.4999999999997));
#9551=CARTESIAN_POINT('Ctrl Pts',(-28.4824214972424,-97.534857552447,36.4999999999997));
#9552=CARTESIAN_POINT('',(-28.4824214972424,-97.534857552447,36.9999999999997));
#9553=CARTESIAN_POINT('Ctrl Pts',(-27.8779442750055,-100.224744000739,36.9999999999997));
#9554=CARTESIAN_POINT('Ctrl Pts',(-27.8779442750055,-100.224744000739,36.4999999999997));
#9555=CARTESIAN_POINT('Ctrl Pts',(-27.8794248052391,-100.014819280973,36.9999999999997));
#9556=CARTESIAN_POINT('Ctrl Pts',(-27.8794248052391,-100.014819280973,36.4999999999997));
#9557=CARTESIAN_POINT('Ctrl Pts',(-27.8823137284989,-99.6051981925327,36.9999999999997));
#9558=CARTESIAN_POINT('Ctrl Pts',(-27.8823137284989,-99.6051981925327,36.4999999999997));
#9559=CARTESIAN_POINT('Ctrl Pts',(-27.9555583856367,-99.2022199865295,36.9999999999997));
#9560=CARTESIAN_POINT('Ctrl Pts',(-27.9555583856367,-99.2022199865295,36.4999999999997));
#9561=CARTESIAN_POINT('Ctrl Pts',(-27.9912662446019,-99.0057621217739,36.9999999999997));
#9562=CARTESIAN_POINT('Ctrl Pts',(-27.9912662446019,-99.0057621217739,36.4999999999997));
#9563=CARTESIAN_POINT('',(-27.8779442750055,-100.224744000739,36.9999999999997));
#9564=CARTESIAN_POINT('Ctrl Pts',(-27.8779442750055,-100.224744000739,36.9999999999997));
#9565=CARTESIAN_POINT('Ctrl Pts',(-27.8794248052391,-100.014819280973,36.9999999999997));
#9566=CARTESIAN_POINT('Ctrl Pts',(-27.8823137284989,-99.6051981925327,36.9999999999997));
#9567=CARTESIAN_POINT('Ctrl Pts',(-27.9555583856367,-99.2022199865295,36.9999999999997));
#9568=CARTESIAN_POINT('Ctrl Pts',(-27.9912662446019,-99.0057621217739,36.9999999999997));
#9569=CARTESIAN_POINT('',(-27.8779442750055,-100.224744000739,36.4999999999997));
#9570=CARTESIAN_POINT('',(-27.8779442750055,-100.224744000739,36.9999999999997));
#9571=CARTESIAN_POINT('Ctrl Pts',(-27.8779442750055,-100.224744000739,36.4999999999997));
#9572=CARTESIAN_POINT('Ctrl Pts',(-27.8794248052391,-100.014819280973,36.4999999999997));
#9573=CARTESIAN_POINT('Ctrl Pts',(-27.8823137284989,-99.6051981925327,36.4999999999997));
#9574=CARTESIAN_POINT('Ctrl Pts',(-27.9555583856367,-99.2022199865295,36.4999999999997));
#9575=CARTESIAN_POINT('Ctrl Pts',(-27.9912662446019,-99.0057621217739,36.4999999999997));
#9576=CARTESIAN_POINT('Ctrl Pts',(-28.570139453287,-102.778326501063,36.9999999999997));
#9577=CARTESIAN_POINT('Ctrl Pts',(-28.570139453287,-102.778326501063,36.4999999999997));
#9578=CARTESIAN_POINT('Ctrl Pts',(-28.373728205105,-102.354857052516,36.9999999999997));
#9579=CARTESIAN_POINT('Ctrl Pts',(-28.373728205105,-102.354857052516,36.4999999999997));
#9580=CARTESIAN_POINT('Ctrl Pts',(-27.9969372980454,-101.54248281679,36.9999999999997));
#9581=CARTESIAN_POINT('Ctrl Pts',(-27.9969372980454,-101.54248281679,36.4999999999997));
#9582=CARTESIAN_POINT('Ctrl Pts',(-27.9164673453487,-100.651351744687,36.9999999999997));
#9583=CARTESIAN_POINT('Ctrl Pts',(-27.9164673453487,-100.651351744687,36.4999999999997));
#9584=CARTESIAN_POINT('Ctrl Pts',(-27.8779442750055,-100.224744000739,36.9999999999997));
#9585=CARTESIAN_POINT('Ctrl Pts',(-27.8779442750055,-100.224744000739,36.4999999999997));
#9586=CARTESIAN_POINT('',(-28.570139453287,-102.778326501063,36.9999999999997));
#9587=CARTESIAN_POINT('Ctrl Pts',(-28.570139453287,-102.778326501063,36.9999999999997));
#9588=CARTESIAN_POINT('Ctrl Pts',(-28.373728205105,-102.354857052516,36.9999999999997));
#9589=CARTESIAN_POINT('Ctrl Pts',(-27.9969372980454,-101.54248281679,36.9999999999997));
#9590=CARTESIAN_POINT('Ctrl Pts',(-27.9164673453487,-100.651351744687,36.9999999999997));
#9591=CARTESIAN_POINT('Ctrl Pts',(-27.8779442750055,-100.224744000739,36.9999999999997));
#9592=CARTESIAN_POINT('',(-28.570139453287,-102.778326501063,36.4999999999997));
#9593=CARTESIAN_POINT('',(-28.570139453287,-102.778326501063,36.9999999999997));
#9594=CARTESIAN_POINT('Ctrl Pts',(-28.570139453287,-102.778326501063,36.4999999999997));
#9595=CARTESIAN_POINT('Ctrl Pts',(-28.373728205105,-102.354857052516,36.4999999999997));
#9596=CARTESIAN_POINT('Ctrl Pts',(-27.9969372980454,-101.54248281679,36.4999999999997));
#9597=CARTESIAN_POINT('Ctrl Pts',(-27.9164673453487,-100.651351744687,36.4999999999997));
#9598=CARTESIAN_POINT('Ctrl Pts',(-27.8779442750055,-100.224744000739,36.4999999999997));
#9599=CARTESIAN_POINT('Origin',(-27.8771941317797,-102.789918778589,36.9999999999997));
#9600=CARTESIAN_POINT('',(-27.8771941317797,-102.789918778589,36.9999999999997));
#9601=CARTESIAN_POINT('',(-12.3791463166787,-103.049185514092,36.9999999999997));
#9602=CARTESIAN_POINT('',(-27.8771941317797,-102.789918778589,36.4999999999997));
#9603=CARTESIAN_POINT('',(-27.8771941317797,-102.789918778589,36.9999999999997));
#9604=CARTESIAN_POINT('',(-28.570139453287,-102.778326501063,36.4999999999997));
#9605=CARTESIAN_POINT('Ctrl Pts',(-27.1110725269789,-101.44510910932,36.9999999999997));
#9606=CARTESIAN_POINT('Ctrl Pts',(-27.1110725269789,-101.44510910932,36.4999999999997));
#9607=CARTESIAN_POINT('Ctrl Pts',(-27.2059939650627,-101.661290427689,36.9999999999997));
#9608=CARTESIAN_POINT('Ctrl Pts',(-27.2059939650627,-101.661290427689,36.4999999999997));
#9609=CARTESIAN_POINT('Ctrl Pts',(-27.4144048273415,-102.135941211321,36.9999999999997));
#9610=CARTESIAN_POINT('Ctrl Pts',(-27.4144048273415,-102.135941211321,36.4999999999997));
#9611=CARTESIAN_POINT('Ctrl Pts',(-27.7140327619665,-102.559351920887,36.9999999999997));
#9612=CARTESIAN_POINT('Ctrl Pts',(-27.7140327619665,-102.559351920887,36.4999999999997));
#9613=CARTESIAN_POINT('Ctrl Pts',(-27.8771941317797,-102.789918778589,36.9999999999997));
#9614=CARTESIAN_POINT('Ctrl Pts',(-27.8771941317797,-102.789918778589,36.4999999999997));
#9615=CARTESIAN_POINT('',(-27.1110725269789,-101.44510910932,36.9999999999997));
#9616=CARTESIAN_POINT('Ctrl Pts',(-27.1110725269789,-101.44510910932,36.9999999999997));
#9617=CARTESIAN_POINT('Ctrl Pts',(-27.2059939650627,-101.661290427689,36.9999999999997));
#9618=CARTESIAN_POINT('Ctrl Pts',(-27.4144048273415,-102.135941211321,36.9999999999997));
#9619=CARTESIAN_POINT('Ctrl Pts',(-27.7140327619665,-102.559351920887,36.9999999999997));
#9620=CARTESIAN_POINT('Ctrl Pts',(-27.8771941317797,-102.789918778589,36.9999999999997));
#9621=CARTESIAN_POINT('',(-27.1110725269789,-101.44510910932,36.4999999999997));
#9622=CARTESIAN_POINT('',(-27.1110725269789,-101.44510910932,36.9999999999997));
#9623=CARTESIAN_POINT('Ctrl Pts',(-27.1110725269789,-101.44510910932,36.4999999999997));
#9624=CARTESIAN_POINT('Ctrl Pts',(-27.2059939650627,-101.661290427689,36.4999999999997));
#9625=CARTESIAN_POINT('Ctrl Pts',(-27.4144048273415,-102.135941211321,36.4999999999997));
#9626=CARTESIAN_POINT('Ctrl Pts',(-27.7140327619665,-102.559351920887,36.4999999999997));
#9627=CARTESIAN_POINT('Ctrl Pts',(-27.8771941317797,-102.789918778589,36.4999999999997));
#9628=CARTESIAN_POINT('Ctrl Pts',(-26.8756262363922,-100.176018562874,36.9999999999997));
#9629=CARTESIAN_POINT('Ctrl Pts',(-26.8756262363922,-100.176018562874,36.4999999999997));
#9630=CARTESIAN_POINT('Ctrl Pts',(-26.8878967041207,-100.394435161239,36.9999999999997));
#9631=CARTESIAN_POINT('Ctrl Pts',(-26.8878967041207,-100.394435161239,36.4999999999997));
#9632=CARTESIAN_POINT('Ctrl Pts',(-26.9122288895707,-100.827552569179,36.9999999999997));
#9633=CARTESIAN_POINT('Ctrl Pts',(-26.9122288895707,-100.827552569179,36.4999999999997));
#9634=CARTESIAN_POINT('Ctrl Pts',(-27.0451714936703,-101.240437666711,36.9999999999997));
#9635=CARTESIAN_POINT('Ctrl Pts',(-27.0451714936703,-101.240437666711,36.4999999999997));
#9636=CARTESIAN_POINT('Ctrl Pts',(-27.1110725269789,-101.44510910932,36.9999999999997));
#9637=CARTESIAN_POINT('Ctrl Pts',(-27.1110725269789,-101.44510910932,36.4999999999997));
#9638=CARTESIAN_POINT('',(-26.8756262363922,-100.176018562874,36.9999999999997));
#9639=CARTESIAN_POINT('Ctrl Pts',(-26.8756262363922,-100.176018562874,36.9999999999997));
#9640=CARTESIAN_POINT('Ctrl Pts',(-26.8878967041207,-100.394435161239,36.9999999999997));
#9641=CARTESIAN_POINT('Ctrl Pts',(-26.9122288895707,-100.827552569179,36.9999999999997));
#9642=CARTESIAN_POINT('Ctrl Pts',(-27.0451714936703,-101.240437666711,36.9999999999997));
#9643=CARTESIAN_POINT('Ctrl Pts',(-27.1110725269789,-101.44510910932,36.9999999999997));
#9644=CARTESIAN_POINT('',(-26.8756262363922,-100.176018562874,36.4999999999997));
#9645=CARTESIAN_POINT('',(-26.8756262363922,-100.176018562874,36.9999999999997));
#9646=CARTESIAN_POINT('Ctrl Pts',(-26.8756262363922,-100.176018562874,36.4999999999997));
#9647=CARTESIAN_POINT('Ctrl Pts',(-26.8878967041207,-100.394435161239,36.4999999999997));
#9648=CARTESIAN_POINT('Ctrl Pts',(-26.9122288895707,-100.827552569179,36.4999999999997));
#9649=CARTESIAN_POINT('Ctrl Pts',(-27.0451714936703,-101.240437666711,36.4999999999997));
#9650=CARTESIAN_POINT('Ctrl Pts',(-27.1110725269789,-101.44510910932,36.4999999999997));
#9651=CARTESIAN_POINT('Ctrl Pts',(-27.078742961993,-98.8600225840518,36.9999999999997));
#9652=CARTESIAN_POINT('Ctrl Pts',(-27.078742961993,-98.8600225840518,36.4999999999997));
#9653=CARTESIAN_POINT('Ctrl Pts',(-27.0166372000184,-99.0725252980985,36.9999999999997));
#9654=CARTESIAN_POINT('Ctrl Pts',(-27.0166372000184,-99.0725252980985,36.4999999999997));
#9655=CARTESIAN_POINT('Ctrl Pts',(-26.8910604380952,-99.502202060471,36.9999999999997));
#9656=CARTESIAN_POINT('Ctrl Pts',(-26.8910604380952,-99.502202060471,36.4999999999997));
#9657=CARTESIAN_POINT('Ctrl Pts',(-26.8808081237935,-99.9497910383266,36.9999999999997));
#9658=CARTESIAN_POINT('Ctrl Pts',(-26.8808081237935,-99.9497910383266,36.4999999999997));
#9659=CARTESIAN_POINT('Ctrl Pts',(-26.8756262363922,-100.176018562874,36.9999999999997));
#9660=CARTESIAN_POINT('Ctrl Pts',(-26.8756262363922,-100.176018562874,36.4999999999997));
#9661=CARTESIAN_POINT('',(-27.078742961993,-98.8600225840518,36.9999999999997));
#9662=CARTESIAN_POINT('Ctrl Pts',(-27.078742961993,-98.8600225840518,36.9999999999997));
#9663=CARTESIAN_POINT('Ctrl Pts',(-27.0166372000184,-99.0725252980985,36.9999999999997));
#9664=CARTESIAN_POINT('Ctrl Pts',(-26.8910604380952,-99.502202060471,36.9999999999997));
#9665=CARTESIAN_POINT('Ctrl Pts',(-26.8808081237935,-99.9497910383266,36.9999999999997));
#9666=CARTESIAN_POINT('Ctrl Pts',(-26.8756262363922,-100.176018562874,36.9999999999997));
#9667=CARTESIAN_POINT('',(-27.078742961993,-98.8600225840518,36.4999999999997));
#9668=CARTESIAN_POINT('',(-27.078742961993,-98.8600225840518,36.9999999999997));
#9669=CARTESIAN_POINT('Ctrl Pts',(-27.078742961993,-98.8600225840518,36.4999999999997));
#9670=CARTESIAN_POINT('Ctrl Pts',(-27.0166372000184,-99.0725252980985,36.4999999999997));
#9671=CARTESIAN_POINT('Ctrl Pts',(-26.8910604380952,-99.502202060471,36.4999999999997));
#9672=CARTESIAN_POINT('Ctrl Pts',(-26.8808081237935,-99.9497910383266,36.4999999999997));
#9673=CARTESIAN_POINT('Ctrl Pts',(-26.8756262363922,-100.176018562874,36.4999999999997));
#9674=CARTESIAN_POINT('Ctrl Pts',(-27.7894761757351,-97.5464498299734,36.9999999999997));
#9675=CARTESIAN_POINT('Ctrl Pts',(-27.7894761757351,-97.5464498299734,36.4999999999997));
#9676=CARTESIAN_POINT('Ctrl Pts',(-27.6384901932476,-97.7656873725888,36.9999999999997));
#9677=CARTESIAN_POINT('Ctrl Pts',(-27.6384901932476,-97.7656873725888,36.4999999999997));
#9678=CARTESIAN_POINT('Ctrl Pts',(-27.3543496217948,-98.1782705781044,36.9999999999997));
#9679=CARTESIAN_POINT('Ctrl Pts',(-27.3543496217948,-98.1782705781044,36.4999999999997));
#9680=CARTESIAN_POINT('Ctrl Pts',(-27.1666862093224,-98.6424825386863,36.9999999999997));
#9681=CARTESIAN_POINT('Ctrl Pts',(-27.1666862093224,-98.6424825386863,36.4999999999997));
#9682=CARTESIAN_POINT('Ctrl Pts',(-27.078742961993,-98.8600225840518,36.9999999999997));
#9683=CARTESIAN_POINT('Ctrl Pts',(-27.078742961993,-98.8600225840518,36.4999999999997));
#9684=CARTESIAN_POINT('',(-27.7894761757351,-97.5464498299734,36.9999999999997));
#9685=CARTESIAN_POINT('Ctrl Pts',(-27.7894761757351,-97.5464498299734,36.9999999999997));
#9686=CARTESIAN_POINT('Ctrl Pts',(-27.6384901932476,-97.7656873725888,36.9999999999997));
#9687=CARTESIAN_POINT('Ctrl Pts',(-27.3543496217948,-98.1782705781044,36.9999999999997));
#9688=CARTESIAN_POINT('Ctrl Pts',(-27.1666862093224,-98.6424825386863,36.9999999999997));
#9689=CARTESIAN_POINT('Ctrl Pts',(-27.078742961993,-98.8600225840518,36.9999999999997));
#9690=CARTESIAN_POINT('',(-27.7894761757351,-97.5464498299734,36.4999999999997));
#9691=CARTESIAN_POINT('',(-27.7894761757351,-97.5464498299734,36.9999999999997));
#9692=CARTESIAN_POINT('Ctrl Pts',(-27.7894761757351,-97.5464498299734,36.4999999999997));
#9693=CARTESIAN_POINT('Ctrl Pts',(-27.6384901932476,-97.7656873725888,36.4999999999997));
#9694=CARTESIAN_POINT('Ctrl Pts',(-27.3543496217948,-98.1782705781044,36.4999999999997));
#9695=CARTESIAN_POINT('Ctrl Pts',(-27.1666862093224,-98.6424825386863,36.4999999999997));
#9696=CARTESIAN_POINT('Ctrl Pts',(-27.078742961993,-98.8600225840518,36.4999999999997));
#9697=CARTESIAN_POINT('Origin',(-28.4824214972424,-97.534857552447,36.9999999999997));
#9698=CARTESIAN_POINT('',(-12.6379010213878,-97.7999204267138,36.9999999999997));
#9699=CARTESIAN_POINT('',(-27.7894761757351,-97.5464498299734,36.4999999999997));
#9700=CARTESIAN_POINT('Origin',(-44.7520925486335,-99.8921801938817,36.4999999999997));
#9701=CARTESIAN_POINT('Ctrl Pts',(-25.7860932627659,-99.0426524454483,36.9999999999997));
#9702=CARTESIAN_POINT('Ctrl Pts',(-25.7860932627659,-99.0426524454483,36.4999999999997));
#9703=CARTESIAN_POINT('Ctrl Pts',(-25.8463105568136,-98.8060577074466,36.9999999999997));
#9704=CARTESIAN_POINT('Ctrl Pts',(-25.8463105568136,-98.8060577074466,36.4999999999997));
#9705=CARTESIAN_POINT('Ctrl Pts',(-25.9741238629222,-98.3038771270978,36.9999999999997));
#9706=CARTESIAN_POINT('Ctrl Pts',(-25.9741238629222,-98.3038771270978,36.4999999999997));
#9707=CARTESIAN_POINT('Ctrl Pts',(-26.172391603478,-97.8250061042486,36.9999999999997));
#9708=CARTESIAN_POINT('Ctrl Pts',(-26.172391603478,-97.8250061042486,36.4999999999997));
#9709=CARTESIAN_POINT('Ctrl Pts',(-26.2772485154064,-97.5717478761215,36.9999999999997));
#9710=CARTESIAN_POINT('Ctrl Pts',(-26.2772485154064,-97.5717478761215,36.4999999999997));
#9711=CARTESIAN_POINT('',(-25.7860932627659,-99.0426524454483,36.9999999999997));
#9712=CARTESIAN_POINT('',(-26.2772485154064,-97.5717478761215,36.9999999999997));
#9713=CARTESIAN_POINT('Ctrl Pts',(-25.7860932627659,-99.0426524454483,36.9999999999997));
#9714=CARTESIAN_POINT('Ctrl Pts',(-25.8463105568136,-98.8060577074466,36.9999999999997));
#9715=CARTESIAN_POINT('Ctrl Pts',(-25.9741238629222,-98.3038771270978,36.9999999999997));
#9716=CARTESIAN_POINT('Ctrl Pts',(-26.172391603478,-97.8250061042486,36.9999999999997));
#9717=CARTESIAN_POINT('Ctrl Pts',(-26.2772485154064,-97.5717478761215,36.9999999999997));
#9718=CARTESIAN_POINT('',(-25.7860932627659,-99.0426524454483,36.4999999999997));
#9719=CARTESIAN_POINT('',(-25.7860932627659,-99.0426524454483,36.9999999999997));
#9720=CARTESIAN_POINT('',(-26.2772485154064,-97.5717478761215,36.4999999999997));
#9721=CARTESIAN_POINT('Ctrl Pts',(-25.7860932627659,-99.0426524454483,36.4999999999997));
#9722=CARTESIAN_POINT('Ctrl Pts',(-25.8463105568136,-98.8060577074466,36.4999999999997));
#9723=CARTESIAN_POINT('Ctrl Pts',(-25.9741238629222,-98.3038771270978,36.4999999999997));
#9724=CARTESIAN_POINT('Ctrl Pts',(-26.172391603478,-97.8250061042486,36.4999999999997));
#9725=CARTESIAN_POINT('Ctrl Pts',(-26.2772485154064,-97.5717478761215,36.4999999999997));
#9726=CARTESIAN_POINT('',(-26.2772485154064,-97.5717478761215,36.9999999999997));
#9727=CARTESIAN_POINT('Ctrl Pts',(-25.6727712931695,-100.261634324413,36.9999999999997));
#9728=CARTESIAN_POINT('Ctrl Pts',(-25.6727712931695,-100.261634324413,36.4999999999997));
#9729=CARTESIAN_POINT('Ctrl Pts',(-25.6742542285928,-100.051709655992,36.9999999999997));
#9730=CARTESIAN_POINT('Ctrl Pts',(-25.6742542285928,-100.051709655992,36.4999999999997));
#9731=CARTESIAN_POINT('Ctrl Pts',(-25.6771478425854,-99.6420890154828,36.9999999999997));
#9732=CARTESIAN_POINT('Ctrl Pts',(-25.6771478425854,-99.6420890154828,36.4999999999997));
#9733=CARTESIAN_POINT('Ctrl Pts',(-25.750387750824,-99.239110355972,36.9999999999997));
#9734=CARTESIAN_POINT('Ctrl Pts',(-25.750387750824,-99.239110355972,36.4999999999997));
#9735=CARTESIAN_POINT('Ctrl Pts',(-25.7860932627659,-99.0426524454483,36.9999999999997));
#9736=CARTESIAN_POINT('Ctrl Pts',(-25.7860932627659,-99.0426524454483,36.4999999999997));
#9737=CARTESIAN_POINT('',(-25.6727712931695,-100.261634324413,36.9999999999997));
#9738=CARTESIAN_POINT('Ctrl Pts',(-25.6727712931695,-100.261634324413,36.9999999999997));
#9739=CARTESIAN_POINT('Ctrl Pts',(-25.6742542285928,-100.051709655992,36.9999999999997));
#9740=CARTESIAN_POINT('Ctrl Pts',(-25.6771478425854,-99.6420890154828,36.9999999999997));
#9741=CARTESIAN_POINT('Ctrl Pts',(-25.750387750824,-99.239110355972,36.9999999999997));
#9742=CARTESIAN_POINT('Ctrl Pts',(-25.7860932627659,-99.0426524454483,36.9999999999997));
#9743=CARTESIAN_POINT('',(-25.6727712931695,-100.261634324413,36.4999999999997));
#9744=CARTESIAN_POINT('',(-25.6727712931695,-100.261634324413,36.9999999999997));
#9745=CARTESIAN_POINT('Ctrl Pts',(-25.6727712931695,-100.261634324413,36.4999999999997));
#9746=CARTESIAN_POINT('Ctrl Pts',(-25.6742542285928,-100.051709655992,36.4999999999997));
#9747=CARTESIAN_POINT('Ctrl Pts',(-25.6771478425854,-99.6420890154828,36.4999999999997));
#9748=CARTESIAN_POINT('Ctrl Pts',(-25.750387750824,-99.239110355972,36.4999999999997));
#9749=CARTESIAN_POINT('Ctrl Pts',(-25.7860932627659,-99.0426524454483,36.4999999999997));
#9750=CARTESIAN_POINT('Ctrl Pts',(-26.3649664714509,-102.815216824737,36.9999999999997));
#9751=CARTESIAN_POINT('Ctrl Pts',(-26.3649664714509,-102.815216824737,36.4999999999997));
#9752=CARTESIAN_POINT('Ctrl Pts',(-26.168552776371,-102.391747623644,36.9999999999997));
#9753=CARTESIAN_POINT('Ctrl Pts',(-26.168552776371,-102.391747623644,36.4999999999997));
#9754=CARTESIAN_POINT('Ctrl Pts',(-25.7917574784591,-101.579374516374,36.9999999999997));
#9755=CARTESIAN_POINT('Ctrl Pts',(-25.7917574784591,-101.579374516374,36.4999999999997));
#9756=CARTESIAN_POINT('Ctrl Pts',(-25.7112921270173,-100.688242261003,36.9999999999997));
#9757=CARTESIAN_POINT('Ctrl Pts',(-25.7112921270173,-100.688242261003,36.4999999999997));
#9758=CARTESIAN_POINT('Ctrl Pts',(-25.6727712931695,-100.261634324413,36.9999999999997));
#9759=CARTESIAN_POINT('Ctrl Pts',(-25.6727712931695,-100.261634324413,36.4999999999997));
#9760=CARTESIAN_POINT('',(-26.3649664714509,-102.815216824737,36.9999999999997));
#9761=CARTESIAN_POINT('Ctrl Pts',(-26.3649664714509,-102.815216824737,36.9999999999997));
#9762=CARTESIAN_POINT('Ctrl Pts',(-26.168552776371,-102.391747623644,36.9999999999997));
#9763=CARTESIAN_POINT('Ctrl Pts',(-25.7917574784591,-101.579374516374,36.9999999999997));
#9764=CARTESIAN_POINT('Ctrl Pts',(-25.7112921270173,-100.688242261003,36.9999999999997));
#9765=CARTESIAN_POINT('Ctrl Pts',(-25.6727712931695,-100.261634324413,36.9999999999997));
#9766=CARTESIAN_POINT('',(-26.3649664714509,-102.815216824737,36.4999999999997));
#9767=CARTESIAN_POINT('',(-26.3649664714509,-102.815216824737,36.9999999999997));
#9768=CARTESIAN_POINT('Ctrl Pts',(-26.3649664714509,-102.815216824737,36.4999999999997));
#9769=CARTESIAN_POINT('Ctrl Pts',(-26.168552776371,-102.391747623644,36.4999999999997));
#9770=CARTESIAN_POINT('Ctrl Pts',(-25.7917574784591,-101.579374516374,36.4999999999997));
#9771=CARTESIAN_POINT('Ctrl Pts',(-25.7112921270173,-100.688242261003,36.4999999999997));
#9772=CARTESIAN_POINT('Ctrl Pts',(-25.6727712931695,-100.261634324413,36.4999999999997));
#9773=CARTESIAN_POINT('Origin',(-25.6720187660914,-102.826809142143,36.9999999999997));
#9774=CARTESIAN_POINT('',(-25.6720187660914,-102.826809142143,36.9999999999997));
#9775=CARTESIAN_POINT('',(-11.2765586338347,-103.067630695869,36.9999999999997));
#9776=CARTESIAN_POINT('',(-25.6720187660914,-102.826809142143,36.4999999999997));
#9777=CARTESIAN_POINT('',(-25.6720187660914,-102.826809142143,36.9999999999997));
#9778=CARTESIAN_POINT('',(-26.3649664714509,-102.815216824737,36.4999999999997));
#9779=CARTESIAN_POINT('Ctrl Pts',(-24.9058995451429,-101.481999432994,36.9999999999997));
#9780=CARTESIAN_POINT('Ctrl Pts',(-24.9058995451429,-101.481999432994,36.4999999999997));
#9781=CARTESIAN_POINT('Ctrl Pts',(-25.0008210852071,-101.698180684172,36.9999999999997));
#9782=CARTESIAN_POINT('Ctrl Pts',(-25.0008210852071,-101.698180684172,36.4999999999997));
#9783=CARTESIAN_POINT('Ctrl Pts',(-25.2092320005469,-102.172830931174,36.9999999999997));
#9784=CARTESIAN_POINT('Ctrl Pts',(-25.2092320005469,-102.172830931174,36.4999999999997));
#9785=CARTESIAN_POINT('Ctrl Pts',(-25.5088583638221,-102.596242159849,36.9999999999997));
#9786=CARTESIAN_POINT('Ctrl Pts',(-25.5088583638221,-102.596242159849,36.4999999999997));
#9787=CARTESIAN_POINT('Ctrl Pts',(-25.6720187660914,-102.826809142143,36.9999999999997));
#9788=CARTESIAN_POINT('Ctrl Pts',(-25.6720187660914,-102.826809142143,36.4999999999997));
#9789=CARTESIAN_POINT('',(-24.9058995451429,-101.481999432994,36.9999999999997));
#9790=CARTESIAN_POINT('Ctrl Pts',(-24.9058995451429,-101.481999432994,36.9999999999997));
#9791=CARTESIAN_POINT('Ctrl Pts',(-25.0008210852071,-101.698180684172,36.9999999999997));
#9792=CARTESIAN_POINT('Ctrl Pts',(-25.2092320005469,-102.172830931174,36.9999999999997));
#9793=CARTESIAN_POINT('Ctrl Pts',(-25.5088583638221,-102.596242159849,36.9999999999997));
#9794=CARTESIAN_POINT('Ctrl Pts',(-25.6720187660914,-102.826809142143,36.9999999999997));
#9795=CARTESIAN_POINT('',(-24.9058995451429,-101.481999432994,36.4999999999997));
#9796=CARTESIAN_POINT('',(-24.9058995451429,-101.481999432994,36.9999999999997));
#9797=CARTESIAN_POINT('Ctrl Pts',(-24.9058995451429,-101.481999432994,36.4999999999997));
#9798=CARTESIAN_POINT('Ctrl Pts',(-25.0008210852071,-101.698180684172,36.4999999999997));
#9799=CARTESIAN_POINT('Ctrl Pts',(-25.2092320005469,-102.172830931174,36.4999999999997));
#9800=CARTESIAN_POINT('Ctrl Pts',(-25.5088583638221,-102.596242159849,36.4999999999997));
#9801=CARTESIAN_POINT('Ctrl Pts',(-25.6720187660914,-102.826809142143,36.4999999999997));
#9802=CARTESIAN_POINT('Ctrl Pts',(-24.6704532545561,-100.212908886548,36.9999999999997));
#9803=CARTESIAN_POINT('Ctrl Pts',(-24.6704532545561,-100.212908886548,36.4999999999997));
#9804=CARTESIAN_POINT('Ctrl Pts',(-24.6827213717972,-100.431325652902,36.9999999999997));
#9805=CARTESIAN_POINT('Ctrl Pts',(-24.6827213717972,-100.431325652902,36.4999999999997));
#9806=CARTESIAN_POINT('Ctrl Pts',(-24.7070489258742,-100.864443921203,36.9999999999997));
#9807=CARTESIAN_POINT('Ctrl Pts',(-24.7070489258742,-100.864443921203,36.4999999999997));
#9808=CARTESIAN_POINT('Ctrl Pts',(-24.8399961433314,-101.277328161745,36.9999999999997));
#9809=CARTESIAN_POINT('Ctrl Pts',(-24.8399961433314,-101.277328161745,36.4999999999997));
#9810=CARTESIAN_POINT('Ctrl Pts',(-24.9058995451429,-101.481999432994,36.9999999999997));
#9811=CARTESIAN_POINT('Ctrl Pts',(-24.9058995451429,-101.481999432994,36.4999999999997));
#9812=CARTESIAN_POINT('',(-24.6704532545561,-100.212908886548,36.9999999999997));
#9813=CARTESIAN_POINT('Ctrl Pts',(-24.6704532545561,-100.212908886548,36.9999999999997));
#9814=CARTESIAN_POINT('Ctrl Pts',(-24.6827213717972,-100.431325652902,36.9999999999997));
#9815=CARTESIAN_POINT('Ctrl Pts',(-24.7070489258742,-100.864443921203,36.9999999999997));
#9816=CARTESIAN_POINT('Ctrl Pts',(-24.8399961433314,-101.277328161745,36.9999999999997));
#9817=CARTESIAN_POINT('Ctrl Pts',(-24.9058995451429,-101.481999432994,36.9999999999997));
#9818=CARTESIAN_POINT('',(-24.6704532545561,-100.212908886548,36.4999999999997));
#9819=CARTESIAN_POINT('',(-24.6704532545561,-100.212908886548,36.9999999999997));
#9820=CARTESIAN_POINT('Ctrl Pts',(-24.6704532545561,-100.212908886548,36.4999999999997));
#9821=CARTESIAN_POINT('Ctrl Pts',(-24.6827213717972,-100.431325652902,36.4999999999997));
#9822=CARTESIAN_POINT('Ctrl Pts',(-24.7070489258742,-100.864443921203,36.4999999999997));
#9823=CARTESIAN_POINT('Ctrl Pts',(-24.8399961433314,-101.277328161745,36.4999999999997));
#9824=CARTESIAN_POINT('Ctrl Pts',(-24.9058995451429,-101.481999432994,36.4999999999997));
#9825=CARTESIAN_POINT('Ctrl Pts',(-24.8735699801569,-98.8969129077262,36.9999999999997));
#9826=CARTESIAN_POINT('Ctrl Pts',(-24.8735699801569,-98.8969129077262,36.4999999999997));
#9827=CARTESIAN_POINT('Ctrl Pts',(-24.8114642181824,-99.1094156217729,36.9999999999997));
#9828=CARTESIAN_POINT('Ctrl Pts',(-24.8114642181824,-99.1094156217729,36.4999999999997));
#9829=CARTESIAN_POINT('Ctrl Pts',(-24.6858874562592,-99.5390923841455,36.9999999999997));
#9830=CARTESIAN_POINT('Ctrl Pts',(-24.6858874562592,-99.5390923841455,36.4999999999997));
#9831=CARTESIAN_POINT('Ctrl Pts',(-24.6756351419575,-99.9866813620011,36.9999999999997));
#9832=CARTESIAN_POINT('Ctrl Pts',(-24.6756351419575,-99.9866813620011,36.4999999999997));
#9833=CARTESIAN_POINT('Ctrl Pts',(-24.6704532545561,-100.212908886548,36.9999999999997));
#9834=CARTESIAN_POINT('Ctrl Pts',(-24.6704532545561,-100.212908886548,36.4999999999997));
#9835=CARTESIAN_POINT('',(-24.8735699801569,-98.8969129077262,36.9999999999997));
#9836=CARTESIAN_POINT('Ctrl Pts',(-24.8735699801569,-98.8969129077262,36.9999999999997));
#9837=CARTESIAN_POINT('Ctrl Pts',(-24.8114642181824,-99.1094156217729,36.9999999999997));
#9838=CARTESIAN_POINT('Ctrl Pts',(-24.6858874562592,-99.5390923841455,36.9999999999997));
#9839=CARTESIAN_POINT('Ctrl Pts',(-24.6756351419575,-99.9866813620011,36.9999999999997));
#9840=CARTESIAN_POINT('Ctrl Pts',(-24.6704532545561,-100.212908886548,36.9999999999997));
#9841=CARTESIAN_POINT('',(-24.8735699801569,-98.8969129077262,36.4999999999997));
#9842=CARTESIAN_POINT('',(-24.8735699801569,-98.8969129077262,36.9999999999997));
#9843=CARTESIAN_POINT('Ctrl Pts',(-24.8735699801569,-98.8969129077262,36.4999999999997));
#9844=CARTESIAN_POINT('Ctrl Pts',(-24.8114642181824,-99.1094156217729,36.4999999999997));
#9845=CARTESIAN_POINT('Ctrl Pts',(-24.6858874562592,-99.5390923841455,36.4999999999997));
#9846=CARTESIAN_POINT('Ctrl Pts',(-24.6756351419575,-99.9866813620011,36.4999999999997));
#9847=CARTESIAN_POINT('Ctrl Pts',(-24.6704532545561,-100.212908886548,36.4999999999997));
#9848=CARTESIAN_POINT('Ctrl Pts',(-25.5843008100468,-97.5833401935273,36.9999999999997));
#9849=CARTESIAN_POINT('Ctrl Pts',(-25.5843008100468,-97.5833401935273,36.4999999999997));
#9850=CARTESIAN_POINT('Ctrl Pts',(-25.4333146230482,-97.802577644696,36.9999999999997));
#9851=CARTESIAN_POINT('Ctrl Pts',(-25.4333146230482,-97.802577644696,36.4999999999997));
#9852=CARTESIAN_POINT('Ctrl Pts',(-25.1491738573446,-98.2151604013326,36.9999999999997));
#9853=CARTESIAN_POINT('Ctrl Pts',(-25.1491738573446,-98.2151604013326,36.4999999999997));
#9854=CARTESIAN_POINT('Ctrl Pts',(-24.9615122940315,-98.6793728153522,36.9999999999997));
#9855=CARTESIAN_POINT('Ctrl Pts',(-24.9615122940315,-98.6793728153522,36.4999999999997));
#9856=CARTESIAN_POINT('Ctrl Pts',(-24.8735699801569,-98.8969129077262,36.9999999999997));
#9857=CARTESIAN_POINT('Ctrl Pts',(-24.8735699801569,-98.8969129077262,36.4999999999997));
#9858=CARTESIAN_POINT('',(-25.5843008100468,-97.5833401935273,36.9999999999997));
#9859=CARTESIAN_POINT('Ctrl Pts',(-25.5843008100468,-97.5833401935273,36.9999999999997));
#9860=CARTESIAN_POINT('Ctrl Pts',(-25.4333146230482,-97.802577644696,36.9999999999997));
#9861=CARTESIAN_POINT('Ctrl Pts',(-25.1491738573446,-98.2151604013326,36.9999999999997));
#9862=CARTESIAN_POINT('Ctrl Pts',(-24.9615122940315,-98.6793728153522,36.9999999999997));
#9863=CARTESIAN_POINT('Ctrl Pts',(-24.8735699801569,-98.8969129077262,36.9999999999997));
#9864=CARTESIAN_POINT('',(-25.5843008100468,-97.5833401935273,36.4999999999997));
#9865=CARTESIAN_POINT('',(-25.5843008100468,-97.5833401935273,36.9999999999997));
#9866=CARTESIAN_POINT('Ctrl Pts',(-25.5843008100468,-97.5833401935273,36.4999999999997));
#9867=CARTESIAN_POINT('Ctrl Pts',(-25.4333146230482,-97.802577644696,36.4999999999997));
#9868=CARTESIAN_POINT('Ctrl Pts',(-25.1491738573446,-98.2151604013326,36.4999999999997));
#9869=CARTESIAN_POINT('Ctrl Pts',(-24.9615122940315,-98.6793728153522,36.4999999999997));
#9870=CARTESIAN_POINT('Ctrl Pts',(-24.8735699801569,-98.8969129077262,36.4999999999997));
#9871=CARTESIAN_POINT('Origin',(-26.2772485154064,-97.5717478761215,36.9999999999997));
#9872=CARTESIAN_POINT('',(-11.5353145304699,-97.8183655885509,36.9999999999997));
#9873=CARTESIAN_POINT('',(-25.5843008100468,-97.5833401935273,36.4999999999997));
#9874=CARTESIAN_POINT('Origin',(-44.7520925486335,-99.8921801938817,36.4999999999997));
#9875=CARTESIAN_POINT('Origin',(-30.9501858546973,-101.562356072157,36.9999999999997));
#9876=CARTESIAN_POINT('',(-30.9501858546973,-101.562356072157,36.9999999999997));
#9877=CARTESIAN_POINT('',(-34.3221567714647,-101.505946393839,36.9999999999997));
#9878=CARTESIAN_POINT('',(-13.9058069890816,-101.847491369189,36.9999999999997));
#9879=CARTESIAN_POINT('',(-30.9501858546973,-101.562356072157,36.4999999999997));
#9880=CARTESIAN_POINT('',(-30.9501858546973,-101.562356072157,36.9999999999997));
#9881=CARTESIAN_POINT('',(-34.3221567714647,-101.505946393839,36.4999999999997));
#9882=CARTESIAN_POINT('',(-30.9501858546973,-101.562356072157,36.4999999999997));
#9883=CARTESIAN_POINT('',(-34.3221567714647,-101.505946393839,36.9999999999997));
#9884=CARTESIAN_POINT('Origin',(-30.9350337382626,-100.656616180192,36.9999999999997));
#9885=CARTESIAN_POINT('',(-30.9350337382626,-100.656616180192,36.9999999999997));
#9886=CARTESIAN_POINT('',(-31.2636030892355,-120.297329062494,36.9999999999997));
#9887=CARTESIAN_POINT('',(-30.9350337382626,-100.656616180192,36.4999999999997));
#9888=CARTESIAN_POINT('',(-30.9350337382626,-100.656616180192,36.9999999999997));
#9889=CARTESIAN_POINT('',(-30.9350337382626,-100.656616180192,36.4999999999997));
#9890=CARTESIAN_POINT('Origin',(-33.068433696771,-100.620926546932,36.9999999999997));
#9891=CARTESIAN_POINT('',(-33.068433696771,-100.620926546932,36.9999999999997));
#9892=CARTESIAN_POINT('',(-14.9573548519011,-100.923906660594,36.9999999999997));
#9893=CARTESIAN_POINT('',(-33.068433696771,-100.620926546932,36.4999999999997));
#9894=CARTESIAN_POINT('',(-33.068433696771,-100.620926546932,36.9999999999997));
#9895=CARTESIAN_POINT('',(-33.068433696771,-100.620926546932,36.4999999999997));
#9896=CARTESIAN_POINT('Origin',(-33.0552440679025,-99.8324972157638,36.9999999999997));
#9897=CARTESIAN_POINT('',(-33.0552440679025,-99.8324972157638,36.9999999999997));
#9898=CARTESIAN_POINT('',(-33.3904082333098,-119.86742476365,36.9999999999997));
#9899=CARTESIAN_POINT('',(-33.0552440679025,-99.8324972157638,36.4999999999997));
#9900=CARTESIAN_POINT('',(-33.0552440679025,-99.8324972157638,36.9999999999997));
#9901=CARTESIAN_POINT('',(-33.0552440679025,-99.8324972157638,36.4999999999997));
#9902=CARTESIAN_POINT('Origin',(-31.131911552886,-99.8646726322037,36.9999999999997));
#9903=CARTESIAN_POINT('',(-31.131911552886,-99.8646726322037,36.9999999999997));
#9904=CARTESIAN_POINT('',(-13.9824989655244,-100.151565037646,36.9999999999997));
#9905=CARTESIAN_POINT('',(-31.131911552886,-99.8646726322037,36.4999999999997));
#9906=CARTESIAN_POINT('',(-31.131911552886,-99.8646726322037,36.9999999999997));
#9907=CARTESIAN_POINT('',(-31.131911552886,-99.8646726322037,36.4999999999997));
#9908=CARTESIAN_POINT('Origin',(-31.1182655236771,-99.0489613040421,36.9999999999997));
#9909=CARTESIAN_POINT('',(-31.1182655236771,-99.0489613040421,36.9999999999997));
#9910=CARTESIAN_POINT('',(-31.4602527036887,-119.491744516009,36.9999999999997));
#9911=CARTESIAN_POINT('',(-31.1182655236771,-99.0489613040421,36.4999999999997));
#9912=CARTESIAN_POINT('',(-31.1182655236771,-99.0489613040421,36.9999999999997));
#9913=CARTESIAN_POINT('',(-31.1182655236771,-99.0489613040421,36.4999999999997));
#9914=CARTESIAN_POINT('Origin',(-33.0415980386936,-99.0167858876022,36.9999999999997));
#9915=CARTESIAN_POINT('',(-33.0415980386936,-99.0167858876022,36.9999999999997));
#9916=CARTESIAN_POINT('',(-14.9305191938237,-99.319766001264,36.9999999999997));
#9917=CARTESIAN_POINT('',(-33.0415980386936,-99.0167858876022,36.4999999999997));
#9918=CARTESIAN_POINT('',(-33.0415980386936,-99.0167858876022,36.9999999999997));
#9919=CARTESIAN_POINT('',(-33.0415980386936,-99.0167858876022,36.4999999999997));
#9920=CARTESIAN_POINT('Origin',(-33.0309641639967,-98.3811304951211,36.9999999999997));
#9921=CARTESIAN_POINT('',(-33.0309641639967,-98.3811304951211,36.9999999999997));
#9922=CARTESIAN_POINT('',(-33.3782682813568,-119.141741403328,36.9999999999997));
#9923=CARTESIAN_POINT('',(-33.0309641639967,-98.3811304951211,36.4999999999997));
#9924=CARTESIAN_POINT('',(-33.0309641639967,-98.3811304951211,36.9999999999997));
#9925=CARTESIAN_POINT('',(-33.0309641639967,-98.3811304951211,36.4999999999997));
#9926=CARTESIAN_POINT('Origin',(-30.9575848372586,-98.4158160436442,36.9999999999997));
#9927=CARTESIAN_POINT('',(-30.9575848372586,-98.4158160436442,36.9999999999997));
#9928=CARTESIAN_POINT('',(-13.8831956557576,-98.7014533830446,36.9999999999997));
#9929=CARTESIAN_POINT('',(-30.9575848372586,-98.4158160436442,36.4999999999997));
#9930=CARTESIAN_POINT('',(-30.9575848372586,-98.4158160436442,36.9999999999997));
#9931=CARTESIAN_POINT('',(-30.9575848372586,-98.4158160436442,36.4999999999997));
#9932=CARTESIAN_POINT('Origin',(-30.9432998794767,-97.5619118267738,36.9999999999997));
#9933=CARTESIAN_POINT('',(-30.9432998794767,-97.5619118267738,36.9999999999997));
#9934=CARTESIAN_POINT('',(-31.2977464757279,-118.749474843416,36.9999999999997));
#9935=CARTESIAN_POINT('',(-30.9432998794767,-97.5619118267738,36.4999999999997));
#9936=CARTESIAN_POINT('',(-30.9432998794767,-97.5619118267738,36.9999999999997));
#9937=CARTESIAN_POINT('',(-30.9432998794767,-97.5619118267738,36.4999999999997));
#9938=CARTESIAN_POINT('Origin',(-34.2552501644737,-97.5065062331929,36.9999999999997));
#9939=CARTESIAN_POINT('',(-34.2552501644737,-97.5065062331929,36.9999999999997));
#9940=CARTESIAN_POINT('',(-15.5248858404742,-97.8198463693836,36.9999999999997));
#9941=CARTESIAN_POINT('',(-34.2552501644737,-97.5065062331929,36.4999999999997));
#9942=CARTESIAN_POINT('',(-34.2552501644737,-97.5065062331929,36.9999999999997));
#9943=CARTESIAN_POINT('',(-34.2552501644737,-97.5065062331929,36.4999999999997));
#9944=CARTESIAN_POINT('Origin',(-34.3221567714647,-101.505946393839,36.9999999999997));
#9945=CARTESIAN_POINT('',(-34.6431500642204,-120.693789330159,36.9999999999997));
#9946=CARTESIAN_POINT('',(-34.3221567714647,-101.505946393839,36.4999999999997));
#9947=CARTESIAN_POINT('Origin',(-44.7520925486335,-99.8921801938817,36.4999999999997));
#9948=CARTESIAN_POINT('Origin',(-39.3927129976453,-101.421121093541,36.9999999999997));
#9949=CARTESIAN_POINT('',(-39.3927129976453,-101.421121093541,36.9999999999997));
#9950=CARTESIAN_POINT('',(-42.7646839144127,-101.364711415224,36.9999999999997));
#9951=CARTESIAN_POINT('',(-18.1270705605556,-101.776873879881,36.9999999999997));
#9952=CARTESIAN_POINT('',(-39.3927129976453,-101.421121093541,36.4999999999997));
#9953=CARTESIAN_POINT('',(-39.3927129976453,-101.421121093541,36.9999999999997));
#9954=CARTESIAN_POINT('',(-42.7646839144127,-101.364711415224,36.4999999999997));
#9955=CARTESIAN_POINT('',(-39.3927129976453,-101.421121093541,36.4999999999997));
#9956=CARTESIAN_POINT('',(-42.7646839144127,-101.364711415224,36.9999999999997));
#9957=CARTESIAN_POINT('Origin',(-39.3775608812106,-100.515381201576,36.9999999999997));
#9958=CARTESIAN_POINT('',(-39.3775608812106,-100.515381201576,36.9999999999997));
#9959=CARTESIAN_POINT('',(-39.7061302321835,-120.156094083878,36.9999999999997));
#9960=CARTESIAN_POINT('',(-39.3775608812106,-100.515381201576,36.4999999999997));
#9961=CARTESIAN_POINT('',(-39.3775608812106,-100.515381201576,36.9999999999997));
#9962=CARTESIAN_POINT('',(-39.3775608812106,-100.515381201576,36.4999999999997));
#9963=CARTESIAN_POINT('Origin',(-41.510960839719,-100.479691568316,36.9999999999997));
#9964=CARTESIAN_POINT('',(-41.510960839719,-100.479691568316,36.9999999999997));
#9965=CARTESIAN_POINT('',(-19.1786184233751,-100.853289171286,36.9999999999997));
#9966=CARTESIAN_POINT('',(-41.510960839719,-100.479691568316,36.4999999999997));
#9967=CARTESIAN_POINT('',(-41.510960839719,-100.479691568316,36.9999999999997));
#9968=CARTESIAN_POINT('',(-41.510960839719,-100.479691568316,36.4999999999997));
#9969=CARTESIAN_POINT('Origin',(-41.4977712108505,-99.6912622371481,36.9999999999997));
#9970=CARTESIAN_POINT('',(-41.4977712108505,-99.6912622371481,36.9999999999997));
#9971=CARTESIAN_POINT('',(-41.8329353762578,-119.726189785034,36.9999999999997));
#9972=CARTESIAN_POINT('',(-41.4977712108505,-99.6912622371481,36.4999999999997));
#9973=CARTESIAN_POINT('',(-41.4977712108505,-99.6912622371481,36.9999999999997));
#9974=CARTESIAN_POINT('',(-41.4977712108505,-99.6912622371481,36.4999999999997));
#9975=CARTESIAN_POINT('Origin',(-39.574438695834,-99.723437653588,36.9999999999997));
#9976=CARTESIAN_POINT('',(-39.574438695834,-99.723437653588,36.9999999999997));
#9977=CARTESIAN_POINT('',(-18.2037625369983,-100.080947548338,36.9999999999997));
#9978=CARTESIAN_POINT('',(-39.574438695834,-99.723437653588,36.4999999999997));
#9979=CARTESIAN_POINT('',(-39.574438695834,-99.723437653588,36.9999999999997));
#9980=CARTESIAN_POINT('',(-39.574438695834,-99.723437653588,36.4999999999997));
#9981=CARTESIAN_POINT('Origin',(-39.5607926666251,-98.9077263254263,36.9999999999997));
#9982=CARTESIAN_POINT('',(-39.5607926666251,-98.9077263254263,36.9999999999997));
#9983=CARTESIAN_POINT('',(-39.9027798466366,-119.350509537393,36.9999999999997));
#9984=CARTESIAN_POINT('',(-39.5607926666251,-98.9077263254263,36.4999999999997));
#9985=CARTESIAN_POINT('',(-39.5607926666251,-98.9077263254263,36.9999999999997));
#9986=CARTESIAN_POINT('',(-39.5607926666251,-98.9077263254263,36.4999999999997));
#9987=CARTESIAN_POINT('Origin',(-41.4841251816416,-98.8755509089864,36.9999999999997));
#9988=CARTESIAN_POINT('',(-41.4841251816416,-98.8755509089864,36.9999999999997));
#9989=CARTESIAN_POINT('',(-19.1517827652977,-99.2491485119561,36.9999999999997));
#9990=CARTESIAN_POINT('',(-41.4841251816416,-98.8755509089864,36.4999999999997));
#9991=CARTESIAN_POINT('',(-41.4841251816416,-98.8755509089864,36.9999999999997));
#9992=CARTESIAN_POINT('',(-41.4841251816416,-98.8755509089864,36.4999999999997));
#9993=CARTESIAN_POINT('Origin',(-41.4734913069447,-98.2398955165053,36.9999999999997));
#9994=CARTESIAN_POINT('',(-41.4734913069446,-98.2398955165053,36.9999999999997));
#9995=CARTESIAN_POINT('',(-41.8207954243048,-119.000506424713,36.9999999999997));
#9996=CARTESIAN_POINT('',(-41.4734913069446,-98.2398955165053,36.4999999999997));
#9997=CARTESIAN_POINT('',(-41.4734913069446,-98.2398955165053,36.9999999999997));
#9998=CARTESIAN_POINT('',(-41.4734913069447,-98.2398955165053,36.4999999999997));
#9999=CARTESIAN_POINT('Origin',(-39.4001119802066,-98.2745810650284,36.9999999999997));
#10000=CARTESIAN_POINT('',(-39.4001119802066,-98.2745810650284,36.9999999999997));
#10001=CARTESIAN_POINT('',(-18.1044592272316,-98.6308358937367,36.9999999999997));
#10002=CARTESIAN_POINT('',(-39.4001119802066,-98.2745810650284,36.4999999999997));
#10003=CARTESIAN_POINT('',(-39.4001119802066,-98.2745810650284,36.9999999999997));
#10004=CARTESIAN_POINT('',(-39.4001119802066,-98.2745810650284,36.4999999999997));
#10005=CARTESIAN_POINT('Origin',(-39.3858270224247,-97.420676848158,36.9999999999997));
#10006=CARTESIAN_POINT('',(-39.3858270224247,-97.420676848158,36.9999999999997));
#10007=CARTESIAN_POINT('',(-39.7402736186759,-118.6082398648,36.9999999999997));
#10008=CARTESIAN_POINT('',(-39.3858270224247,-97.420676848158,36.4999999999997));
#10009=CARTESIAN_POINT('',(-39.3858270224247,-97.420676848158,36.9999999999997));
#10010=CARTESIAN_POINT('',(-39.3858270224247,-97.420676848158,36.4999999999997));
#10011=CARTESIAN_POINT('Origin',(-42.6977773074217,-97.3652712545771,36.9999999999997));
#10012=CARTESIAN_POINT('',(-42.6977773074217,-97.3652712545771,36.9999999999997));
#10013=CARTESIAN_POINT('',(-19.7461494119482,-97.7492288800758,36.9999999999997));
#10014=CARTESIAN_POINT('',(-42.6977773074217,-97.3652712545771,36.4999999999997));
#10015=CARTESIAN_POINT('',(-42.6977773074217,-97.3652712545771,36.9999999999997));
#10016=CARTESIAN_POINT('',(-42.6977773074217,-97.3652712545771,36.4999999999997));
#10017=CARTESIAN_POINT('Origin',(-42.7646839144127,-101.364711415224,36.9999999999997));
#10018=CARTESIAN_POINT('',(-43.0856772071684,-120.552554351543,36.9999999999997));
#10019=CARTESIAN_POINT('',(-42.7646839144127,-101.364711415224,36.4999999999997));
#10020=CARTESIAN_POINT('Origin',(-44.7520925486335,-99.8921801938817,36.4999999999997));
#10021=CARTESIAN_POINT('Origin',(-46.2057031113941,-101.3071466287,36.9999999999997));
#10022=CARTESIAN_POINT('',(-46.2057031113941,-101.3071466287,36.9999999999997));
#10023=CARTESIAN_POINT('',(-47.4415469426872,-101.286472205731,36.9999999999997));
#10024=CARTESIAN_POINT('',(-21.53356561743,-101.71988664746,36.9999999999997));
#10025=CARTESIAN_POINT('',(-46.2057031113941,-101.3071466287,36.4999999999997));
#10026=CARTESIAN_POINT('',(-46.2057031113941,-101.3071466287,36.9999999999997));
#10027=CARTESIAN_POINT('',(-47.4415469426872,-101.286472205731,36.4999999999997));
#10028=CARTESIAN_POINT('',(-46.2057031113941,-101.3071466287,36.4999999999997));
#10029=CARTESIAN_POINT('',(-47.4415469426872,-101.286472205731,36.9999999999997));
#10030=CARTESIAN_POINT('Origin',(-46.1786392431766,-99.6893643749105,36.9999999999997));
#10031=CARTESIAN_POINT('',(-46.1786392431766,-99.6893643749105,36.9999999999997));
#10032=CARTESIAN_POINT('',(-46.513164470041,-119.686098438125,36.9999999999997));
#10033=CARTESIAN_POINT('',(-46.1786392431766,-99.6893643749105,36.4999999999997));
#10034=CARTESIAN_POINT('',(-46.1786392431766,-99.6893643749105,36.9999999999997));
#10035=CARTESIAN_POINT('',(-46.1786392431766,-99.6893643749105,36.4999999999997));
#10036=CARTESIAN_POINT('Origin',(-44.8282155538311,-99.7119556035388,36.9999999999997));
#10037=CARTESIAN_POINT('',(-44.8282155538311,-99.7119556035388,36.9999999999997));
#10038=CARTESIAN_POINT('',(-20.8312899045397,-100.113400007985,36.9999999999997));
#10039=CARTESIAN_POINT('',(-44.8282155538311,-99.7119556035388,36.4999999999997));
#10040=CARTESIAN_POINT('',(-44.8282155538311,-99.7119556035388,36.9999999999997));
#10041=CARTESIAN_POINT('',(-44.8282155538311,-99.7119556035388,36.4999999999997));
#10042=CARTESIAN_POINT('Origin',(-44.8552794220485,-101.329737857328,36.9999999999997));
#10043=CARTESIAN_POINT('',(-44.8552794220485,-101.329737857328,36.9999999999997));
#10044=CARTESIAN_POINT('',(-45.1762727148041,-120.517580793648,36.9999999999997));
#10045=CARTESIAN_POINT('',(-44.8552794220485,-101.329737857328,36.4999999999997));
#10046=CARTESIAN_POINT('',(-44.8552794220485,-101.329737857328,36.9999999999997));
#10047=CARTESIAN_POINT('',(-44.8552794220485,-101.329737857328,36.4999999999997));
#10048=CARTESIAN_POINT('Origin',(-43.6139789529716,-101.350503564354,36.9999999999997));
#10049=CARTESIAN_POINT('',(-43.6139789529716,-101.350503564354,36.9999999999997));
#10050=CARTESIAN_POINT('',(-20.2377035382187,-101.741565115287,36.9999999999997));
#10051=CARTESIAN_POINT('',(-43.6139789529716,-101.350503564354,36.4999999999997));
#10052=CARTESIAN_POINT('',(-43.6139789529716,-101.350503564354,36.9999999999997));
#10053=CARTESIAN_POINT('',(-43.6139789529715,-101.350503564354,36.4999999999997));
#10054=CARTESIAN_POINT('Origin',(-43.5470723459806,-97.3510634037075,36.9999999999997));
#10055=CARTESIAN_POINT('',(-43.5470723459806,-97.3510634037075,36.9999999999997));
#10056=CARTESIAN_POINT('',(-43.9015189422318,-118.53862642035,36.9999999999997));
#10057=CARTESIAN_POINT('',(-43.5470723459806,-97.3510634037075,36.4999999999997));
#10058=CARTESIAN_POINT('',(-43.5470723459806,-97.3510634037075,36.9999999999997));
#10059=CARTESIAN_POINT('',(-43.5470723459806,-97.3510634037075,36.4999999999997));
#10060=CARTESIAN_POINT('Origin',(-44.7883728150576,-97.3302976966819,36.9999999999997));
#10061=CARTESIAN_POINT('',(-44.7883728150576,-97.3302976966819,36.9999999999997));
#10062=CARTESIAN_POINT('',(-20.7914471657663,-97.7317421011281,36.9999999999997));
#10063=CARTESIAN_POINT('',(-44.7883728150576,-97.3302976966819,36.4999999999997));
#10064=CARTESIAN_POINT('',(-44.7883728150576,-97.3302976966819,36.9999999999997));
#10065=CARTESIAN_POINT('',(-44.7883728150576,-97.3302976966819,36.4999999999997));
#10066=CARTESIAN_POINT('Origin',(-44.8117855603106,-98.7298287422301,36.9999999999997));
#10067=CARTESIAN_POINT('',(-44.8117855603106,-98.7298287422301,36.9999999999997));
#10068=CARTESIAN_POINT('',(-45.1545257839352,-119.217626236098,36.9999999999997));
#10069=CARTESIAN_POINT('',(-44.8117855603106,-98.7298287422301,36.4999999999997));
#10070=CARTESIAN_POINT('',(-44.8117855603106,-98.7298287422301,36.9999999999997));
#10071=CARTESIAN_POINT('',(-44.8117855603106,-98.7298287422301,36.4999999999997));
#10072=CARTESIAN_POINT('Origin',(-46.1622092496562,-98.7072375136018,36.9999999999997));
#10073=CARTESIAN_POINT('',(-46.1622092496562,-98.7072375136018,36.9999999999997));
#10074=CARTESIAN_POINT('',(-21.490071755692,-99.1199775323622,36.9999999999997));
#10075=CARTESIAN_POINT('',(-46.1622092496562,-98.7072375136018,36.4999999999997));
#10076=CARTESIAN_POINT('',(-46.1622092496562,-98.7072375136018,36.9999999999997));
#10077=CARTESIAN_POINT('',(-46.1622092496562,-98.7072375136018,36.4999999999997));
#10078=CARTESIAN_POINT('Origin',(-46.1387965044031,-97.3077064680537,36.9999999999997));
#10079=CARTESIAN_POINT('',(-46.1387965044031,-97.3077064680537,36.9999999999997));
#10080=CARTESIAN_POINT('',(-46.4932431006543,-118.495269484696,36.9999999999997));
#10081=CARTESIAN_POINT('',(-46.1387965044031,-97.3077064680537,36.4999999999997));
#10082=CARTESIAN_POINT('',(-46.1387965044031,-97.3077064680537,36.9999999999997));
#10083=CARTESIAN_POINT('',(-46.1387965044031,-97.3077064680537,36.4999999999997));
#10084=CARTESIAN_POINT('Origin',(-47.3746403356962,-97.2870320450841,36.9999999999997));
#10085=CARTESIAN_POINT('',(-47.3746403356962,-97.2870320450841,36.9999999999997));
#10086=CARTESIAN_POINT('',(-22.0845809260856,-97.7101092753291,36.9999999999997));
#10087=CARTESIAN_POINT('',(-47.3746403356962,-97.2870320450841,36.4999999999997));
#10088=CARTESIAN_POINT('',(-47.3746403356962,-97.2870320450841,36.9999999999997));
#10089=CARTESIAN_POINT('',(-47.3746403356962,-97.2870320450841,36.4999999999997));
#10090=CARTESIAN_POINT('Origin',(-47.4415469426872,-101.286472205731,36.9999999999997));
#10091=CARTESIAN_POINT('',(-47.7625402354429,-120.47431514205,36.9999999999997));
#10092=CARTESIAN_POINT('',(-47.4415469426872,-101.286472205731,36.4999999999997));
#10093=CARTESIAN_POINT('Origin',(-44.7520925486335,-99.8921801938817,36.4999999999997));
#10094=CARTESIAN_POINT('Origin',(-56.5924155480306,-98.1698077373583,36.9999999999997));
#10095=CARTESIAN_POINT('',(-56.5924155480306,-98.1698077373583,36.9999999999997));
#10096=CARTESIAN_POINT('',(-57.0533093572242,-99.6002249347913,36.9999999999997));
#10097=CARTESIAN_POINT('',(-59.993022899856,-108.723838060047,36.9999999999997));
#10098=CARTESIAN_POINT('',(-56.5924155480306,-98.1698077373583,36.4999999999997));
#10099=CARTESIAN_POINT('',(-56.5924155480306,-98.1698077373583,36.9999999999997));
#10100=CARTESIAN_POINT('',(-57.0533093572242,-99.6002249347913,36.4999999999997));
#10101=CARTESIAN_POINT('',(-56.5924155480306,-98.1698077373583,36.4999999999997));
#10102=CARTESIAN_POINT('',(-57.0533093572242,-99.6002249347913,36.9999999999997));
#10103=CARTESIAN_POINT('Origin',(-56.1750207157617,-99.6149178194448,36.9999999999997));
#10104=CARTESIAN_POINT('',(-56.1750207157617,-99.6149178194448,36.9999999999997));
#10105=CARTESIAN_POINT('',(-48.4652163822486,-126.30790755463,36.9999999999997));
#10106=CARTESIAN_POINT('',(-56.1750207157617,-99.6149178194448,36.4999999999997));
#10107=CARTESIAN_POINT('',(-56.1750207157617,-99.6149178194448,36.9999999999997));
#10108=CARTESIAN_POINT('',(-56.1750207157617,-99.6149178194448,36.4999999999997));
#10109=CARTESIAN_POINT('Origin',(-57.0533093572242,-99.6002249347913,36.9999999999997));
#10110=CARTESIAN_POINT('',(-26.944612670863,-100.103913114959,36.9999999999997));
#10111=CARTESIAN_POINT('',(-57.0533093572242,-99.6002249347913,36.4999999999997));
#10112=CARTESIAN_POINT('Origin',(-54.4499259297426,-101.169229081769,36.9999999999997));
#10113=CARTESIAN_POINT('',(-54.4499259297426,-101.169229081769,36.9999999999997));
#10114=CARTESIAN_POINT('',(-55.7440823626741,-101.147579147687,36.9999999999997));
#10115=CARTESIAN_POINT('',(-25.6556770266042,-101.650927873995,36.9999999999997));
#10116=CARTESIAN_POINT('',(-54.4499259297426,-101.169229081769,36.4999999999997));
#10117=CARTESIAN_POINT('',(-54.4499259297426,-101.169229081769,36.9999999999997));
#10118=CARTESIAN_POINT('',(-55.7440823626741,-101.147579147687,36.4999999999997));
#10119=CARTESIAN_POINT('',(-54.4499259297425,-101.169229081769,36.4999999999997));
#10120=CARTESIAN_POINT('',(-55.7440823626741,-101.147579147687,36.9999999999997));
#10121=CARTESIAN_POINT('Origin',(-55.8858784437659,-97.1446476012045,36.9999999999997));
#10122=CARTESIAN_POINT('',(-55.8858784437659,-97.1446476012045,36.9999999999997));
#10123=CARTESIAN_POINT('',(-45.7270198420658,-125.61714498033,36.9999999999997));
#10124=CARTESIAN_POINT('',(-55.8858784437659,-97.1446476012045,36.4999999999997));
#10125=CARTESIAN_POINT('',(-55.8858784437659,-97.1446476012045,36.9999999999997));
#10126=CARTESIAN_POINT('',(-55.8858784437659,-97.1446476012045,36.4999999999997));
#10127=CARTESIAN_POINT('Origin',(-57.2339158970163,-97.1220962919035,36.9999999999997));
#10128=CARTESIAN_POINT('',(-57.2339158970164,-97.1220962919035,36.9999999999997));
#10129=CARTESIAN_POINT('',(-27.0142187067456,-97.6276413987389,36.9999999999997));
#10130=CARTESIAN_POINT('',(-57.2339158970164,-97.1220962919035,36.4999999999997));
#10131=CARTESIAN_POINT('',(-57.2339158970164,-97.1220962919035,36.9999999999997));
#10132=CARTESIAN_POINT('',(-57.2339158970163,-97.1220962919035,36.4999999999997));
#10133=CARTESIAN_POINT('Origin',(-58.8040231118555,-101.096389419901,36.9999999999997));
#10134=CARTESIAN_POINT('',(-58.8040231118555,-101.096389419901,36.9999999999997));
#10135=CARTESIAN_POINT('',(-61.4001689781867,-107.667816248798,36.9999999999997));
#10136=CARTESIAN_POINT('',(-58.8040231118555,-101.096389419901,36.4999999999997));
#10137=CARTESIAN_POINT('',(-58.8040231118555,-101.096389419901,36.9999999999997));
#10138=CARTESIAN_POINT('',(-58.8040231118555,-101.096389419901,36.4999999999997));
#10139=CARTESIAN_POINT('Origin',(-57.5421768162604,-101.117498837917,36.9999999999997));
#10140=CARTESIAN_POINT('',(-57.5421768162604,-101.117498837917,36.9999999999997));
#10141=CARTESIAN_POINT('',(-27.201802469863,-101.625062752069,36.9999999999997));
#10142=CARTESIAN_POINT('',(-57.5421768162604,-101.117498837917,36.4999999999997));
#10143=CARTESIAN_POINT('',(-57.5421768162604,-101.117498837917,36.9999999999997));
#10144=CARTESIAN_POINT('',(-57.5421768162604,-101.117498837917,36.4999999999997));
#10145=CARTESIAN_POINT('Origin',(-57.3361992416257,-100.460551991437,36.9999999999997));
#10146=CARTESIAN_POINT('',(-57.3361992416257,-100.460551991437,36.9999999999997));
#10147=CARTESIAN_POINT('',(-60.3747733578817,-110.151809338317,36.9999999999997));
#10148=CARTESIAN_POINT('',(-57.3361992416257,-100.460551991437,36.4999999999997));
#10149=CARTESIAN_POINT('',(-57.3361992416257,-100.460551991437,36.9999999999997));
#10150=CARTESIAN_POINT('',(-57.3361992416257,-100.460551991437,36.4999999999997));
#10151=CARTESIAN_POINT('Origin',(-55.9331299633861,-100.48402392776,36.9999999999997));
#10152=CARTESIAN_POINT('',(-55.9331299633861,-100.48402392776,36.9999999999997));
#10153=CARTESIAN_POINT('',(-26.391756736891,-100.978221357663,36.9999999999997));
#10154=CARTESIAN_POINT('',(-55.9331299633861,-100.48402392776,36.4999999999997));
#10155=CARTESIAN_POINT('',(-55.9331299633861,-100.48402392776,36.9999999999997));
#10156=CARTESIAN_POINT('',(-55.9331299633861,-100.48402392776,36.4999999999997));
#10157=CARTESIAN_POINT('Origin',(-55.7440823626741,-101.147579147687,36.9999999999997));
#10158=CARTESIAN_POINT('',(-48.371860214089,-127.024006411141,36.9999999999997));
#10159=CARTESIAN_POINT('',(-55.7440823626741,-101.147579147687,36.4999999999997));
#10160=CARTESIAN_POINT('Origin',(-44.7520925486335,-99.8921801938817,36.4999999999997));
#10161=CARTESIAN_POINT('Ctrl Pts',(-65.2043234267579,-101.05754232402,36.9999999999997));
#10162=CARTESIAN_POINT('Ctrl Pts',(-65.2043234267579,-101.05754232402,36.4999999999997));
#10163=CARTESIAN_POINT('Ctrl Pts',(-65.5015622275524,-101.050135455677,
36.9999999999997));
#10164=CARTESIAN_POINT('Ctrl Pts',(-65.5015622275524,-101.050135455677,
36.4999999999997));
#10165=CARTESIAN_POINT('Ctrl Pts',(-66.0121308202732,-101.037412640432,
36.9999999999997));
#10166=CARTESIAN_POINT('Ctrl Pts',(-66.0121308202732,-101.037412640432,
36.4999999999997));
#10167=CARTESIAN_POINT('Ctrl Pts',(-66.4344616950275,-100.757856169991,
36.9999999999997));
#10168=CARTESIAN_POINT('Ctrl Pts',(-66.4344616950275,-100.757856169991,
36.4999999999997));
#10169=CARTESIAN_POINT('Ctrl Pts',(-66.610923308452,-100.641049683025,36.9999999999997));
#10170=CARTESIAN_POINT('Ctrl Pts',(-66.610923308452,-100.641049683025,36.4999999999997));
#10171=CARTESIAN_POINT('',(-65.2043234267579,-101.05754232402,36.9999999999997));
#10172=CARTESIAN_POINT('',(-66.610923308452,-100.641049683025,36.9999999999997));
#10173=CARTESIAN_POINT('Ctrl Pts',(-65.2043234267579,-101.05754232402,36.9999999999997));
#10174=CARTESIAN_POINT('Ctrl Pts',(-65.5015622275524,-101.050135455677,
36.9999999999997));
#10175=CARTESIAN_POINT('Ctrl Pts',(-66.0121308202732,-101.037412640432,
36.9999999999997));
#10176=CARTESIAN_POINT('Ctrl Pts',(-66.4344616950275,-100.757856169991,
36.9999999999997));
#10177=CARTESIAN_POINT('Ctrl Pts',(-66.610923308452,-100.641049683025,36.9999999999997));
#10178=CARTESIAN_POINT('',(-65.2043234267579,-101.05754232402,36.4999999999997));
#10179=CARTESIAN_POINT('',(-65.2043234267579,-101.05754232402,36.9999999999997));
#10180=CARTESIAN_POINT('',(-66.610923308452,-100.641049683025,36.4999999999997));
#10181=CARTESIAN_POINT('Ctrl Pts',(-65.2043234267579,-101.05754232402,36.4999999999997));
#10182=CARTESIAN_POINT('Ctrl Pts',(-65.5015622275524,-101.050135455677,
36.4999999999997));
#10183=CARTESIAN_POINT('Ctrl Pts',(-66.0121308202732,-101.037412640432,
36.4999999999997));
#10184=CARTESIAN_POINT('Ctrl Pts',(-66.4344616950275,-100.757856169991,
36.4999999999997));
#10185=CARTESIAN_POINT('Ctrl Pts',(-66.610923308452,-100.641049683025,36.4999999999997));
#10186=CARTESIAN_POINT('',(-66.610923308452,-100.641049683025,36.9999999999997));
#10187=CARTESIAN_POINT('Ctrl Pts',(-64.2384862145082,-100.905872564698,
36.9999999999997));
#10188=CARTESIAN_POINT('Ctrl Pts',(-64.2384862145082,-100.905872564698,
36.4999999999997));
#10189=CARTESIAN_POINT('Ctrl Pts',(-64.3819484593108,-100.952330191417,
36.9999999999997));
#10190=CARTESIAN_POINT('Ctrl Pts',(-64.3819484593108,-100.952330191417,
36.4999999999997));
#10191=CARTESIAN_POINT('Ctrl Pts',(-64.6954362399567,-101.05384748131,36.9999999999997));
#10192=CARTESIAN_POINT('Ctrl Pts',(-64.6954362399567,-101.05384748131,36.4999999999997));
#10193=CARTESIAN_POINT('Ctrl Pts',(-65.0253752702771,-101.056243047268,
36.9999999999997));
#10194=CARTESIAN_POINT('Ctrl Pts',(-65.0253752702771,-101.056243047268,
36.4999999999997));
#10195=CARTESIAN_POINT('Ctrl Pts',(-65.2043234267579,-101.05754232402,36.9999999999997));
#10196=CARTESIAN_POINT('Ctrl Pts',(-65.2043234267579,-101.05754232402,36.4999999999997));
#10197=CARTESIAN_POINT('',(-64.2384862145082,-100.905872564698,36.9999999999997));
#10198=CARTESIAN_POINT('Ctrl Pts',(-64.2384862145082,-100.905872564698,
36.9999999999997));
#10199=CARTESIAN_POINT('Ctrl Pts',(-64.3819484593108,-100.952330191417,
36.9999999999997));
#10200=CARTESIAN_POINT('Ctrl Pts',(-64.6954362399567,-101.05384748131,36.9999999999997));
#10201=CARTESIAN_POINT('Ctrl Pts',(-65.0253752702771,-101.056243047268,
36.9999999999997));
#10202=CARTESIAN_POINT('Ctrl Pts',(-65.2043234267579,-101.05754232402,36.9999999999997));
#10203=CARTESIAN_POINT('',(-64.2384862145082,-100.905872564698,36.4999999999997));
#10204=CARTESIAN_POINT('',(-64.2384862145082,-100.905872564698,36.9999999999997));
#10205=CARTESIAN_POINT('Ctrl Pts',(-64.2384862145082,-100.905872564698,
36.4999999999997));
#10206=CARTESIAN_POINT('Ctrl Pts',(-64.3819484593108,-100.952330191417,
36.4999999999997));
#10207=CARTESIAN_POINT('Ctrl Pts',(-64.6954362399567,-101.05384748131,36.4999999999997));
#10208=CARTESIAN_POINT('Ctrl Pts',(-65.0253752702771,-101.056243047268,
36.4999999999997));
#10209=CARTESIAN_POINT('Ctrl Pts',(-65.2043234267579,-101.05754232402,36.4999999999997));
#10210=CARTESIAN_POINT('Ctrl Pts',(-63.6355159997428,-100.423394248784,
36.9999999999997));
#10211=CARTESIAN_POINT('Ctrl Pts',(-63.6355159997428,-100.423394248784,
36.4999999999997));
#10212=CARTESIAN_POINT('Ctrl Pts',(-63.7163836208754,-100.524260629742,
36.9999999999997));
#10213=CARTESIAN_POINT('Ctrl Pts',(-63.7163836208754,-100.524260629742,
36.4999999999997));
#10214=CARTESIAN_POINT('Ctrl Pts',(-63.8812785721644,-100.729934504423,
36.9999999999997));
#10215=CARTESIAN_POINT('Ctrl Pts',(-63.8812785721644,-100.729934504423,
36.4999999999997));
#10216=CARTESIAN_POINT('Ctrl Pts',(-64.1179055886064,-100.846482118042,
36.9999999999997));
#10217=CARTESIAN_POINT('Ctrl Pts',(-64.1179055886064,-100.846482118042,
36.4999999999997));
#10218=CARTESIAN_POINT('Ctrl Pts',(-64.2384862145082,-100.905872564698,
36.9999999999997));
#10219=CARTESIAN_POINT('Ctrl Pts',(-64.2384862145082,-100.905872564698,
36.4999999999997));
#10220=CARTESIAN_POINT('',(-63.6355159997428,-100.423394248784,36.9999999999997));
#10221=CARTESIAN_POINT('Ctrl Pts',(-63.6355159997428,-100.423394248784,
36.9999999999997));
#10222=CARTESIAN_POINT('Ctrl Pts',(-63.7163836208754,-100.524260629742,
36.9999999999997));
#10223=CARTESIAN_POINT('Ctrl Pts',(-63.8812785721644,-100.729934504423,
36.9999999999997));
#10224=CARTESIAN_POINT('Ctrl Pts',(-64.1179055886064,-100.846482118042,
36.9999999999997));
#10225=CARTESIAN_POINT('Ctrl Pts',(-64.2384862145082,-100.905872564698,
36.9999999999997));
#10226=CARTESIAN_POINT('',(-63.6355159997428,-100.423394248784,36.4999999999997));
#10227=CARTESIAN_POINT('',(-63.6355159997428,-100.423394248784,36.9999999999997));
#10228=CARTESIAN_POINT('Ctrl Pts',(-63.6355159997428,-100.423394248784,
36.4999999999997));
#10229=CARTESIAN_POINT('Ctrl Pts',(-63.7163836208754,-100.524260629742,
36.4999999999997));
#10230=CARTESIAN_POINT('Ctrl Pts',(-63.8812785721644,-100.729934504423,
36.4999999999997));
#10231=CARTESIAN_POINT('Ctrl Pts',(-64.1179055886064,-100.846482118042,
36.4999999999997));
#10232=CARTESIAN_POINT('Ctrl Pts',(-64.2384862145082,-100.905872564698,
36.4999999999997));
#10233=CARTESIAN_POINT('Ctrl Pts',(-63.4108555975722,-99.7176388478487,
36.9999999999997));
#10234=CARTESIAN_POINT('Ctrl Pts',(-63.4108555975722,-99.7176388478487,
36.4999999999997));
#10235=CARTESIAN_POINT('Ctrl Pts',(-63.4219127339126,-99.8433404671727,
36.9999999999997));
#10236=CARTESIAN_POINT('Ctrl Pts',(-63.4219127339126,-99.8433404671727,
36.4999999999997));
#10237=CARTESIAN_POINT('Ctrl Pts',(-63.4440806131323,-100.095353124801,
36.9999999999997));
#10238=CARTESIAN_POINT('Ctrl Pts',(-63.4440806131323,-100.095353124801,
36.4999999999997));
#10239=CARTESIAN_POINT('Ctrl Pts',(-63.5716014136069,-100.313871066857,
36.9999999999997));
#10240=CARTESIAN_POINT('Ctrl Pts',(-63.5716014136069,-100.313871066857,
36.4999999999997));
#10241=CARTESIAN_POINT('Ctrl Pts',(-63.6355159997428,-100.423394248784,
36.9999999999997));
#10242=CARTESIAN_POINT('Ctrl Pts',(-63.6355159997428,-100.423394248784,
36.4999999999997));
#10243=CARTESIAN_POINT('',(-63.4108555975722,-99.7176388478487,36.9999999999997));
#10244=CARTESIAN_POINT('Ctrl Pts',(-63.4108555975722,-99.7176388478487,
36.9999999999997));
#10245=CARTESIAN_POINT('Ctrl Pts',(-63.4219127339126,-99.8433404671727,
36.9999999999997));
#10246=CARTESIAN_POINT('Ctrl Pts',(-63.4440806131323,-100.095353124801,
36.9999999999997));
#10247=CARTESIAN_POINT('Ctrl Pts',(-63.5716014136069,-100.313871066857,
36.9999999999997));
#10248=CARTESIAN_POINT('Ctrl Pts',(-63.6355159997428,-100.423394248784,
36.9999999999997));
#10249=CARTESIAN_POINT('',(-63.4108555975722,-99.7176388478487,36.4999999999997));
#10250=CARTESIAN_POINT('',(-63.4108555975722,-99.7176388478487,36.9999999999997));
#10251=CARTESIAN_POINT('Ctrl Pts',(-63.4108555975722,-99.7176388478487,
36.4999999999997));
#10252=CARTESIAN_POINT('Ctrl Pts',(-63.4219127339126,-99.8433404671727,
36.4999999999997));
#10253=CARTESIAN_POINT('Ctrl Pts',(-63.4440806131323,-100.095353124801,
36.4999999999997));
#10254=CARTESIAN_POINT('Ctrl Pts',(-63.5716014136069,-100.313871066857,
36.4999999999997));
#10255=CARTESIAN_POINT('Ctrl Pts',(-63.6355159997428,-100.423394248784,
36.4999999999997));
#10256=CARTESIAN_POINT('Ctrl Pts',(-63.5605475853057,-99.12296429959,36.9999999999997));
#10257=CARTESIAN_POINT('Ctrl Pts',(-63.5605475853057,-99.12296429959,36.4999999999997));
#10258=CARTESIAN_POINT('Ctrl Pts',(-63.5155347686741,-99.2153746449893,
36.9999999999997));
#10259=CARTESIAN_POINT('Ctrl Pts',(-63.5155347686741,-99.2153746449893,
36.4999999999997));
#10260=CARTESIAN_POINT('Ctrl Pts',(-63.4241165534281,-99.4030542766777,
36.9999999999997));
#10261=CARTESIAN_POINT('Ctrl Pts',(-63.4241165534281,-99.4030542766777,
36.4999999999997));
#10262=CARTESIAN_POINT('Ctrl Pts',(-63.4153205794811,-99.6117177940159,
36.9999999999997));
#10263=CARTESIAN_POINT('Ctrl Pts',(-63.4153205794811,-99.6117177940159,
36.4999999999997));
#10264=CARTESIAN_POINT('Ctrl Pts',(-63.4108555975722,-99.7176388478487,
36.9999999999997));
#10265=CARTESIAN_POINT('Ctrl Pts',(-63.4108555975722,-99.7176388478487,
36.4999999999997));
#10266=CARTESIAN_POINT('',(-63.5605475853057,-99.12296429959,36.9999999999997));
#10267=CARTESIAN_POINT('Ctrl Pts',(-63.5605475853057,-99.12296429959,36.9999999999997));
#10268=CARTESIAN_POINT('Ctrl Pts',(-63.5155347686741,-99.2153746449893,
36.9999999999997));
#10269=CARTESIAN_POINT('Ctrl Pts',(-63.4241165534281,-99.4030542766777,
36.9999999999997));
#10270=CARTESIAN_POINT('Ctrl Pts',(-63.4153205794811,-99.6117177940159,
36.9999999999997));
#10271=CARTESIAN_POINT('Ctrl Pts',(-63.4108555975722,-99.7176388478487,
36.9999999999997));
#10272=CARTESIAN_POINT('',(-63.5605475853057,-99.12296429959,36.4999999999997));
#10273=CARTESIAN_POINT('',(-63.5605475853057,-99.12296429959,36.9999999999997));
#10274=CARTESIAN_POINT('Ctrl Pts',(-63.5605475853057,-99.12296429959,36.4999999999997));
#10275=CARTESIAN_POINT('Ctrl Pts',(-63.5155347686741,-99.2153746449893,
36.4999999999997));
#10276=CARTESIAN_POINT('Ctrl Pts',(-63.4241165534281,-99.4030542766777,
36.4999999999997));
#10277=CARTESIAN_POINT('Ctrl Pts',(-63.4153205794811,-99.6117177940159,
36.4999999999997));
#10278=CARTESIAN_POINT('Ctrl Pts',(-63.4108555975722,-99.7176388478487,
36.4999999999997));
#10279=CARTESIAN_POINT('Ctrl Pts',(-64.0632917351883,-98.6711084027497,
36.9999999999997));
#10280=CARTESIAN_POINT('Ctrl Pts',(-64.0632917351883,-98.6711084027497,
36.4999999999997));
#10281=CARTESIAN_POINT('Ctrl Pts',(-63.9573902848076,-98.7328825119146,
36.9999999999997));
#10282=CARTESIAN_POINT('Ctrl Pts',(-63.9573902848076,-98.7328825119146,
36.4999999999997));
#10283=CARTESIAN_POINT('Ctrl Pts',(-63.7582663968592,-98.8490348473854,
36.9999999999997));
#10284=CARTESIAN_POINT('Ctrl Pts',(-63.7582663968592,-98.8490348473854,
36.4999999999997));
#10285=CARTESIAN_POINT('Ctrl Pts',(-63.62359551154,-99.0356145741881,36.9999999999997));
#10286=CARTESIAN_POINT('Ctrl Pts',(-63.62359551154,-99.0356145741881,36.4999999999997));
#10287=CARTESIAN_POINT('Ctrl Pts',(-63.5605475853057,-99.12296429959,36.9999999999997));
#10288=CARTESIAN_POINT('Ctrl Pts',(-63.5605475853057,-99.12296429959,36.4999999999997));
#10289=CARTESIAN_POINT('',(-64.0632917351883,-98.6711084027497,36.9999999999997));
#10290=CARTESIAN_POINT('Ctrl Pts',(-64.0632917351883,-98.6711084027497,
36.9999999999997));
#10291=CARTESIAN_POINT('Ctrl Pts',(-63.9573902848076,-98.7328825119146,
36.9999999999997));
#10292=CARTESIAN_POINT('Ctrl Pts',(-63.7582663968592,-98.8490348473854,
36.9999999999997));
#10293=CARTESIAN_POINT('Ctrl Pts',(-63.62359551154,-99.0356145741881,36.9999999999997));
#10294=CARTESIAN_POINT('Ctrl Pts',(-63.5605475853057,-99.12296429959,36.9999999999997));
#10295=CARTESIAN_POINT('',(-64.0632917351883,-98.6711084027497,36.4999999999997));
#10296=CARTESIAN_POINT('',(-64.0632917351883,-98.6711084027497,36.9999999999997));
#10297=CARTESIAN_POINT('Ctrl Pts',(-64.0632917351883,-98.6711084027497,
36.4999999999997));
#10298=CARTESIAN_POINT('Ctrl Pts',(-63.9573902848076,-98.7328825119146,
36.4999999999997));
#10299=CARTESIAN_POINT('Ctrl Pts',(-63.7582663968592,-98.8490348473854,
36.4999999999997));
#10300=CARTESIAN_POINT('Ctrl Pts',(-63.62359551154,-99.0356145741881,36.4999999999997));
#10301=CARTESIAN_POINT('Ctrl Pts',(-63.5605475853057,-99.12296429959,36.4999999999997));
#10302=CARTESIAN_POINT('Ctrl Pts',(-65.2182013307942,-98.2983961937712,
36.9999999999997));
#10303=CARTESIAN_POINT('Ctrl Pts',(-65.2182013307942,-98.2983961937712,
36.4999999999997));
#10304=CARTESIAN_POINT('Ctrl Pts',(-64.9847823128812,-98.35297819557,36.9999999999997));
#10305=CARTESIAN_POINT('Ctrl Pts',(-64.9847823128812,-98.35297819557,36.4999999999997));
#10306=CARTESIAN_POINT('Ctrl Pts',(-64.5891991882155,-98.4454801648402,
36.9999999999997));
#10307=CARTESIAN_POINT('Ctrl Pts',(-64.5891991882155,-98.4454801648402,
36.4999999999997));
#10308=CARTESIAN_POINT('Ctrl Pts',(-64.2161984777961,-98.6055073569754,
36.9999999999997));
#10309=CARTESIAN_POINT('Ctrl Pts',(-64.2161984777961,-98.6055073569754,
36.4999999999997));
#10310=CARTESIAN_POINT('Ctrl Pts',(-64.0632917351883,-98.6711084027497,
36.9999999999997));
#10311=CARTESIAN_POINT('Ctrl Pts',(-64.0632917351883,-98.6711084027497,
36.4999999999997));
#10312=CARTESIAN_POINT('',(-65.2182013307942,-98.2983961937712,36.9999999999997));
#10313=CARTESIAN_POINT('Ctrl Pts',(-65.2182013307942,-98.2983961937712,
36.9999999999997));
#10314=CARTESIAN_POINT('Ctrl Pts',(-64.9847823128812,-98.35297819557,36.9999999999997));
#10315=CARTESIAN_POINT('Ctrl Pts',(-64.5891991882155,-98.4454801648402,
36.9999999999997));
#10316=CARTESIAN_POINT('Ctrl Pts',(-64.2161984777961,-98.6055073569754,
36.9999999999997));
#10317=CARTESIAN_POINT('Ctrl Pts',(-64.0632917351883,-98.6711084027497,
36.9999999999997));
#10318=CARTESIAN_POINT('',(-65.2182013307942,-98.2983961937712,36.4999999999997));
#10319=CARTESIAN_POINT('',(-65.2182013307942,-98.2983961937712,36.9999999999997));
#10320=CARTESIAN_POINT('Ctrl Pts',(-65.2182013307942,-98.2983961937712,
36.4999999999997));
#10321=CARTESIAN_POINT('Ctrl Pts',(-64.9847823128812,-98.35297819557,36.4999999999997));
#10322=CARTESIAN_POINT('Ctrl Pts',(-64.5891991882155,-98.4454801648402,
36.4999999999997));
#10323=CARTESIAN_POINT('Ctrl Pts',(-64.2161984777961,-98.6055073569754,
36.4999999999997));
#10324=CARTESIAN_POINT('Ctrl Pts',(-64.0632917351883,-98.6711084027497,
36.4999999999997));
#10325=CARTESIAN_POINT('Ctrl Pts',(-65.6304127060866,-98.144140591237,36.9999999999997));
#10326=CARTESIAN_POINT('Ctrl Pts',(-65.6304127060866,-98.144140591237,36.4999999999997));
#10327=CARTESIAN_POINT('Ctrl Pts',(-65.582584952655,-98.1725251425658,36.9999999999997));
#10328=CARTESIAN_POINT('Ctrl Pts',(-65.582584952655,-98.1725251425658,36.4999999999997));
#10329=CARTESIAN_POINT('Ctrl Pts',(-65.4550355199321,-98.2482224764422,
36.9999999999997));
#10330=CARTESIAN_POINT('Ctrl Pts',(-65.4550355199321,-98.2482224764422,
36.4999999999997));
#10331=CARTESIAN_POINT('Ctrl Pts',(-65.309293712594,-98.2790981210061,36.9999999999997));
#10332=CARTESIAN_POINT('Ctrl Pts',(-65.309293712594,-98.2790981210061,36.4999999999997));
#10333=CARTESIAN_POINT('Ctrl Pts',(-65.2182013307942,-98.2983961937712,
36.9999999999997));
#10334=CARTESIAN_POINT('Ctrl Pts',(-65.2182013307942,-98.2983961937712,
36.4999999999997));
#10335=CARTESIAN_POINT('',(-65.6304127060866,-98.144140591237,36.9999999999997));
#10336=CARTESIAN_POINT('Ctrl Pts',(-65.6304127060866,-98.144140591237,36.9999999999997));
#10337=CARTESIAN_POINT('Ctrl Pts',(-65.582584952655,-98.1725251425658,36.9999999999997));
#10338=CARTESIAN_POINT('Ctrl Pts',(-65.4550355199321,-98.2482224764422,
36.9999999999997));
#10339=CARTESIAN_POINT('Ctrl Pts',(-65.309293712594,-98.2790981210061,36.9999999999997));
#10340=CARTESIAN_POINT('Ctrl Pts',(-65.2182013307942,-98.2983961937712,
36.9999999999997));
#10341=CARTESIAN_POINT('',(-65.6304127060866,-98.144140591237,36.4999999999997));
#10342=CARTESIAN_POINT('',(-65.6304127060866,-98.144140591237,36.9999999999997));
#10343=CARTESIAN_POINT('Ctrl Pts',(-65.6304127060866,-98.144140591237,36.4999999999997));
#10344=CARTESIAN_POINT('Ctrl Pts',(-65.582584952655,-98.1725251425658,36.4999999999997));
#10345=CARTESIAN_POINT('Ctrl Pts',(-65.4550355199321,-98.2482224764422,
36.4999999999997));
#10346=CARTESIAN_POINT('Ctrl Pts',(-65.309293712594,-98.2790981210061,36.4999999999997));
#10347=CARTESIAN_POINT('Ctrl Pts',(-65.2182013307942,-98.2983961937712,
36.4999999999997));
#10348=CARTESIAN_POINT('Ctrl Pts',(-65.7175657235409,-97.9707623380653,
36.9999999999997));
#10349=CARTESIAN_POINT('Ctrl Pts',(-65.7175657235409,-97.9707623380653,
36.4999999999997));
#10350=CARTESIAN_POINT('Ctrl Pts',(-65.7135103085051,-98.0025520106737,
36.9999999999997));
#10351=CARTESIAN_POINT('Ctrl Pts',(-65.7135103085051,-98.0025520106737,
36.4999999999997));
#10352=CARTESIAN_POINT('Ctrl Pts',(-65.7048737740378,-98.0702522585574,
36.9999999999997));
#10353=CARTESIAN_POINT('Ctrl Pts',(-65.7048737740378,-98.0702522585574,
36.4999999999997));
#10354=CARTESIAN_POINT('Ctrl Pts',(-65.656220239549,-98.1185315626456,36.9999999999997));
#10355=CARTESIAN_POINT('Ctrl Pts',(-65.656220239549,-98.1185315626456,36.4999999999997));
#10356=CARTESIAN_POINT('Ctrl Pts',(-65.6304127060866,-98.144140591237,36.9999999999997));
#10357=CARTESIAN_POINT('Ctrl Pts',(-65.6304127060866,-98.144140591237,36.4999999999997));
#10358=CARTESIAN_POINT('',(-65.7175657235409,-97.9707623380653,36.9999999999997));
#10359=CARTESIAN_POINT('Ctrl Pts',(-65.7175657235409,-97.9707623380653,
36.9999999999997));
#10360=CARTESIAN_POINT('Ctrl Pts',(-65.7135103085051,-98.0025520106737,
36.9999999999997));
#10361=CARTESIAN_POINT('Ctrl Pts',(-65.7048737740378,-98.0702522585574,
36.9999999999997));
#10362=CARTESIAN_POINT('Ctrl Pts',(-65.656220239549,-98.1185315626456,36.9999999999997));
#10363=CARTESIAN_POINT('Ctrl Pts',(-65.6304127060866,-98.144140591237,36.9999999999997));
#10364=CARTESIAN_POINT('',(-65.7175657235409,-97.9707623380653,36.4999999999997));
#10365=CARTESIAN_POINT('',(-65.7175657235409,-97.9707623380653,36.9999999999997));
#10366=CARTESIAN_POINT('Ctrl Pts',(-65.7175657235409,-97.9707623380653,
36.4999999999997));
#10367=CARTESIAN_POINT('Ctrl Pts',(-65.7135103085051,-98.0025520106737,
36.4999999999997));
#10368=CARTESIAN_POINT('Ctrl Pts',(-65.7048737740378,-98.0702522585574,
36.4999999999997));
#10369=CARTESIAN_POINT('Ctrl Pts',(-65.656220239549,-98.1185315626456,36.4999999999997));
#10370=CARTESIAN_POINT('Ctrl Pts',(-65.6304127060866,-98.144140591237,36.4999999999997));
#10371=CARTESIAN_POINT('Ctrl Pts',(-65.6047211393466,-97.7502447989612,
36.9999999999997));
#10372=CARTESIAN_POINT('Ctrl Pts',(-65.6047211393466,-97.7502447989612,
36.4999999999997));
#10373=CARTESIAN_POINT('Ctrl Pts',(-65.637071893974,-97.7812759394846,36.9999999999997));
#10374=CARTESIAN_POINT('Ctrl Pts',(-65.637071893974,-97.7812759394846,36.4999999999997));
#10375=CARTESIAN_POINT('Ctrl Pts',(-65.7002526657445,-97.84187951519,36.9999999999997));
#10376=CARTESIAN_POINT('Ctrl Pts',(-65.7002526657445,-97.84187951519,36.4999999999997));
#10377=CARTESIAN_POINT('Ctrl Pts',(-65.7118880574471,-97.9284963419534,
36.9999999999997));
#10378=CARTESIAN_POINT('Ctrl Pts',(-65.7118880574471,-97.9284963419534,
36.4999999999997));
#10379=CARTESIAN_POINT('Ctrl Pts',(-65.7175657235409,-97.9707623380653,
36.9999999999997));
#10380=CARTESIAN_POINT('Ctrl Pts',(-65.7175657235409,-97.9707623380653,
36.4999999999997));
#10381=CARTESIAN_POINT('',(-65.6047211393466,-97.7502447989612,36.9999999999997));
#10382=CARTESIAN_POINT('Ctrl Pts',(-65.6047211393466,-97.7502447989612,
36.9999999999997));
#10383=CARTESIAN_POINT('Ctrl Pts',(-65.637071893974,-97.7812759394846,36.9999999999997));
#10384=CARTESIAN_POINT('Ctrl Pts',(-65.7002526657445,-97.84187951519,36.9999999999997));
#10385=CARTESIAN_POINT('Ctrl Pts',(-65.7118880574471,-97.9284963419534,
36.9999999999997));
#10386=CARTESIAN_POINT('Ctrl Pts',(-65.7175657235409,-97.9707623380653,
36.9999999999997));
#10387=CARTESIAN_POINT('',(-65.6047211393466,-97.7502447989612,36.4999999999997));
#10388=CARTESIAN_POINT('',(-65.6047211393466,-97.7502447989612,36.9999999999997));
#10389=CARTESIAN_POINT('Ctrl Pts',(-65.6047211393466,-97.7502447989612,
36.4999999999997));
#10390=CARTESIAN_POINT('Ctrl Pts',(-65.637071893974,-97.7812759394846,36.4999999999997));
#10391=CARTESIAN_POINT('Ctrl Pts',(-65.7002526657445,-97.84187951519,36.4999999999997));
#10392=CARTESIAN_POINT('Ctrl Pts',(-65.7118880574471,-97.9284963419534,
36.4999999999997));
#10393=CARTESIAN_POINT('Ctrl Pts',(-65.7175657235409,-97.9707623380653,
36.4999999999997));
#10394=CARTESIAN_POINT('Ctrl Pts',(-65.2785443435693,-97.6642837041236,
36.9999999999997));
#10395=CARTESIAN_POINT('Ctrl Pts',(-65.2785443435693,-97.6642837041236,
36.4999999999997));
#10396=CARTESIAN_POINT('Ctrl Pts',(-65.3433141578483,-97.6649852144648,
36.9999999999997));
#10397=CARTESIAN_POINT('Ctrl Pts',(-65.3433141578483,-97.6649852144648,
36.4999999999997));
#10398=CARTESIAN_POINT('Ctrl Pts',(-65.4598357138905,-97.6662472387186,
36.9999999999997));
#10399=CARTESIAN_POINT('Ctrl Pts',(-65.4598357138905,-97.6662472387186,
36.4999999999997));
#10400=CARTESIAN_POINT('Ctrl Pts',(-65.5601622389076,-97.7244117042094,
36.9999999999997));
#10401=CARTESIAN_POINT('Ctrl Pts',(-65.5601622389076,-97.7244117042094,
36.4999999999997));
#10402=CARTESIAN_POINT('Ctrl Pts',(-65.6047211393466,-97.7502447989612,
36.9999999999997));
#10403=CARTESIAN_POINT('Ctrl Pts',(-65.6047211393466,-97.7502447989612,
36.4999999999997));
#10404=CARTESIAN_POINT('',(-65.2785443435693,-97.6642837041236,36.9999999999997));
#10405=CARTESIAN_POINT('Ctrl Pts',(-65.2785443435693,-97.6642837041236,
36.9999999999997));
#10406=CARTESIAN_POINT('Ctrl Pts',(-65.3433141578483,-97.6649852144648,
36.9999999999997));
#10407=CARTESIAN_POINT('Ctrl Pts',(-65.4598357138905,-97.6662472387186,
36.9999999999997));
#10408=CARTESIAN_POINT('Ctrl Pts',(-65.5601622389076,-97.7244117042094,
36.9999999999997));
#10409=CARTESIAN_POINT('Ctrl Pts',(-65.6047211393466,-97.7502447989612,
36.9999999999997));
#10410=CARTESIAN_POINT('',(-65.2785443435693,-97.6642837041236,36.4999999999997));
#10411=CARTESIAN_POINT('',(-65.2785443435693,-97.6642837041236,36.9999999999997));
#10412=CARTESIAN_POINT('Ctrl Pts',(-65.2785443435693,-97.6642837041236,
36.4999999999997));
#10413=CARTESIAN_POINT('Ctrl Pts',(-65.3433141578483,-97.6649852144648,
36.4999999999997));
#10414=CARTESIAN_POINT('Ctrl Pts',(-65.4598357138905,-97.6662472387186,
36.4999999999997));
#10415=CARTESIAN_POINT('Ctrl Pts',(-65.5601622389076,-97.7244117042094,
36.4999999999997));
#10416=CARTESIAN_POINT('Ctrl Pts',(-65.6047211393466,-97.7502447989612,
36.4999999999997));
#10417=CARTESIAN_POINT('Ctrl Pts',(-64.8700144102606,-97.7939183624255,
36.9999999999997));
#10418=CARTESIAN_POINT('Ctrl Pts',(-64.8700144102606,-97.7939183624255,
36.4999999999997));
#10419=CARTESIAN_POINT('Ctrl Pts',(-64.9268215193823,-97.7572165887747,
36.9999999999997));
#10420=CARTESIAN_POINT('Ctrl Pts',(-64.9268215193823,-97.7572165887747,
36.4999999999997));
#10421=CARTESIAN_POINT('Ctrl Pts',(-65.0507145245626,-97.6771721523766,
36.9999999999997));
#10422=CARTESIAN_POINT('Ctrl Pts',(-65.0507145245626,-97.6771721523766,
36.4999999999997));
#10423=CARTESIAN_POINT('Ctrl Pts',(-65.1985136833352,-97.6688110791072,
36.9999999999997));
#10424=CARTESIAN_POINT('Ctrl Pts',(-65.1985136833352,-97.6688110791072,
36.4999999999997));
#10425=CARTESIAN_POINT('Ctrl Pts',(-65.2785443435693,-97.6642837041236,
36.9999999999997));
#10426=CARTESIAN_POINT('Ctrl Pts',(-65.2785443435693,-97.6642837041236,
36.4999999999997));
#10427=CARTESIAN_POINT('',(-64.8700144102606,-97.7939183624255,36.9999999999997));
#10428=CARTESIAN_POINT('Ctrl Pts',(-64.8700144102606,-97.7939183624255,
36.9999999999997));
#10429=CARTESIAN_POINT('Ctrl Pts',(-64.9268215193823,-97.7572165887747,
36.9999999999997));
#10430=CARTESIAN_POINT('Ctrl Pts',(-65.0507145245626,-97.6771721523766,
36.9999999999997));
#10431=CARTESIAN_POINT('Ctrl Pts',(-65.1985136833352,-97.6688110791072,
36.9999999999997));
#10432=CARTESIAN_POINT('Ctrl Pts',(-65.2785443435693,-97.6642837041236,
36.9999999999997));
#10433=CARTESIAN_POINT('',(-64.8700144102606,-97.7939183624255,36.4999999999997));
#10434=CARTESIAN_POINT('',(-64.8700144102606,-97.7939183624255,36.9999999999997));
#10435=CARTESIAN_POINT('Ctrl Pts',(-64.8700144102606,-97.7939183624255,
36.4999999999997));
#10436=CARTESIAN_POINT('Ctrl Pts',(-64.9268215193823,-97.7572165887747,
36.4999999999997));
#10437=CARTESIAN_POINT('Ctrl Pts',(-65.0507145245626,-97.6771721523766,
36.4999999999997));
#10438=CARTESIAN_POINT('Ctrl Pts',(-65.1985136833352,-97.6688110791072,
36.4999999999997));
#10439=CARTESIAN_POINT('Ctrl Pts',(-65.2785443435693,-97.6642837041236,
36.4999999999997));
#10440=CARTESIAN_POINT('Ctrl Pts',(-64.6815250120762,-98.1900320492447,
36.9999999999997));
#10441=CARTESIAN_POINT('Ctrl Pts',(-64.6815250120762,-98.1900320492447,
36.4999999999997));
#10442=CARTESIAN_POINT('Ctrl Pts',(-64.6971064586771,-98.1083476730187,
36.9999999999997));
#10443=CARTESIAN_POINT('Ctrl Pts',(-64.6971064586771,-98.1083476730187,
36.4999999999997));
#10444=CARTESIAN_POINT('Ctrl Pts',(-64.7255537903746,-97.9592150151514,
36.9999999999997));
#10445=CARTESIAN_POINT('Ctrl Pts',(-64.7255537903746,-97.9592150151514,
36.4999999999997));
#10446=CARTESIAN_POINT('Ctrl Pts',(-64.8250260534908,-97.8453955386383,
36.9999999999997));
#10447=CARTESIAN_POINT('Ctrl Pts',(-64.8250260534908,-97.8453955386383,
36.4999999999997));
#10448=CARTESIAN_POINT('Ctrl Pts',(-64.8700144102606,-97.7939183624255,
36.9999999999997));
#10449=CARTESIAN_POINT('Ctrl Pts',(-64.8700144102606,-97.7939183624255,
36.4999999999997));
#10450=CARTESIAN_POINT('',(-64.6815250120762,-98.1900320492448,36.9999999999997));
#10451=CARTESIAN_POINT('Ctrl Pts',(-64.6815250120762,-98.1900320492447,
36.9999999999997));
#10452=CARTESIAN_POINT('Ctrl Pts',(-64.6971064586771,-98.1083476730187,
36.9999999999997));
#10453=CARTESIAN_POINT('Ctrl Pts',(-64.7255537903746,-97.9592150151514,
36.9999999999997));
#10454=CARTESIAN_POINT('Ctrl Pts',(-64.8250260534908,-97.8453955386383,
36.9999999999997));
#10455=CARTESIAN_POINT('Ctrl Pts',(-64.8700144102606,-97.7939183624255,
36.9999999999997));
#10456=CARTESIAN_POINT('',(-64.6815250120762,-98.1900320492448,36.4999999999997));
#10457=CARTESIAN_POINT('',(-64.6815250120762,-98.1900320492448,36.9999999999997));
#10458=CARTESIAN_POINT('Ctrl Pts',(-64.6815250120762,-98.1900320492447,
36.4999999999997));
#10459=CARTESIAN_POINT('Ctrl Pts',(-64.6971064586771,-98.1083476730187,
36.4999999999997));
#10460=CARTESIAN_POINT('Ctrl Pts',(-64.7255537903746,-97.9592150151514,
36.4999999999997));
#10461=CARTESIAN_POINT('Ctrl Pts',(-64.8250260534908,-97.8453955386383,
36.4999999999997));
#10462=CARTESIAN_POINT('Ctrl Pts',(-64.8700144102606,-97.7939183624255,
36.4999999999997));
#10463=CARTESIAN_POINT('Origin',(-63.5154723292906,-98.141316644681,36.9999999999997));
#10464=CARTESIAN_POINT('',(-63.5154723292906,-98.141316644681,36.9999999999997));
#10465=CARTESIAN_POINT('',(-31.4504152256737,-96.801701160559,36.9999999999997));
#10466=CARTESIAN_POINT('',(-63.5154723292906,-98.141316644681,36.4999999999997));
#10467=CARTESIAN_POINT('',(-63.5154723292906,-98.141316644681,36.9999999999997));
#10468=CARTESIAN_POINT('',(-63.5154723292906,-98.141316644681,36.4999999999997));
#10469=CARTESIAN_POINT('Ctrl Pts',(-63.9790842913969,-97.2262035666442,
36.9999999999997));
#10470=CARTESIAN_POINT('Ctrl Pts',(-63.9790842913969,-97.2262035666442,
36.4999999999997));
#10471=CARTESIAN_POINT('Ctrl Pts',(-63.8598274668714,-97.3435604172314,
36.9999999999997));
#10472=CARTESIAN_POINT('Ctrl Pts',(-63.8598274668714,-97.3435604172314,
36.4999999999997));
#10473=CARTESIAN_POINT('Ctrl Pts',(-63.6039526786624,-97.5953586636495,
36.9999999999997));
#10474=CARTESIAN_POINT('Ctrl Pts',(-63.6039526786624,-97.5953586636495,
36.4999999999997));
#10475=CARTESIAN_POINT('Ctrl Pts',(-63.5462703633916,-97.9512808611776,
36.9999999999997));
#10476=CARTESIAN_POINT('Ctrl Pts',(-63.5462703633916,-97.9512808611776,
36.4999999999997));
#10477=CARTESIAN_POINT('Ctrl Pts',(-63.5154723292906,-98.141316644681,36.9999999999997));
#10478=CARTESIAN_POINT('Ctrl Pts',(-63.5154723292906,-98.141316644681,36.4999999999997));
#10479=CARTESIAN_POINT('',(-63.9790842913969,-97.2262035666442,36.9999999999997));
#10480=CARTESIAN_POINT('Ctrl Pts',(-63.9790842913969,-97.2262035666442,
36.9999999999997));
#10481=CARTESIAN_POINT('Ctrl Pts',(-63.8598274668714,-97.3435604172314,
36.9999999999997));
#10482=CARTESIAN_POINT('Ctrl Pts',(-63.6039526786624,-97.5953586636495,
36.9999999999997));
#10483=CARTESIAN_POINT('Ctrl Pts',(-63.5462703633916,-97.9512808611776,
36.9999999999997));
#10484=CARTESIAN_POINT('Ctrl Pts',(-63.5154723292906,-98.141316644681,36.9999999999997));
#10485=CARTESIAN_POINT('',(-63.9790842913969,-97.2262035666442,36.4999999999997));
#10486=CARTESIAN_POINT('',(-63.9790842913969,-97.2262035666442,36.9999999999997));
#10487=CARTESIAN_POINT('Ctrl Pts',(-63.9790842913969,-97.2262035666442,
36.4999999999997));
#10488=CARTESIAN_POINT('Ctrl Pts',(-63.8598274668714,-97.3435604172314,
36.4999999999997));
#10489=CARTESIAN_POINT('Ctrl Pts',(-63.6039526786624,-97.5953586636495,
36.4999999999997));
#10490=CARTESIAN_POINT('Ctrl Pts',(-63.5462703633916,-97.9512808611776,
36.4999999999997));
#10491=CARTESIAN_POINT('Ctrl Pts',(-63.5154723292906,-98.141316644681,36.4999999999997));
#10492=CARTESIAN_POINT('Ctrl Pts',(-65.1433192186571,-96.9215576461454,
36.9999999999997));
#10493=CARTESIAN_POINT('Ctrl Pts',(-65.1433192186571,-96.9215576461454,
36.4999999999997));
#10494=CARTESIAN_POINT('Ctrl Pts',(-64.9133623632143,-96.9306695155263,
36.9999999999997));
#10495=CARTESIAN_POINT('Ctrl Pts',(-64.9133623632143,-96.9306695155263,
36.4999999999997));
#10496=CARTESIAN_POINT('Ctrl Pts',(-64.5013554199086,-96.9469949842503,
36.9999999999997));
#10497=CARTESIAN_POINT('Ctrl Pts',(-64.5013554199086,-96.9469949842503,
36.4999999999997));
#10498=CARTESIAN_POINT('Ctrl Pts',(-64.1391354310102,-97.1406394805548,
36.9999999999997));
#10499=CARTESIAN_POINT('Ctrl Pts',(-64.1391354310102,-97.1406394805548,
36.4999999999997));
#10500=CARTESIAN_POINT('Ctrl Pts',(-63.9790842913969,-97.2262035666442,
36.9999999999997));
#10501=CARTESIAN_POINT('Ctrl Pts',(-63.9790842913969,-97.2262035666442,
36.4999999999997));
#10502=CARTESIAN_POINT('',(-65.1433192186571,-96.9215576461454,36.9999999999997));
#10503=CARTESIAN_POINT('Ctrl Pts',(-65.1433192186571,-96.9215576461454,
36.9999999999997));
#10504=CARTESIAN_POINT('Ctrl Pts',(-64.9133623632143,-96.9306695155263,
36.9999999999997));
#10505=CARTESIAN_POINT('Ctrl Pts',(-64.5013554199086,-96.9469949842503,
36.9999999999997));
#10506=CARTESIAN_POINT('Ctrl Pts',(-64.1391354310102,-97.1406394805548,
36.9999999999997));
#10507=CARTESIAN_POINT('Ctrl Pts',(-63.9790842913969,-97.2262035666442,
36.9999999999997));
#10508=CARTESIAN_POINT('',(-65.1433192186571,-96.9215576461454,36.4999999999997));
#10509=CARTESIAN_POINT('',(-65.1433192186571,-96.9215576461454,36.9999999999997));
#10510=CARTESIAN_POINT('Ctrl Pts',(-65.1433192186571,-96.9215576461454,
36.4999999999997));
#10511=CARTESIAN_POINT('Ctrl Pts',(-64.9133623632143,-96.9306695155263,
36.4999999999997));
#10512=CARTESIAN_POINT('Ctrl Pts',(-64.5013554199086,-96.9469949842503,
36.4999999999997));
#10513=CARTESIAN_POINT('Ctrl Pts',(-64.1391354310102,-97.1406394805548,
36.4999999999997));
#10514=CARTESIAN_POINT('Ctrl Pts',(-63.9790842913969,-97.2262035666442,
36.4999999999997));
#10515=CARTESIAN_POINT('Ctrl Pts',(-66.1294346900812,-97.0619718408605,
36.9999999999997));
#10516=CARTESIAN_POINT('Ctrl Pts',(-66.1294346900812,-97.0619718408605,
36.4999999999997));
#10517=CARTESIAN_POINT('Ctrl Pts',(-65.9880169265925,-97.0187355666248,
36.9999999999997));
#10518=CARTESIAN_POINT('Ctrl Pts',(-65.9880169265925,-97.0187355666248,
36.4999999999997));
#10519=CARTESIAN_POINT('Ctrl Pts',(-65.6672333745586,-96.9206610017051,
36.9999999999997));
#10520=CARTESIAN_POINT('Ctrl Pts',(-65.6672333745586,-96.9206610017051,
36.4999999999997));
#10521=CARTESIAN_POINT('Ctrl Pts',(-65.3312076513289,-96.9212360875148,
36.9999999999997));
#10522=CARTESIAN_POINT('Ctrl Pts',(-65.3312076513289,-96.9212360875148,
36.4999999999997));
#10523=CARTESIAN_POINT('Ctrl Pts',(-65.1433192186571,-96.9215576461454,
36.9999999999997));
#10524=CARTESIAN_POINT('Ctrl Pts',(-65.1433192186571,-96.9215576461454,
36.4999999999997));
#10525=CARTESIAN_POINT('',(-66.1294346900812,-97.0619718408605,36.9999999999997));
#10526=CARTESIAN_POINT('Ctrl Pts',(-66.1294346900812,-97.0619718408605,
36.9999999999997));
#10527=CARTESIAN_POINT('Ctrl Pts',(-65.9880169265925,-97.0187355666248,
36.9999999999997));
#10528=CARTESIAN_POINT('Ctrl Pts',(-65.6672333745586,-96.9206610017051,
36.9999999999997));
#10529=CARTESIAN_POINT('Ctrl Pts',(-65.3312076513289,-96.9212360875148,
36.9999999999997));
#10530=CARTESIAN_POINT('Ctrl Pts',(-65.1433192186571,-96.9215576461454,
36.9999999999997));
#10531=CARTESIAN_POINT('',(-66.1294346900812,-97.0619718408605,36.4999999999997));
#10532=CARTESIAN_POINT('',(-66.1294346900812,-97.0619718408605,36.9999999999997));
#10533=CARTESIAN_POINT('Ctrl Pts',(-66.1294346900812,-97.0619718408605,
36.4999999999997));
#10534=CARTESIAN_POINT('Ctrl Pts',(-65.9880169265925,-97.0187355666248,
36.4999999999997));
#10535=CARTESIAN_POINT('Ctrl Pts',(-65.6672333745586,-96.9206610017051,
36.4999999999997));
#10536=CARTESIAN_POINT('Ctrl Pts',(-65.3312076513289,-96.9212360875148,
36.4999999999997));
#10537=CARTESIAN_POINT('Ctrl Pts',(-65.1433192186571,-96.9215576461454,
36.4999999999997));
#10538=CARTESIAN_POINT('Ctrl Pts',(-66.6740874667684,-97.4840255668696,
36.9999999999997));
#10539=CARTESIAN_POINT('Ctrl Pts',(-66.6740874667684,-97.4840255668696,
36.4999999999997));
#10540=CARTESIAN_POINT('Ctrl Pts',(-66.6029340976929,-97.3975759108431,
36.9999999999997));
#10541=CARTESIAN_POINT('Ctrl Pts',(-66.6029340976929,-97.3975759108431,
36.4999999999997));
#10542=CARTESIAN_POINT('Ctrl Pts',(-66.4535113039449,-97.2160307599968,
36.9999999999997));
#10543=CARTESIAN_POINT('Ctrl Pts',(-66.4535113039449,-97.2160307599968,
36.4999999999997));
#10544=CARTESIAN_POINT('Ctrl Pts',(-66.2408363457587,-97.1149297462738,
36.9999999999997));
#10545=CARTESIAN_POINT('Ctrl Pts',(-66.2408363457587,-97.1149297462738,
36.4999999999997));
#10546=CARTESIAN_POINT('Ctrl Pts',(-66.1294346900812,-97.0619718408605,
36.9999999999997));
#10547=CARTESIAN_POINT('Ctrl Pts',(-66.1294346900812,-97.0619718408605,
36.4999999999997));
#10548=CARTESIAN_POINT('',(-66.6740874667684,-97.4840255668696,36.9999999999997));
#10549=CARTESIAN_POINT('Ctrl Pts',(-66.6740874667684,-97.4840255668696,
36.9999999999997));
#10550=CARTESIAN_POINT('Ctrl Pts',(-66.6029340976929,-97.3975759108431,
36.9999999999997));
#10551=CARTESIAN_POINT('Ctrl Pts',(-66.4535113039449,-97.2160307599968,
36.9999999999997));
#10552=CARTESIAN_POINT('Ctrl Pts',(-66.2408363457587,-97.1149297462738,
36.9999999999997));
#10553=CARTESIAN_POINT('Ctrl Pts',(-66.1294346900812,-97.0619718408605,
36.9999999999997));
#10554=CARTESIAN_POINT('',(-66.6740874667684,-97.4840255668696,36.4999999999997));
#10555=CARTESIAN_POINT('',(-66.6740874667684,-97.4840255668696,36.9999999999997));
#10556=CARTESIAN_POINT('Ctrl Pts',(-66.6740874667684,-97.4840255668696,
36.4999999999997));
#10557=CARTESIAN_POINT('Ctrl Pts',(-66.6029340976929,-97.3975759108431,
36.4999999999997));
#10558=CARTESIAN_POINT('Ctrl Pts',(-66.4535113039449,-97.2160307599968,
36.4999999999997));
#10559=CARTESIAN_POINT('Ctrl Pts',(-66.2408363457587,-97.1149297462738,
36.4999999999997));
#10560=CARTESIAN_POINT('Ctrl Pts',(-66.1294346900812,-97.0619718408605,
36.4999999999997));
#10561=CARTESIAN_POINT('Ctrl Pts',(-66.8625239674523,-98.0634923735668,
36.9999999999997));
#10562=CARTESIAN_POINT('Ctrl Pts',(-66.8625239674523,-98.0634923735668,
36.4999999999997));
#10563=CARTESIAN_POINT('Ctrl Pts',(-66.8529088185114,-97.9615824023149,
36.9999999999997));
#10564=CARTESIAN_POINT('Ctrl Pts',(-66.8529088185114,-97.9615824023149,
36.4999999999997));
#10565=CARTESIAN_POINT('Ctrl Pts',(-66.8333677262654,-97.7544683824218,
36.9999999999997));
#10566=CARTESIAN_POINT('Ctrl Pts',(-66.8333677262654,-97.7544683824218,
36.4999999999997));
#10567=CARTESIAN_POINT('Ctrl Pts',(-66.7277408728821,-97.5751239757947,
36.9999999999997));
#10568=CARTESIAN_POINT('Ctrl Pts',(-66.7277408728821,-97.5751239757947,
36.4999999999997));
#10569=CARTESIAN_POINT('Ctrl Pts',(-66.6740874667684,-97.4840255668696,
36.9999999999997));
#10570=CARTESIAN_POINT('Ctrl Pts',(-66.6740874667684,-97.4840255668696,
36.4999999999997));
#10571=CARTESIAN_POINT('',(-66.8625239674523,-98.0634923735668,36.9999999999997));
#10572=CARTESIAN_POINT('Ctrl Pts',(-66.8625239674523,-98.0634923735668,
36.9999999999997));
#10573=CARTESIAN_POINT('Ctrl Pts',(-66.8529088185114,-97.9615824023149,
36.9999999999997));
#10574=CARTESIAN_POINT('Ctrl Pts',(-66.8333677262654,-97.7544683824218,
36.9999999999997));
#10575=CARTESIAN_POINT('Ctrl Pts',(-66.7277408728821,-97.5751239757947,
36.9999999999997));
#10576=CARTESIAN_POINT('Ctrl Pts',(-66.6740874667684,-97.4840255668696,
36.9999999999997));
#10577=CARTESIAN_POINT('',(-66.8625239674523,-98.0634923735668,36.4999999999997));
#10578=CARTESIAN_POINT('',(-66.8625239674523,-98.0634923735668,36.9999999999997));
#10579=CARTESIAN_POINT('Ctrl Pts',(-66.8625239674523,-98.0634923735668,
36.4999999999997));
#10580=CARTESIAN_POINT('Ctrl Pts',(-66.8529088185114,-97.9615824023149,
36.4999999999997));
#10581=CARTESIAN_POINT('Ctrl Pts',(-66.8333677262654,-97.7544683824218,
36.4999999999997));
#10582=CARTESIAN_POINT('Ctrl Pts',(-66.7277408728821,-97.5751239757947,
36.4999999999997));
#10583=CARTESIAN_POINT('Ctrl Pts',(-66.6740874667684,-97.4840255668696,
36.4999999999997));
#10584=CARTESIAN_POINT('Ctrl Pts',(-66.526238990625,-98.8413959529114,36.9999999999997));
#10585=CARTESIAN_POINT('Ctrl Pts',(-66.526238990625,-98.8413959529114,36.4999999999997));
#10586=CARTESIAN_POINT('Ctrl Pts',(-66.6262784301807,-98.7314810127754,
36.9999999999997));
#10587=CARTESIAN_POINT('Ctrl Pts',(-66.6262784301807,-98.7314810127754,
36.4999999999997));
#10588=CARTESIAN_POINT('Ctrl Pts',(-66.8272272884653,-98.510695272403,36.9999999999997));
#10589=CARTESIAN_POINT('Ctrl Pts',(-66.8272272884653,-98.510695272403,36.4999999999997));
#10590=CARTESIAN_POINT('Ctrl Pts',(-66.8507244985264,-98.212989631094,36.9999999999997));
#10591=CARTESIAN_POINT('Ctrl Pts',(-66.8507244985264,-98.212989631094,36.4999999999997));
#10592=CARTESIAN_POINT('Ctrl Pts',(-66.8625239674523,-98.0634923735668,
36.9999999999997));
#10593=CARTESIAN_POINT('Ctrl Pts',(-66.8625239674523,-98.0634923735668,
36.4999999999997));
#10594=CARTESIAN_POINT('',(-66.526238990625,-98.8413959529114,36.9999999999997));
#10595=CARTESIAN_POINT('Ctrl Pts',(-66.526238990625,-98.8413959529114,36.9999999999997));
#10596=CARTESIAN_POINT('Ctrl Pts',(-66.6262784301807,-98.7314810127754,
36.9999999999997));
#10597=CARTESIAN_POINT('Ctrl Pts',(-66.8272272884653,-98.510695272403,36.9999999999997));
#10598=CARTESIAN_POINT('Ctrl Pts',(-66.8507244985264,-98.212989631094,36.9999999999997));
#10599=CARTESIAN_POINT('Ctrl Pts',(-66.8625239674523,-98.0634923735668,
36.9999999999997));
#10600=CARTESIAN_POINT('',(-66.526238990625,-98.8413959529114,36.4999999999997));
#10601=CARTESIAN_POINT('',(-66.526238990625,-98.8413959529114,36.9999999999997));
#10602=CARTESIAN_POINT('Ctrl Pts',(-66.526238990625,-98.8413959529114,36.4999999999997));
#10603=CARTESIAN_POINT('Ctrl Pts',(-66.6262784301807,-98.7314810127754,
36.4999999999997));
#10604=CARTESIAN_POINT('Ctrl Pts',(-66.8272272884653,-98.510695272403,36.4999999999997));
#10605=CARTESIAN_POINT('Ctrl Pts',(-66.8507244985264,-98.212989631094,36.4999999999997));
#10606=CARTESIAN_POINT('Ctrl Pts',(-66.8625239674523,-98.0634923735668,
36.4999999999997));
#10607=CARTESIAN_POINT('Ctrl Pts',(-65.3749070432757,-99.346399867689,36.9999999999997));
#10608=CARTESIAN_POINT('Ctrl Pts',(-65.3749070432757,-99.346399867689,36.4999999999997));
#10609=CARTESIAN_POINT('Ctrl Pts',(-65.6127048382649,-99.2865089085109,
36.9999999999997));
#10610=CARTESIAN_POINT('Ctrl Pts',(-65.6127048382649,-99.2865089085109,
36.4999999999997));
#10611=CARTESIAN_POINT('Ctrl Pts',(-66.0260346450026,-99.1824090425574,
36.9999999999997));
#10612=CARTESIAN_POINT('Ctrl Pts',(-66.0260346450026,-99.1824090425574,
36.4999999999997));
#10613=CARTESIAN_POINT('Ctrl Pts',(-66.3771346127963,-98.9430474979411,
36.9999999999997));
#10614=CARTESIAN_POINT('Ctrl Pts',(-66.3771346127963,-98.9430474979411,
36.4999999999997));
#10615=CARTESIAN_POINT('Ctrl Pts',(-66.526238990625,-98.8413959529114,36.9999999999997));
#10616=CARTESIAN_POINT('Ctrl Pts',(-66.526238990625,-98.8413959529114,36.4999999999997));
#10617=CARTESIAN_POINT('',(-65.3749070432757,-99.346399867689,36.9999999999997));
#10618=CARTESIAN_POINT('Ctrl Pts',(-65.3749070432757,-99.346399867689,36.9999999999997));
#10619=CARTESIAN_POINT('Ctrl Pts',(-65.6127048382649,-99.2865089085109,
36.9999999999997));
#10620=CARTESIAN_POINT('Ctrl Pts',(-66.0260346450026,-99.1824090425574,
36.9999999999997));
#10621=CARTESIAN_POINT('Ctrl Pts',(-66.3771346127963,-98.9430474979411,
36.9999999999997));
#10622=CARTESIAN_POINT('Ctrl Pts',(-66.526238990625,-98.8413959529114,36.9999999999997));
#10623=CARTESIAN_POINT('',(-65.3749070432757,-99.346399867689,36.4999999999997));
#10624=CARTESIAN_POINT('',(-65.3749070432757,-99.346399867689,36.9999999999997));
#10625=CARTESIAN_POINT('Ctrl Pts',(-65.3749070432757,-99.346399867689,36.4999999999997));
#10626=CARTESIAN_POINT('Ctrl Pts',(-65.6127048382649,-99.2865089085109,
36.4999999999997));
#10627=CARTESIAN_POINT('Ctrl Pts',(-66.0260346450026,-99.1824090425574,
36.4999999999997));
#10628=CARTESIAN_POINT('Ctrl Pts',(-66.3771346127963,-98.9430474979411,
36.4999999999997));
#10629=CARTESIAN_POINT('Ctrl Pts',(-66.526238990625,-98.8413959529114,36.4999999999997));
#10630=CARTESIAN_POINT('Ctrl Pts',(-64.7458598588746,-99.5888785092371,
36.9999999999997));
#10631=CARTESIAN_POINT('Ctrl Pts',(-64.7458598588746,-99.5888785092371,
36.4999999999997));
#10632=CARTESIAN_POINT('Ctrl Pts',(-64.8193440101722,-99.5446377321173,
36.9999999999997));
#10633=CARTESIAN_POINT('Ctrl Pts',(-64.8193440101722,-99.5446377321173,
36.4999999999997));
#10634=CARTESIAN_POINT('Ctrl Pts',(-65.0139155311603,-99.4274968909713,
36.9999999999997));
#10635=CARTESIAN_POINT('Ctrl Pts',(-65.0139155311603,-99.4274968909713,
36.4999999999997));
#10636=CARTESIAN_POINT('Ctrl Pts',(-65.2364299910733,-99.3775088449077,
36.9999999999997));
#10637=CARTESIAN_POINT('Ctrl Pts',(-65.2364299910733,-99.3775088449077,
36.4999999999997));
#10638=CARTESIAN_POINT('Ctrl Pts',(-65.3749070432757,-99.346399867689,36.9999999999997));
#10639=CARTESIAN_POINT('Ctrl Pts',(-65.3749070432757,-99.346399867689,36.4999999999997));
#10640=CARTESIAN_POINT('',(-64.7458598588746,-99.5888785092371,36.9999999999997));
#10641=CARTESIAN_POINT('Ctrl Pts',(-64.7458598588746,-99.5888785092371,
36.9999999999997));
#10642=CARTESIAN_POINT('Ctrl Pts',(-64.8193440101722,-99.5446377321173,
36.9999999999997));
#10643=CARTESIAN_POINT('Ctrl Pts',(-65.0139155311603,-99.4274968909713,
36.9999999999997));
#10644=CARTESIAN_POINT('Ctrl Pts',(-65.2364299910733,-99.3775088449077,
36.9999999999997));
#10645=CARTESIAN_POINT('Ctrl Pts',(-65.3749070432757,-99.346399867689,36.9999999999997));
#10646=CARTESIAN_POINT('',(-64.7458598588746,-99.5888785092371,36.4999999999997));
#10647=CARTESIAN_POINT('',(-64.7458598588746,-99.5888785092371,36.9999999999997));
#10648=CARTESIAN_POINT('Ctrl Pts',(-64.7458598588746,-99.5888785092371,
36.4999999999997));
#10649=CARTESIAN_POINT('Ctrl Pts',(-64.8193440101722,-99.5446377321173,
36.4999999999997));
#10650=CARTESIAN_POINT('Ctrl Pts',(-65.0139155311603,-99.4274968909713,
36.4999999999997));
#10651=CARTESIAN_POINT('Ctrl Pts',(-65.2364299910733,-99.3775088449077,
36.4999999999997));
#10652=CARTESIAN_POINT('Ctrl Pts',(-65.3749070432757,-99.346399867689,36.4999999999997));
#10653=CARTESIAN_POINT('Ctrl Pts',(-64.6141083195269,-99.8694299122646,
36.9999999999997));
#10654=CARTESIAN_POINT('Ctrl Pts',(-64.6141083195269,-99.8694299122646,
36.4999999999997));
#10655=CARTESIAN_POINT('Ctrl Pts',(-64.6199323420099,-99.8179756057925,
36.9999999999997));
#10656=CARTESIAN_POINT('Ctrl Pts',(-64.6199323420099,-99.8179756057925,
36.4999999999997));
#10657=CARTESIAN_POINT('Ctrl Pts',(-64.6321565599959,-99.7099765964369,
36.9999999999997));
#10658=CARTESIAN_POINT('Ctrl Pts',(-64.6321565599959,-99.7099765964369,
36.4999999999997));
#10659=CARTESIAN_POINT('Ctrl Pts',(-64.7067862342159,-99.6304933194738,
36.9999999999997));
#10660=CARTESIAN_POINT('Ctrl Pts',(-64.7067862342159,-99.6304933194738,
36.4999999999997));
#10661=CARTESIAN_POINT('Ctrl Pts',(-64.7458598588746,-99.5888785092371,
36.9999999999997));
#10662=CARTESIAN_POINT('Ctrl Pts',(-64.7458598588746,-99.5888785092371,
36.4999999999997));
#10663=CARTESIAN_POINT('',(-64.6141083195269,-99.8694299122646,36.9999999999997));
#10664=CARTESIAN_POINT('Ctrl Pts',(-64.6141083195269,-99.8694299122646,
36.9999999999997));
#10665=CARTESIAN_POINT('Ctrl Pts',(-64.6199323420099,-99.8179756057925,
36.9999999999997));
#10666=CARTESIAN_POINT('Ctrl Pts',(-64.6321565599959,-99.7099765964369,
36.9999999999997));
#10667=CARTESIAN_POINT('Ctrl Pts',(-64.7067862342159,-99.6304933194738,
36.9999999999997));
#10668=CARTESIAN_POINT('Ctrl Pts',(-64.7458598588746,-99.5888785092371,
36.9999999999997));
#10669=CARTESIAN_POINT('',(-64.6141083195269,-99.8694299122646,36.4999999999997));
#10670=CARTESIAN_POINT('',(-64.6141083195269,-99.8694299122646,36.9999999999997));
#10671=CARTESIAN_POINT('Ctrl Pts',(-64.6141083195269,-99.8694299122646,
36.4999999999997));
#10672=CARTESIAN_POINT('Ctrl Pts',(-64.6199323420099,-99.8179756057925,
36.4999999999997));
#10673=CARTESIAN_POINT('Ctrl Pts',(-64.6321565599959,-99.7099765964369,
36.4999999999997));
#10674=CARTESIAN_POINT('Ctrl Pts',(-64.7067862342159,-99.6304933194738,
36.4999999999997));
#10675=CARTESIAN_POINT('Ctrl Pts',(-64.7458598588746,-99.5888785092371,
36.4999999999997));
#10676=CARTESIAN_POINT('Ctrl Pts',(-64.762150132913,-100.154851846615,36.9999999999997));
#10677=CARTESIAN_POINT('Ctrl Pts',(-64.762150132913,-100.154851846615,36.4999999999997));
#10678=CARTESIAN_POINT('Ctrl Pts',(-64.7196985357134,-100.113765693925,
36.9999999999997));
#10679=CARTESIAN_POINT('Ctrl Pts',(-64.7196985357134,-100.113765693925,
36.4999999999997));
#10680=CARTESIAN_POINT('Ctrl Pts',(-64.638217067828,-100.034905056122,36.9999999999997));
#10681=CARTESIAN_POINT('Ctrl Pts',(-64.638217067828,-100.034905056122,36.4999999999997));
#10682=CARTESIAN_POINT('Ctrl Pts',(-64.6219163925244,-99.9230221596253,
36.9999999999997));
#10683=CARTESIAN_POINT('Ctrl Pts',(-64.6219163925244,-99.9230221596253,
36.4999999999997));
#10684=CARTESIAN_POINT('Ctrl Pts',(-64.6141083195269,-99.8694299122646,
36.9999999999997));
#10685=CARTESIAN_POINT('Ctrl Pts',(-64.6141083195269,-99.8694299122646,
36.4999999999997));
#10686=CARTESIAN_POINT('',(-64.762150132913,-100.154851846615,36.9999999999997));
#10687=CARTESIAN_POINT('Ctrl Pts',(-64.762150132913,-100.154851846615,36.9999999999997));
#10688=CARTESIAN_POINT('Ctrl Pts',(-64.7196985357134,-100.113765693925,
36.9999999999997));
#10689=CARTESIAN_POINT('Ctrl Pts',(-64.638217067828,-100.034905056122,36.9999999999997));
#10690=CARTESIAN_POINT('Ctrl Pts',(-64.6219163925244,-99.9230221596253,
36.9999999999997));
#10691=CARTESIAN_POINT('Ctrl Pts',(-64.6141083195269,-99.8694299122646,
36.9999999999997));
#10692=CARTESIAN_POINT('',(-64.762150132913,-100.154851846615,36.4999999999997));
#10693=CARTESIAN_POINT('',(-64.762150132913,-100.154851846615,36.9999999999997));
#10694=CARTESIAN_POINT('Ctrl Pts',(-64.762150132913,-100.154851846615,36.4999999999997));
#10695=CARTESIAN_POINT('Ctrl Pts',(-64.7196985357134,-100.113765693925,
36.4999999999997));
#10696=CARTESIAN_POINT('Ctrl Pts',(-64.638217067828,-100.034905056122,36.4999999999997));
#10697=CARTESIAN_POINT('Ctrl Pts',(-64.6219163925244,-99.9230221596253,
36.4999999999997));
#10698=CARTESIAN_POINT('Ctrl Pts',(-64.6141083195269,-99.8694299122646,
36.4999999999997));
#10699=CARTESIAN_POINT('Ctrl Pts',(-65.1720823597205,-100.272158402148,
36.9999999999997));
#10700=CARTESIAN_POINT('Ctrl Pts',(-65.1720823597205,-100.272158402148,
36.4999999999997));
#10701=CARTESIAN_POINT('Ctrl Pts',(-65.0915740795031,-100.27049398805,36.9999999999997));
#10702=CARTESIAN_POINT('Ctrl Pts',(-65.0915740795031,-100.27049398805,36.4999999999997));
#10703=CARTESIAN_POINT('Ctrl Pts',(-64.9439648917291,-100.267442341531,
36.9999999999997));
#10704=CARTESIAN_POINT('Ctrl Pts',(-64.9439648917291,-100.267442341531,
36.4999999999997));
#10705=CARTESIAN_POINT('Ctrl Pts',(-64.8189706345525,-100.190038475262,
36.9999999999997));
#10706=CARTESIAN_POINT('Ctrl Pts',(-64.8189706345525,-100.190038475262,
36.4999999999997));
#10707=CARTESIAN_POINT('Ctrl Pts',(-64.762150132913,-100.154851846615,36.9999999999997));
#10708=CARTESIAN_POINT('Ctrl Pts',(-64.762150132913,-100.154851846615,36.4999999999997));
#10709=CARTESIAN_POINT('',(-65.1720823597205,-100.272158402148,36.9999999999997));
#10710=CARTESIAN_POINT('Ctrl Pts',(-65.1720823597205,-100.272158402148,
36.9999999999997));
#10711=CARTESIAN_POINT('Ctrl Pts',(-65.0915740795031,-100.27049398805,36.9999999999997));
#10712=CARTESIAN_POINT('Ctrl Pts',(-64.9439648917291,-100.267442341531,
36.9999999999997));
#10713=CARTESIAN_POINT('Ctrl Pts',(-64.8189706345525,-100.190038475262,
36.9999999999997));
#10714=CARTESIAN_POINT('Ctrl Pts',(-64.762150132913,-100.154851846615,36.9999999999997));
#10715=CARTESIAN_POINT('',(-65.1720823597205,-100.272158402148,36.4999999999997));
#10716=CARTESIAN_POINT('',(-65.1720823597205,-100.272158402148,36.9999999999997));
#10717=CARTESIAN_POINT('Ctrl Pts',(-65.1720823597205,-100.272158402148,
36.4999999999997));
#10718=CARTESIAN_POINT('Ctrl Pts',(-65.0915740795031,-100.27049398805,36.4999999999997));
#10719=CARTESIAN_POINT('Ctrl Pts',(-64.9439648917291,-100.267442341531,
36.4999999999997));
#10720=CARTESIAN_POINT('Ctrl Pts',(-64.8189706345525,-100.190038475262,
36.4999999999997));
#10721=CARTESIAN_POINT('Ctrl Pts',(-64.762150132913,-100.154851846615,36.4999999999997));
#10722=CARTESIAN_POINT('Ctrl Pts',(-65.7136467310982,-100.02022693023,36.9999999999997));
#10723=CARTESIAN_POINT('Ctrl Pts',(-65.7136467310982,-100.02022693023,36.4999999999997));
#10724=CARTESIAN_POINT('Ctrl Pts',(-65.6421399344427,-100.092229706406,
36.9999999999997));
#10725=CARTESIAN_POINT('Ctrl Pts',(-65.6421399344427,-100.092229706406,
36.4999999999997));
#10726=CARTESIAN_POINT('Ctrl Pts',(-65.4931347986788,-100.242268359253,
36.9999999999997));
#10727=CARTESIAN_POINT('Ctrl Pts',(-65.4931347986788,-100.242268359253,
36.4999999999997));
#10728=CARTESIAN_POINT('Ctrl Pts',(-65.2819307000163,-100.261931500854,
36.9999999999997));
#10729=CARTESIAN_POINT('Ctrl Pts',(-65.2819307000163,-100.261931500854,
36.4999999999997));
#10730=CARTESIAN_POINT('Ctrl Pts',(-65.1720823597205,-100.272158402148,
36.9999999999997));
#10731=CARTESIAN_POINT('Ctrl Pts',(-65.1720823597205,-100.272158402148,
36.4999999999997));
#10732=CARTESIAN_POINT('',(-65.7136467310982,-100.02022693023,36.9999999999997));
#10733=CARTESIAN_POINT('Ctrl Pts',(-65.7136467310982,-100.02022693023,36.9999999999997));
#10734=CARTESIAN_POINT('Ctrl Pts',(-65.6421399344427,-100.092229706406,
36.9999999999997));
#10735=CARTESIAN_POINT('Ctrl Pts',(-65.4931347986788,-100.242268359253,
36.9999999999997));
#10736=CARTESIAN_POINT('Ctrl Pts',(-65.2819307000163,-100.261931500854,
36.9999999999997));
#10737=CARTESIAN_POINT('Ctrl Pts',(-65.1720823597205,-100.272158402148,
36.9999999999997));
#10738=CARTESIAN_POINT('',(-65.7136467310982,-100.02022693023,36.4999999999997));
#10739=CARTESIAN_POINT('',(-65.7136467310982,-100.02022693023,36.9999999999997));
#10740=CARTESIAN_POINT('Ctrl Pts',(-65.7136467310982,-100.02022693023,36.4999999999997));
#10741=CARTESIAN_POINT('Ctrl Pts',(-65.6421399344427,-100.092229706406,
36.4999999999997));
#10742=CARTESIAN_POINT('Ctrl Pts',(-65.4931347986788,-100.242268359253,
36.4999999999997));
#10743=CARTESIAN_POINT('Ctrl Pts',(-65.2819307000163,-100.261931500854,
36.4999999999997));
#10744=CARTESIAN_POINT('Ctrl Pts',(-65.1720823597205,-100.272158402148,
36.4999999999997));
#10745=CARTESIAN_POINT('Ctrl Pts',(-65.8618479546146,-99.5811242895336,
36.9999999999997));
#10746=CARTESIAN_POINT('Ctrl Pts',(-65.8618479546146,-99.5811242895336,
36.4999999999997));
#10747=CARTESIAN_POINT('Ctrl Pts',(-65.8498048832247,-99.6676409154948,
36.9999999999997));
#10748=CARTESIAN_POINT('Ctrl Pts',(-65.8498048832247,-99.6676409154948,
36.4999999999997));
#10749=CARTESIAN_POINT('Ctrl Pts',(-65.8280696064425,-99.823785702042,36.9999999999997));
#10750=CARTESIAN_POINT('Ctrl Pts',(-65.8280696064425,-99.823785702042,36.4999999999997));
#10751=CARTESIAN_POINT('Ctrl Pts',(-65.7489346362274,-99.9596446436642,
36.9999999999997));
#10752=CARTESIAN_POINT('Ctrl Pts',(-65.7489346362274,-99.9596446436642,
36.4999999999997));
#10753=CARTESIAN_POINT('Ctrl Pts',(-65.7136467310982,-100.02022693023,36.9999999999997));
#10754=CARTESIAN_POINT('Ctrl Pts',(-65.7136467310982,-100.02022693023,36.4999999999997));
#10755=CARTESIAN_POINT('',(-65.8618479546146,-99.5811242895336,36.9999999999997));
#10756=CARTESIAN_POINT('Ctrl Pts',(-65.8618479546146,-99.5811242895336,
36.9999999999997));
#10757=CARTESIAN_POINT('Ctrl Pts',(-65.8498048832247,-99.6676409154948,
36.9999999999997));
#10758=CARTESIAN_POINT('Ctrl Pts',(-65.8280696064425,-99.823785702042,36.9999999999997));
#10759=CARTESIAN_POINT('Ctrl Pts',(-65.7489346362274,-99.9596446436642,
36.9999999999997));
#10760=CARTESIAN_POINT('Ctrl Pts',(-65.7136467310982,-100.02022693023,36.9999999999997));
#10761=CARTESIAN_POINT('',(-65.8618479546146,-99.5811242895336,36.4999999999997));
#10762=CARTESIAN_POINT('',(-65.8618479546146,-99.5811242895336,36.9999999999997));
#10763=CARTESIAN_POINT('Ctrl Pts',(-65.8618479546146,-99.5811242895336,
36.4999999999997));
#10764=CARTESIAN_POINT('Ctrl Pts',(-65.8498048832247,-99.6676409154948,
36.4999999999997));
#10765=CARTESIAN_POINT('Ctrl Pts',(-65.8280696064425,-99.823785702042,36.4999999999997));
#10766=CARTESIAN_POINT('Ctrl Pts',(-65.7489346362274,-99.9596446436642,
36.4999999999997));
#10767=CARTESIAN_POINT('Ctrl Pts',(-65.7136467310982,-100.02022693023,36.4999999999997));
#10768=CARTESIAN_POINT('Origin',(-67.038904824547,-99.6351137700003,36.9999999999997));
#10769=CARTESIAN_POINT('',(-67.038904824547,-99.6351137700003,36.9999999999997));
#10770=CARTESIAN_POINT('',(-33.2795757801282,-98.0866340978858,36.9999999999997));
#10771=CARTESIAN_POINT('',(-67.038904824547,-99.6351137700003,36.4999999999997));
#10772=CARTESIAN_POINT('',(-67.038904824547,-99.6351137700003,36.9999999999997));
#10773=CARTESIAN_POINT('',(-67.038904824547,-99.6351137700003,36.4999999999997));
#10774=CARTESIAN_POINT('Ctrl Pts',(-66.610923308452,-100.641049683025,36.9999999999997));
#10775=CARTESIAN_POINT('Ctrl Pts',(-66.610923308452,-100.641049683025,36.4999999999997));
#10776=CARTESIAN_POINT('Ctrl Pts',(-66.7254716057965,-100.496898762795,
36.9999999999997));
#10777=CARTESIAN_POINT('Ctrl Pts',(-66.7254716057965,-100.496898762795,
36.4999999999997));
#10778=CARTESIAN_POINT('Ctrl Pts',(-66.9603556648883,-100.201313808234,
36.9999999999997));
#10779=CARTESIAN_POINT('Ctrl Pts',(-66.9603556648883,-100.201313808234,
36.4999999999997));
#10780=CARTESIAN_POINT('Ctrl Pts',(-67.0122951805812,-99.8269220782791,
36.9999999999997));
#10781=CARTESIAN_POINT('Ctrl Pts',(-67.0122951805812,-99.8269220782791,
36.4999999999997));
#10782=CARTESIAN_POINT('Ctrl Pts',(-67.038904824547,-99.6351137700003,36.9999999999997));
#10783=CARTESIAN_POINT('Ctrl Pts',(-67.038904824547,-99.6351137700003,36.4999999999997));
#10784=CARTESIAN_POINT('Ctrl Pts',(-66.610923308452,-100.641049683025,36.9999999999997));
#10785=CARTESIAN_POINT('Ctrl Pts',(-66.7254716057965,-100.496898762795,
36.9999999999997));
#10786=CARTESIAN_POINT('Ctrl Pts',(-66.9603556648883,-100.201313808234,
36.9999999999997));
#10787=CARTESIAN_POINT('Ctrl Pts',(-67.0122951805812,-99.8269220782791,
36.9999999999997));
#10788=CARTESIAN_POINT('Ctrl Pts',(-67.038904824547,-99.6351137700003,36.9999999999997));
#10789=CARTESIAN_POINT('Ctrl Pts',(-66.610923308452,-100.641049683025,36.4999999999997));
#10790=CARTESIAN_POINT('Ctrl Pts',(-66.7254716057965,-100.496898762795,
36.4999999999997));
#10791=CARTESIAN_POINT('Ctrl Pts',(-66.9603556648883,-100.201313808234,
36.4999999999997));
#10792=CARTESIAN_POINT('Ctrl Pts',(-67.0122951805812,-99.8269220782791,
36.4999999999997));
#10793=CARTESIAN_POINT('Ctrl Pts',(-67.038904824547,-99.6351137700003,36.4999999999997));
#10794=CARTESIAN_POINT('Origin',(-44.7520925486335,-99.8921801938817,36.4999999999997));
#10795=CARTESIAN_POINT('Origin',(2.49658529102295,-140.508312538859,36.9999999999997));
#10796=CARTESIAN_POINT('Origin',(2.49658529102295,-140.508312538859,36.9999999999997));
#10797=CARTESIAN_POINT('Origin',(17.2691730911396,-141.500002108514,36.9999999999997));
#10798=CARTESIAN_POINT('',(17.2691730911396,-138.500002063811,33.9999999999997));
#10799=CARTESIAN_POINT('',(17.2691730911396,-141.500002108514,33.9999999999997));
#10800=CARTESIAN_POINT('',(17.2691730911396,-141.004157323687,33.9999999999997));
#10801=CARTESIAN_POINT('',(17.2691730911396,-138.500002063811,36.9999999999997));
#10802=CARTESIAN_POINT('',(17.2691730911396,-138.500002063811,36.9999999999997));
#10803=CARTESIAN_POINT('',(17.2691730911396,-141.500002108514,36.9999999999997));
#10804=CARTESIAN_POINT('',(17.2691730911396,-141.004157323687,36.9999999999997));
#10805=CARTESIAN_POINT('',(17.2691730911396,-141.500002108514,36.9999999999997));
#10806=CARTESIAN_POINT('Origin',(21.2698016485282,-141.500002108514,36.9999999999997));
#10807=CARTESIAN_POINT('',(21.2698016485282,-141.500002108514,33.9999999999997));
#10808=CARTESIAN_POINT('',(11.8831934697756,-141.500002108514,33.9999999999997));
#10809=CARTESIAN_POINT('',(21.2698016485282,-141.500002108514,36.9999999999997));
#10810=CARTESIAN_POINT('',(11.8831934697756,-141.500002108514,36.9999999999997));
#10811=CARTESIAN_POINT('',(21.2698016485282,-141.500002108514,36.9999999999997));
#10812=CARTESIAN_POINT('Origin',(21.2698016485282,-138.500002063811,36.9999999999997));
#10813=CARTESIAN_POINT('',(21.2698016485282,-138.500002063811,33.9999999999997));
#10814=CARTESIAN_POINT('',(21.2698016485283,-139.504157301335,33.9999999999997));
#10815=CARTESIAN_POINT('',(21.2698016485282,-138.500002063811,36.9999999999997));
#10816=CARTESIAN_POINT('',(21.2698016485283,-139.504157301335,36.9999999999997));
#10817=CARTESIAN_POINT('',(21.2698016485282,-138.500002063811,36.9999999999997));
#10818=CARTESIAN_POINT('Origin',(17.2691730911396,-138.500002063811,36.9999999999997));
#10819=CARTESIAN_POINT('',(9.88287919108128,-138.500002063811,33.9999999999997));
#10820=CARTESIAN_POINT('',(9.88287919108128,-138.500002063811,36.9999999999997));
#10821=CARTESIAN_POINT('Origin',(23.9994897485498,-141.500002108514,36.9999999999997));
#10822=CARTESIAN_POINT('',(23.9994897485498,-138.500002063811,33.9999999999997));
#10823=CARTESIAN_POINT('',(23.9994897485498,-141.500002108514,33.9999999999997));
#10824=CARTESIAN_POINT('',(23.9994897485498,-141.004157323687,33.9999999999997));
#10825=CARTESIAN_POINT('',(23.9994897485498,-138.500002063811,36.9999999999997));
#10826=CARTESIAN_POINT('',(23.9994897485498,-138.500002063811,36.9999999999997));
#10827=CARTESIAN_POINT('',(23.9994897485498,-141.500002108514,36.9999999999997));
#10828=CARTESIAN_POINT('',(23.9994897485498,-141.004157323687,36.9999999999997));
#10829=CARTESIAN_POINT('',(23.9994897485498,-141.500002108514,36.9999999999997));
#10830=CARTESIAN_POINT('Origin',(27.9994898081545,-141.500002108514,36.9999999999997));
#10831=CARTESIAN_POINT('',(27.9994898081545,-141.500002108514,33.9999999999997));
#10832=CARTESIAN_POINT('',(15.2480375495887,-141.500002108514,33.9999999999997));
#10833=CARTESIAN_POINT('',(27.9994898081545,-141.500002108514,36.9999999999997));
#10834=CARTESIAN_POINT('',(15.2480375495887,-141.500002108514,36.9999999999997));
#10835=CARTESIAN_POINT('',(27.9994898081545,-141.500002108514,36.9999999999997));
#10836=CARTESIAN_POINT('Origin',(27.9994898081545,-138.500002063811,36.9999999999997));
#10837=CARTESIAN_POINT('',(27.9994898081545,-138.500002063811,33.9999999999997));
#10838=CARTESIAN_POINT('',(27.9994898081545,-139.504157301335,33.9999999999997));
#10839=CARTESIAN_POINT('',(27.9994898081545,-138.500002063811,36.9999999999997));
#10840=CARTESIAN_POINT('',(27.9994898081545,-139.504157301335,36.9999999999997));
#10841=CARTESIAN_POINT('',(27.9994898081545,-138.500002063811,36.9999999999997));
#10842=CARTESIAN_POINT('Origin',(23.9994897485498,-138.500002063811,36.9999999999997));
#10843=CARTESIAN_POINT('',(13.2480375197864,-138.500002063811,33.9999999999997));
#10844=CARTESIAN_POINT('',(13.2480375197864,-138.500002063811,36.9999999999997));
#10845=CARTESIAN_POINT('Origin',(10.4994895473842,-141.500002108514,36.9999999999997));
#10846=CARTESIAN_POINT('',(10.4994895473842,-138.500002063811,33.9999999999997));
#10847=CARTESIAN_POINT('',(10.4994895473842,-141.500002108514,33.9999999999997));
#10848=CARTESIAN_POINT('',(10.4994895473842,-141.004157323687,33.9999999999997));
#10849=CARTESIAN_POINT('',(10.4994895473842,-138.500002063811,36.9999999999997));
#10850=CARTESIAN_POINT('',(10.4994895473842,-138.500002063811,36.9999999999997));
#10851=CARTESIAN_POINT('',(10.4994895473842,-141.500002108514,36.9999999999997));
#10852=CARTESIAN_POINT('',(10.4994895473842,-141.004157323687,36.9999999999997));
#10853=CARTESIAN_POINT('',(10.4994895473842,-141.500002108514,36.9999999999997));
#10854=CARTESIAN_POINT('Origin',(14.4994896069888,-141.500002108514,36.9999999999997));
#10855=CARTESIAN_POINT('',(14.4994896069888,-141.500002108514,33.9999999999997));
#10856=CARTESIAN_POINT('',(8.49803744900587,-141.500002108514,33.9999999999997));
#10857=CARTESIAN_POINT('',(14.4994896069888,-141.500002108514,36.9999999999997));
#10858=CARTESIAN_POINT('',(8.49803744900587,-141.500002108514,36.9999999999997));
#10859=CARTESIAN_POINT('',(14.4994896069888,-141.500002108514,36.9999999999997));
#10860=CARTESIAN_POINT('Origin',(14.4994896069888,-138.500002063811,36.9999999999997));
#10861=CARTESIAN_POINT('',(14.4994896069888,-138.500002063811,33.9999999999997));
#10862=CARTESIAN_POINT('',(14.4994896069888,-139.504157301335,33.9999999999997));
#10863=CARTESIAN_POINT('',(14.4994896069888,-138.500002063811,36.9999999999997));
#10864=CARTESIAN_POINT('',(14.4994896069888,-139.504157301335,36.9999999999997));
#10865=CARTESIAN_POINT('',(14.4994896069888,-138.500002063811,36.9999999999997));
#10866=CARTESIAN_POINT('Origin',(10.4994895473842,-138.500002063811,36.9999999999997));
#10867=CARTESIAN_POINT('',(6.49803741920355,-138.500002063811,33.9999999999997));
#10868=CARTESIAN_POINT('',(6.49803741920355,-138.500002063811,36.9999999999997));
#10869=CARTESIAN_POINT('Origin',(47.1513572262665,-139.782270973362,36.9999999999997));
#10870=CARTESIAN_POINT('',(50.7720463067068,-139.782270973362,36.9999999999997));
#10871=CARTESIAN_POINT('Origin',(47.1513572262665,-139.782270973362,36.9999999999997));
#10872=CARTESIAN_POINT('',(50.7720463067068,-139.782270973362,33.9999999999997));
#10873=CARTESIAN_POINT('',(50.7720463067068,-139.782270973362,36.9999999999997));
#10874=CARTESIAN_POINT('Origin',(47.1513572262665,-139.782270973362,33.9999999999997));
#10875=CARTESIAN_POINT('Origin',(28.3056301224484,-166.056949563444,36.9999999999997));
#10876=CARTESIAN_POINT('',(31.9111814516393,-166.056949563444,36.9999999999997));
#10877=CARTESIAN_POINT('Origin',(28.3056301224484,-166.056949563444,36.9999999999997));
#10878=CARTESIAN_POINT('',(31.9111814516393,-166.056949563444,33.9999999999997));
#10879=CARTESIAN_POINT('',(31.9111814516393,-166.056949563444,36.9999999999997));
#10880=CARTESIAN_POINT('Origin',(28.3056301224484,-166.056949563444,33.9999999999997));
#10881=CARTESIAN_POINT('Origin',(15.3056301224484,-166.056949563444,36.9999999999997));
#10882=CARTESIAN_POINT('',(18.9111814516393,-166.056949563444,36.9999999999997));
#10883=CARTESIAN_POINT('Origin',(15.3056301224484,-166.056949563444,36.9999999999997));
#10884=CARTESIAN_POINT('',(18.9111814516393,-166.056949563444,33.9999999999997));
#10885=CARTESIAN_POINT('',(18.9111814516393,-166.056949563444,36.9999999999997));
#10886=CARTESIAN_POINT('Origin',(15.3056301224484,-166.056949563444,33.9999999999997));
#10887=CARTESIAN_POINT('Origin',(41.3056301224485,-166.056949563444,36.9999999999997));
#10888=CARTESIAN_POINT('',(44.9111814516393,-166.056949563444,36.9999999999997));
#10889=CARTESIAN_POINT('Origin',(41.3056301224485,-166.056949563444,36.9999999999997));
#10890=CARTESIAN_POINT('',(44.9111814516393,-166.056949563444,33.9999999999997));
#10891=CARTESIAN_POINT('',(44.9111814516393,-166.056949563444,36.9999999999997));
#10892=CARTESIAN_POINT('Origin',(41.3056301224485,-166.056949563444,33.9999999999997));
#10893=CARTESIAN_POINT('Origin',(28.3056301224484,-155.056949563444,36.9999999999997));
#10894=CARTESIAN_POINT('',(31.9111814516393,-155.056949563444,36.9999999999997));
#10895=CARTESIAN_POINT('Origin',(28.3056301224484,-155.056949563444,36.9999999999997));
#10896=CARTESIAN_POINT('',(31.9111814516393,-155.056949563444,33.9999999999997));
#10897=CARTESIAN_POINT('',(31.9111814516393,-155.056949563444,36.9999999999997));
#10898=CARTESIAN_POINT('Origin',(28.3056301224484,-155.056949563444,33.9999999999997));
#10899=CARTESIAN_POINT('Origin',(28.3056301224484,-176.756949563444,36.9999999999997));
#10900=CARTESIAN_POINT('',(31.9111814516393,-176.756949563444,36.9999999999997));
#10901=CARTESIAN_POINT('Origin',(28.3056301224484,-176.756949563444,36.9999999999997));
#10902=CARTESIAN_POINT('',(31.9111814516393,-176.756949563444,33.9999999999997));
#10903=CARTESIAN_POINT('',(31.9111814516393,-176.756949563444,36.9999999999997));
#10904=CARTESIAN_POINT('Origin',(28.3056301224484,-176.756949563444,33.9999999999997));
#10905=CARTESIAN_POINT('Origin',(-12.8943999867954,-73.8722385888595,36.4999999999997));
#10906=CARTESIAN_POINT('',(-12.8943999867954,-68.8722385888595,36.4999999999997));
#10907=CARTESIAN_POINT('',(-12.8943999867954,-68.3722385888595,36.9999999999997));
#10908=CARTESIAN_POINT('Origin',(-12.8943999867954,-68.3722385888595,36.4999999999997));
#10909=CARTESIAN_POINT('',(-18.3943999867954,-73.8722385888595,36.9999999999997));
#10910=CARTESIAN_POINT('Origin',(-12.8943999867954,-73.8722385888595,36.9999999999997));
#10911=CARTESIAN_POINT('',(-17.8943999867954,-73.8722385888595,36.4999999999997));
#10912=CARTESIAN_POINT('Origin',(-18.3943999867954,-73.8722385888595,36.4999999999997));
#10913=CARTESIAN_POINT('Origin',(-12.8943999867954,-73.8722385888595,36.4999999999997));
#10914=CARTESIAN_POINT('Origin',(-18.3943999867954,-135.49751344232,36.4999999999997));
#10915=CARTESIAN_POINT('',(-18.3943999867954,-125.486714345781,36.9999999999997));
#10916=CARTESIAN_POINT('',(-17.8943999867954,-125.486714345781,36.4999999999997));
#10917=CARTESIAN_POINT('Origin',(-18.3943999867954,-125.486714345781,36.4999999999997));
#10918=CARTESIAN_POINT('',(-17.8943999867954,-135.49751344232,36.4999999999997));
#10919=CARTESIAN_POINT('',(-18.3943999867954,-135.49751344232,36.9999999999997));
#10920=CARTESIAN_POINT('Origin',(-12.8943999867954,-125.486714345781,36.4999999999997));
#10921=CARTESIAN_POINT('',(-12.8943999867954,-130.986714345781,36.9999999999997));
#10922=CARTESIAN_POINT('',(-12.8943999867954,-130.486714345781,36.4999999999997));
#10923=CARTESIAN_POINT('Origin',(-12.8943999867954,-130.986714345781,36.4999999999997));
#10924=CARTESIAN_POINT('Origin',(-12.8943999867954,-125.486714345781,36.4999999999997));
#10925=CARTESIAN_POINT('Origin',(-12.8943999867954,-125.486714345781,36.9999999999997));
#10926=CARTESIAN_POINT('Origin',(38.8743047722836,-130.986714345781,36.4999999999997));
#10927=CARTESIAN_POINT('',(70.2520242535442,-130.986714345781,36.9999999999997));
#10928=CARTESIAN_POINT('',(70.2520242535442,-130.486714345781,36.4999999999997));
#10929=CARTESIAN_POINT('Origin',(70.2520242535442,-130.986714345781,36.4999999999997));
#10930=CARTESIAN_POINT('',(38.8743047722836,-130.486714345781,36.4999999999997));
#10931=CARTESIAN_POINT('',(38.8743047722836,-130.986714345781,36.9999999999997));
#10932=CARTESIAN_POINT('Origin',(70.2520242535442,-125.486714345781,36.4999999999997));
#10933=CARTESIAN_POINT('',(75.7520242535442,-125.486714345781,36.9999999999997));
#10934=CARTESIAN_POINT('',(75.2520242535442,-125.486714345781,36.4999999999997));
#10935=CARTESIAN_POINT('Origin',(75.7520242535442,-125.486714345781,36.4999999999997));
#10936=CARTESIAN_POINT('Origin',(70.2520242535442,-125.486714345781,36.4999999999997));
#10937=CARTESIAN_POINT('Origin',(70.2520242535442,-125.486714345781,36.9999999999997));
#10938=CARTESIAN_POINT('Origin',(75.7520242535442,-104.690275563859,36.4999999999997));
#10939=CARTESIAN_POINT('',(75.7520242535442,-73.8722385888595,36.9999999999997));
#10940=CARTESIAN_POINT('',(75.2520242535442,-73.8722385888595,36.4999999999997));
#10941=CARTESIAN_POINT('Origin',(75.7520242535442,-73.8722385888595,36.4999999999997));
#10942=CARTESIAN_POINT('',(75.2520242535442,-104.690275563859,36.4999999999997));
#10943=CARTESIAN_POINT('',(75.7520242535442,-104.690275563859,36.9999999999997));
#10944=CARTESIAN_POINT('Origin',(70.2520242535442,-73.8722385888595,36.4999999999997));
#10945=CARTESIAN_POINT('',(70.2520242535442,-68.3722385888595,36.9999999999997));
#10946=CARTESIAN_POINT('',(70.2520242535442,-68.8722385888595,36.4999999999997));
#10947=CARTESIAN_POINT('Origin',(70.2520242535442,-68.3722385888595,36.4999999999997));
#10948=CARTESIAN_POINT('Origin',(70.2520242535442,-73.8722385888595,36.4999999999997));
#10949=CARTESIAN_POINT('Origin',(70.2520242535442,-73.8722385888595,36.9999999999997));
#10950=CARTESIAN_POINT('Origin',(-7.69890734788625,-68.3722385888595,36.4999999999997));
#10951=CARTESIAN_POINT('',(-7.69890734788625,-68.3722385888595,36.9999999999997));
#10952=CARTESIAN_POINT('',(-7.69890734788625,-68.8722385888595,36.4999999999997));
#10953=CARTESIAN_POINT('Origin',(75.2520242535442,-68.8722385888595,36.9999999999997));
#10954=CARTESIAN_POINT('',(75.2520242535442,-73.8722385888595,33.9999999999997));
#10955=CARTESIAN_POINT('',(75.2520242535442,-73.8722385888595,36.9999999999997));
#10956=CARTESIAN_POINT('',(75.2520242535442,-125.486714345781,33.9999999999997));
#10957=CARTESIAN_POINT('',(75.2520242535442,-104.690275563859,33.9999999999997));
#10958=CARTESIAN_POINT('',(75.2520242535442,-125.486714345781,36.9999999999997));
#10959=CARTESIAN_POINT('Origin',(70.2520242535442,-73.8722385888595,36.9999999999997));
#10960=CARTESIAN_POINT('',(70.2520242535442,-68.8722385888596,33.9999999999997));
#10961=CARTESIAN_POINT('',(70.2520242535442,-68.8722385888595,36.9999999999997));
#10962=CARTESIAN_POINT('Origin',(70.2520242535442,-73.8722385888595,33.9999999999997));
#10963=CARTESIAN_POINT('Origin',(-17.8943999867954,-68.8722385888595,36.9999999999997));
#10964=CARTESIAN_POINT('',(-12.8943999867954,-68.8722385888596,33.9999999999997));
#10965=CARTESIAN_POINT('',(-12.8943999867954,-68.8722385888595,36.9999999999997));
#10966=CARTESIAN_POINT('',(-7.69890734788625,-68.8722385888596,33.9999999999997));
#10967=CARTESIAN_POINT('Origin',(-12.8943999867954,-73.8722385888595,36.9999999999997));
#10968=CARTESIAN_POINT('',(-17.8943999867954,-73.8722385888595,33.9999999999997));
#10969=CARTESIAN_POINT('',(-17.8943999867954,-73.8722385888595,36.9999999999997));
#10970=CARTESIAN_POINT('Origin',(-12.8943999867954,-73.8722385888595,33.9999999999997));
#10971=CARTESIAN_POINT('Origin',(2.49658529102295,-140.508312538859,36.9999999999997));
#10972=CARTESIAN_POINT('',(74.9965871611187,-68.008311443624,36.9999999999997));
#10973=CARTESIAN_POINT('',(76.9965871611187,-70.008311443624,36.9999999999997));
#10974=CARTESIAN_POINT('Origin',(74.9965871611187,-70.008311443624,36.9999999999997));
#10975=CARTESIAN_POINT('',(-16.7590849597831,-68.008311443624,36.9999999999997));
#10976=CARTESIAN_POINT('',(40.2465862260708,-68.008311443624,36.9999999999997));
#10977=CARTESIAN_POINT('',(-18.7500639262264,-69.8185675236156,36.9999999999997));
#10978=CARTESIAN_POINT('Origin',(-16.7590849597831,-70.008311443624,36.9999999999997));
#10979=CARTESIAN_POINT('',(-22.7320218591132,-73.4390796835988,36.9999999999997));
#10980=CARTESIAN_POINT('Origin',(-22.7320218591132,-69.4390796835988,36.9999999999997));
#10981=CARTESIAN_POINT('',(-70.0034165790728,-73.4390796835988,36.9999999999997));
#10982=CARTESIAN_POINT('',(-8.63124983438006,-73.4390796835988,36.9999999999997));
#10983=CARTESIAN_POINT('',(-72.0034165790728,-75.4390796835988,36.9999999999997));
#10984=CARTESIAN_POINT('Origin',(-70.0034165790728,-75.4390796835988,36.9999999999997));
#10985=CARTESIAN_POINT('',(-72.0034165790728,-127.008310445246,36.9999999999997));
#10986=CARTESIAN_POINT('',(-72.0034165790728,-106.473696111229,36.9999999999997));
#10987=CARTESIAN_POINT('',(-70.0034165790728,-129.008310445246,36.9999999999997));
#10988=CARTESIAN_POINT('Origin',(-70.0034165790728,-127.008310445246,36.9999999999997));
#10989=CARTESIAN_POINT('',(-27.747273966303,-129.008310445246,36.9999999999997));
#10990=CARTESIAN_POINT('',(-35.2534156440249,-129.008310445246,36.9999999999997));
#10991=CARTESIAN_POINT('',(-23.7472739663031,-133.008310445246,36.9999999999997));
#10992=CARTESIAN_POINT('Origin',(-27.747273966303,-133.008310445246,36.9999999999997));
#10993=CARTESIAN_POINT('',(-23.747273966303,-133.092157027275,36.9999999999997));
#10994=CARTESIAN_POINT('',(-23.7472739663031,-135.258311492053,36.9999999999997));
#10995=CARTESIAN_POINT('',(-21.747273966303,-135.092157027275,36.9999999999997));
#10996=CARTESIAN_POINT('Origin',(-21.747273966303,-133.092157027275,36.9999999999997));
#10997=CARTESIAN_POINT('',(-20.0034142544916,-135.092157027275,36.9999999999997));
#10998=CARTESIAN_POINT('',(-11.12534433764,-135.092157027275,36.9999999999997));
#10999=CARTESIAN_POINT('',(-16.0034142544917,-139.092157027275,36.9999999999997));
#11000=CARTESIAN_POINT('Origin',(-20.0034142544916,-139.092157027275,36.9999999999997));
#11001=CARTESIAN_POINT('',(-16.0034142544916,-210.966686538817,36.9999999999997));
#11002=CARTESIAN_POINT('',(-16.0034142544917,-138.300234783067,36.9999999999997));
#11003=CARTESIAN_POINT('',(-13.975855374367,-212.966496656834,36.9999999999997));
#11004=CARTESIAN_POINT('Origin',(-14.0034142544916,-210.966686538817,36.9999999999997));
#11005=CARTESIAN_POINT('',(66.0241459071329,-211.864036765555,36.9999999999997));
#11006=CARTESIAN_POINT('',(-6.76269883094825,-212.867093961194,36.9999999999997));
#11007=CARTESIAN_POINT('',(67.9965870270082,-209.864226647537,36.9999999999997));
#11008=CARTESIAN_POINT('Origin',(65.9965870270082,-209.864226647537,36.9999999999997));
#11009=CARTESIAN_POINT('',(67.9965870270082,-135.008312412199,36.9999999999997));
#11010=CARTESIAN_POINT('',(67.9965870270082,-176.665740895577,36.9999999999997));
#11011=CARTESIAN_POINT('',(71.9965870270082,-131.008312412199,36.9999999999997));
#11012=CARTESIAN_POINT('Origin',(71.9965870270082,-135.008312412199,36.9999999999997));
#11013=CARTESIAN_POINT('',(74.9965871611187,-131.008312412199,36.9999999999997));
#11014=CARTESIAN_POINT('',(35.7465861590156,-131.008312412199,36.9999999999997));
#11015=CARTESIAN_POINT('',(76.9965871611187,-129.008312412199,36.9999999999997));
#11016=CARTESIAN_POINT('Origin',(74.9965871611187,-129.008312412199,36.9999999999997));
#11017=CARTESIAN_POINT('',(76.9965871611187,-136.258312475529,36.9999999999997));
#11018=CARTESIAN_POINT('Origin',(74.9965871611187,-70.008311443624,35.9999999999997));
#11019=CARTESIAN_POINT('',(74.9965871611187,-67.008311443624,35.9999999999997));
#11020=CARTESIAN_POINT('Origin',(74.9965871611187,-68.008311443624,35.9999999999997));
#11021=CARTESIAN_POINT('',(77.9965871611187,-70.008311443624,35.9999999999997));
#11022=CARTESIAN_POINT('Origin',(76.9965871611187,-70.008311443624,35.9999999999997));
#11023=CARTESIAN_POINT('Origin',(74.9965871611187,-70.008311443624,35.9999999999997));
#11024=CARTESIAN_POINT('Origin',(76.9965871611187,-136.258312475529,35.9999999999997));
#11025=CARTESIAN_POINT('',(77.9965871611187,-129.008312412199,35.9999999999997));
#11026=CARTESIAN_POINT('Origin',(76.9965871611187,-129.008312412199,35.9999999999997));
#11027=CARTESIAN_POINT('',(77.9965871611187,-136.258312475529,35.9999999999997));
#11028=CARTESIAN_POINT('Origin',(74.9965871611187,-129.008312412199,35.9999999999997));
#11029=CARTESIAN_POINT('',(74.9965871611187,-132.008312412199,35.9999999999997));
#11030=CARTESIAN_POINT('Origin',(74.9965871611187,-131.008312412199,35.9999999999997));
#11031=CARTESIAN_POINT('Origin',(74.9965871611187,-129.008312412199,35.9999999999997));
#11032=CARTESIAN_POINT('Origin',(35.7465861590156,-131.008312412199,35.9999999999997));
#11033=CARTESIAN_POINT('',(71.9965870270082,-132.008312412199,35.9999999999997));
#11034=CARTESIAN_POINT('Origin',(71.9965870270082,-131.008312412199,35.9999999999997));
#11035=CARTESIAN_POINT('',(35.7465861590156,-132.008312412199,35.9999999999997));
#11036=CARTESIAN_POINT('Origin',(71.9965870270082,-135.008312412199,35.9999999999997));
#11037=CARTESIAN_POINT('',(68.9965870270082,-135.008312412199,35.9999999999997));
#11038=CARTESIAN_POINT('Origin',(67.9965870270082,-135.008312412199,35.9999999999997));
#11039=CARTESIAN_POINT('Origin',(71.9965870270082,-135.008312412199,35.9999999999997));
#11040=CARTESIAN_POINT('Origin',(67.9965870270082,-176.665740895577,35.9999999999997));
#11041=CARTESIAN_POINT('',(68.9965870270082,-209.864226647537,35.9999999999997));
#11042=CARTESIAN_POINT('Origin',(67.9965870270082,-209.864226647537,35.9999999999997));
#11043=CARTESIAN_POINT('',(68.9965870270082,-176.665740895577,35.9999999999997));
#11044=CARTESIAN_POINT('Origin',(65.9965870270082,-209.864226647537,35.9999999999997));
#11045=CARTESIAN_POINT('',(66.0379253471952,-212.863941824564,35.9999999999997));
#11046=CARTESIAN_POINT('Origin',(66.0241459071329,-211.864036765555,35.9999999999997));
#11047=CARTESIAN_POINT('Origin',(65.9965870270082,-209.864226647537,35.9999999999997));
#11048=CARTESIAN_POINT('Origin',(-6.76269883094825,-212.867093961194,35.9999999999997));
#11049=CARTESIAN_POINT('',(-13.9620759343046,-213.966401715843,35.9999999999997));
#11050=CARTESIAN_POINT('Origin',(-13.975855374367,-212.966496656834,35.9999999999997));
#11051=CARTESIAN_POINT('',(-6.74891939088592,-213.866999020203,35.9999999999997));
#11052=CARTESIAN_POINT('Origin',(-14.0034142544916,-210.966686538817,35.9999999999997));
#11053=CARTESIAN_POINT('',(-17.0034142544916,-210.966686538817,35.9999999999997));
#11054=CARTESIAN_POINT('Origin',(-16.0034142544916,-210.966686538817,35.9999999999997));
#11055=CARTESIAN_POINT('Origin',(-14.0034142544916,-210.966686538817,35.9999999999997));
#11056=CARTESIAN_POINT('Origin',(-16.0034142544917,-138.300234783067,35.9999999999997));
#11057=CARTESIAN_POINT('',(-17.0034142544916,-139.092157027275,35.9999999999997));
#11058=CARTESIAN_POINT('Origin',(-16.0034142544917,-139.092157027275,35.9999999999997));
#11059=CARTESIAN_POINT('',(-17.0034142544916,-138.300234783067,35.9999999999997));
#11060=CARTESIAN_POINT('Origin',(-20.0034142544916,-139.092157027275,35.9999999999997));
#11061=CARTESIAN_POINT('',(-20.0034142544916,-136.092157027275,35.9999999999997));
#11062=CARTESIAN_POINT('Origin',(-20.0034142544916,-135.092157027275,35.9999999999997));
#11063=CARTESIAN_POINT('Origin',(-20.0034142544916,-139.092157027275,35.9999999999997));
#11064=CARTESIAN_POINT('Origin',(-11.12534433764,-135.092157027275,35.9999999999997));
#11065=CARTESIAN_POINT('',(-21.747273966303,-136.092157027275,35.9999999999997));
#11066=CARTESIAN_POINT('Origin',(-21.747273966303,-135.092157027275,35.9999999999997));
#11067=CARTESIAN_POINT('',(-11.12534433764,-136.092157027275,35.9999999999997));
#11068=CARTESIAN_POINT('Origin',(-21.747273966303,-133.092157027275,35.9999999999997));
#11069=CARTESIAN_POINT('',(-24.747273966303,-133.092157027275,35.9999999999997));
#11070=CARTESIAN_POINT('Origin',(-23.747273966303,-133.092157027275,35.9999999999997));
#11071=CARTESIAN_POINT('Origin',(-21.747273966303,-133.092157027275,35.9999999999997));
#11072=CARTESIAN_POINT('Origin',(-23.7472739663031,-135.258311492053,35.9999999999997));
#11073=CARTESIAN_POINT('',(-24.747273966303,-133.008310445246,35.9999999999997));
#11074=CARTESIAN_POINT('Origin',(-23.7472739663031,-133.008310445246,35.9999999999997));
#11075=CARTESIAN_POINT('',(-24.747273966303,-135.258311492053,35.9999999999997));
#11076=CARTESIAN_POINT('Origin',(-27.747273966303,-133.008310445246,35.9999999999997));
#11077=CARTESIAN_POINT('',(-27.747273966303,-130.008310445246,35.9999999999997));
#11078=CARTESIAN_POINT('Origin',(-27.747273966303,-129.008310445246,35.9999999999997));
#11079=CARTESIAN_POINT('Origin',(-27.747273966303,-133.008310445246,35.9999999999997));
#11080=CARTESIAN_POINT('Origin',(-35.2534156440249,-129.008310445246,35.9999999999997));
#11081=CARTESIAN_POINT('',(-70.0034165790728,-130.008310445246,35.9999999999997));
#11082=CARTESIAN_POINT('Origin',(-70.0034165790728,-129.008310445246,35.9999999999997));
#11083=CARTESIAN_POINT('',(-35.2534156440249,-130.008310445246,35.9999999999997));
#11084=CARTESIAN_POINT('Origin',(-70.0034165790728,-127.008310445246,35.9999999999997));
#11085=CARTESIAN_POINT('',(-73.0034165790728,-127.008310445246,35.9999999999997));
#11086=CARTESIAN_POINT('Origin',(-72.0034165790728,-127.008310445246,35.9999999999997));
#11087=CARTESIAN_POINT('Origin',(-70.0034165790728,-127.008310445246,35.9999999999997));
#11088=CARTESIAN_POINT('Origin',(-72.0034165790728,-106.473696111229,35.9999999999997));
#11089=CARTESIAN_POINT('',(-73.0034165790728,-75.4390796835988,35.9999999999997));
#11090=CARTESIAN_POINT('Origin',(-72.0034165790728,-75.4390796835988,35.9999999999997));
#11091=CARTESIAN_POINT('',(-73.0034165790728,-106.473696111229,35.9999999999997));
#11092=CARTESIAN_POINT('Origin',(-70.0034165790728,-75.4390796835988,35.9999999999997));
#11093=CARTESIAN_POINT('',(-70.0034165790728,-72.4390796835988,35.9999999999997));
#11094=CARTESIAN_POINT('Origin',(-70.0034165790728,-73.4390796835988,35.9999999999997));
#11095=CARTESIAN_POINT('Origin',(-70.0034165790728,-75.4390796835988,35.9999999999997));
#11096=CARTESIAN_POINT('Origin',(-8.63124983438006,-73.4390796835988,35.9999999999997));
#11097=CARTESIAN_POINT('',(-22.7320218591132,-72.4390796835988,35.9999999999997));
#11098=CARTESIAN_POINT('Origin',(-22.7320218591132,-73.4390796835988,35.9999999999997));
#11099=CARTESIAN_POINT('',(-8.63124983438006,-72.4390796835988,35.9999999999997));
#11100=CARTESIAN_POINT('Origin',(-22.7320218591132,-69.4390796835988,35.9999999999997));
#11101=CARTESIAN_POINT('',(-19.7455534094481,-69.7236955636114,35.9999999999997));
#11102=CARTESIAN_POINT('Origin',(-18.7500639262264,-69.8185675236156,35.9999999999997));
#11103=CARTESIAN_POINT('Origin',(-22.7320218591132,-69.4390796835988,35.9999999999997));
#11104=CARTESIAN_POINT('Origin',(-16.7590849597831,-70.008311443624,35.9999999999997));
#11105=CARTESIAN_POINT('',(-16.7590849597831,-67.008311443624,35.9999999999997));
#11106=CARTESIAN_POINT('Origin',(-16.7590849597831,-68.008311443624,35.9999999999997));
#11107=CARTESIAN_POINT('Origin',(-16.7590849597831,-70.008311443624,35.9999999999997));
#11108=CARTESIAN_POINT('Origin',(40.2465862260708,-68.008311443624,35.9999999999997));
#11109=CARTESIAN_POINT('',(40.2465862260708,-67.008311443624,35.9999999999997));
#11110=CARTESIAN_POINT('Origin',(-21.747273966303,-133.092157027275,33.9999999999997));
#11111=CARTESIAN_POINT('',(-24.747273966303,-133.092157027275,33.9999999999997));
#11112=CARTESIAN_POINT('',(-24.747273966303,-133.092157027275,33.9999999999997));
#11113=CARTESIAN_POINT('',(-21.747273966303,-136.092157027275,33.9999999999997));
#11114=CARTESIAN_POINT('Origin',(-21.747273966303,-133.092157027275,33.9999999999997));
#11115=CARTESIAN_POINT('',(-21.747273966303,-136.092157027275,33.9999999999997));
#11116=CARTESIAN_POINT('Origin',(-24.747273966303,-130.008310445246,33.9999999999997));
#11117=CARTESIAN_POINT('',(-24.747273966303,-133.008310445246,33.9999999999997));
#11118=CARTESIAN_POINT('',(-24.747273966303,-133.008310445246,33.9999999999997));
#11119=CARTESIAN_POINT('',(-24.747273966303,-136.092157027275,33.9999999999997));
#11120=CARTESIAN_POINT('Origin',(-27.747273966303,-133.008310445246,33.9999999999997));
#11121=CARTESIAN_POINT('',(-27.747273966303,-130.008310445246,33.9999999999997));
#11122=CARTESIAN_POINT('',(-27.747273966303,-130.008310445246,33.9999999999997));
#11123=CARTESIAN_POINT('Origin',(-27.747273966303,-133.008310445246,33.9999999999997));
#11124=CARTESIAN_POINT('Origin',(-73.0034165790728,-130.008310445246,33.9999999999997));
#11125=CARTESIAN_POINT('',(-70.0034165790728,-130.008310445246,33.9999999999997));
#11126=CARTESIAN_POINT('',(-70.0034165790728,-130.008310445246,33.9999999999997));
#11127=CARTESIAN_POINT('',(-24.747273966303,-130.008310445246,33.9999999999997));
#11128=CARTESIAN_POINT('Origin',(-70.0034165790728,-127.008310445246,33.9999999999997));
#11129=CARTESIAN_POINT('',(-73.0034165790728,-127.008310445246,33.9999999999997));
#11130=CARTESIAN_POINT('',(-73.0034165790728,-127.008310445246,33.9999999999997));
#11131=CARTESIAN_POINT('Origin',(-70.0034165790728,-127.008310445246,33.9999999999997));
#11132=CARTESIAN_POINT('Origin',(-73.0034165790728,-72.4390796835988,33.9999999999997));
#11133=CARTESIAN_POINT('',(-73.0034165790728,-75.4390796835989,33.9999999999997));
#11134=CARTESIAN_POINT('',(-73.0034165790728,-75.4390796835988,33.9999999999997));
#11135=CARTESIAN_POINT('',(-73.0034165790728,-130.008310445246,33.9999999999997));
#11136=CARTESIAN_POINT('Origin',(-70.0034165790728,-75.4390796835988,33.9999999999997));
#11137=CARTESIAN_POINT('',(-70.0034165790728,-72.4390796835989,33.9999999999997));
#11138=CARTESIAN_POINT('',(-70.0034165790728,-72.4390796835988,33.9999999999997));
#11139=CARTESIAN_POINT('Origin',(-70.0034165790728,-75.4390796835989,33.9999999999997));
#11140=CARTESIAN_POINT('Origin',(-19.7590849597831,-72.4390796835988,33.9999999999997));
#11141=CARTESIAN_POINT('',(-22.7320218591132,-72.4390796835988,33.9999999999997));
#11142=CARTESIAN_POINT('',(-22.7320218591132,-72.4390796835988,33.9999999999997));
#11143=CARTESIAN_POINT('',(-22.7590849597831,-72.4390796835989,33.9999999999997));
#11144=CARTESIAN_POINT('',(-73.0034165790728,-72.4390796835988,33.9999999999997));
#11145=CARTESIAN_POINT('',(-73.0034165790728,-72.4390796835989,33.9999999999997));
#11146=CARTESIAN_POINT('Origin',(-22.7320218591132,-69.4390796835988,33.9999999999997));
#11147=CARTESIAN_POINT('',(-19.7455534094481,-69.7236955636114,33.9999999999997));
#11148=CARTESIAN_POINT('',(-19.7455534094481,-69.7236955636114,33.9999999999997));
#11149=CARTESIAN_POINT('Origin',(-22.7320218591132,-69.4390796835988,33.9999999999997));
#11150=CARTESIAN_POINT('Origin',(-16.7590849597831,-70.008311443624,33.9999999999997));
#11151=CARTESIAN_POINT('',(-16.7590849597831,-67.008311443624,33.9999999999997));
#11152=CARTESIAN_POINT('',(-16.7590849597831,-67.008311443624,33.9999999999997));
#11153=CARTESIAN_POINT('Origin',(-16.7590849597831,-70.008311443624,33.9999999999997));
#11154=CARTESIAN_POINT('Origin',(77.9965871611187,-67.008311443624,33.9999999999997));
#11155=CARTESIAN_POINT('',(74.9965871611187,-67.0083114436241,33.9999999999997));
#11156=CARTESIAN_POINT('',(74.9965871611187,-67.008311443624,33.9999999999997));
#11157=CARTESIAN_POINT('',(-19.7590849597831,-67.0083114436241,33.9999999999997));
#11158=CARTESIAN_POINT('Origin',(74.9965871611187,-70.008311443624,33.9999999999997));
#11159=CARTESIAN_POINT('',(77.9965871611187,-70.0083114436241,33.9999999999997));
#11160=CARTESIAN_POINT('',(77.9965871611187,-70.008311443624,33.9999999999997));
#11161=CARTESIAN_POINT('Origin',(74.9965871611187,-70.0083114436241,33.9999999999997));
#11162=CARTESIAN_POINT('Origin',(-12.8943999867954,-125.486714345781,36.9999999999997));
#11163=CARTESIAN_POINT('',(-12.8943999867954,-130.486714345781,33.9999999999997));
#11164=CARTESIAN_POINT('',(-12.8943999867954,-130.486714345781,36.9999999999997));
#11165=CARTESIAN_POINT('',(-17.8943999867954,-125.486714345781,33.9999999999997));
#11166=CARTESIAN_POINT('Origin',(-12.8943999867954,-125.486714345781,33.9999999999997));
#11167=CARTESIAN_POINT('',(-17.8943999867954,-125.486714345781,36.9999999999997));
#11168=CARTESIAN_POINT('Origin',(75.2520242535442,-130.486714345781,36.9999999999997));
#11169=CARTESIAN_POINT('',(70.2520242535442,-130.486714345781,33.9999999999997));
#11170=CARTESIAN_POINT('',(70.2520242535442,-130.486714345781,36.9999999999997));
#11171=CARTESIAN_POINT('',(38.8743047722836,-130.486714345781,33.9999999999997));
#11172=CARTESIAN_POINT('Origin',(-17.8943999867954,-130.486714345781,36.9999999999997));
#11173=CARTESIAN_POINT('',(-17.8943999867954,-135.49751344232,33.9999999999997));
#11174=CARTESIAN_POINT('Origin',(70.2520242535442,-125.486714345781,36.9999999999997));
#11175=CARTESIAN_POINT('Origin',(70.2520242535442,-125.486714345781,33.9999999999997));
#11176=CARTESIAN_POINT('Origin',(-20.0034142544916,-139.092157027275,33.9999999999997));
#11177=CARTESIAN_POINT('',(-20.0034142544916,-136.092157027275,33.9999999999997));
#11178=CARTESIAN_POINT('',(-20.0034142544916,-136.092157027275,33.9999999999997));
#11179=CARTESIAN_POINT('',(-17.0034142544916,-139.092157027275,33.9999999999997));
#11180=CARTESIAN_POINT('Origin',(-20.0034142544916,-139.092157027275,33.9999999999997));
#11181=CARTESIAN_POINT('',(-17.0034142544916,-139.092157027275,33.9999999999997));
#11182=CARTESIAN_POINT('Origin',(-17.0034142544916,-136.092157027275,33.9999999999997));
#11183=CARTESIAN_POINT('',(-17.0034142544916,-210.966686538817,33.9999999999997));
#11184=CARTESIAN_POINT('',(-17.0034142544916,-214.008313634095,33.9999999999997));
#11185=CARTESIAN_POINT('',(-17.0034142544916,-210.966686538817,33.9999999999997));
#11186=CARTESIAN_POINT('Origin',(-14.0034142544916,-210.966686538817,33.9999999999997));
#11187=CARTESIAN_POINT('',(-13.9620759343046,-213.966401715843,33.9999999999997));
#11188=CARTESIAN_POINT('Origin',(-14.0034142544916,-210.966686538817,33.9999999999997));
#11189=CARTESIAN_POINT('',(-13.9620759343046,-213.966401715843,33.9999999999997));
#11190=CARTESIAN_POINT('Origin',(-17.0034142544916,-214.008313634095,33.9999999999997));
#11191=CARTESIAN_POINT('',(66.0379253471952,-212.863941824564,33.9999999999997));
#11192=CARTESIAN_POINT('',(68.9965870270082,-212.823169252294,33.9999999999997));
#11193=CARTESIAN_POINT('',(66.0379253471952,-212.863941824564,33.9999999999997));
#11194=CARTESIAN_POINT('Origin',(65.9965870270082,-209.864226647537,33.9999999999997));
#11195=CARTESIAN_POINT('',(68.9965870270082,-209.864226647537,33.9999999999997));
#11196=CARTESIAN_POINT('Origin',(65.9965870270082,-209.864226647537,33.9999999999997));
#11197=CARTESIAN_POINT('',(68.9965870270082,-209.864226647537,33.9999999999997));
#11198=CARTESIAN_POINT('Origin',(77.9965871611187,-132.008312412199,33.9999999999997));
#11199=CARTESIAN_POINT('',(77.9965871611187,-129.0083124122,33.9999999999997));
#11200=CARTESIAN_POINT('',(77.9965871611187,-129.008312412199,33.9999999999997));
#11201=CARTESIAN_POINT('',(77.9965871611187,-67.0083114436241,33.9999999999997));
#11202=CARTESIAN_POINT('Origin',(74.9965871611187,-129.008312412199,33.9999999999997));
#11203=CARTESIAN_POINT('',(74.9965871611187,-132.0083124122,33.9999999999997));
#11204=CARTESIAN_POINT('',(74.9965871611187,-132.008312412199,33.9999999999997));
#11205=CARTESIAN_POINT('Origin',(74.9965871611187,-129.0083124122,33.9999999999997));
#11206=CARTESIAN_POINT('Origin',(71.9965870270082,-135.008312412199,33.9999999999997));
#11207=CARTESIAN_POINT('',(68.9965870270082,-135.0083124122,33.9999999999997));
#11208=CARTESIAN_POINT('',(68.9965870270082,-135.008312412199,33.9999999999997));
#11209=CARTESIAN_POINT('',(71.9965870270082,-132.0083124122,33.9999999999997));
#11210=CARTESIAN_POINT('Origin',(71.9965870270082,-135.0083124122,33.9999999999997));
#11211=CARTESIAN_POINT('',(71.9965870270082,-132.008312412199,33.9999999999997));
#11212=CARTESIAN_POINT('Origin',(68.9965870270082,-132.008312412199,33.9999999999997));
#11213=CARTESIAN_POINT('',(77.9965871611187,-132.0083124122,33.9999999999997));
#11214=CARTESIAN_POINT('Origin',(68.9965870270082,-212.823169252294,33.9999999999997));
#11215=CARTESIAN_POINT('',(68.9965870270082,-132.0083124122,33.9999999999997));
#11216=CARTESIAN_POINT('Origin',(-24.747273966303,-136.092157027275,33.9999999999997));
#11217=CARTESIAN_POINT('',(-17.0034142544916,-136.092157027275,33.9999999999997));
#11218=CARTESIAN_POINT('Origin',(2.49658529102295,-140.508312538859,33.9999999999997));
#11219=CARTESIAN_POINT('Origin',(-76.2364667455834,-69.6503591657737,29.9999999999997));
#11220=CARTESIAN_POINT('',(-76.2364667455834,-72.6503591657737,32.9999999999997));
#11221=CARTESIAN_POINT('',(-76.2364667455834,-129.926741969388,32.9999999999997));
#11222=CARTESIAN_POINT('',(-76.2364667455834,-104.822239290209,32.9999999999997));
#11223=CARTESIAN_POINT('',(-76.2364667455834,-72.6503591657737,29.9999999999997));
#11224=CARTESIAN_POINT('',(-76.2364667455834,-72.6503591657737,29.9999999999997));
#11225=CARTESIAN_POINT('',(-76.2364667455834,-129.926741969388,29.9999999999997));
#11226=CARTESIAN_POINT('',(-76.2364667455834,-69.6503591657737,29.9999999999997));
#11227=CARTESIAN_POINT('',(-76.2364667455834,-129.926741969388,29.9999999999997));
#11228=CARTESIAN_POINT('Origin',(-27.8540103445966,-138.934328465629,29.9999999999997));
#11229=CARTESIAN_POINT('',(-24.8540103445966,-138.934328465629,32.9999999999997));
#11230=CARTESIAN_POINT('',(-23.7414709276148,-138.934328465629,32.9999999999997));
#11231=CARTESIAN_POINT('',(-12.672453852466,-138.934328465629,32.9999999999997));
#11232=CARTESIAN_POINT('',(-24.8540103445966,-138.934328465629,29.9999999999997));
#11233=CARTESIAN_POINT('',(-24.8540103445966,-138.934328465629,29.9999999999997));
#11234=CARTESIAN_POINT('',(-23.7414709276148,-138.934328465629,29.9999999999997));
#11235=CARTESIAN_POINT('',(-27.8540103445966,-138.934328465629,29.9999999999997));
#11236=CARTESIAN_POINT('',(-23.7414709276148,-138.934328465629,29.9999999999997));
#11237=CARTESIAN_POINT('Origin',(68.9965870270082,-132.0083124122,29.9999999999997));
#11238=CARTESIAN_POINT('',(68.9965870270082,-209.864226647537,33.9999999999997));
#11239=CARTESIAN_POINT('',(68.9965870270082,-209.864226647537,29.9999999999997));
#11240=CARTESIAN_POINT('',(68.9965870270082,-209.864226647537,29.9999999999997));
#11241=CARTESIAN_POINT('',(68.9965870270082,-135.0083124122,33.9999999999997));
#11242=CARTESIAN_POINT('',(68.9965870270082,-132.0083124122,33.9999999999997));
#11243=CARTESIAN_POINT('',(68.9965870270082,-135.0083124122,29.9999999999997));
#11244=CARTESIAN_POINT('',(68.9965870270082,-135.0083124122,29.9999999999997));
#11245=CARTESIAN_POINT('',(68.9965870270082,-132.0083124122,29.9999999999997));
#11246=CARTESIAN_POINT('Origin',(77.9965871611187,-67.0083114436241,29.9999999999997));
#11247=CARTESIAN_POINT('',(77.9965871611187,-129.0083124122,33.9999999999997));
#11248=CARTESIAN_POINT('',(77.9965871611187,-129.0083124122,29.9999999999997));
#11249=CARTESIAN_POINT('',(77.9965871611187,-129.0083124122,29.9999999999997));
#11250=CARTESIAN_POINT('',(77.9965871611187,-70.0083114436241,33.9999999999997));
#11251=CARTESIAN_POINT('',(77.9965871611187,-67.0083114436241,33.9999999999997));
#11252=CARTESIAN_POINT('',(77.9965871611187,-70.0083114436241,29.9999999999997));
#11253=CARTESIAN_POINT('',(77.9965871611187,-70.0083114436241,29.9999999999997));
#11254=CARTESIAN_POINT('',(77.9965871611187,-67.0083114436241,29.9999999999997));
#11255=CARTESIAN_POINT('Origin',(74.9965871611187,-70.0083114436241,29.9999999999997));
#11256=CARTESIAN_POINT('',(74.9965871611187,-67.0083114436241,29.9999999999997));
#11257=CARTESIAN_POINT('Origin',(74.9965871611187,-70.0083114436241,29.9999999999997));
#11258=CARTESIAN_POINT('',(74.9965871611187,-67.0083114436241,33.9999999999997));
#11259=CARTESIAN_POINT('Origin',(74.9965871611187,-70.0083114436241,33.9999999999997));
#11260=CARTESIAN_POINT('',(74.9965871611187,-67.0083114436241,29.9999999999997));
#11261=CARTESIAN_POINT('Origin',(-22.7590849597831,-69.4390796835989,29.9999999999997));
#11262=CARTESIAN_POINT('',(-19.772616510118,-69.7236955636115,33.9999999999997));
#11263=CARTESIAN_POINT('',(-19.772616510118,-69.7236955636115,29.9999999999997));
#11264=CARTESIAN_POINT('',(-19.772616510118,-69.7236955636115,29.9999999999997));
#11265=CARTESIAN_POINT('',(-22.7590849597831,-72.4390796835989,33.9999999999997));
#11266=CARTESIAN_POINT('Origin',(-22.7590849597831,-69.4390796835989,33.9999999999997));
#11267=CARTESIAN_POINT('',(-22.7590849597831,-72.4390796835989,29.9999999999997));
#11268=CARTESIAN_POINT('',(-22.7590849597831,-72.4390796835989,29.9999999999997));
#11269=CARTESIAN_POINT('Origin',(-22.7590849597831,-69.4390796835989,29.9999999999997));
#11270=CARTESIAN_POINT('Origin',(-19.7590849597831,-67.0083114436241,29.9999999999997));
#11271=CARTESIAN_POINT('',(-16.786148060453,-67.0083114436241,29.9999999999997));
#11272=CARTESIAN_POINT('',(-16.786148060453,-67.0083114436241,33.9999999999997));
#11273=CARTESIAN_POINT('',(-16.786148060453,-67.0083114436241,29.9999999999997));
#11274=CARTESIAN_POINT('',(-19.7590849597831,-67.0083114436241,29.9999999999997));
#11275=CARTESIAN_POINT('',(-16.7590849597831,-67.008311443624,33.9999999999997));
#11276=CARTESIAN_POINT('',(-19.7590849597831,-67.0083114436241,33.9999999999997));
#11277=CARTESIAN_POINT('',(-19.7590849597831,-67.0083114436241,33.9999999999997));
#11278=CARTESIAN_POINT('Origin',(-16.786148060453,-70.0083114436241,29.9999999999997));
#11279=CARTESIAN_POINT('Origin',(-16.786148060453,-70.0083114436241,33.9999999999997));
#11280=CARTESIAN_POINT('Origin',(-16.786148060453,-70.0083114436241,29.9999999999997));
#11281=CARTESIAN_POINT('Origin',(74.9965871611187,-129.0083124122,29.9999999999997));
#11282=CARTESIAN_POINT('',(74.9965871611187,-132.0083124122,29.9999999999997));
#11283=CARTESIAN_POINT('Origin',(74.9965871611187,-129.0083124122,29.9999999999997));
#11284=CARTESIAN_POINT('',(74.9965871611187,-132.0083124122,33.9999999999997));
#11285=CARTESIAN_POINT('',(74.9965871611187,-132.0083124122,29.9999999999997));
#11286=CARTESIAN_POINT('Origin',(74.9965871611187,-129.0083124122,33.9999999999997));
#11287=CARTESIAN_POINT('Origin',(77.9965871611187,-132.0083124122,29.9999999999997));
#11288=CARTESIAN_POINT('',(71.9965870270082,-132.0083124122,33.9999999999997));
#11289=CARTESIAN_POINT('',(71.9965870270082,-132.0083124122,29.9999999999997));
#11290=CARTESIAN_POINT('',(71.9965870270082,-132.0083124122,29.9999999999997));
#11291=CARTESIAN_POINT('',(77.9965871611187,-132.0083124122,33.9999999999997));
#11292=CARTESIAN_POINT('',(77.9965871611187,-132.0083124122,29.9999999999997));
#11293=CARTESIAN_POINT('Origin',(71.9965870270082,-135.0083124122,29.9999999999997));
#11294=CARTESIAN_POINT('Origin',(71.9965870270082,-135.0083124122,33.9999999999997));
#11295=CARTESIAN_POINT('Origin',(71.9965870270082,-135.0083124122,29.9999999999997));
#11296=CARTESIAN_POINT('Origin',(-24.747273966303,-130.008310445246,29.9999999999997));
#11297=CARTESIAN_POINT('',(-70.0034165790728,-130.008310445246,33.9999999999997));
#11298=CARTESIAN_POINT('',(-70.0034165790728,-130.008310445246,29.9999999999997));
#11299=CARTESIAN_POINT('',(-70.0034165790728,-130.008310445246,29.9999999999997));
#11300=CARTESIAN_POINT('',(-27.747273966303,-130.008310445246,33.9999999999997));
#11301=CARTESIAN_POINT('',(-24.747273966303,-130.008310445246,33.9999999999997));
#11302=CARTESIAN_POINT('',(-27.747273966303,-130.008310445246,29.9999999999997));
#11303=CARTESIAN_POINT('',(-27.747273966303,-130.008310445246,29.9999999999997));
#11304=CARTESIAN_POINT('',(-24.747273966303,-130.008310445246,29.9999999999997));
#11305=CARTESIAN_POINT('Origin',(-27.747273966303,-133.008310445246,29.9999999999997));
#11306=CARTESIAN_POINT('',(-24.747273966303,-133.008310445246,33.9999999999997));
#11307=CARTESIAN_POINT('Origin',(-27.747273966303,-133.008310445246,33.9999999999997));
#11308=CARTESIAN_POINT('',(-24.747273966303,-133.008310445246,29.9999999999997));
#11309=CARTESIAN_POINT('',(-24.747273966303,-133.008310445246,29.9999999999997));
#11310=CARTESIAN_POINT('Origin',(-27.747273966303,-133.008310445246,29.9999999999997));
#11311=CARTESIAN_POINT('Origin',(-17.0034142544916,-136.092157027275,29.9999999999997));
#11312=CARTESIAN_POINT('',(-21.747273966303,-136.092157027275,33.9999999999997));
#11313=CARTESIAN_POINT('',(-21.747273966303,-136.092157027275,29.9999999999997));
#11314=CARTESIAN_POINT('',(-21.747273966303,-136.092157027275,29.9999999999997));
#11315=CARTESIAN_POINT('',(-20.0034142544916,-136.092157027275,33.9999999999997));
#11316=CARTESIAN_POINT('',(-17.0034142544916,-136.092157027275,33.9999999999997));
#11317=CARTESIAN_POINT('',(-20.0034142544916,-136.092157027275,29.9999999999997));
#11318=CARTESIAN_POINT('',(-20.0034142544916,-136.092157027275,29.9999999999997));
#11319=CARTESIAN_POINT('',(-17.0034142544916,-136.092157027275,29.9999999999997));
#11320=CARTESIAN_POINT('Origin',(-20.0034142544916,-139.092157027275,29.9999999999997));
#11321=CARTESIAN_POINT('',(-17.0034142544916,-139.092157027275,33.9999999999997));
#11322=CARTESIAN_POINT('Origin',(-20.0034142544916,-139.092157027275,33.9999999999997));
#11323=CARTESIAN_POINT('',(-17.0034142544916,-139.092157027275,29.9999999999997));
#11324=CARTESIAN_POINT('',(-17.0034142544916,-139.092157027275,29.9999999999997));
#11325=CARTESIAN_POINT('Origin',(-20.0034142544916,-139.092157027275,29.9999999999997));
#11326=CARTESIAN_POINT('Origin',(-73.0034165790728,-130.008310445246,29.9999999999997));
#11327=CARTESIAN_POINT('',(-73.0034165790728,-75.4390796835989,33.9999999999997));
#11328=CARTESIAN_POINT('',(-73.0034165790728,-75.4390796835989,29.9999999999997));
#11329=CARTESIAN_POINT('',(-73.0034165790728,-75.4390796835989,29.9999999999997));
#11330=CARTESIAN_POINT('',(-73.0034165790728,-127.008310445246,33.9999999999997));
#11331=CARTESIAN_POINT('',(-73.0034165790728,-130.008310445246,33.9999999999997));
#11332=CARTESIAN_POINT('',(-73.0034165790728,-127.008310445246,29.9999999999997));
#11333=CARTESIAN_POINT('',(-73.0034165790728,-127.008310445246,29.9999999999997));
#11334=CARTESIAN_POINT('',(-73.0034165790728,-130.008310445246,29.9999999999997));
#11335=CARTESIAN_POINT('Origin',(-70.0034165790728,-127.008310445246,29.9999999999997));
#11336=CARTESIAN_POINT('Origin',(-70.0034165790728,-127.008310445246,29.9999999999997));
#11337=CARTESIAN_POINT('Origin',(-70.0034165790728,-127.008310445246,33.9999999999997));
#11338=CARTESIAN_POINT('Origin',(-73.0034165790728,-72.4390796835989,29.9999999999997));
#11339=CARTESIAN_POINT('',(-70.0034165790728,-72.4390796835989,29.9999999999997));
#11340=CARTESIAN_POINT('',(-70.0034165790728,-72.4390796835989,33.9999999999997));
#11341=CARTESIAN_POINT('',(-70.0034165790728,-72.4390796835989,29.9999999999997));
#11342=CARTESIAN_POINT('',(-73.0034165790728,-72.4390796835989,29.9999999999997));
#11343=CARTESIAN_POINT('',(-73.0034165790728,-72.4390796835989,33.9999999999997));
#11344=CARTESIAN_POINT('Origin',(-70.0034165790728,-75.4390796835989,29.9999999999997));
#11345=CARTESIAN_POINT('Origin',(-70.0034165790728,-75.4390796835989,29.9999999999997));
#11346=CARTESIAN_POINT('Origin',(-70.0034165790728,-75.4390796835989,33.9999999999997));
#11347=CARTESIAN_POINT('Origin',(-17.0034142544916,-214.008313634095,29.9999999999997));
#11348=CARTESIAN_POINT('',(-17.0034142544916,-210.966686538817,29.9999999999997));
#11349=CARTESIAN_POINT('',(-17.0034142544916,-210.966686538817,33.9999999999997));
#11350=CARTESIAN_POINT('',(-17.0034142544916,-210.966686538817,29.9999999999997));
#11351=CARTESIAN_POINT('',(-17.0034142544916,-214.008313634095,29.9999999999997));
#11352=CARTESIAN_POINT('',(-17.0034142544916,-214.008313634095,33.9999999999997));
#11353=CARTESIAN_POINT('Origin',(-14.0034142544916,-210.966686538817,29.9999999999997));
#11354=CARTESIAN_POINT('',(-13.9620759343046,-213.966401715843,29.9999999999997));
#11355=CARTESIAN_POINT('Origin',(-14.0034142544916,-210.966686538817,29.9999999999997));
#11356=CARTESIAN_POINT('',(-13.9620759343046,-213.966401715843,33.9999999999997));
#11357=CARTESIAN_POINT('Origin',(-14.0034142544916,-210.966686538817,33.9999999999997));
#11358=CARTESIAN_POINT('',(-13.9620759343046,-213.966401715843,29.9999999999997));
#11359=CARTESIAN_POINT('Origin',(68.9965870270082,-212.823169252294,29.9999999999997));
#11360=CARTESIAN_POINT('',(66.0379253471952,-212.863941824564,29.9999999999997));
#11361=CARTESIAN_POINT('',(66.0379253471952,-212.863941824564,33.9999999999997));
#11362=CARTESIAN_POINT('',(66.0379253471952,-212.863941824564,29.9999999999997));
#11363=CARTESIAN_POINT('',(68.9965870270082,-212.823169252294,29.9999999999997));
#11364=CARTESIAN_POINT('',(68.9965870270082,-212.823169252294,33.9999999999997));
#11365=CARTESIAN_POINT('Origin',(65.9965870270082,-209.864226647537,29.9999999999997));
#11366=CARTESIAN_POINT('Origin',(65.9965870270082,-209.864226647537,29.9999999999997));
#11367=CARTESIAN_POINT('Origin',(65.9965870270082,-209.864226647537,33.9999999999997));
#11368=CARTESIAN_POINT('Origin',(72.519122000663,-216.640772646975,29.9999999999997));
#11369=CARTESIAN_POINT('',(72.519122000663,-213.640772646975,32.9999999999997));
#11370=CARTESIAN_POINT('',(72.519122000663,-198.008313380775,32.9999999999997));
#11371=CARTESIAN_POINT('',(72.519122000663,-178.317446030809,32.9999999999997));
#11372=CARTESIAN_POINT('',(72.519122000663,-213.640772646975,29.9999999999997));
#11373=CARTESIAN_POINT('',(72.519122000663,-213.640772646975,29.9999999999997));
#11374=CARTESIAN_POINT('',(72.519122000663,-198.008313380775,29.9999999999997));
#11375=CARTESIAN_POINT('',(72.519122000663,-216.640772646975,29.9999999999997));
#11376=CARTESIAN_POINT('',(72.519122000663,-198.008313380775,29.9999999999997));
#11377=CARTESIAN_POINT('Origin',(69.519122000663,-213.640772646975,29.9999999999997));
#11378=CARTESIAN_POINT('',(69.519122000663,-216.640772646975,32.9999999999997));
#11379=CARTESIAN_POINT('Origin',(69.519122000663,-213.640772646975,32.9999999999997));
#11380=CARTESIAN_POINT('',(69.519122000663,-216.640772646975,29.9999999999997));
#11381=CARTESIAN_POINT('',(69.519122000663,-216.640772646975,29.9999999999997));
#11382=CARTESIAN_POINT('Origin',(69.519122000663,-213.640772646975,29.9999999999997));
#11383=CARTESIAN_POINT('Origin',(73.5191220006631,-198.008313380775,29.9999999999997));
#11384=CARTESIAN_POINT('',(73.0294743095107,-197.136393006802,32.9999999999997));
#11385=CARTESIAN_POINT('Origin',(73.5191220006631,-198.008313380775,32.9999999999997));
#11386=CARTESIAN_POINT('',(73.0294743095107,-197.136393006802,29.9999999999997));
#11387=CARTESIAN_POINT('Origin',(73.5191220006631,-198.008313380775,29.9999999999997));
#11388=CARTESIAN_POINT('',(73.0294743095107,-197.136393006802,29.9999999999997));
#11389=CARTESIAN_POINT('Origin',(72.5398266183583,-196.264472632829,29.9999999999997));
#11390=CARTESIAN_POINT('',(73.5398266183583,-196.264472632829,32.9999999999997));
#11391=CARTESIAN_POINT('Origin',(72.5398266183583,-196.264472632829,32.9999999999997));
#11392=CARTESIAN_POINT('',(73.5398266183583,-196.264472632829,29.9999999999997));
#11393=CARTESIAN_POINT('Origin',(72.5398266183583,-196.264472632829,29.9999999999997));
#11394=CARTESIAN_POINT('',(73.5398266183583,-196.264472632829,29.9999999999997));
#11395=CARTESIAN_POINT('Origin',(-20.7414709276148,-216.640772646975,29.9999999999997));
#11396=CARTESIAN_POINT('',(-17.7414709276148,-216.640772646975,32.9999999999997));
#11397=CARTESIAN_POINT('',(-9.11618414397509,-216.640772646975,32.9999999999997));
#11398=CARTESIAN_POINT('',(-17.7414709276148,-216.640772646975,29.9999999999997));
#11399=CARTESIAN_POINT('',(-17.7414709276148,-216.640772646975,29.9999999999997));
#11400=CARTESIAN_POINT('',(-20.7414709276148,-216.640772646975,29.9999999999997));
#11401=CARTESIAN_POINT('Origin',(-17.7414709276148,-213.640772646975,29.9999999999997));
#11402=CARTESIAN_POINT('',(-20.7414709276148,-213.640772646975,32.9999999999997));
#11403=CARTESIAN_POINT('Origin',(-17.7414709276148,-213.640772646975,32.9999999999997));
#11404=CARTESIAN_POINT('',(-20.7414709276148,-213.640772646975,29.9999999999997));
#11405=CARTESIAN_POINT('',(-20.7414709276148,-213.640772646975,29.9999999999997));
#11406=CARTESIAN_POINT('Origin',(-17.7414709276148,-213.640772646975,29.9999999999997));
#11407=CARTESIAN_POINT('Origin',(-24.8540103445966,-135.934328465629,29.9999999999997));
#11408=CARTESIAN_POINT('',(-27.8540103445966,-135.934328465629,32.9999999999997));
#11409=CARTESIAN_POINT('Origin',(-24.8540103445966,-135.934328465629,32.9999999999997));
#11410=CARTESIAN_POINT('',(-27.8540103445966,-135.934328465629,29.9999999999997));
#11411=CARTESIAN_POINT('',(-27.8540103445966,-135.934328465629,29.9999999999997));
#11412=CARTESIAN_POINT('Origin',(-24.8540103445966,-135.934328465629,29.9999999999997));
#11413=CARTESIAN_POINT('Origin',(-27.8540103445966,-132.926741969388,29.9999999999997));
#11414=CARTESIAN_POINT('',(-27.8540103445966,-135.926741969388,32.9999999999997));
#11415=CARTESIAN_POINT('',(-27.8540103445966,-136.460430692016,32.9999999999997));
#11416=CARTESIAN_POINT('',(-27.8540103445966,-135.926741969388,29.9999999999997));
#11417=CARTESIAN_POINT('',(-27.8540103445966,-135.926741969388,29.9999999999997));
#11418=CARTESIAN_POINT('',(-27.8540103445966,-132.926741969388,29.9999999999997));
#11419=CARTESIAN_POINT('Origin',(-30.8540103445966,-135.926741969388,29.9999999999997));
#11420=CARTESIAN_POINT('',(-30.8540103445966,-132.926741969388,32.9999999999997));
#11421=CARTESIAN_POINT('Origin',(-30.8540103445966,-135.926741969388,32.9999999999997));
#11422=CARTESIAN_POINT('',(-30.8540103445966,-132.926741969388,29.9999999999997));
#11423=CARTESIAN_POINT('',(-30.8540103445966,-132.926741969388,29.9999999999997));
#11424=CARTESIAN_POINT('Origin',(-30.8540103445966,-135.926741969388,29.9999999999997));
#11425=CARTESIAN_POINT('Origin',(-20.7414709276148,-138.934328465629,29.9999999999997));
#11426=CARTESIAN_POINT('',(-20.7414709276148,-141.934328465629,32.9999999999997));
#11427=CARTESIAN_POINT('',(-20.7414709276148,-139.464223940137,32.9999999999997));
#11428=CARTESIAN_POINT('',(-20.7414709276148,-141.934328465629,29.9999999999997));
#11429=CARTESIAN_POINT('',(-20.7414709276148,-141.934328465629,29.9999999999997));
#11430=CARTESIAN_POINT('',(-20.7414709276148,-138.934328465629,29.9999999999997));
#11431=CARTESIAN_POINT('Origin',(-23.7414709276148,-141.934328465629,29.9999999999997));
#11432=CARTESIAN_POINT('Origin',(-23.7414709276148,-141.934328465629,32.9999999999997));
#11433=CARTESIAN_POINT('Origin',(-23.7414709276148,-141.934328465629,29.9999999999997));
#11434=CARTESIAN_POINT('Origin',(-24.747273966303,-136.092157027275,29.9999999999997));
#11435=CARTESIAN_POINT('',(-24.747273966303,-133.092157027275,29.9999999999997));
#11436=CARTESIAN_POINT('',(-24.747273966303,-133.092157027275,33.9999999999997));
#11437=CARTESIAN_POINT('',(-24.747273966303,-133.092157027275,29.9999999999997));
#11438=CARTESIAN_POINT('',(-24.747273966303,-136.092157027275,29.9999999999997));
#11439=CARTESIAN_POINT('',(-24.747273966303,-136.092157027275,33.9999999999997));
#11440=CARTESIAN_POINT('Origin',(-21.747273966303,-133.092157027275,29.9999999999997));
#11441=CARTESIAN_POINT('Origin',(-21.747273966303,-133.092157027275,29.9999999999997));
#11442=CARTESIAN_POINT('Origin',(-21.747273966303,-133.092157027275,33.9999999999997));
#11443=CARTESIAN_POINT('Origin',(-76.2364667455834,-132.926741969388,29.9999999999997));
#11444=CARTESIAN_POINT('',(-73.2364667455834,-132.926741969388,32.9999999999997));
#11445=CARTESIAN_POINT('',(-36.8636820529594,-132.926741969388,32.9999999999997));
#11446=CARTESIAN_POINT('',(-73.2364667455834,-132.926741969388,29.9999999999997));
#11447=CARTESIAN_POINT('',(-73.2364667455834,-132.926741969388,29.9999999999997));
#11448=CARTESIAN_POINT('',(-76.2364667455834,-132.926741969388,29.9999999999997));
#11449=CARTESIAN_POINT('Origin',(-73.2364667455834,-129.926741969388,29.9999999999997));
#11450=CARTESIAN_POINT('Origin',(-73.2364667455834,-129.926741969388,32.9999999999997));
#11451=CARTESIAN_POINT('Origin',(-73.2364667455834,-129.926741969388,29.9999999999997));
#11452=CARTESIAN_POINT('Origin',(2.50910263966457,-139.994119414644,29.9999999999997));
#11453=CARTESIAN_POINT('',(-20.0034165790728,-63.3474661823125,29.9999999999997));
#11454=CARTESIAN_POINT('',(-23.0034165790728,-66.3474661823125,29.9999999999997));
#11455=CARTESIAN_POINT('Origin',(-20.0034165790728,-66.3474661823125,29.9999999999997));
#11456=CARTESIAN_POINT('',(78.2546720249126,-63.3474661823125,29.9999999999997));
#11457=CARTESIAN_POINT('',(81.2546720249126,-63.3474661823125,29.9999999999997));
#11458=CARTESIAN_POINT('',(81.2546720249126,-66.3474661823125,29.9999999999997));
#11459=CARTESIAN_POINT('Origin',(78.2546720249126,-66.3474661823125,29.9999999999997));
#11460=CARTESIAN_POINT('',(81.2546720249126,-131.762388441984,29.9999999999997));
#11461=CARTESIAN_POINT('',(81.2546720249126,-134.762388441984,29.9999999999997));
#11462=CARTESIAN_POINT('',(78.2546720249126,-134.762388441984,29.9999999999997));
#11463=CARTESIAN_POINT('Origin',(78.2546720249126,-131.762388441984,29.9999999999997));
#11464=CARTESIAN_POINT('',(75.6713754950483,-134.762388441984,29.9999999999997));
#11465=CARTESIAN_POINT('',(72.6713754950483,-134.762388441984,29.9999999999997));
#11466=CARTESIAN_POINT('',(72.6713754950483,-137.762388441984,29.9999999999997));
#11467=CARTESIAN_POINT('Origin',(75.6713754950483,-137.762388441984,29.9999999999997));
#11468=CARTESIAN_POINT('',(72.6713754950483,-183.01700350132,29.9999999999997));
#11469=CARTESIAN_POINT('',(72.6713754950483,-184.00831318706,29.9999999999997));
#11470=CARTESIAN_POINT('',(73.1056010567033,-183.841563556692,29.9999999999997));
#11471=CARTESIAN_POINT('Origin',(73.6713754950483,-183.01700350132,29.9999999999997));
#11472=CARTESIAN_POINT('',(73.5398266183583,-184.666123612064,29.9999999999997));
#11473=CARTESIAN_POINT('Origin',(72.5398266183583,-184.666123612064,29.9999999999997));
#11474=CARTESIAN_POINT('',(73.5398266183583,-197.008313380775,29.9999999999997));
#11475=CARTESIAN_POINT('',(-73.2364667455834,-69.6503591657737,29.9999999999997));
#11476=CARTESIAN_POINT('Origin',(-73.2364667455834,-72.6503591657737,29.9999999999997));
#11477=CARTESIAN_POINT('',(-26.0034165790728,-69.6503591657736,29.9999999999997));
#11478=CARTESIAN_POINT('',(-23.0034165790728,-69.6503591657736,29.9999999999997));
#11479=CARTESIAN_POINT('',(-23.0034165790728,-66.6503591657736,29.9999999999997));
#11480=CARTESIAN_POINT('Origin',(-26.0034165790728,-66.6503591657736,29.9999999999997));
#11481=CARTESIAN_POINT('',(-23.0034165790728,-63.3474661823125,29.9999999999997));
#11482=CARTESIAN_POINT('',(79.9534362114704,-132.46721530904,29.9999999999997));
#11483=CARTESIAN_POINT('Origin',(78.9534362114704,-132.46721530904,29.9999999999997));
#11484=CARTESIAN_POINT('',(79.7157549554817,-66.0133699231767,29.9999999999997));
#11485=CARTESIAN_POINT('Origin',(78.7157549554817,-66.0133699231767,29.9999999999997));
#11486=CARTESIAN_POINT('',(-73.1890116670605,-72.0000010728837,29.9999999999997));
#11487=CARTESIAN_POINT('Origin',(-74.0005116670605,-72.0000010728837,29.9999999999997));
#11488=CARTESIAN_POINT('',(-73.0535608154852,-130.510041705555,29.9999999999997));
#11489=CARTESIAN_POINT('Origin',(-73.8650608154852,-130.510041705555,29.9999999999997));
#11490=CARTESIAN_POINT('',(-24.6172196109131,-136.644221172559,29.9999999999997));
#11491=CARTESIAN_POINT('Origin',(-25.4287196109131,-136.644221172559,29.9999999999997));
#11492=CARTESIAN_POINT('',(-19.7103856163276,-65.6645126654369,29.9999999999997));
#11493=CARTESIAN_POINT('Origin',(-20.5218856163276,-65.6645126654369,29.9999999999997));
#11494=CARTESIAN_POINT('',(-17.4140568466701,-214.153946948207,29.9999999999997));
#11495=CARTESIAN_POINT('Origin',(-18.2255568466701,-214.153946948207,29.9999999999997));
#11496=CARTESIAN_POINT('',(70.6513135021302,-213.758728452968,29.9999999999997));
#11497=CARTESIAN_POINT('Origin',(69.8398135021302,-213.758728452968,29.9999999999997));
#11498=CARTESIAN_POINT('Origin',(-20.5218856163276,-65.6645126654369,33.9999999999997));
#11499=CARTESIAN_POINT('',(-19.7103856163276,-65.6645126654369,33.9999999999997));
#11500=CARTESIAN_POINT('Origin',(-20.5218856163276,-65.6645126654369,33.9999999999997));
#11501=CARTESIAN_POINT('',(-19.7103856163276,-65.6645126654369,33.9999999999997));
#11502=CARTESIAN_POINT('Origin',(-25.4287196109131,-136.644221172559,33.9999999999997));
#11503=CARTESIAN_POINT('',(-24.6172196109131,-136.644221172559,33.9999999999997));
#11504=CARTESIAN_POINT('Origin',(-25.4287196109131,-136.644221172559,33.9999999999997));
#11505=CARTESIAN_POINT('',(-24.6172196109131,-136.644221172559,33.9999999999997));
#11506=CARTESIAN_POINT('Origin',(-73.8650608154852,-130.510041705555,33.9999999999997));
#11507=CARTESIAN_POINT('',(-73.0535608154852,-130.510041705555,33.9999999999997));
#11508=CARTESIAN_POINT('Origin',(-73.8650608154852,-130.510041705555,33.9999999999997));
#11509=CARTESIAN_POINT('',(-73.0535608154852,-130.510041705555,33.9999999999997));
#11510=CARTESIAN_POINT('Origin',(-74.0005116670605,-72.0000010728837,33.9999999999997));
#11511=CARTESIAN_POINT('',(-73.1890116670605,-72.0000010728837,33.9999999999997));
#11512=CARTESIAN_POINT('Origin',(-74.0005116670605,-72.0000010728837,33.9999999999997));
#11513=CARTESIAN_POINT('',(-73.1890116670605,-72.0000010728837,33.9999999999997));
#11514=CARTESIAN_POINT('Origin',(78.7157549554817,-66.0133699231767,33.9999999999997));
#11515=CARTESIAN_POINT('',(79.7157549554817,-66.0133699231767,33.9999999999997));
#11516=CARTESIAN_POINT('Origin',(78.7157549554817,-66.0133699231767,33.9999999999997));
#11517=CARTESIAN_POINT('',(79.7157549554817,-66.0133699231767,33.9999999999997));
#11518=CARTESIAN_POINT('Origin',(78.9534362114704,-132.46721530904,33.9999999999997));
#11519=CARTESIAN_POINT('',(79.9534362114704,-132.46721530904,33.9999999999997));
#11520=CARTESIAN_POINT('Origin',(78.9534362114704,-132.46721530904,33.9999999999997));
#11521=CARTESIAN_POINT('',(79.9534362114704,-132.46721530904,33.9999999999997));
#11522=CARTESIAN_POINT('Origin',(-18.2255568466701,-214.153946948207,33.9999999999997));
#11523=CARTESIAN_POINT('',(-17.4140568466701,-214.153946948207,33.9999999999997));
#11524=CARTESIAN_POINT('Origin',(-18.2255568466701,-214.153946948207,33.9999999999997));
#11525=CARTESIAN_POINT('',(-17.4140568466701,-214.153946948207,33.9999999999997));
#11526=CARTESIAN_POINT('Origin',(69.8398135021302,-213.758728452968,33.9999999999997));
#11527=CARTESIAN_POINT('',(70.6513135021302,-213.758728452968,33.9999999999997));
#11528=CARTESIAN_POINT('Origin',(69.8398135021302,-213.758728452968,33.9999999999997));
#11529=CARTESIAN_POINT('',(70.6513135021302,-213.758728452968,33.9999999999997));
#11530=CARTESIAN_POINT('Origin',(2.50910263966457,-139.994119414644,33.9999999999997));
#11531=CARTESIAN_POINT('',(72.5398266183583,-196.264472632829,33.9999999999997));
#11532=CARTESIAN_POINT('',(71.5191220006631,-198.008313380775,33.9999999999997));
#11533=CARTESIAN_POINT('Origin',(73.5191220006631,-198.008313380775,33.9999999999997));
#11534=CARTESIAN_POINT('',(72.5398266183583,-184.666123612064,33.9999999999997));
#11535=CARTESIAN_POINT('',(72.5398266183583,-168.501216397709,33.9999999999997));
#11536=CARTESIAN_POINT('',(71.6713754950483,-183.01700350132,33.9999999999997));
#11537=CARTESIAN_POINT('Origin',(73.6713754950483,-183.01700350132,33.9999999999997));
#11538=CARTESIAN_POINT('',(71.6713754950483,-137.762388441984,33.9999999999997));
#11539=CARTESIAN_POINT('',(71.6713754950483,-162.001216300852,33.9999999999997));
#11540=CARTESIAN_POINT('',(75.6713754950483,-133.762388441984,33.9999999999997));
#11541=CARTESIAN_POINT('Origin',(75.6713754950483,-137.762388441984,33.9999999999997));
#11542=CARTESIAN_POINT('',(78.2546720249126,-133.762388441984,33.9999999999997));
#11543=CARTESIAN_POINT('',(37.5902390673564,-133.762388441984,33.9999999999997));
#11544=CARTESIAN_POINT('',(80.2546720249126,-131.762388441984,33.9999999999997));
#11545=CARTESIAN_POINT('Origin',(78.2546720249126,-131.762388441984,33.9999999999997));
#11546=CARTESIAN_POINT('',(80.2546720249126,-66.3474661823125,33.9999999999997));
#11547=CARTESIAN_POINT('',(80.2546720249126,-137.378253928314,33.9999999999997));
#11548=CARTESIAN_POINT('',(78.2546720249126,-64.3474661823125,33.9999999999997));
#11549=CARTESIAN_POINT('Origin',(78.2546720249126,-66.3474661823125,33.9999999999997));
#11550=CARTESIAN_POINT('',(-20.0034165790728,-64.3474661823125,33.9999999999997));
#11551=CARTESIAN_POINT('',(41.8818873322886,-64.3474661823125,33.9999999999997));
#11552=CARTESIAN_POINT('',(-22.0034165790728,-66.3474661823125,33.9999999999997));
#11553=CARTESIAN_POINT('Origin',(-20.0034165790728,-66.3474661823125,33.9999999999997));
#11554=CARTESIAN_POINT('',(-22.0034165790728,-66.6503591657736,33.9999999999997));
#11555=CARTESIAN_POINT('',(-22.0034165790728,-101.670792798478,33.9999999999997));
#11556=CARTESIAN_POINT('',(-26.0034165790728,-70.6503591657736,33.9999999999997));
#11557=CARTESIAN_POINT('Origin',(-26.0034165790728,-66.6503591657736,33.9999999999997));
#11558=CARTESIAN_POINT('',(-73.2364667455834,-70.6503591657737,33.9999999999997));
#11559=CARTESIAN_POINT('',(-10.2471569697041,-70.6503591657736,33.9999999999997));
#11560=CARTESIAN_POINT('',(-75.2364667455834,-72.6503591657737,33.9999999999997));
#11561=CARTESIAN_POINT('Origin',(-73.2364667455834,-72.6503591657737,33.9999999999997));
#11562=CARTESIAN_POINT('',(-75.2364667455834,-129.926741969388,33.9999999999997));
#11563=CARTESIAN_POINT('',(-75.2364667455834,-104.822239290209,33.9999999999997));
#11564=CARTESIAN_POINT('',(-73.2364667455834,-131.926741969388,33.9999999999997));
#11565=CARTESIAN_POINT('Origin',(-73.2364667455834,-129.926741969388,33.9999999999997));
#11566=CARTESIAN_POINT('',(-30.8540103445966,-131.926741969388,33.9999999999997));
#11567=CARTESIAN_POINT('',(-36.8636820529594,-131.926741969388,33.9999999999997));
#11568=CARTESIAN_POINT('',(-26.8540103445966,-135.926741969388,33.9999999999997));
#11569=CARTESIAN_POINT('Origin',(-30.8540103445966,-135.926741969388,33.9999999999997));
#11570=CARTESIAN_POINT('',(-26.8540103445966,-135.934328465629,33.9999999999997));
#11571=CARTESIAN_POINT('',(-26.8540103445966,-136.460430692016,33.9999999999997));
#11572=CARTESIAN_POINT('',(-24.8540103445966,-137.934328465629,33.9999999999997));
#11573=CARTESIAN_POINT('Origin',(-24.8540103445966,-135.934328465629,33.9999999999997));
#11574=CARTESIAN_POINT('',(-23.7414709276148,-137.934328465629,33.9999999999997));
#11575=CARTESIAN_POINT('',(-12.672453852466,-137.934328465629,33.9999999999997));
#11576=CARTESIAN_POINT('',(-19.7414709276148,-141.934328465629,33.9999999999997));
#11577=CARTESIAN_POINT('Origin',(-23.7414709276148,-141.934328465629,33.9999999999997));
#11578=CARTESIAN_POINT('',(-19.7414709276148,-213.640772646975,33.9999999999997));
#11579=CARTESIAN_POINT('',(-19.7414709276148,-139.464223940137,33.9999999999997));
#11580=CARTESIAN_POINT('',(-17.7414709276148,-215.640772646975,33.9999999999997));
#11581=CARTESIAN_POINT('Origin',(-17.7414709276148,-213.640772646975,33.9999999999997));
#11582=CARTESIAN_POINT('',(69.519122000663,-215.640772646975,33.9999999999997));
#11583=CARTESIAN_POINT('',(-9.11618414397509,-215.640772646975,33.9999999999997));
#11584=CARTESIAN_POINT('',(71.519122000663,-213.640772646975,33.9999999999997));
#11585=CARTESIAN_POINT('Origin',(69.519122000663,-213.640772646975,33.9999999999997));
#11586=CARTESIAN_POINT('',(71.519122000663,-178.317446030809,33.9999999999997));
#11587=CARTESIAN_POINT('Origin',(73.5398266183583,-197.008313380775,29.9999999999997));
#11588=CARTESIAN_POINT('',(73.5398266183583,-184.666123612064,32.9999999999997));
#11589=CARTESIAN_POINT('',(73.5398266183583,-168.501216397709,32.9999999999997));
#11590=CARTESIAN_POINT('',(73.5398266183583,-184.666123612064,29.9999999999997));
#11591=CARTESIAN_POINT('Origin',(72.5398266183583,-184.666123612064,29.9999999999997));
#11592=CARTESIAN_POINT('',(73.1056010567033,-183.841563556692,32.9999999999997));
#11593=CARTESIAN_POINT('Origin',(72.5398266183583,-184.666123612064,32.9999999999997));
#11594=CARTESIAN_POINT('',(73.1056010567033,-183.841563556692,29.9999999999997));
#11595=CARTESIAN_POINT('Origin',(73.6713754950483,-183.01700350132,29.9999999999997));
#11596=CARTESIAN_POINT('',(72.6713754950483,-183.01700350132,32.9999999999997));
#11597=CARTESIAN_POINT('Origin',(73.6713754950483,-183.01700350132,32.9999999999997));
#11598=CARTESIAN_POINT('',(72.6713754950483,-183.01700350132,29.9999999999997));
#11599=CARTESIAN_POINT('Origin',(72.6713754950483,-184.00831318706,29.9999999999997));
#11600=CARTESIAN_POINT('',(72.6713754950483,-137.762388441984,32.9999999999997));
#11601=CARTESIAN_POINT('',(72.6713754950483,-162.001216300852,32.9999999999997));
#11602=CARTESIAN_POINT('',(72.6713754950483,-137.762388441984,29.9999999999997));
#11603=CARTESIAN_POINT('Origin',(75.6713754950483,-137.762388441984,29.9999999999997));
#11604=CARTESIAN_POINT('',(75.6713754950483,-134.762388441984,32.9999999999997));
#11605=CARTESIAN_POINT('Origin',(75.6713754950483,-137.762388441984,32.9999999999997));
#11606=CARTESIAN_POINT('',(75.6713754950483,-134.762388441984,29.9999999999997));
#11607=CARTESIAN_POINT('Origin',(72.6713754950483,-134.762388441984,29.9999999999997));
#11608=CARTESIAN_POINT('',(78.2546720249126,-134.762388441984,32.9999999999997));
#11609=CARTESIAN_POINT('',(37.5902390673564,-134.762388441984,32.9999999999997));
#11610=CARTESIAN_POINT('',(78.2546720249126,-134.762388441984,29.9999999999997));
#11611=CARTESIAN_POINT('Origin',(78.2546720249126,-131.762388441984,29.9999999999997));
#11612=CARTESIAN_POINT('',(81.2546720249126,-131.762388441984,32.9999999999997));
#11613=CARTESIAN_POINT('Origin',(78.2546720249126,-131.762388441984,32.9999999999997));
#11614=CARTESIAN_POINT('',(81.2546720249126,-131.762388441984,29.9999999999997));
#11615=CARTESIAN_POINT('Origin',(81.2546720249126,-134.762388441984,29.9999999999997));
#11616=CARTESIAN_POINT('',(81.2546720249126,-66.3474661823125,32.9999999999997));
#11617=CARTESIAN_POINT('',(81.2546720249126,-137.378253928314,32.9999999999997));
#11618=CARTESIAN_POINT('',(81.2546720249126,-66.3474661823125,29.9999999999997));
#11619=CARTESIAN_POINT('Origin',(78.2546720249126,-66.3474661823125,29.9999999999997));
#11620=CARTESIAN_POINT('',(78.2546720249126,-63.3474661823125,32.9999999999997));
#11621=CARTESIAN_POINT('Origin',(78.2546720249126,-66.3474661823125,32.9999999999997));
#11622=CARTESIAN_POINT('',(78.2546720249126,-63.3474661823125,29.9999999999997));
#11623=CARTESIAN_POINT('Origin',(81.2546720249126,-63.3474661823125,29.9999999999997));
#11624=CARTESIAN_POINT('',(-20.0034165790728,-63.3474661823125,32.9999999999997));
#11625=CARTESIAN_POINT('',(41.8818873322886,-63.3474661823125,32.9999999999997));
#11626=CARTESIAN_POINT('',(-20.0034165790728,-63.3474661823125,29.9999999999997));
#11627=CARTESIAN_POINT('Origin',(-20.0034165790728,-66.3474661823125,29.9999999999997));
#11628=CARTESIAN_POINT('',(-23.0034165790728,-66.3474661823125,32.9999999999997));
#11629=CARTESIAN_POINT('Origin',(-20.0034165790728,-66.3474661823125,32.9999999999997));
#11630=CARTESIAN_POINT('',(-23.0034165790728,-66.3474661823125,29.9999999999997));
#11631=CARTESIAN_POINT('Origin',(-23.0034165790728,-63.3474661823125,29.9999999999997));
#11632=CARTESIAN_POINT('',(-23.0034165790728,-66.6503591657736,32.9999999999997));
#11633=CARTESIAN_POINT('',(-23.0034165790728,-101.670792798478,32.9999999999997));
#11634=CARTESIAN_POINT('',(-23.0034165790728,-66.6503591657736,29.9999999999997));
#11635=CARTESIAN_POINT('Origin',(-26.0034165790728,-66.6503591657736,29.9999999999997));
#11636=CARTESIAN_POINT('',(-26.0034165790728,-69.6503591657736,32.9999999999997));
#11637=CARTESIAN_POINT('Origin',(-26.0034165790728,-66.6503591657736,32.9999999999997));
#11638=CARTESIAN_POINT('',(-26.0034165790728,-69.6503591657736,29.9999999999997));
#11639=CARTESIAN_POINT('Origin',(-23.0034165790728,-69.6503591657736,29.9999999999997));
#11640=CARTESIAN_POINT('',(-73.2364667455834,-69.6503591657737,32.9999999999997));
#11641=CARTESIAN_POINT('',(-10.2471569697041,-69.6503591657736,32.9999999999997));
#11642=CARTESIAN_POINT('',(-73.2364667455834,-69.6503591657737,29.9999999999997));
#11643=CARTESIAN_POINT('Origin',(-73.2364667455834,-72.6503591657737,29.9999999999997));
#11644=CARTESIAN_POINT('Origin',(-73.2364667455834,-72.6503591657737,32.9999999999997));
#11645=CARTESIAN_POINT('Origin',(72.5398266183583,-196.264472632829,32.9999999999997));
#11646=CARTESIAN_POINT('Origin',(72.5398266183583,-196.264472632829,32.9999999999997));
#11647=CARTESIAN_POINT('Origin',(72.5398266183583,-196.264472632829,32.9999999999997));
#11648=CARTESIAN_POINT('Origin',(72.5398266183583,-184.666123612064,32.9999999999997));
#11649=CARTESIAN_POINT('Origin',(72.5398266183583,-184.666123612064,32.9999999999997));
#11650=CARTESIAN_POINT('Origin',(72.5398266183583,-184.666123612064,32.9999999999997));
#11651=CARTESIAN_POINT('Origin',(72.5398266183583,-168.501216397709,32.9999999999997));
#11652=CARTESIAN_POINT('Origin',(41.8818873322886,-64.3474661823125,32.9999999999997));
#11653=CARTESIAN_POINT('Origin',(-20.0034165790728,-64.3474661823125,32.9999999999997));
#11654=CARTESIAN_POINT('Origin',(78.2546720249126,-64.3474661823125,32.9999999999997));
#11655=CARTESIAN_POINT('Origin',(-20.0034165790728,-66.3474661823125,32.9999999999997));
#11656=CARTESIAN_POINT('Origin',(-22.0034165790728,-66.3474661823125,32.9999999999997));
#11657=CARTESIAN_POINT('Origin',(-22.0034165790728,-101.670792798478,32.9999999999997));
#11658=CARTESIAN_POINT('Origin',(-22.0034165790728,-66.6503591657736,32.9999999999997));
#11659=CARTESIAN_POINT('Origin',(-26.0034165790728,-66.6503591657736,32.9999999999997));
#11660=CARTESIAN_POINT('Origin',(-26.0034165790728,-70.6503591657736,32.9999999999997));
#11661=CARTESIAN_POINT('Origin',(-10.2471569697041,-70.6503591657736,32.9999999999997));
#11662=CARTESIAN_POINT('Origin',(-73.2364667455834,-70.6503591657737,32.9999999999997));
#11663=CARTESIAN_POINT('Origin',(-73.2364667455834,-72.6503591657737,32.9999999999997));
#11664=CARTESIAN_POINT('Origin',(-75.2364667455834,-72.6503591657737,32.9999999999997));
#11665=CARTESIAN_POINT('Origin',(-75.2364667455834,-104.822239290209,32.9999999999997));
#11666=CARTESIAN_POINT('Origin',(-75.2364667455834,-129.926741969388,32.9999999999997));
#11667=CARTESIAN_POINT('Origin',(-73.2364667455834,-129.926741969388,32.9999999999997));
#11668=CARTESIAN_POINT('Origin',(-73.2364667455834,-131.926741969388,32.9999999999997));
#11669=CARTESIAN_POINT('Origin',(-36.8636820529594,-131.926741969388,32.9999999999997));
#11670=CARTESIAN_POINT('Origin',(-30.8540103445966,-131.926741969388,32.9999999999997));
#11671=CARTESIAN_POINT('Origin',(-30.8540103445966,-135.926741969388,32.9999999999997));
#11672=CARTESIAN_POINT('Origin',(-26.8540103445966,-135.926741969388,32.9999999999997));
#11673=CARTESIAN_POINT('Origin',(-26.8540103445966,-136.460430692016,32.9999999999997));
#11674=CARTESIAN_POINT('Origin',(-26.8540103445966,-135.934328465629,32.9999999999997));
#11675=CARTESIAN_POINT('Origin',(-24.8540103445966,-135.934328465629,32.9999999999997));
#11676=CARTESIAN_POINT('Origin',(-24.8540103445966,-137.934328465629,32.9999999999997));
#11677=CARTESIAN_POINT('Origin',(-12.672453852466,-137.934328465629,32.9999999999997));
#11678=CARTESIAN_POINT('Origin',(-23.7414709276148,-137.934328465629,32.9999999999997));
#11679=CARTESIAN_POINT('Origin',(-23.7414709276148,-141.934328465629,32.9999999999997));
#11680=CARTESIAN_POINT('Origin',(-19.7414709276148,-141.934328465629,32.9999999999997));
#11681=CARTESIAN_POINT('Origin',(-19.7414709276148,-139.464223940137,32.9999999999997));
#11682=CARTESIAN_POINT('Origin',(-19.7414709276148,-213.640772646975,32.9999999999997));
#11683=CARTESIAN_POINT('Origin',(-17.7414709276148,-213.640772646975,32.9999999999997));
#11684=CARTESIAN_POINT('Origin',(-17.7414709276148,-215.640772646975,32.9999999999997));
#11685=CARTESIAN_POINT('Origin',(-9.11618414397509,-215.640772646975,32.9999999999997));
#11686=CARTESIAN_POINT('Origin',(69.519122000663,-215.640772646975,32.9999999999997));
#11687=CARTESIAN_POINT('Origin',(69.519122000663,-213.640772646975,32.9999999999997));
#11688=CARTESIAN_POINT('Origin',(71.519122000663,-213.640772646975,32.9999999999997));
#11689=CARTESIAN_POINT('Origin',(71.519122000663,-178.317446030809,32.9999999999997));
#11690=CARTESIAN_POINT('Origin',(71.5191220006631,-198.008313380775,32.9999999999997));
#11691=CARTESIAN_POINT('Origin',(73.5191220006631,-198.008313380775,32.9999999999997));
#11692=CARTESIAN_POINT('Origin',(73.6713754950483,-183.01700350132,32.9999999999997));
#11693=CARTESIAN_POINT('Origin',(71.6713754950483,-183.01700350132,32.9999999999997));
#11694=CARTESIAN_POINT('Origin',(71.6713754950483,-162.001216300852,32.9999999999997));
#11695=CARTESIAN_POINT('Origin',(71.6713754950483,-137.762388441984,32.9999999999997));
#11696=CARTESIAN_POINT('Origin',(75.6713754950483,-137.762388441984,32.9999999999997));
#11697=CARTESIAN_POINT('Origin',(75.6713754950483,-133.762388441984,32.9999999999997));
#11698=CARTESIAN_POINT('Origin',(37.5902390673564,-133.762388441984,32.9999999999997));
#11699=CARTESIAN_POINT('Origin',(78.2546720249126,-133.762388441984,32.9999999999997));
#11700=CARTESIAN_POINT('Origin',(78.2546720249126,-131.762388441984,32.9999999999997));
#11701=CARTESIAN_POINT('Origin',(80.2546720249126,-131.762388441984,32.9999999999997));
#11702=CARTESIAN_POINT('Origin',(80.2546720249126,-137.378253928314,32.9999999999997));
#11703=CARTESIAN_POINT('Origin',(80.2546720249126,-66.3474661823125,32.9999999999997));
#11704=CARTESIAN_POINT('Origin',(78.2546720249126,-66.3474661823125,32.9999999999997));
#11705=UNCERTAINTY_MEASURE_WITH_UNIT(LENGTH_MEASURE(0.01),#11709,
'DISTANCE_ACCURACY_VALUE',
'Maximum model space distance between geometric entities at asserted c
onnectivities');
#11706=UNCERTAINTY_MEASURE_WITH_UNIT(LENGTH_MEASURE(0.01),#11709,
'DISTANCE_ACCURACY_VALUE',
'Maximum model space distance between geometric entities at asserted c
onnectivities');
#11707=(
GEOMETRIC_REPRESENTATION_CONTEXT(3)
GLOBAL_UNCERTAINTY_ASSIGNED_CONTEXT((#11705))
GLOBAL_UNIT_ASSIGNED_CONTEXT((#11709,#11710,#11711))
REPRESENTATION_CONTEXT('','3D')
);
#11708=(
GEOMETRIC_REPRESENTATION_CONTEXT(3)
GLOBAL_UNCERTAINTY_ASSIGNED_CONTEXT((#11706))
GLOBAL_UNIT_ASSIGNED_CONTEXT((#11709,#11710,#11711))
REPRESENTATION_CONTEXT('','3D')
);
#11709=(
LENGTH_UNIT()
NAMED_UNIT(*)
SI_UNIT(.MILLI.,.METRE.)
);
#11710=(
NAMED_UNIT(*)
PLANE_ANGLE_UNIT()
SI_UNIT($,.RADIAN.)
);
#11711=(
NAMED_UNIT(*)
SI_UNIT($,.STERADIAN.)
SOLID_ANGLE_UNIT()
);
#11712=SHAPE_DEFINITION_REPRESENTATION(#11713,#11714);
#11713=PRODUCT_DEFINITION_SHAPE('',$,#11716);
#11714=SHAPE_REPRESENTATION('',(#6422),#11707);
#11715=PRODUCT_DEFINITION_CONTEXT('part definition',#11720,'design');
#11716=PRODUCT_DEFINITION('PCB','PCB',#11717,#11715);
#11717=PRODUCT_DEFINITION_FORMATION('',$,#11722);
#11718=PRODUCT_RELATED_PRODUCT_CATEGORY('PCB','PCB',(#11722));
#11719=APPLICATION_PROTOCOL_DEFINITION('international standard',
'automotive_design',2009,#11720);
#11720=APPLICATION_CONTEXT(
'Core Data for Automotive Mechanical Design Process');
#11721=PRODUCT_CONTEXT('part definition',#11720,'mechanical');
#11722=PRODUCT('PCB','PCB',$,(#11721));
#11723=PRESENTATION_STYLE_ASSIGNMENT((#11731));
#11724=PRESENTATION_STYLE_ASSIGNMENT((#11732));
#11725=PRESENTATION_STYLE_ASSIGNMENT((#11733));
#11726=PRESENTATION_STYLE_ASSIGNMENT((#11734));
#11727=PRESENTATION_STYLE_ASSIGNMENT((#11735));
#11728=PRESENTATION_STYLE_ASSIGNMENT((#11736));
#11729=PRESENTATION_STYLE_ASSIGNMENT((#11737));
#11730=PRESENTATION_STYLE_ASSIGNMENT((#11738));
#11731=SURFACE_STYLE_USAGE(.BOTH.,#11739);
#11732=SURFACE_STYLE_USAGE(.BOTH.,#11740);
#11733=SURFACE_STYLE_USAGE(.BOTH.,#11741);
#11734=SURFACE_STYLE_USAGE(.BOTH.,#11742);
#11735=SURFACE_STYLE_USAGE(.BOTH.,#11743);
#11736=SURFACE_STYLE_USAGE(.BOTH.,#11744);
#11737=SURFACE_STYLE_USAGE(.BOTH.,#11745);
#11738=SURFACE_STYLE_USAGE(.BOTH.,#11746);
#11739=SURFACE_SIDE_STYLE('',(#11747));
#11740=SURFACE_SIDE_STYLE('',(#11748));
#11741=SURFACE_SIDE_STYLE('',(#11749));
#11742=SURFACE_SIDE_STYLE('',(#11750));
#11743=SURFACE_SIDE_STYLE('',(#11751));
#11744=SURFACE_SIDE_STYLE('',(#11752));
#11745=SURFACE_SIDE_STYLE('',(#11753));
#11746=SURFACE_SIDE_STYLE('',(#11754));
#11747=SURFACE_STYLE_FILL_AREA(#11755);
#11748=SURFACE_STYLE_FILL_AREA(#11756);
#11749=SURFACE_STYLE_FILL_AREA(#11757);
#11750=SURFACE_STYLE_FILL_AREA(#11758);
#11751=SURFACE_STYLE_FILL_AREA(#11759);
#11752=SURFACE_STYLE_FILL_AREA(#11760);
#11753=SURFACE_STYLE_FILL_AREA(#11761);
#11754=SURFACE_STYLE_FILL_AREA(#11762);
#11755=FILL_AREA_STYLE('Paint - Metallic (Black)',(#11763));
#11756=FILL_AREA_STYLE('Opaque(248,247,237)',(#11764));
#11757=FILL_AREA_STYLE('Opaque(80,124,105)',(#11765));
#11758=FILL_AREA_STYLE('Opaque(40,40,40)',(#11766));
#11759=FILL_AREA_STYLE('Opaque(192,192,192)',(#11767));
#11760=FILL_AREA_STYLE('Opaque(204,204,204)',(#11768));
#11761=FILL_AREA_STYLE('Opaque(212,171,33)',(#11769));
#11762=FILL_AREA_STYLE('Coating - Black Oxide',(#11770));
#11763=FILL_AREA_STYLE_COLOUR('Paint - Metallic (Black)',#11771);
#11764=FILL_AREA_STYLE_COLOUR('Opaque(248,247,237)',#11772);
#11765=FILL_AREA_STYLE_COLOUR('Opaque(80,124,105)',#11773);
#11766=FILL_AREA_STYLE_COLOUR('Opaque(40,40,40)',#11774);
#11767=FILL_AREA_STYLE_COLOUR('Opaque(192,192,192)',#11775);
#11768=FILL_AREA_STYLE_COLOUR('Opaque(204,204,204)',#11776);
#11769=FILL_AREA_STYLE_COLOUR('Opaque(212,171,33)',#11777);
#11770=FILL_AREA_STYLE_COLOUR('Coating - Black Oxide',#11778);
#11771=COLOUR_RGB('Paint - Metallic (Black)',0.0980392156862745,0.0980392156862745,
0.0980392156862745);
#11772=COLOUR_RGB('Opaque(248,247,237)',0.972549019607843,0.968627450980392,
0.929411764705882);
#11773=COLOUR_RGB('Opaque(80,124,105)',0.313725490196078,0.486274509803922,
0.411764705882353);
#11774=COLOUR_RGB('Opaque(40,40,40)',0.156862745098039,0.156862745098039,
0.156862745098039);
#11775=COLOUR_RGB('Opaque(192,192,192)',0.752941176470588,0.752941176470588,
0.752941176470588);
#11776=COLOUR_RGB('Opaque(204,204,204)',0.8,0.8,0.8);
#11777=COLOUR_RGB('Opaque(212,171,33)',0.831372549019608,0.670588235294118,
0.129411764705882);
#11778=COLOUR_RGB('Coating - Black Oxide',0.450980392156863,0.450980392156863,
0.450980392156863);
ENDSEC;
END-ISO-10303-21;
